{
  "per_class": {
    "age": {
      "precision": 0.9805276381909548,
      "recall": 0.989854153455929,
      "f1-score": 0.9851688229725466,
      "support": 1577.0
    },
    "ethnicity": {
      "precision": 0.9945762711864407,
      "recall": 0.9799599198396793,
      "f1-score": 0.9872139973082099,
      "support": 1497.0
    },
    "gender": {
      "precision": 0.9262295081967213,
      "recall": 0.9112903225806451,
      "f1-score": 0.9186991869918699,
      "support": 1488.0
    },
    "other_cyberbullying": {
      "precision": 0.8666666666666667,
      "recall": 0.8983320095313742,
      "f1-score": 0.8822152886115444,
      "support": 1259.0
    },
    "religion": {
      "precision": 0.9873096446700508,
      "recall": 0.9780012570710245,
      "f1-score": 0.9826334070097884,
      "support": 1591.0
    }
  },
  "weighted_avg": {
    "precision": 0.9545797692381737,
    "recall": 0.9539935240151106,
    "f1-score": 0.9542058522607267,
    "support": 7412.0
  },
  "micro_avg": {
    "precision": 0.9539935240151106,
    "recall": 0.9539935240151106,
    "f1-score": 0.9539935240151106,
    "support": 7412
  },
  "macro_avg": {
    "precision": 0.9510619457821669,
    "recall": 0.9514875324957304,
    "f1-score": 0.9511861405787918,
    "support": 7412.0
  },
  "accuracy": 0.9539935240151106,
  "inference_time_seconds": 7.23259711265564,
  "energy_kwh": 0.0004561297714194463,
  "num_test_samples": 7412
}