{
  "per_class": {
    "emotion": {
      "precision": 0.8656884875846501,
      "recall": 0.8168264110756124,
      "f1-score": 0.8405479452054795,
      "support": 939.0
    },
    "hate": {
      "precision": 0.9291274068004916,
      "recall": 0.9402985074626866,
      "f1-score": 0.9346795796414589,
      "support": 2412.0
    },
    "offensive": {
      "precision": 0.8987341772151899,
      "recall": 0.9033078880407125,
      "f1-score": 0.9010152284263959,
      "support": 2358.0
    },
    "religion": {
      "precision": 0.9931673987310884,
      "recall": 1.0,
      "f1-score": 0.9965719882468168,
      "support": 2035.0
    },
    "spiritual": {
      "precision": 0.9994162288382954,
      "recall": 0.9982507288629737,
      "f1-score": 0.9988331388564761,
      "support": 1715.0
    }
  },
  "weighted_avg": {
    "precision": 0.9417746562843463,
    "recall": 0.9421714769003066,
    "f1-score": 0.9418900945653572,
    "support": 9459.0
  },
  "micro_avg": {
    "precision": 0.9421714769003066,
    "recall": 0.9421714769003066,
    "f1-score": 0.9421714769003066,
    "support": 9459
  },
  "macro_avg": {
    "precision": 0.937226739833943,
    "recall": 0.931736707088397,
    "f1-score": 0.9343295760753255,
    "support": 9459.0
  },
  "accuracy": 0.9421714769003066,
  "inference_time_seconds": 2.3105409145355225,
  "energy_kwh": 0.00013261842714263976,
  "num_test_samples": 9459
}