{
  "per_class": {
    "emotion": {
      "precision": 0.8345784418356457,
      "recall": 0.8435814455231931,
      "f1-score": 0.8390557939914163,
      "support": 927.0
    },
    "hate": {
      "precision": 0.9248273059731816,
      "recall": 0.9401073936389922,
      "f1-score": 0.9324047521507579,
      "support": 2421.0
    },
    "offensive": {
      "precision": 0.9060891938250428,
      "recall": 0.8855825649622799,
      "f1-score": 0.8957185247986434,
      "support": 2386.0
    },
    "religion": {
      "precision": 0.9975357318876293,
      "recall": 0.9975357318876293,
      "f1-score": 0.9975357318876293,
      "support": 2029.0
    },
    "spiritual": {
      "precision": 0.9976662777129521,
      "recall": 1.0,
      "f1-score": 0.9988317757009346,
      "support": 1710.0
    }
  },
  "weighted_avg": {
    "precision": 0.9399978121712675,
    "recall": 0.940040114008234,
    "f1-score": 0.9399707972770178,
    "support": 9473.0
  },
  "micro_avg": {
    "precision": 0.940040114008234,
    "recall": 0.940040114008234,
    "f1-score": 0.940040114008234,
    "support": 9473
  },
  "macro_avg": {
    "precision": 0.9321393902468904,
    "recall": 0.9333614272024189,
    "f1-score": 0.9327093157058762,
    "support": 9473.0
  },
  "accuracy": 0.940040114008234,
  "inference_time_seconds": 2.399101972579956,
  "energy_kwh": 0.00013452195613473318,
  "num_test_samples": 9473
}