{
  "per_class": {
    "Cyberstalking": {
      "precision": 0.8392857142857143,
      "recall": 0.7833333333333333,
      "f1-score": 0.8103448275862069,
      "support": 60.0
    },
    "Doxing": {
      "precision": 0.8444444444444444,
      "recall": 0.8636363636363636,
      "f1-score": 0.8539325842696629,
      "support": 88.0
    },
    "Revenge Porn": {
      "precision": 0.7948717948717948,
      "recall": 0.8157894736842105,
      "f1-score": 0.8051948051948052,
      "support": 76.0
    },
    "Sexual Harassment": {
      "precision": 0.8979591836734694,
      "recall": 0.8888888888888888,
      "f1-score": 0.8934010152284264,
      "support": 99.0
    },
    "Slut Shaming": {
      "precision": 0.92,
      "recall": 0.9292929292929293,
      "f1-score": 0.9246231155778895,
      "support": 99.0
    }
  },
  "weighted_avg": {
    "precision": 0.8650627240810044,
    "recall": 0.8649289099526066,
    "f1-score": 0.8648008322642966,
    "support": 422.0
  },
  "micro_avg": {
    "precision": 0.8649289099526066,
    "recall": 0.8649289099526066,
    "f1-score": 0.8649289099526066,
    "support": 422
  },
  "macro_avg": {
    "precision": 0.8593122274550847,
    "recall": 0.856188197767145,
    "f1-score": 0.8574992695713981,
    "support": 422.0
  },
  "accuracy": 0.8649289099526066,
  "inference_time_seconds": 0.3175230026245117,
  "energy_kwh": 1.8735345231607268e-05,
  "num_test_samples": 422
}