{
  "per_class": {
    "Cyberstalking": {
      "precision": 0.7391304347826086,
      "recall": 0.85,
      "f1-score": 0.7906976744186046,
      "support": 60.0
    },
    "Doxing": {
      "precision": 0.8522727272727273,
      "recall": 0.8522727272727273,
      "f1-score": 0.8522727272727273,
      "support": 88.0
    },
    "Revenge Porn": {
      "precision": 0.8,
      "recall": 0.7894736842105263,
      "f1-score": 0.7947019867549668,
      "support": 76.0
    },
    "Sexual Harassment": {
      "precision": 0.87,
      "recall": 0.8787878787878788,
      "f1-score": 0.8743718592964824,
      "support": 99.0
    },
    "Slut Shaming": {
      "precision": 0.9333333333333333,
      "recall": 0.8484848484848485,
      "f1-score": 0.8888888888888888,
      "support": 99.0
    }
  },
  "weighted_avg": {
    "precision": 0.8499474551823615,
    "recall": 0.8459715639810427,
    "f1-score": 0.8469242311110083,
    "support": 422.0
  },
  "micro_avg": {
    "precision": 0.8459715639810427,
    "recall": 0.8459715639810427,
    "f1-score": 0.8459715639810427,
    "support": 422
  },
  "macro_avg": {
    "precision": 0.8389472990777339,
    "recall": 0.8438038277511962,
    "f1-score": 0.8401866273263341,
    "support": 422.0
  },
  "accuracy": 0.8459715639810427,
  "inference_time_seconds": 0.31601428985595703,
  "energy_kwh": 2.0968396052927745e-05,
  "num_test_samples": 422
}