{
  "per_class": {
    "emotion": {
      "precision": 0.8757396449704142,
      "recall": 0.7880724174653887,
      "f1-score": 0.8295964125560538,
      "support": 939.0
    },
    "hate": {
      "precision": 0.9420473773265652,
      "recall": 0.9236831190377437,
      "f1-score": 0.9327748691099477,
      "support": 2411.0
    },
    "offensive": {
      "precision": 0.8749498997995993,
      "recall": 0.9234348561759729,
      "f1-score": 0.898538793990533,
      "support": 2364.0
    },
    "religion": {
      "precision": 0.9936554416788678,
      "recall": 0.9995090819833088,
      "f1-score": 0.9965736661771905,
      "support": 2037.0
    },
    "spiritual": {
      "precision": 1.0,
      "recall": 0.9988317757009346,
      "f1-score": 0.9994155464640561,
      "support": 1712.0
    }
  },
  "weighted_avg": {
    "precision": 0.9402994241982113,
    "recall": 0.9400824262918737,
    "f1-score": 0.9397735309476106,
    "support": 9463.0
  },
  "micro_avg": {
    "precision": 0.9400824262918737,
    "recall": 0.9400824262918737,
    "f1-score": 0.9400824262918737,
    "support": 9463
  },
  "macro_avg": {
    "precision": 0.9372784727550894,
    "recall": 0.9267062500726697,
    "f1-score": 0.9313798576595562,
    "support": 9463.0
  },
  "accuracy": 0.9400824262918737,
  "inference_time_seconds": 8.31298828125,
  "energy_kwh": 0.00041419499305263925,
  "num_test_samples": 9463
}