{
  "per_class": {
    "emotion": {
      "precision": 0.8383233532934131,
      "recall": 0.8349900596421471,
      "f1-score": 0.8366533864541833,
      "support": 1006.0
    },
    "hate": {
      "precision": 0.9353413654618474,
      "recall": 0.9194630872483222,
      "f1-score": 0.9273342623929922,
      "support": 2533.0
    },
    "offensive": {
      "precision": 0.9123239436619718,
      "recall": 0.9227207977207977,
      "f1-score": 0.9174929178470255,
      "support": 2808.0
    },
    "religion": {
      "precision": 0.9928195308760173,
      "recall": 1.0,
      "f1-score": 0.9963968292097045,
      "support": 2074.0
    },
    "spiritual": {
      "precision": 0.9982668977469671,
      "recall": 0.9982668977469671,
      "f1-score": 0.9982668977469671,
      "support": 1731.0
    }
  },
  "weighted_avg": {
    "precision": 0.9418327731449674,
    "recall": 0.9418833727344366,
    "f1-score": 0.9418299970951274,
    "support": 10152.0
  },
  "micro_avg": {
    "precision": 0.9418833727344366,
    "recall": 0.9418833727344366,
    "f1-score": 0.9418833727344366,
    "support": 10152
  },
  "macro_avg": {
    "precision": 0.9354150182080433,
    "recall": 0.935088168471647,
    "f1-score": 0.9352288587301747,
    "support": 10152.0
  },
  "accuracy": 0.9418833727344366,
  "inference_time_seconds": 7.157659292221069,
  "energy_kwh": 0.0004318704479228893,
  "num_test_samples": 10152
}