{
  "per_class": {
    "age": {
      "precision": 0.9778051787916153,
      "recall": 0.99125,
      "f1-score": 0.9844816883923029,
      "support": 1600.0
    },
    "ethnicity": {
      "precision": 0.9955555555555555,
      "recall": 0.98,
      "f1-score": 0.9877165354330709,
      "support": 1600.0
    },
    "gender": {
      "precision": 0.91320293398533,
      "recall": 0.9331667707682698,
      "f1-score": 0.9230769230769231,
      "support": 1601.0
    },
    "other_cyberbullying": {
      "precision": 0.9092055485498108,
      "recall": 0.9006870705808869,
      "f1-score": 0.9049262629432068,
      "support": 1601.0
    },
    "religion": {
      "precision": 0.9949463044851548,
      "recall": 0.984375,
      "f1-score": 0.9896324222431668,
      "support": 1600.0
    }
  },
  "weighted_avg": {
    "precision": 0.9581313724906875,
    "recall": 0.9578855286178456,
    "f1-score": 0.9579557778715186,
    "support": 8002.0
  },
  "micro_avg": {
    "precision": 0.9578855286178456,
    "recall": 0.9578855286178456,
    "f1-score": 0.9578855286178456,
    "support": 8002
  },
  "macro_avg": {
    "precision": 0.9581431042734934,
    "recall": 0.9578957682698312,
    "f1-score": 0.9579667664177342,
    "support": 8002.0
  },
  "accuracy": 0.9578855286178456,
  "inference_time_seconds": 5.880600452423096,
  "energy_kwh": 0.0003908644545142147,
  "num_test_samples": 8002
}