{
  "per_class": {
    "age": {
      "precision": 0.9770186335403727,
      "recall": 0.9843554443053817,
      "f1-score": 0.9806733167082294,
      "support": 1598.0
    },
    "ethnicity": {
      "precision": 0.9860050890585241,
      "recall": 0.9736180904522613,
      "f1-score": 0.9797724399494311,
      "support": 1592.0
    },
    "gender": {
      "precision": 0.8923369221025966,
      "recall": 0.8861635220125786,
      "f1-score": 0.8892395077311455,
      "support": 1590.0
    },
    "not_cyberbullying": {
      "precision": 0.6573333333333333,
      "recall": 0.6212980466288595,
      "f1-score": 0.6388079041140265,
      "support": 1587.0
    },
    "other_cyberbullying": {
      "precision": 0.678342089900759,
      "recall": 0.7424920127795527,
      "f1-score": 0.7089688834655278,
      "support": 1565.0
    },
    "religion": {
      "precision": 0.962772785622593,
      "recall": 0.9375,
      "f1-score": 0.9499683343888538,
      "support": 1600.0
    }
  },
  "weighted_avg": {
    "precision": 0.8597399718855069,
    "recall": 0.8581619806966009,
    "f1-score": 0.8585898324870378,
    "support": 9532.0
  },
  "micro_avg": {
    "precision": 0.8581619806966009,
    "recall": 0.8581619806966009,
    "f1-score": 0.8581619806966009,
    "support": 9532
  },
  "macro_avg": {
    "precision": 0.8589681422596964,
    "recall": 0.8575711860297722,
    "f1-score": 0.857905064392869,
    "support": 9532.0
  },
  "accuracy": 0.8581619806966009,
  "inference_time_seconds": 3.6929309368133545,
  "energy_kwh": 0.00023416907612978002,
  "num_test_samples": 9532
}