{
  "per_class": {
    "emotion": {
      "precision": 0.9199594731509625,
      "recall": 0.9025844930417495,
      "f1-score": 0.9111891620672353,
      "support": 1006.0
    },
    "hate": {
      "precision": 0.9672325305961311,
      "recall": 0.9672325305961311,
      "f1-score": 0.9672325305961311,
      "support": 2533.0
    },
    "offensive": {
      "precision": 0.9614022662889519,
      "recall": 0.9668803418803419,
      "f1-score": 0.9641335227272727,
      "support": 2808.0
    },
    "religion": {
      "precision": 0.9966346153846154,
      "recall": 0.9995178399228544,
      "f1-score": 0.9980741454020221,
      "support": 2074.0
    },
    "spiritual": {
      "precision": 1.0,
      "recall": 0.9982668977469671,
      "f1-score": 0.9991326973113617,
      "support": 1731.0
    }
  },
  "weighted_avg": {
    "precision": 0.9725292539437488,
    "recall": 0.9726162332545312,
    "f1-score": 0.972561830719817,
    "support": 10152.0
  },
  "micro_avg": {
    "precision": 0.9726162332545312,
    "recall": 0.9726162332545312,
    "f1-score": 0.9726162332545312,
    "support": 10152
  },
  "macro_avg": {
    "precision": 0.9690457770841322,
    "recall": 0.9668964206376088,
    "f1-score": 0.9679524116208047,
    "support": 10152.0
  },
  "accuracy": 0.9726162332545312,
  "inference_time_seconds": 7.828763961791992,
  "energy_kwh": 0.000547100745720048,
  "num_test_samples": 10152
}