{
  "per_class": {
    "emotion": {
      "precision": 0.9047151277013753,
      "recall": 0.915506958250497,
      "f1-score": 0.9100790513833992,
      "support": 1006.0
    },
    "hate": {
      "precision": 0.9540636042402827,
      "recall": 0.9593367548361627,
      "f1-score": 0.9566929133858267,
      "support": 2533.0
    },
    "offensive": {
      "precision": 0.9586033117350612,
      "recall": 0.9483618233618234,
      "f1-score": 0.9534550662370211,
      "support": 2808.0
    },
    "religion": {
      "precision": 0.9961575408261287,
      "recall": 1.0,
      "f1-score": 0.9980750721847931,
      "support": 2074.0
    },
    "spiritual": {
      "precision": 1.0,
      "recall": 0.997689196995956,
      "f1-score": 0.9988432620011567,
      "support": 1731.0
    }
  },
  "weighted_avg": {
    "precision": 0.9668612457676974,
    "recall": 0.9668045705279747,
    "f1-score": 0.9668193348627676,
    "support": 10152.0
  },
  "micro_avg": {
    "precision": 0.9668045705279747,
    "recall": 0.9668045705279747,
    "f1-score": 0.9668045705279747,
    "support": 10152
  },
  "macro_avg": {
    "precision": 0.9627079169005697,
    "recall": 0.9641789466888879,
    "f1-score": 0.9634290730384393,
    "support": 10152.0
  },
  "accuracy": 0.9668045705279747,
  "inference_time_seconds": 6.164549827575684,
  "energy_kwh": 0.0004045262960417808,
  "num_test_samples": 10152
}