{
  "per_class": {
    "emotion": {
      "precision": 0.8258602711157456,
      "recall": 0.8452508004268944,
      "f1-score": 0.8354430379746836,
      "support": 937.0
    },
    "hate": {
      "precision": 0.9600171969045572,
      "recall": 0.925787728026534,
      "f1-score": 0.9425918108906711,
      "support": 2412.0
    },
    "offensive": {
      "precision": 0.8900826446280992,
      "recall": 0.9111675126903553,
      "f1-score": 0.9005016722408027,
      "support": 2364.0
    },
    "religion": {
      "precision": 0.9946210268948655,
      "recall": 0.9990176817288802,
      "f1-score": 0.9968145062484686,
      "support": 2036.0
    },
    "spiritual": {
      "precision": 0.9994148624926857,
      "recall": 0.9988304093567252,
      "f1-score": 0.999122550453349,
      "support": 1710.0
    }
  },
  "weighted_avg": {
    "precision": 0.9438202506068835,
    "recall": 0.9431229516862247,
    "f1-score": 0.9433493417512361,
    "support": 9459.0
  },
  "micro_avg": {
    "precision": 0.9431229516862247,
    "recall": 0.9431229516862247,
    "f1-score": 0.9431229516862247,
    "support": 9459
  },
  "macro_avg": {
    "precision": 0.9339992004071906,
    "recall": 0.9360108264458779,
    "f1-score": 0.934894715561595,
    "support": 9459.0
  },
  "accuracy": 0.9431229516862247,
  "inference_time_seconds": 15.851117849349976,
  "energy_kwh": 0.0009774829618248374,
  "num_test_samples": 9459
}