{
  "per_class": {
    "emotion": {
      "precision": 0.8247639034627492,
      "recall": 0.837953091684435,
      "f1-score": 0.8313061872025383,
      "support": 938.0
    },
    "hate": {
      "precision": 0.9544874521480221,
      "recall": 0.9307341352136043,
      "f1-score": 0.9424611507769844,
      "support": 2411.0
    },
    "offensive": {
      "precision": 0.893705710712797,
      "recall": 0.9069373942470389,
      "f1-score": 0.9002729372244384,
      "support": 2364.0
    },
    "religion": {
      "precision": 0.9941463414634146,
      "recall": 1.0,
      "f1-score": 0.99706457925636,
      "support": 2038.0
    },
    "spiritual": {
      "precision": 0.9994162288382954,
      "recall": 0.9982507288629737,
      "f1-score": 0.9988331388564761,
      "support": 1715.0
    }
  },
  "weighted_avg": {
    "precision": 0.9431319633490501,
    "recall": 0.9427424466511726,
    "f1-score": 0.9428798549948426,
    "support": 9466.0
  },
  "micro_avg": {
    "precision": 0.9427424466511726,
    "recall": 0.9427424466511726,
    "f1-score": 0.9427424466511726,
    "support": 9466
  },
  "macro_avg": {
    "precision": 0.9333039273250556,
    "recall": 0.9347750700016105,
    "f1-score": 0.9339875986633596,
    "support": 9466.0
  },
  "accuracy": 0.9427424466511726,
  "inference_time_seconds": 15.964722156524658,
  "energy_kwh": 0.0008946046871278643,
  "num_test_samples": 9466
}