{
  "per_class": {
    "emotion": {
      "precision": 0.9167523124357657,
      "recall": 0.8866799204771372,
      "f1-score": 0.9014653865588681,
      "support": 1006.0
    },
    "hate": {
      "precision": 0.9595284872298625,
      "recall": 0.9640742202921437,
      "f1-score": 0.9617959826703426,
      "support": 2533.0
    },
    "offensive": {
      "precision": 0.9571984435797666,
      "recall": 0.9636752136752137,
      "f1-score": 0.9604259094942325,
      "support": 2808.0
    },
    "religion": {
      "precision": 0.9971153846153846,
      "recall": 1.0,
      "f1-score": 0.9985556090515166,
      "support": 2074.0
    },
    "spiritual": {
      "precision": 1.0,
      "recall": 0.997689196995956,
      "f1-score": 0.9988432620011567,
      "support": 1731.0
    }
  },
  "weighted_avg": {
    "precision": 0.9692246869314337,
    "recall": 0.9693656422379827,
    "f1-score": 0.9692653050176174,
    "support": 10152.0
  },
  "micro_avg": {
    "precision": 0.9693656422379827,
    "recall": 0.9693656422379827,
    "f1-score": 0.9693656422379827,
    "support": 10152
  },
  "macro_avg": {
    "precision": 0.966118925572156,
    "recall": 0.9624237102880902,
    "f1-score": 0.9642172299552232,
    "support": 10152.0
  },
  "accuracy": 0.9693656422379827,
  "inference_time_seconds": 7.951416969299316,
  "energy_kwh": 0.00047901816800730376,
  "num_test_samples": 10152
}