{
  "per_class": {
    "age": {
      "precision": 0.9832610043397396,
      "recall": 0.99125,
      "f1-score": 0.9872393401805166,
      "support": 1600.0
    },
    "ethnicity": {
      "precision": 0.9880503144654088,
      "recall": 0.981875,
      "f1-score": 0.9849529780564263,
      "support": 1600.0
    },
    "gender": {
      "precision": 0.9143389199255121,
      "recall": 0.920049968769519,
      "f1-score": 0.9171855541718555,
      "support": 1601.0
    },
    "other_cyberbullying": {
      "precision": 0.9026381909547738,
      "recall": 0.8975640224859462,
      "f1-score": 0.9000939555277169,
      "support": 1601.0
    },
    "religion": {
      "precision": 0.9899749373433584,
      "recall": 0.9875,
      "f1-score": 0.9887359198998749,
      "support": 1600.0
    }
  },
  "weighted_avg": {
    "precision": 0.9556408853232876,
    "recall": 0.9556360909772557,
    "f1-score": 0.9556298020554765,
    "support": 8002.0
  },
  "micro_avg": {
    "precision": 0.9556360909772557,
    "recall": 0.9556360909772557,
    "f1-score": 0.9556360909772557,
    "support": 8002
  },
  "macro_avg": {
    "precision": 0.9556526734057587,
    "recall": 0.955647798251093,
    "f1-score": 0.9556415495672781,
    "support": 8002.0
  },
  "accuracy": 0.9556360909772557,
  "inference_time_seconds": 6.25111985206604,
  "energy_kwh": 0.0004379815441371132,
  "num_test_samples": 8002
}