{
  "per_class": {
    "age": {
      "precision": 0.9955357142857143,
      "recall": 0.976846057571965,
      "f1-score": 0.9861023373341756,
      "support": 1598.0
    },
    "ethnicity": {
      "precision": 0.9936224489795918,
      "recall": 0.9786432160804021,
      "f1-score": 0.9860759493670886,
      "support": 1592.0
    },
    "gender": {
      "precision": 0.9283765347885402,
      "recall": 0.8559748427672956,
      "f1-score": 0.8907068062827225,
      "support": 1590.0
    },
    "not_cyberbullying": {
      "precision": 0.6880204996796925,
      "recall": 0.6767485822306238,
      "f1-score": 0.6823379923761118,
      "support": 1587.0
    },
    "other_cyberbullying": {
      "precision": 0.6894236149972021,
      "recall": 0.787220447284345,
      "f1-score": 0.7350835322195705,
      "support": 1565.0
    },
    "religion": {
      "precision": 0.9683944374209861,
      "recall": 0.9575,
      "f1-score": 0.9629164047768699,
      "support": 1600.0
    }
  },
  "weighted_avg": {
    "precision": 0.8780003452427331,
    "recall": 0.8726395300041964,
    "f1-score": 0.8745059418704844,
    "support": 9532.0
  },
  "micro_avg": {
    "precision": 0.8726395300041964,
    "recall": 0.8726395300041964,
    "f1-score": 0.8726395300041964,
    "support": 9532
  },
  "macro_avg": {
    "precision": 0.8772288750252878,
    "recall": 0.8721555243224387,
    "f1-score": 0.8738705037260898,
    "support": 9532.0
  },
  "accuracy": 0.8726395300041964,
  "inference_time_seconds": 7.62158989906311,
  "energy_kwh": 0.000497708204681762,
  "num_test_samples": 9532
}