{
  "per_class": {
    "Cyberstalking": {
      "precision": 0.7192982456140351,
      "recall": 0.6833333333333333,
      "f1-score": 0.7008547008547008,
      "support": 60.0
    },
    "Doxing": {
      "precision": 0.7628865979381443,
      "recall": 0.8409090909090909,
      "f1-score": 0.8,
      "support": 88.0
    },
    "Revenge Porn": {
      "precision": 0.8082191780821918,
      "recall": 0.7763157894736842,
      "f1-score": 0.7919463087248322,
      "support": 76.0
    },
    "Sexual Harassment": {
      "precision": 0.9642857142857143,
      "recall": 0.8181818181818182,
      "f1-score": 0.8852459016393442,
      "support": 99.0
    },
    "Slut Shaming": {
      "precision": 0.8198198198198198,
      "recall": 0.9191919191919192,
      "f1-score": 0.8666666666666667,
      "support": 99.0
    }
  },
  "weighted_avg": {
    "precision": 0.8254573951803157,
    "recall": 0.8199052132701422,
    "f1-score": 0.8200913407029962,
    "support": 422.0
  },
  "micro_avg": {
    "precision": 0.8199052132701422,
    "recall": 0.8199052132701422,
    "f1-score": 0.8199052132701422,
    "support": 422
  },
  "macro_avg": {
    "precision": 0.8149019111479812,
    "recall": 0.8075863902179693,
    "f1-score": 0.8089427155771087,
    "support": 422.0
  },
  "accuracy": 0.8199052132701422,
  "inference_time_seconds": 0.2663538455963135,
  "energy_kwh": 3.1717361377220155e-05,
  "num_test_samples": 422
}