{
  "per_class": {
    "emotion": {
      "precision": 0.914,
      "recall": 0.9085487077534792,
      "f1-score": 0.9112662013958126,
      "support": 1006.0
    },
    "hate": {
      "precision": 0.9759229534510433,
      "recall": 0.9601263324121595,
      "f1-score": 0.9679601990049751,
      "support": 2533.0
    },
    "offensive": {
      "precision": 0.9569025928521373,
      "recall": 0.9725783475783476,
      "f1-score": 0.9646767926527728,
      "support": 2808.0
    },
    "religion": {
      "precision": 0.9975938402309913,
      "recall": 0.9995178399228544,
      "f1-score": 0.9985549132947977,
      "support": 2074.0
    },
    "spiritual": {
      "precision": 1.0,
      "recall": 0.9982668977469671,
      "f1-score": 0.9991326973113617,
      "support": 1731.0
    }
  },
  "weighted_avg": {
    "precision": 0.9730584068616399,
    "recall": 0.97301024428684,
    "f1-score": 0.9729995080449323,
    "support": 10152.0
  },
  "micro_avg": {
    "precision": 0.97301024428684,
    "recall": 0.97301024428684,
    "f1-score": 0.97301024428684,
    "support": 10152
  },
  "macro_avg": {
    "precision": 0.9688838773068345,
    "recall": 0.9678076250827615,
    "f1-score": 0.968318160731944,
    "support": 10152.0
  },
  "accuracy": 0.97301024428684,
  "inference_time_seconds": 7.84059739112854,
  "energy_kwh": 0.0005476683793596579,
  "num_test_samples": 10152
}