{
  "per_class": {
    "emotion": {
      "precision": 0.9054325955734407,
      "recall": 0.8946322067594433,
      "f1-score": 0.9,
      "support": 1006.0
    },
    "hate": {
      "precision": 0.961629746835443,
      "recall": 0.959731543624161,
      "f1-score": 0.9606797075676744,
      "support": 2533.0
    },
    "offensive": {
      "precision": 0.9589671029359745,
      "recall": 0.9654558404558404,
      "f1-score": 0.9622005323868678,
      "support": 2808.0
    },
    "religion": {
      "precision": 0.9980713596914176,
      "recall": 0.9980713596914176,
      "f1-score": 0.9980713596914176,
      "support": 2074.0
    },
    "spiritual": {
      "precision": 0.9988432620011567,
      "recall": 0.997689196995956,
      "f1-score": 0.9982658959537573,
      "support": 1731.0
    }
  },
  "weighted_avg": {
    "precision": 0.9691145243744362,
    "recall": 0.9691686367218282,
    "f1-score": 0.9691350532020487,
    "support": 10152.0
  },
  "micro_avg": {
    "precision": 0.9691686367218282,
    "recall": 0.9691686367218282,
    "f1-score": 0.9691686367218282,
    "support": 10152
  },
  "macro_avg": {
    "precision": 0.9645888134074865,
    "recall": 0.9631160295053636,
    "f1-score": 0.9638434991199434,
    "support": 10152.0
  },
  "accuracy": 0.9691686367218282,
  "inference_time_seconds": 4.019822120666504,
  "energy_kwh": 0.00023501529004080353,
  "num_test_samples": 10152
}