{
  "per_class": {
    "emotion": {
      "precision": 0.8130252100840336,
      "recall": 0.827807486631016,
      "f1-score": 0.8203497615262321,
      "support": 935.0
    },
    "hate": {
      "precision": 0.939874739039666,
      "recall": 0.9348006644518272,
      "f1-score": 0.9373308348948574,
      "support": 2408.0
    },
    "offensive": {
      "precision": 0.8906644238856182,
      "recall": 0.8932939687895403,
      "f1-score": 0.8919772583701832,
      "support": 2371.0
    },
    "religion": {
      "precision": 0.9950811608460404,
      "recall": 0.9906953966699314,
      "f1-score": 0.9928834355828221,
      "support": 2042.0
    },
    "spiritual": {
      "precision": 0.9994158878504673,
      "recall": 0.9982497082847142,
      "f1-score": 0.9988324576765908,
      "support": 1714.0
    }
  },
  "weighted_avg": {
    "precision": 0.9377103330825981,
    "recall": 0.9373812038014784,
    "f1-score": 0.9375358569131307,
    "support": 9470.0
  },
  "micro_avg": {
    "precision": 0.9373812038014784,
    "recall": 0.9373812038014784,
    "f1-score": 0.9373812038014784,
    "support": 9470
  },
  "macro_avg": {
    "precision": 0.927612284341165,
    "recall": 0.9289694449654057,
    "f1-score": 0.9282747496101372,
    "support": 9470.0
  },
  "accuracy": 0.9373812038014784,
  "inference_time_seconds": 16.06435465812683,
  "energy_kwh": 0.0008943927333376086,
  "num_test_samples": 9470
}