{
  "per_class": {
    "emotion": {
      "precision": 0.8503850385038504,
      "recall": 0.8223404255319149,
      "f1-score": 0.8361276365603029,
      "support": 940.0
    },
    "hate": {
      "precision": 0.9475451112043642,
      "recall": 0.935764608371322,
      "f1-score": 0.9416180150125104,
      "support": 2413.0
    },
    "offensive": {
      "precision": 0.8951077943615257,
      "recall": 0.9152183128444256,
      "f1-score": 0.9050513519178369,
      "support": 2359.0
    },
    "religion": {
      "precision": 0.9946236559139785,
      "recall": 0.99950884086444,
      "f1-score": 0.9970602645761881,
      "support": 2036.0
    },
    "spiritual": {
      "precision": 1.0,
      "recall": 0.9988324576765908,
      "f1-score": 0.9994158878504673,
      "support": 1713.0
    }
  },
  "weighted_avg": {
    "precision": 0.9444457604766356,
    "recall": 0.9445090370996724,
    "f1-score": 0.944415442588629,
    "support": 9461.0
  },
  "micro_avg": {
    "precision": 0.9445090370996724,
    "recall": 0.9445090370996724,
    "f1-score": 0.9445090370996724,
    "support": 9461
  },
  "macro_avg": {
    "precision": 0.9375323199967438,
    "recall": 0.9343329290577387,
    "f1-score": 0.9358546311834612,
    "support": 9461.0
  },
  "accuracy": 0.9445090370996724,
  "inference_time_seconds": 5.715909481048584,
  "energy_kwh": 0.00037769453663415484,
  "num_test_samples": 9461
}