{
  "per_class": {
    "emotion": {
      "precision": 0.8322510822510822,
      "recall": 0.8277717976318623,
      "f1-score": 0.8300053966540745,
      "support": 929.0
    },
    "hate": {
      "precision": 0.927007299270073,
      "recall": 0.9438480594549958,
      "f1-score": 0.9353518821603928,
      "support": 2422.0
    },
    "offensive": {
      "precision": 0.9094002552105487,
      "recall": 0.8945606694560669,
      "f1-score": 0.9019194262813752,
      "support": 2390.0
    },
    "religion": {
      "precision": 0.9975381585425899,
      "recall": 0.9985214391325776,
      "f1-score": 0.9980295566502463,
      "support": 2029.0
    },
    "spiritual": {
      "precision": 0.9994141769185706,
      "recall": 0.9982445874780573,
      "f1-score": 0.9988290398126464,
      "support": 1709.0
    }
  },
  "weighted_avg": {
    "precision": 0.94143298831452,
    "recall": 0.9415550163519358,
    "f1-score": 0.9414585399704354,
    "support": 9479.0
  },
  "micro_avg": {
    "precision": 0.9415550163519358,
    "recall": 0.9415550163519358,
    "f1-score": 0.9415550163519358,
    "support": 9479
  },
  "macro_avg": {
    "precision": 0.9331221944385728,
    "recall": 0.932589310630712,
    "f1-score": 0.932827060311747,
    "support": 9479.0
  },
  "accuracy": 0.9415550163519358,
  "inference_time_seconds": 3.919043779373169,
  "energy_kwh": 0.0002185535282607179,
  "num_test_samples": 9479
}