{
  "per_class": {
    "emotion": {
      "precision": 0.8489932885906041,
      "recall": 0.8178879310344828,
      "f1-score": 0.8331503841931943,
      "support": 928.0
    },
    "hate": {
      "precision": 0.9421726559273028,
      "recall": 0.9417836498761354,
      "f1-score": 0.9419781127400372,
      "support": 2422.0
    },
    "offensive": {
      "precision": 0.8954545454545455,
      "recall": 0.907074089577229,
      "f1-score": 0.9012268662923685,
      "support": 2389.0
    },
    "religion": {
      "precision": 0.9955795677799607,
      "recall": 0.9985221674876847,
      "f1-score": 0.9970486965076242,
      "support": 2030.0
    },
    "spiritual": {
      "precision": 0.9994141769185706,
      "recall": 0.9982445874780573,
      "f1-score": 0.9988290398126464,
      "support": 1709.0
    }
  },
  "weighted_avg": {
    "precision": 0.943033783974053,
    "recall": 0.9432369698248576,
    "f1-score": 0.9430969837634957,
    "support": 9478.0
  },
  "micro_avg": {
    "precision": 0.9432369698248576,
    "recall": 0.9432369698248576,
    "f1-score": 0.9432369698248576,
    "support": 9478
  },
  "macro_avg": {
    "precision": 0.9363228469341968,
    "recall": 0.9327024850907177,
    "f1-score": 0.9344466199091741,
    "support": 9478.0
  },
  "accuracy": 0.9432369698248576,
  "inference_time_seconds": 3.9534029960632324,
  "energy_kwh": 0.00022364618715589566,
  "num_test_samples": 9478
}