{
  "per_class": {
    "age": {
      "precision": 0.9818863210493441,
      "recall": 0.983729662077597,
      "f1-score": 0.9828071272272585,
      "support": 1598.0
    },
    "ethnicity": {
      "precision": 0.9904397705544933,
      "recall": 0.9761306532663316,
      "f1-score": 0.9832331540651692,
      "support": 1592.0
    },
    "gender": {
      "precision": 0.879086983343615,
      "recall": 0.8962264150943396,
      "f1-score": 0.8875739644970414,
      "support": 1590.0
    },
    "not_cyberbullying": {
      "precision": 0.6914285714285714,
      "recall": 0.6099558916194077,
      "f1-score": 0.6481419484432541,
      "support": 1587.0
    },
    "other_cyberbullying": {
      "precision": 0.6723529411764706,
      "recall": 0.7303514376996805,
      "f1-score": 0.7001531393568147,
      "support": 1565.0
    },
    "religion": {
      "precision": 0.9512492382693479,
      "recall": 0.975625,
      "f1-score": 0.9632829373650108,
      "support": 1600.0
    }
  },
  "weighted_avg": {
    "precision": 0.8618454717063817,
    "recall": 0.8626731011330256,
    "f1-score": 0.8615893001666053,
    "support": 9532.0
  },
  "micro_avg": {
    "precision": 0.8626731011330256,
    "recall": 0.8626731011330256,
    "f1-score": 0.8626731011330256,
    "support": 9532
  },
  "macro_avg": {
    "precision": 0.861073970970307,
    "recall": 0.8620031766262262,
    "f1-score": 0.8608653784924248,
    "support": 9532.0
  },
  "accuracy": 0.8626731011330256,
  "inference_time_seconds": 2.3991875648498535,
  "energy_kwh": 0.000137491242621162,
  "num_test_samples": 9532
}