{
  "per_class": {
    "age": {
      "precision": 0.9744069912609239,
      "recall": 0.976846057571965,
      "f1-score": 0.975625,
      "support": 1598.0
    },
    "ethnicity": {
      "precision": 0.9789942711648632,
      "recall": 0.9660804020100503,
      "f1-score": 0.9724944672779007,
      "support": 1592.0
    },
    "gender": {
      "precision": 0.8875552747946936,
      "recall": 0.8836477987421384,
      "f1-score": 0.8855972265994327,
      "support": 1590.0
    },
    "not_cyberbullying": {
      "precision": 0.6742209631728046,
      "recall": 0.5998739760554506,
      "f1-score": 0.6348782927642548,
      "support": 1587.0
    },
    "other_cyberbullying": {
      "precision": 0.6606936416184971,
      "recall": 0.7303514376996805,
      "f1-score": 0.6937784522003035,
      "support": 1565.0
    },
    "religion": {
      "precision": 0.9418604651162791,
      "recall": 0.961875,
      "f1-score": 0.9517625231910947,
      "support": 1600.0
    }
  },
  "weighted_avg": {
    "precision": 0.8537374213729771,
    "recall": 0.8537557700377675,
    "f1-score": 0.8530733002114578,
    "support": 9532.0
  },
  "micro_avg": {
    "precision": 0.8537557700377675,
    "recall": 0.8537557700377675,
    "f1-score": 0.8537557700377675,
    "support": 9532
  },
  "macro_avg": {
    "precision": 0.8529552678546769,
    "recall": 0.8531124453465475,
    "f1-score": 0.8523559936721643,
    "support": 9532.0
  },
  "accuracy": 0.8537557700377675,
  "inference_time_seconds": 7.171358823776245,
  "energy_kwh": 0.0004431202941944787,
  "num_test_samples": 9532
}