{
  "per_class": {
    "age": {
      "precision": 0.99125,
      "recall": 0.99125,
      "f1-score": 0.99125,
      "support": 1600.0
    },
    "ethnicity": {
      "precision": 0.9905123339658444,
      "recall": 0.97875,
      "f1-score": 0.9845960389814524,
      "support": 1600.0
    },
    "gender": {
      "precision": 0.9136690647482014,
      "recall": 0.872579637726421,
      "f1-score": 0.8926517571884984,
      "support": 1601.0
    },
    "other_cyberbullying": {
      "precision": 0.8502611723737666,
      "recall": 0.915053091817614,
      "f1-score": 0.881468110709988,
      "support": 1601.0
    },
    "religion": {
      "precision": 0.9917144678138942,
      "recall": 0.9725,
      "f1-score": 0.9820132533922373,
      "support": 1600.0
    }
  },
  "weighted_avg": {
    "precision": 0.9474650328017812,
    "recall": 0.9460134966258436,
    "f1-score": 0.9463810017874758,
    "support": 8002.0
  },
  "micro_avg": {
    "precision": 0.9460134966258436,
    "recall": 0.9460134966258436,
    "f1-score": 0.9460134966258436,
    "support": 8002
  },
  "macro_avg": {
    "precision": 0.9474814077803412,
    "recall": 0.9460265459088069,
    "f1-score": 0.9463958320544352,
    "support": 8002.0
  },
  "accuracy": 0.9460134966258436,
  "inference_time_seconds": 3.508495569229126,
  "energy_kwh": 0.00021193977352725965,
  "num_test_samples": 8002
}