{
  "per_class": {
    "Cyberstalking": {
      "precision": 0.8627450980392157,
      "recall": 0.7333333333333333,
      "f1-score": 0.7927927927927928,
      "support": 60.0
    },
    "Doxing": {
      "precision": 0.8160919540229885,
      "recall": 0.8068181818181818,
      "f1-score": 0.8114285714285714,
      "support": 88.0
    },
    "Revenge Porn": {
      "precision": 0.7333333333333333,
      "recall": 0.868421052631579,
      "f1-score": 0.7951807228915663,
      "support": 76.0
    },
    "Sexual Harassment": {
      "precision": 0.8350515463917526,
      "recall": 0.8181818181818182,
      "f1-score": 0.826530612244898,
      "support": 99.0
    },
    "Slut Shaming": {
      "precision": 0.9072164948453608,
      "recall": 0.8888888888888888,
      "f1-score": 0.8979591836734694,
      "support": 99.0
    }
  },
  "weighted_avg": {
    "precision": 0.8336461309293448,
    "recall": 0.8293838862559242,
    "f1-score": 0.8296955132439793,
    "support": 422.0
  },
  "micro_avg": {
    "precision": 0.8293838862559242,
    "recall": 0.8293838862559242,
    "f1-score": 0.8293838862559242,
    "support": 422
  },
  "macro_avg": {
    "precision": 0.8308876853265301,
    "recall": 0.8231286549707602,
    "f1-score": 0.8247783766062595,
    "support": 422.0
  },
  "accuracy": 0.8293838862559242,
  "inference_time_seconds": 0.1554722785949707,
  "energy_kwh": 3.2150564432480313e-08,
  "num_test_samples": 422
}