{
  "per_class": {
    "emotion": {
      "precision": 0.8171487603305785,
      "recall": 0.8432835820895522,
      "f1-score": 0.8300104931794333,
      "support": 938.0
    },
    "hate": {
      "precision": 0.9732023224653863,
      "recall": 0.90302527973477,
      "f1-score": 0.9368013757523646,
      "support": 2413.0
    },
    "offensive": {
      "precision": 0.8688853247794708,
      "recall": 0.9182203389830509,
      "f1-score": 0.8928718582612278,
      "support": 2360.0
    },
    "religion": {
      "precision": 0.9936554416788678,
      "recall": 0.9995090819833088,
      "f1-score": 0.9965736661771905,
      "support": 2037.0
    },
    "spiritual": {
      "precision": 1.0,
      "recall": 0.9988324576765908,
      "f1-score": 0.9994158878504673,
      "support": 1713.0
    }
  },
  "weighted_avg": {
    "precision": 0.9409648285042241,
    "recall": 0.9390127893457352,
    "f1-score": 0.9394619090666999,
    "support": 9461.0
  },
  "micro_avg": {
    "precision": 0.9390127893457352,
    "recall": 0.9390127893457352,
    "f1-score": 0.9390127893457352,
    "support": 9461
  },
  "macro_avg": {
    "precision": 0.9305783698508605,
    "recall": 0.9325741480934544,
    "f1-score": 0.9311346562441367,
    "support": 9461.0
  },
  "accuracy": 0.9390127893457352,
  "inference_time_seconds": 8.304069995880127,
  "energy_kwh": 0.0004124553043578278,
  "num_test_samples": 9461
}