{
  "per_class": {
    "Cyberstalking": {
      "precision": 0.875,
      "recall": 0.5833333333333334,
      "f1-score": 0.7,
      "support": 60.0
    },
    "Doxing": {
      "precision": 0.6756756756756757,
      "recall": 0.8522727272727273,
      "f1-score": 0.7537688442211056,
      "support": 88.0
    },
    "Revenge Porn": {
      "precision": 0.8076923076923077,
      "recall": 0.8289473684210527,
      "f1-score": 0.8181818181818182,
      "support": 76.0
    },
    "Sexual Harassment": {
      "precision": 0.7961165048543689,
      "recall": 0.8282828282828283,
      "f1-score": 0.8118811881188119,
      "support": 99.0
    },
    "Slut Shaming": {
      "precision": 0.9,
      "recall": 0.8181818181818182,
      "f1-score": 0.8571428571428571,
      "support": 99.0
    }
  },
  "weighted_avg": {
    "precision": 0.8086720588262023,
    "recall": 0.7962085308056872,
    "f1-score": 0.7956086657682008,
    "support": 422.0
  },
  "micro_avg": {
    "precision": 0.7962085308056872,
    "recall": 0.7962085308056872,
    "f1-score": 0.7962085308056872,
    "support": 422
  },
  "macro_avg": {
    "precision": 0.8108968976444706,
    "recall": 0.782203615098352,
    "f1-score": 0.7881949415329186,
    "support": 422.0
  },
  "accuracy": 0.7962085308056872,
  "inference_time_seconds": 0.4694221019744873,
  "energy_kwh": 5.4034706288988515e-05,
  "num_test_samples": 422
}