{
  "per_class": {
    "age": {
      "precision": 0.989375,
      "recall": 0.989375,
      "f1-score": 0.989375,
      "support": 1600.0
    },
    "ethnicity": {
      "precision": 0.9930423782416192,
      "recall": 0.98125,
      "f1-score": 0.9871109713926438,
      "support": 1600.0
    },
    "gender": {
      "precision": 0.906816760475297,
      "recall": 0.905683947532792,
      "f1-score": 0.90625,
      "support": 1601.0
    },
    "other_cyberbullying": {
      "precision": 0.8807785888077859,
      "recall": 0.9044347282948157,
      "f1-score": 0.8924499229583975,
      "support": 1601.0
    },
    "religion": {
      "precision": 0.9955640050697085,
      "recall": 0.981875,
      "f1-score": 0.9886721208307111,
      "support": 1600.0
    }
  },
  "weighted_avg": {
    "precision": 0.9531005208073406,
    "recall": 0.9525118720319921,
    "f1-score": 0.9527582509639794,
    "support": 8002.0
  },
  "micro_avg": {
    "precision": 0.9525118720319921,
    "recall": 0.9525118720319921,
    "f1-score": 0.9525118720319921,
    "support": 8002
  },
  "macro_avg": {
    "precision": 0.9531153465188822,
    "recall": 0.9525237351655216,
    "f1-score": 0.9527716030363506,
    "support": 8002.0
  },
  "accuracy": 0.9525118720319921,
  "inference_time_seconds": 5.593709707260132,
  "energy_kwh": 0.00034802334425921335,
  "num_test_samples": 8002
}