{
  "per_class": {
    "emotion": {
      "precision": 0.9206030150753769,
      "recall": 0.9105367793240556,
      "f1-score": 0.9155422288855573,
      "support": 1006.0
    },
    "hate": {
      "precision": 0.9711191335740073,
      "recall": 0.9557836557441769,
      "f1-score": 0.9633903700756068,
      "support": 2533.0
    },
    "offensive": {
      "precision": 0.9524142757172848,
      "recall": 0.9693732193732194,
      "f1-score": 0.9608189198729262,
      "support": 2808.0
    },
    "religion": {
      "precision": 0.9975949975949976,
      "recall": 1.0,
      "f1-score": 0.9987960510474356,
      "support": 2074.0
    },
    "spiritual": {
      "precision": 0.9994209612044007,
      "recall": 0.9971114962449451,
      "f1-score": 0.9982648930017352,
      "support": 1731.0
    }
  },
  "weighted_avg": {
    "precision": 0.9711741916449731,
    "recall": 0.9711386918833728,
    "f1-score": 0.9711172533808062,
    "support": 10152.0
  },
  "micro_avg": {
    "precision": 0.9711386918833728,
    "recall": 0.9711386918833728,
    "f1-score": 0.9711386918833728,
    "support": 10152
  },
  "macro_avg": {
    "precision": 0.9682304766332134,
    "recall": 0.9665610301372795,
    "f1-score": 0.9673624925766522,
    "support": 10152.0
  },
  "accuracy": 0.9711386918833728,
  "inference_time_seconds": 4.820523023605347,
  "energy_kwh": 0.0002787192593425577,
  "num_test_samples": 10152
}