{
  "per_class": {
    "age": {
      "precision": 0.9873417721518988,
      "recall": 0.9892200380469245,
      "f1-score": 0.9882800126702566,
      "support": 1577.0
    },
    "ethnicity": {
      "precision": 0.9946127946127946,
      "recall": 0.9846666666666667,
      "f1-score": 0.9896147403685092,
      "support": 1500.0
    },
    "gender": {
      "precision": 0.9300411522633745,
      "recall": 0.9125168236877523,
      "f1-score": 0.9211956521739131,
      "support": 1486.0
    },
    "other_cyberbullying": {
      "precision": 0.8702290076335878,
      "recall": 0.9026128266033254,
      "f1-score": 0.8861251457442674,
      "support": 1263.0
    },
    "religion": {
      "precision": 0.9873737373737373,
      "recall": 0.983029541169076,
      "f1-score": 0.9851968503937008,
      "support": 1591.0
    }
  },
  "weighted_avg": {
    "precision": 0.9573964098245851,
    "recall": 0.9568558716462181,
    "f1-score": 0.9570528081051073,
    "support": 7417.0
  },
  "micro_avg": {
    "precision": 0.9568558716462181,
    "recall": 0.9568558716462181,
    "f1-score": 0.9568558716462181,
    "support": 7417
  },
  "macro_avg": {
    "precision": 0.9539196928070786,
    "recall": 0.9544091792347491,
    "f1-score": 0.9540824802701293,
    "support": 7417.0
  },
  "accuracy": 0.9568558716462181,
  "inference_time_seconds": 2.8455841541290283,
  "energy_kwh": 0.0001945372641239653,
  "num_test_samples": 7417
}