{
  "per_class": {
    "age": {
      "precision": 0.9929078014184397,
      "recall": 0.9765377298668357,
      "f1-score": 0.9846547314578005,
      "support": 1577.0
    },
    "ethnicity": {
      "precision": 0.9985855728429985,
      "recall": 0.9457468184862693,
      "f1-score": 0.9714482284141727,
      "support": 1493.0
    },
    "gender": {
      "precision": 0.9113553113553113,
      "recall": 0.8456832087015635,
      "f1-score": 0.8772919605077574,
      "support": 1471.0
    },
    "not_cyberbullying": {
      "precision": 0.5589519650655022,
      "recall": 0.6394671107410491,
      "f1-score": 0.5965048543689321,
      "support": 1201.0
    },
    "other_cyberbullying": {
      "precision": 0.6351020408163265,
      "recall": 0.6408566721581549,
      "f1-score": 0.6379663796637967,
      "support": 1214.0
    },
    "religion": {
      "precision": 0.9492888064316636,
      "recall": 0.9654088050314465,
      "f1-score": 0.9572809479264109,
      "support": 1590.0
    }
  },
  "weighted_avg": {
    "precision": 0.8599335263182978,
    "recall": 0.8515094781184179,
    "f1-score": 0.8549776986485084,
    "support": 8546.0
  },
  "micro_avg": {
    "precision": 0.8515094781184179,
    "recall": 0.8515094781184179,
    "f1-score": 0.8515094781184179,
    "support": 8546
  },
  "macro_avg": {
    "precision": 0.841031916321707,
    "recall": 0.83561672416422,
    "f1-score": 0.8375245170564783,
    "support": 8546.0
  },
  "accuracy": 0.8515094781184179,
  "inference_time_seconds": 2.034144639968872,
  "energy_kwh": 0.00010644858098783742,
  "num_test_samples": 8546
}