{
  "per_class": {
    "Cyberstalking": {
      "precision": 0.75,
      "recall": 0.8,
      "f1-score": 0.7741935483870968,
      "support": 60.0
    },
    "Doxing": {
      "precision": 0.7272727272727273,
      "recall": 0.8181818181818182,
      "f1-score": 0.7700534759358288,
      "support": 88.0
    },
    "Revenge Porn": {
      "precision": 0.7763157894736842,
      "recall": 0.7763157894736842,
      "f1-score": 0.7763157894736842,
      "support": 76.0
    },
    "Sexual Harassment": {
      "precision": 0.9529411764705882,
      "recall": 0.8181818181818182,
      "f1-score": 0.8804347826086957,
      "support": 99.0
    },
    "Slut Shaming": {
      "precision": 0.9285714285714286,
      "recall": 0.9191919191919192,
      "f1-score": 0.9238578680203046,
      "support": 99.0
    }
  },
  "weighted_avg": {
    "precision": 0.8395017722728901,
    "recall": 0.8317535545023697,
    "f1-score": 0.8337471355399284,
    "support": 422.0
  },
  "micro_avg": {
    "precision": 0.8317535545023697,
    "recall": 0.8317535545023697,
    "f1-score": 0.8317535545023697,
    "support": 422
  },
  "macro_avg": {
    "precision": 0.8270202243576857,
    "recall": 0.826374269005848,
    "f1-score": 0.824971092885122,
    "support": 422.0
  },
  "accuracy": 0.8317535545023697,
  "inference_time_seconds": 0.10617828369140625,
  "energy_kwh": 1.1091754832270258e-05,
  "num_test_samples": 422
}