{
  "per_class": {
    "age": {
      "precision": 0.9778059606848446,
      "recall": 0.9784263959390863,
      "f1-score": 0.978116079923882,
      "support": 1576.0
    },
    "ethnicity": {
      "precision": 0.9878787878787879,
      "recall": 0.9872139973082099,
      "f1-score": 0.9875462807135644,
      "support": 1486.0
    },
    "gender": {
      "precision": 0.8828282828282829,
      "recall": 0.8954918032786885,
      "f1-score": 0.8891149542217701,
      "support": 1464.0
    },
    "not_cyberbullying": {
      "precision": 0.5971093044263776,
      "recall": 0.5503746877601998,
      "f1-score": 0.5727902946273831,
      "support": 1201.0
    },
    "other_cyberbullying": {
      "precision": 0.6369582992641046,
      "recall": 0.642209398186315,
      "f1-score": 0.6395730706075534,
      "support": 1213.0
    },
    "religion": {
      "precision": 0.9407496977025392,
      "recall": 0.9780012570710245,
      "f1-score": 0.9590138674884437,
      "support": 1591.0
    }
  },
  "weighted_avg": {
    "precision": 0.8542916586046159,
    "recall": 0.8575782440511077,
    "f1-score": 0.8557242233911182,
    "support": 8531.0
  },
  "micro_avg": {
    "precision": 0.8575782440511077,
    "recall": 0.8575782440511077,
    "f1-score": 0.8575782440511077,
    "support": 8531
  },
  "macro_avg": {
    "precision": 0.8372217221308228,
    "recall": 0.8386195899239207,
    "f1-score": 0.8376924245970994,
    "support": 8531.0
  },
  "accuracy": 0.8575782440511077,
  "inference_time_seconds": 3.248234272003174,
  "energy_kwh": 0.00020796255635685012,
  "num_test_samples": 8531
}