{
  "per_class": {
    "age": {
      "precision": 0.9862671660424469,
      "recall": 0.9875,
      "f1-score": 0.9868831980012492,
      "support": 1600.0
    },
    "ethnicity": {
      "precision": 0.9924242424242424,
      "recall": 0.9825,
      "f1-score": 0.9874371859296482,
      "support": 1600.0
    },
    "gender": {
      "precision": 0.9181649101053937,
      "recall": 0.9250468457214241,
      "f1-score": 0.9215930304915992,
      "support": 1601.0
    },
    "other_cyberbullying": {
      "precision": 0.9054477144646211,
      "recall": 0.9031855090568395,
      "f1-score": 0.9043151969981238,
      "support": 1601.0
    },
    "religion": {
      "precision": 0.9844333748443338,
      "recall": 0.988125,
      "f1-score": 0.9862757330006239,
      "support": 1600.0
    }
  },
  "weighted_avg": {
    "precision": 0.9573360991294966,
    "recall": 0.9572606848287928,
    "f1-score": 0.9572897849664435,
    "support": 8002.0
  },
  "micro_avg": {
    "precision": 0.9572606848287928,
    "recall": 0.9572606848287928,
    "f1-score": 0.9572606848287928,
    "support": 8002
  },
  "macro_avg": {
    "precision": 0.9573474815762075,
    "recall": 0.9572714709556527,
    "f1-score": 0.9573008688842488,
    "support": 8002.0
  },
  "accuracy": 0.9572606848287928,
  "inference_time_seconds": 3.4535672664642334,
  "energy_kwh": 0.00018731402543913618,
  "num_test_samples": 8002
}