{
  "per_class": {
    "emotion": {
      "precision": 0.923391215526047,
      "recall": 0.8986083499005965,
      "f1-score": 0.9108312342569269,
      "support": 1006.0
    },
    "hate": {
      "precision": 0.9683493589743589,
      "recall": 0.9542045005921832,
      "f1-score": 0.9612248956054882,
      "support": 2533.0
    },
    "offensive": {
      "precision": 0.9494773519163763,
      "recall": 0.9704415954415955,
      "f1-score": 0.9598450158506516,
      "support": 2808.0
    },
    "religion": {
      "precision": 0.9980750721847931,
      "recall": 1.0,
      "f1-score": 0.9990366088631984,
      "support": 2074.0
    },
    "spiritual": {
      "precision": 1.0,
      "recall": 0.998844598497978,
      "f1-score": 0.999421965317919,
      "support": 1731.0
    }
  },
  "weighted_avg": {
    "precision": 0.9701438724383077,
    "recall": 0.9701536643026005,
    "f1-score": 0.9700871784365042,
    "support": 10152.0
  },
  "micro_avg": {
    "precision": 0.9701536643026005,
    "recall": 0.9701536643026005,
    "f1-score": 0.9701536643026005,
    "support": 10152
  },
  "macro_avg": {
    "precision": 0.9678585997203151,
    "recall": 0.9644198088864707,
    "f1-score": 0.9660719439788368,
    "support": 10152.0
  },
  "accuracy": 0.9701536643026005,
  "inference_time_seconds": 2.543015480041504,
  "energy_kwh": 0.00014465102579876133,
  "num_test_samples": 10152
}