{
  "per_class": {
    "age": {
      "precision": 0.9849151477058454,
      "recall": 0.9806007509386734,
      "f1-score": 0.9827532141737222,
      "support": 1598.0
    },
    "ethnicity": {
      "precision": 0.9923371647509579,
      "recall": 0.9761306532663316,
      "f1-score": 0.9841671944268524,
      "support": 1592.0
    },
    "gender": {
      "precision": 0.8973214285714286,
      "recall": 0.8849056603773585,
      "f1-score": 0.8910702976567447,
      "support": 1590.0
    },
    "not_cyberbullying": {
      "precision": 0.6780587833219412,
      "recall": 0.6250787649653434,
      "f1-score": 0.6504918032786885,
      "support": 1587.0
    },
    "other_cyberbullying": {
      "precision": 0.6726121979286537,
      "recall": 0.746964856230032,
      "f1-score": 0.7078413563427187,
      "support": 1565.0
    },
    "religion": {
      "precision": 0.9595267745952677,
      "recall": 0.963125,
      "f1-score": 0.9613225202744854,
      "support": 1600.0
    }
  },
  "weighted_avg": {
    "precision": 0.8649177992015034,
    "recall": 0.8634074695761645,
    "f1-score": 0.8636439183770659,
    "support": 9532.0
  },
  "micro_avg": {
    "precision": 0.8634074695761645,
    "recall": 0.8634074695761645,
    "f1-score": 0.8634074695761645,
    "support": 9532
  },
  "macro_avg": {
    "precision": 0.864128582812349,
    "recall": 0.8628009476296231,
    "f1-score": 0.8629410643588687,
    "support": 9532.0
  },
  "accuracy": 0.8634074695761645,
  "inference_time_seconds": 3.672572135925293,
  "energy_kwh": 0.00023292818439673207,
  "num_test_samples": 9532
}