{
  "per_class": {
    "emotion": {
      "precision": 0.9186991869918699,
      "recall": 0.8986083499005965,
      "f1-score": 0.9085427135678392,
      "support": 1006.0
    },
    "hate": {
      "precision": 0.9701789264413518,
      "recall": 0.9632846427161469,
      "f1-score": 0.9667194928684627,
      "support": 2533.0
    },
    "offensive": {
      "precision": 0.9571026722925458,
      "recall": 0.9693732193732194,
      "f1-score": 0.9631988676574664,
      "support": 2808.0
    },
    "religion": {
      "precision": 0.996155694377703,
      "recall": 0.9995178399228544,
      "f1-score": 0.9978339350180505,
      "support": 2074.0
    },
    "spiritual": {
      "precision": 1.0,
      "recall": 0.9982668977469671,
      "f1-score": 0.9991326973113617,
      "support": 1731.0
    }
  },
  "weighted_avg": {
    "precision": 0.971852424815464,
    "recall": 0.9719267139479906,
    "f1-score": 0.97186398206665,
    "support": 10152.0
  },
  "micro_avg": {
    "precision": 0.9719267139479906,
    "recall": 0.9719267139479906,
    "f1-score": 0.9719267139479906,
    "support": 10152
  },
  "macro_avg": {
    "precision": 0.9684272960206941,
    "recall": 0.9658101899319569,
    "f1-score": 0.9670855412846361,
    "support": 10152.0
  },
  "accuracy": 0.9719267139479906,
  "inference_time_seconds": 5.184718132019043,
  "energy_kwh": 0.0003215651910643904,
  "num_test_samples": 10152
}