{
  "per_class": {
    "age": {
      "precision": 0.9832610043397396,
      "recall": 0.99125,
      "f1-score": 0.9872393401805166,
      "support": 1600.0
    },
    "ethnicity": {
      "precision": 0.9955357142857143,
      "recall": 0.975625,
      "f1-score": 0.985479797979798,
      "support": 1600.0
    },
    "gender": {
      "precision": 0.9365397461589846,
      "recall": 0.8757026858213617,
      "f1-score": 0.9051000645577792,
      "support": 1601.0
    },
    "other_cyberbullying": {
      "precision": 0.8540229885057471,
      "recall": 0.9281698938163647,
      "f1-score": 0.8895540257407961,
      "support": 1601.0
    },
    "religion": {
      "precision": 0.9880050505050505,
      "recall": 0.978125,
      "f1-score": 0.9830402010050251,
      "support": 1600.0
    }
  },
  "weighted_avg": {
    "precision": 0.9514588563867836,
    "recall": 0.94976255936016,
    "f1-score": 0.9500695002790007,
    "support": 8002.0
  },
  "micro_avg": {
    "precision": 0.94976255936016,
    "recall": 0.94976255936016,
    "f1-score": 0.94976255936016,
    "support": 8002
  },
  "macro_avg": {
    "precision": 0.9514729007590471,
    "recall": 0.9497745159275454,
    "f1-score": 0.950082685892783,
    "support": 8002.0
  },
  "accuracy": 0.94976255936016,
  "inference_time_seconds": 4.8384013175964355,
  "energy_kwh": 0.0003092108597842046,
  "num_test_samples": 8002
}