{
  "per_class": {
    "age": {
      "precision": 0.9801488833746899,
      "recall": 0.9875,
      "f1-score": 0.9838107098381071,
      "support": 1600.0
    },
    "ethnicity": {
      "precision": 0.9767879548306148,
      "recall": 0.973125,
      "f1-score": 0.9749530369442705,
      "support": 1600.0
    },
    "gender": {
      "precision": 0.9102402022756005,
      "recall": 0.8994378513429107,
      "f1-score": 0.9048067860508954,
      "support": 1601.0
    },
    "other_cyberbullying": {
      "precision": 0.8784530386740331,
      "recall": 0.8938163647720175,
      "f1-score": 0.8860681114551083,
      "support": 1601.0
    },
    "religion": {
      "precision": 0.9848580441640379,
      "recall": 0.975625,
      "f1-score": 0.9802197802197802,
      "support": 1600.0
    }
  },
  "weighted_avg": {
    "precision": 0.9460846901463774,
    "recall": 0.945888527868033,
    "f1-score": 0.9459590545001955,
    "support": 8002.0
  },
  "micro_avg": {
    "precision": 0.945888527868033,
    "recall": 0.945888527868033,
    "f1-score": 0.945888527868033,
    "support": 8002
  },
  "macro_avg": {
    "precision": 0.9460976246637953,
    "recall": 0.9459008432229858,
    "f1-score": 0.9459716849016322,
    "support": 8002.0
  },
  "accuracy": 0.945888527868033,
  "inference_time_seconds": 3.80064058303833,
  "energy_kwh": 0.00021944025397002608,
  "num_test_samples": 8002
}