{
  "per_class": {
    "Cyberstalking": {
      "precision": 0.7966101694915254,
      "recall": 0.7833333333333333,
      "f1-score": 0.7899159663865546,
      "support": 60.0
    },
    "Doxing": {
      "precision": 0.8372093023255814,
      "recall": 0.8181818181818182,
      "f1-score": 0.8275862068965517,
      "support": 88.0
    },
    "Revenge Porn": {
      "precision": 0.7804878048780488,
      "recall": 0.8421052631578947,
      "f1-score": 0.810126582278481,
      "support": 76.0
    },
    "Sexual Harassment": {
      "precision": 0.8712871287128713,
      "recall": 0.8888888888888888,
      "f1-score": 0.88,
      "support": 99.0
    },
    "Slut Shaming": {
      "precision": 0.9574468085106383,
      "recall": 0.9090909090909091,
      "f1-score": 0.9326424870466321,
      "support": 99.0
    }
  },
  "weighted_avg": {
    "precision": 0.857423605995265,
    "recall": 0.8554502369668247,
    "f1-score": 0.8560278925613055,
    "support": 422.0
  },
  "micro_avg": {
    "precision": 0.8554502369668247,
    "recall": 0.8554502369668247,
    "f1-score": 0.8554502369668247,
    "support": 422
  },
  "macro_avg": {
    "precision": 0.8486082427837329,
    "recall": 0.8483200425305688,
    "f1-score": 0.8480542485216439,
    "support": 422.0
  },
  "accuracy": 0.8554502369668247,
  "inference_time_seconds": 0.21496295928955078,
  "energy_kwh": 1.0487154554910726e-05,
  "num_test_samples": 422
}