{
  "per_class": {
    "Cyberstalking": {
      "precision": 0.7317073170731707,
      "recall": 0.5769230769230769,
      "f1-score": 0.6451612903225806,
      "support": 52.0
    },
    "Doxing": {
      "precision": 0.8082191780821918,
      "recall": 0.7972972972972973,
      "f1-score": 0.8027210884353742,
      "support": 74.0
    },
    "Revenge Porn": {
      "precision": 0.8813559322033898,
      "recall": 0.7428571428571429,
      "f1-score": 0.8062015503875969,
      "support": 70.0
    },
    "Sexual Harassment": {
      "precision": 0.7446808510638298,
      "recall": 0.9090909090909091,
      "f1-score": 0.8187134502923976,
      "support": 77.0
    },
    "Slut Shaming": {
      "precision": 0.8541666666666666,
      "recall": 0.9111111111111111,
      "f1-score": 0.8817204301075269,
      "support": 90.0
    }
  },
  "weighted_avg": {
    "precision": 0.8092764199780694,
    "recall": 0.8071625344352618,
    "f1-score": 0.8038006351248366,
    "support": 363.0
  },
  "micro_avg": {
    "precision": 0.8071625344352618,
    "recall": 0.8071625344352618,
    "f1-score": 0.8071625344352618,
    "support": 363
  },
  "macro_avg": {
    "precision": 0.8040259890178497,
    "recall": 0.7874559074559074,
    "f1-score": 0.7909035619090952,
    "support": 363.0
  },
  "accuracy": 0.8071625344352618,
  "inference_time_seconds": 0.44275522232055664,
  "energy_kwh": 2.7880210209270472e-05,
  "num_test_samples": 363
}