{
  "per_class": {
    "age": {
      "precision": 0.9819089207735496,
      "recall": 0.9849812265331664,
      "f1-score": 0.9834426741643236,
      "support": 1598.0
    },
    "ethnicity": {
      "precision": 0.98856416772554,
      "recall": 0.9773869346733668,
      "f1-score": 0.9829437776373974,
      "support": 1592.0
    },
    "gender": {
      "precision": 0.8958333333333334,
      "recall": 0.8924528301886793,
      "f1-score": 0.8941398865784499,
      "support": 1590.0
    },
    "not_cyberbullying": {
      "precision": 0.7220990391722099,
      "recall": 0.6156269691241336,
      "f1-score": 0.6646258503401361,
      "support": 1587.0
    },
    "other_cyberbullying": {
      "precision": 0.6766029246344207,
      "recall": 0.7686900958466454,
      "f1-score": 0.7197128327849237,
      "support": 1565.0
    },
    "religion": {
      "precision": 0.9506097560975609,
      "recall": 0.974375,
      "f1-score": 0.9623456790123457,
      "support": 1600.0
    }
  },
  "weighted_avg": {
    "precision": 0.8700262245478866,
    "recall": 0.8694922366764583,
    "f1-score": 0.8685412506494979,
    "support": 9532.0
  },
  "micro_avg": {
    "precision": 0.8694922366764583,
    "recall": 0.8694922366764583,
    "f1-score": 0.8694922366764583,
    "support": 9532
  },
  "macro_avg": {
    "precision": 0.8692696902894358,
    "recall": 0.8689188427276653,
    "f1-score": 0.8678684500862627,
    "support": 9532.0
  },
  "accuracy": 0.8694922366764583,
  "inference_time_seconds": 3.375683546066284,
  "energy_kwh": 0.0002078938843565631,
  "num_test_samples": 9532
}