{
  "per_class": {
    "Cyberstalking": {
      "precision": 0.8,
      "recall": 0.7333333333333333,
      "f1-score": 0.7652173913043478,
      "support": 60.0
    },
    "Doxing": {
      "precision": 0.8275862068965517,
      "recall": 0.8181818181818182,
      "f1-score": 0.8228571428571428,
      "support": 88.0
    },
    "Revenge Porn": {
      "precision": 0.8571428571428571,
      "recall": 0.868421052631579,
      "f1-score": 0.8627450980392157,
      "support": 76.0
    },
    "Sexual Harassment": {
      "precision": 0.8811881188118812,
      "recall": 0.898989898989899,
      "f1-score": 0.89,
      "support": 99.0
    },
    "Slut Shaming": {
      "precision": 0.9019607843137255,
      "recall": 0.9292929292929293,
      "f1-score": 0.9154228855721394,
      "support": 99.0
    }
  },
  "weighted_avg": {
    "precision": 0.8590099164909686,
    "recall": 0.8601895734597157,
    "f1-score": 0.8593127136784636,
    "support": 422.0
  },
  "micro_avg": {
    "precision": 0.8601895734597157,
    "recall": 0.8601895734597157,
    "f1-score": 0.8601895734597157,
    "support": 422
  },
  "macro_avg": {
    "precision": 0.8535755934330032,
    "recall": 0.8496438064859116,
    "f1-score": 0.8512485035545693,
    "support": 422.0
  },
  "accuracy": 0.8601895734597157,
  "inference_time_seconds": 0.40392541885375977,
  "energy_kwh": 4.195128429397686e-05,
  "num_test_samples": 422
}