{
  "per_class": {
    "emotion": {
      "precision": 0.8338590956887487,
      "recall": 0.8445154419595314,
      "f1-score": 0.8391534391534392,
      "support": 939.0
    },
    "hate": {
      "precision": 0.9504201680672268,
      "recall": 0.9385892116182573,
      "f1-score": 0.9444676409185804,
      "support": 2410.0
    },
    "offensive": {
      "precision": 0.9040807740849811,
      "recall": 0.9079002957329954,
      "f1-score": 0.9059865092748736,
      "support": 2367.0
    },
    "religion": {
      "precision": 0.9946315275744265,
      "recall": 0.9995095635115253,
      "f1-score": 0.99706457925636,
      "support": 2039.0
    },
    "spiritual": {
      "precision": 1.0,
      "recall": 0.9988324576765908,
      "f1-score": 0.9994158878504673,
      "support": 1713.0
    }
  },
  "weighted_avg": {
    "precision": 0.9457667060495518,
    "recall": 0.9456062526404732,
    "f1-score": 0.9456713407714462,
    "support": 9468.0
  },
  "micro_avg": {
    "precision": 0.9456062526404732,
    "recall": 0.9456062526404732,
    "f1-score": 0.9456062526404732,
    "support": 9468
  },
  "macro_avg": {
    "precision": 0.9365983130830766,
    "recall": 0.9378693940997801,
    "f1-score": 0.9372176112907441,
    "support": 9468.0
  },
  "accuracy": 0.9456062526404732,
  "inference_time_seconds": 5.090530872344971,
  "energy_kwh": 0.0002814357773963776,
  "num_test_samples": 9468
}