{
  "per_class": {
    "Cyberstalking": {
      "precision": 0.7068965517241379,
      "recall": 0.6833333333333333,
      "f1-score": 0.6949152542372882,
      "support": 60.0
    },
    "Doxing": {
      "precision": 0.7894736842105263,
      "recall": 0.8522727272727273,
      "f1-score": 0.819672131147541,
      "support": 88.0
    },
    "Revenge Porn": {
      "precision": 0.782051282051282,
      "recall": 0.8026315789473685,
      "f1-score": 0.7922077922077922,
      "support": 76.0
    },
    "Sexual Harassment": {
      "precision": 0.8775510204081632,
      "recall": 0.8686868686868687,
      "f1-score": 0.8730964467005076,
      "support": 99.0
    },
    "Slut Shaming": {
      "precision": 0.946236559139785,
      "recall": 0.8888888888888888,
      "f1-score": 0.9166666666666666,
      "support": 99.0
    }
  },
  "weighted_avg": {
    "precision": 0.8338349410547841,
    "recall": 0.8317535545023697,
    "f1-score": 0.8322758370292971,
    "support": 422.0
  },
  "micro_avg": {
    "precision": 0.8317535545023697,
    "recall": 0.8317535545023697,
    "f1-score": 0.8317535545023697,
    "support": 422
  },
  "macro_avg": {
    "precision": 0.8204418195067789,
    "recall": 0.8191626794258372,
    "f1-score": 0.8193116581919592,
    "support": 422.0
  },
  "accuracy": 0.8317535545023697,
  "inference_time_seconds": 0.31295108795166016,
  "energy_kwh": 1.4302026740387436e-05,
  "num_test_samples": 422
}