{
  "per_class": {
    "age": {
      "precision": 0.9873096446700508,
      "recall": 0.9737171464330413,
      "f1-score": 0.980466288594833,
      "support": 1598.0
    },
    "ethnicity": {
      "precision": 0.9835443037974684,
      "recall": 0.9761306532663316,
      "f1-score": 0.9798234552332913,
      "support": 1592.0
    },
    "gender": {
      "precision": 0.8851142680667079,
      "recall": 0.9012578616352201,
      "f1-score": 0.893113119351823,
      "support": 1590.0
    },
    "not_cyberbullying": {
      "precision": 0.7070422535211267,
      "recall": 0.6326402016383113,
      "f1-score": 0.6677751912204856,
      "support": 1587.0
    },
    "other_cyberbullying": {
      "precision": 0.6995979322228604,
      "recall": 0.7782747603833866,
      "f1-score": 0.7368421052631579,
      "support": 1565.0
    },
    "religion": {
      "precision": 0.9624060150375939,
      "recall": 0.96,
      "f1-score": 0.9612015018773467,
      "support": 1600.0
    }
  },
  "weighted_avg": {
    "precision": 0.8715538684831443,
    "recall": 0.8708560637851448,
    "f1-score": 0.870494487608356,
    "support": 9532.0
  },
  "micro_avg": {
    "precision": 0.8708560637851448,
    "recall": 0.8708560637851448,
    "f1-score": 0.8708560637851448,
    "support": 9532
  },
  "macro_avg": {
    "precision": 0.8708357362193012,
    "recall": 0.8703367705593817,
    "f1-score": 0.8698702769234896,
    "support": 9532.0
  },
  "accuracy": 0.8708560637851448,
  "inference_time_seconds": 7.449005365371704,
  "energy_kwh": 0.0004402053603658749,
  "num_test_samples": 9532
}