{
  "per_class": {
    "age": {
      "precision": 0.9856787048567871,
      "recall": 0.989375,
      "f1-score": 0.9875233936369308,
      "support": 1600.0
    },
    "ethnicity": {
      "precision": 0.9905601006922593,
      "recall": 0.98375,
      "f1-score": 0.9871433051113202,
      "support": 1600.0
    },
    "gender": {
      "precision": 0.9194499017681729,
      "recall": 0.876951905059338,
      "f1-score": 0.8976982097186701,
      "support": 1601.0
    },
    "other_cyberbullying": {
      "precision": 0.8602723505032563,
      "recall": 0.9075577763897564,
      "f1-score": 0.8832826747720365,
      "support": 1601.0
    },
    "religion": {
      "precision": 0.9880578252671276,
      "recall": 0.9825,
      "f1-score": 0.985271074898151,
      "support": 1600.0
    }
  },
  "weighted_avg": {
    "precision": 0.9487890446378952,
    "recall": 0.9480129967508123,
    "f1-score": 0.9481693119100054,
    "support": 8002.0
  },
  "micro_avg": {
    "precision": 0.9480129967508123,
    "recall": 0.9480129967508123,
    "f1-score": 0.9480129967508123,
    "support": 8002
  },
  "macro_avg": {
    "precision": 0.9488037766175207,
    "recall": 0.9480269362898189,
    "f1-score": 0.9481837316274216,
    "support": 8002.0
  },
  "accuracy": 0.9480129967508123,
  "inference_time_seconds": 14.589341402053833,
  "energy_kwh": 0.0008681020495138319,
  "num_test_samples": 8002
}