{
  "per_class": {
    "age": {
      "precision": 0.9910025706940874,
      "recall": 0.9784263959390863,
      "f1-score": 0.9846743295019157,
      "support": 1576.0
    },
    "ethnicity": {
      "precision": 0.9871099050203528,
      "recall": 0.9745478901540523,
      "f1-score": 0.980788675429727,
      "support": 1493.0
    },
    "gender": {
      "precision": 0.9142011834319527,
      "recall": 0.8396739130434783,
      "f1-score": 0.8753541076487252,
      "support": 1472.0
    },
    "not_cyberbullying": {
      "precision": 0.6053113553113553,
      "recall": 0.5499168053244592,
      "f1-score": 0.5762859633827376,
      "support": 1202.0
    },
    "other_cyberbullying": {
      "precision": 0.6075129533678757,
      "recall": 0.7720164609053498,
      "f1-score": 0.6799565059804277,
      "support": 1215.0
    },
    "religion": {
      "precision": 0.9699149771092217,
      "recall": 0.933291378225299,
      "f1-score": 0.9512508017960231,
      "support": 1589.0
    }
  },
  "weighted_avg": {
    "precision": 0.8644187045365478,
    "recall": 0.8558558558558559,
    "f1-score": 0.8582035672138384,
    "support": 8547.0
  },
  "micro_avg": {
    "precision": 0.8558558558558559,
    "recall": 0.8558558558558559,
    "f1-score": 0.8558558558558559,
    "support": 8547
  },
  "macro_avg": {
    "precision": 0.845842157489141,
    "recall": 0.8413121405986209,
    "f1-score": 0.8413850639565927,
    "support": 8547.0
  },
  "accuracy": 0.8558558558558559,
  "inference_time_seconds": 6.595135450363159,
  "energy_kwh": 0.00040960488756895636,
  "num_test_samples": 8547
}