{
  "per_class": {
    "emotion": {
      "precision": 0.8923988153998026,
      "recall": 0.8986083499005965,
      "f1-score": 0.895492818226845,
      "support": 1006.0
    },
    "hate": {
      "precision": 0.9651898734177216,
      "recall": 0.9632846427161469,
      "f1-score": 0.9642363169334124,
      "support": 2533.0
    },
    "offensive": {
      "precision": 0.9600142806140664,
      "recall": 0.9576210826210826,
      "f1-score": 0.9588161882688536,
      "support": 2808.0
    },
    "religion": {
      "precision": 0.9961538461538462,
      "recall": 0.9990356798457087,
      "f1-score": 0.9975926817525277,
      "support": 2074.0
    },
    "spiritual": {
      "precision": 0.9988439306358381,
      "recall": 0.9982668977469671,
      "f1-score": 0.9985553308292401,
      "support": 1731.0
    }
  },
  "weighted_avg": {
    "precision": 0.9686092571392141,
    "recall": 0.9685776201733649,
    "f1-score": 0.9685912846934237,
    "support": 10152.0
  },
  "micro_avg": {
    "precision": 0.9685776201733649,
    "recall": 0.9685776201733649,
    "f1-score": 0.9685776201733649,
    "support": 10152
  },
  "macro_avg": {
    "precision": 0.962520149244255,
    "recall": 0.9633633305661004,
    "f1-score": 0.9629386672021758,
    "support": 10152.0
  },
  "accuracy": 0.9685776201733649,
  "inference_time_seconds": 1.967076063156128,
  "energy_kwh": 0.00011878767303721427,
  "num_test_samples": 10152
}