{
  "per_class": {
    "emotion": {
      "precision": 0.8883447600391773,
      "recall": 0.9015904572564613,
      "f1-score": 0.8949185989146522,
      "support": 1006.0
    },
    "hate": {
      "precision": 0.9675610732879455,
      "recall": 0.9538097118041847,
      "f1-score": 0.9606361829025845,
      "support": 2533.0
    },
    "offensive": {
      "precision": 0.9551078119476847,
      "recall": 0.9622507122507122,
      "f1-score": 0.9586659570693631,
      "support": 2808.0
    },
    "religion": {
      "precision": 0.9966297544535387,
      "recall": 0.9980713596914176,
      "f1-score": 0.9973500361358709,
      "support": 2074.0
    },
    "spiritual": {
      "precision": 1.0,
      "recall": 0.9982668977469671,
      "f1-score": 0.9991326973113617,
      "support": 1731.0
    }
  },
  "weighted_avg": {
    "precision": 0.9677363942005038,
    "recall": 0.9675925925925926,
    "f1-score": 0.967643443975859,
    "support": 10152.0
  },
  "micro_avg": {
    "precision": 0.9675925925925926,
    "recall": 0.9675925925925926,
    "f1-score": 0.9675925925925926,
    "support": 10152
  },
  "macro_avg": {
    "precision": 0.9615286799456693,
    "recall": 0.9627978277499485,
    "f1-score": 0.9621406944667665,
    "support": 10152.0
  },
  "accuracy": 0.9675925925925926,
  "inference_time_seconds": 8.768783330917358,
  "energy_kwh": 0.00046544212633742706,
  "num_test_samples": 10152
}