{
  "per_class": {
    "Cyberstalking": {
      "precision": 0.7090909090909091,
      "recall": 0.6842105263157895,
      "f1-score": 0.6964285714285714,
      "support": 57.0
    },
    "Doxing": {
      "precision": 0.6842105263157895,
      "recall": 0.8227848101265823,
      "f1-score": 0.7471264367816092,
      "support": 79.0
    },
    "Revenge Porn": {
      "precision": 0.8142857142857143,
      "recall": 0.8142857142857143,
      "f1-score": 0.8142857142857143,
      "support": 70.0
    },
    "Sexual Harassment": {
      "precision": 0.7976190476190477,
      "recall": 0.8170731707317073,
      "f1-score": 0.8072289156626506,
      "support": 82.0
    },
    "Slut Shaming": {
      "precision": 0.958904109589041,
      "recall": 0.7865168539325843,
      "f1-score": 0.8641975308641975,
      "support": 89.0
    }
  },
  "weighted_avg": {
    "precision": 0.8016393661944715,
    "recall": 0.7904509283819628,
    "f1-score": 0.7926412955130681,
    "support": 377.0
  },
  "micro_avg": {
    "precision": 0.7904509283819628,
    "recall": 0.7904509283819628,
    "f1-score": 0.7904509283819628,
    "support": 377
  },
  "macro_avg": {
    "precision": 0.7928220613801004,
    "recall": 0.7849742150784755,
    "f1-score": 0.7858534338045486,
    "support": 377.0
  },
  "accuracy": 0.7904509283819628,
  "inference_time_seconds": 0.35513782501220703,
  "energy_kwh": 3.873108732041956e-05,
  "num_test_samples": 377
}