{
  "per_class": {
    "age": {
      "precision": 0.9904882688649335,
      "recall": 0.9898605830164765,
      "f1-score": 0.9901743264659271,
      "support": 1578.0
    },
    "ethnicity": {
      "precision": 0.9959211420802175,
      "recall": 0.9773182121414277,
      "f1-score": 0.9865319865319865,
      "support": 1499.0
    },
    "gender": {
      "precision": 0.9178082191780822,
      "recall": 0.901749663526245,
      "f1-score": 0.9097080787508486,
      "support": 1486.0
    },
    "other_cyberbullying": {
      "precision": 0.8553030303030303,
      "recall": 0.8967434471803019,
      "f1-score": 0.8755331523846452,
      "support": 1259.0
    },
    "religion": {
      "precision": 0.982367758186398,
      "recall": 0.9786700125470514,
      "f1-score": 0.9805153991200503,
      "support": 1594.0
    }
  },
  "weighted_avg": {
    "precision": 0.9523274023255629,
    "recall": 0.9514563106796117,
    "f1-score": 0.9517759607669998,
    "support": 7416.0
  },
  "micro_avg": {
    "precision": 0.9514563106796117,
    "recall": 0.9514563106796117,
    "f1-score": 0.9514563106796117,
    "support": 7416
  },
  "macro_avg": {
    "precision": 0.9483776837225323,
    "recall": 0.9488683836823004,
    "f1-score": 0.9484925886506914,
    "support": 7416.0
  },
  "accuracy": 0.9514563106796117,
  "inference_time_seconds": 6.281174421310425,
  "energy_kwh": 0.00031761906999877365,
  "num_test_samples": 7416
}