{
  "per_class": {
    "age": {
      "precision": 0.9806371018113679,
      "recall": 0.9824780976220275,
      "f1-score": 0.9815567364801501,
      "support": 1598.0
    },
    "ethnicity": {
      "precision": 0.9949206349206349,
      "recall": 0.9842964824120602,
      "f1-score": 0.9895800442058731,
      "support": 1592.0
    },
    "gender": {
      "precision": 0.894703656998739,
      "recall": 0.8924528301886793,
      "f1-score": 0.8935768261964736,
      "support": 1590.0
    },
    "not_cyberbullying": {
      "precision": 0.7098853868194842,
      "recall": 0.6244486452425961,
      "f1-score": 0.6644317800871605,
      "support": 1587.0
    },
    "other_cyberbullying": {
      "precision": 0.6947608200455581,
      "recall": 0.7795527156549521,
      "f1-score": 0.734718458295694,
      "support": 1565.0
    },
    "religion": {
      "precision": 0.9567367119901112,
      "recall": 0.9675,
      "f1-score": 0.9620882535736482,
      "support": 1600.0
    }
  },
  "weighted_avg": {
    "precision": 0.8726624093111842,
    "recall": 0.8723248006714226,
    "f1-score": 0.8716276832639892,
    "support": 9532.0
  },
  "micro_avg": {
    "precision": 0.8723248006714226,
    "recall": 0.8723248006714226,
    "f1-score": 0.8723248006714226,
    "support": 9532
  },
  "macro_avg": {
    "precision": 0.8719407187643159,
    "recall": 0.8717881285200525,
    "f1-score": 0.8709920164731666,
    "support": 9532.0
  },
  "accuracy": 0.8723248006714226,
  "inference_time_seconds": 7.486618280410767,
  "energy_kwh": 0.0004464069733359862,
  "num_test_samples": 9532
}