{
  "per_class": {
    "emotion": {
      "precision": 0.8720152817574021,
      "recall": 0.9075546719681908,
      "f1-score": 0.8894301022893327,
      "support": 1006.0
    },
    "hate": {
      "precision": 0.9725474364150182,
      "recall": 0.9510461902881958,
      "f1-score": 0.9616766467065868,
      "support": 2533.0
    },
    "offensive": {
      "precision": 0.9566607460035524,
      "recall": 0.959045584045584,
      "f1-score": 0.9578516805975458,
      "support": 2808.0
    },
    "religion": {
      "precision": 0.9942418426103646,
      "recall": 0.9990356798457087,
      "f1-score": 0.9966329966329966,
      "support": 2074.0
    },
    "spiritual": {
      "precision": 0.9988432620011567,
      "recall": 0.997689196995956,
      "f1-score": 0.9982658959537573,
      "support": 1731.0
    }
  },
  "weighted_avg": {
    "precision": 0.9671068432587728,
    "recall": 0.9667060677698975,
    "f1-score": 0.9668396620411298,
    "support": 10152.0
  },
  "micro_avg": {
    "precision": 0.9667060677698975,
    "recall": 0.9667060677698975,
    "f1-score": 0.9667060677698975,
    "support": 10152
  },
  "macro_avg": {
    "precision": 0.9588617137574988,
    "recall": 0.9628742646287272,
    "f1-score": 0.9607714644360439,
    "support": 10152.0
  },
  "accuracy": 0.9667060677698975,
  "inference_time_seconds": 4.982018947601318,
  "energy_kwh": 0.0003169280164244214,
  "num_test_samples": 10152
}