{
  "per_class": {
    "emotion": {
      "precision": 0.8902316213494461,
      "recall": 0.878727634194831,
      "f1-score": 0.8844422211105553,
      "support": 1006.0
    },
    "hate": {
      "precision": 0.9690514469453376,
      "recall": 0.9518357678641927,
      "f1-score": 0.9603664608643696,
      "support": 2533.0
    },
    "offensive": {
      "precision": 0.9488974448722436,
      "recall": 0.9654558404558404,
      "f1-score": 0.9571050308914386,
      "support": 2808.0
    },
    "religion": {
      "precision": 0.9942446043165467,
      "recall": 0.9995178399228544,
      "f1-score": 0.9968742486174561,
      "support": 2074.0
    },
    "spiritual": {
      "precision": 0.9994216310005783,
      "recall": 0.9982668977469671,
      "f1-score": 0.9988439306358381,
      "support": 1731.0
    }
  },
  "weighted_avg": {
    "precision": 0.9659915784087728,
    "recall": 0.9660165484633569,
    "f1-score": 0.9659598189630679,
    "support": 10152.0
  },
  "micro_avg": {
    "precision": 0.9660165484633569,
    "recall": 0.9660165484633569,
    "f1-score": 0.9660165484633569,
    "support": 10152
  },
  "macro_avg": {
    "precision": 0.9603693496968304,
    "recall": 0.9587607960369372,
    "f1-score": 0.9595263784239314,
    "support": 10152.0
  },
  "accuracy": 0.9660165484633569,
  "inference_time_seconds": 10.210485935211182,
  "energy_kwh": 0.0006388193114748113,
  "num_test_samples": 10152
}