{
  "per_class": {
    "age": {
      "precision": 0.9806853582554517,
      "recall": 0.9849812265331664,
      "f1-score": 0.9828285981891977,
      "support": 1598.0
    },
    "ethnicity": {
      "precision": 0.9794007490636704,
      "recall": 0.9855527638190955,
      "f1-score": 0.9824671258609894,
      "support": 1592.0
    },
    "gender": {
      "precision": 0.894006309148265,
      "recall": 0.8911949685534591,
      "f1-score": 0.8925984251968504,
      "support": 1590.0
    },
    "not_cyberbullying": {
      "precision": 0.7464905037159373,
      "recall": 0.569628229363579,
      "f1-score": 0.6461758398856325,
      "support": 1587.0
    },
    "other_cyberbullying": {
      "precision": 0.668241469816273,
      "recall": 0.8134185303514377,
      "f1-score": 0.7337175792507205,
      "support": 1565.0
    },
    "religion": {
      "precision": 0.9575123152709359,
      "recall": 0.971875,
      "f1-score": 0.9646401985111662,
      "support": 1600.0
    }
  },
  "weighted_avg": {
    "precision": 0.871832696248476,
    "recall": 0.8699118757868234,
    "f1-score": 0.8677142936827285,
    "support": 9532.0
  },
  "micro_avg": {
    "precision": 0.8699118757868234,
    "recall": 0.8699118757868234,
    "f1-score": 0.8699118757868234,
    "support": 9532
  },
  "macro_avg": {
    "precision": 0.8710561175450889,
    "recall": 0.8694417864367896,
    "f1-score": 0.8670712944824261,
    "support": 9532.0
  },
  "accuracy": 0.8699118757868234,
  "inference_time_seconds": 1.8475492000579834,
  "energy_kwh": 0.00010794724163137951,
  "num_test_samples": 9532
}