{
  "per_class": {
    "age": {
      "precision": 0.9745341614906833,
      "recall": 0.9818523153942428,
      "f1-score": 0.9781795511221946,
      "support": 1598.0
    },
    "ethnicity": {
      "precision": 0.9961389961389961,
      "recall": 0.9723618090452262,
      "f1-score": 0.9841068022886205,
      "support": 1592.0
    },
    "gender": {
      "precision": 0.9130434782608695,
      "recall": 0.8716981132075472,
      "f1-score": 0.8918918918918919,
      "support": 1590.0
    },
    "not_cyberbullying": {
      "precision": 0.6397146254458977,
      "recall": 0.6780088216761184,
      "f1-score": 0.6583052921382686,
      "support": 1587.0
    },
    "other_cyberbullying": {
      "precision": 0.7052287581699347,
      "recall": 0.6894568690095847,
      "f1-score": 0.6972536348949919,
      "support": 1565.0
    },
    "religion": {
      "precision": 0.9493284493284493,
      "recall": 0.971875,
      "f1-score": 0.9604694255713403,
      "support": 1600.0
    }
  },
  "weighted_avg": {
    "precision": 0.8636942549721236,
    "recall": 0.8616240033571129,
    "f1-score": 0.8624234765204677,
    "support": 9532.0
  },
  "micro_avg": {
    "precision": 0.8616240033571129,
    "recall": 0.8616240033571129,
    "f1-score": 0.8616240033571129,
    "support": 9532
  },
  "macro_avg": {
    "precision": 0.8629980781391384,
    "recall": 0.8608754880554531,
    "f1-score": 0.861701099651218,
    "support": 9532.0
  },
  "accuracy": 0.8616240033571129,
  "inference_time_seconds": 7.317487716674805,
  "energy_kwh": 0.00045153183400125816,
  "num_test_samples": 9532
}