{
  "per_class": {
    "Cyberstalking": {
      "precision": 0.7166666666666667,
      "recall": 0.7166666666666667,
      "f1-score": 0.7166666666666667,
      "support": 60.0
    },
    "Doxing": {
      "precision": 0.7717391304347826,
      "recall": 0.8068181818181818,
      "f1-score": 0.7888888888888889,
      "support": 88.0
    },
    "Revenge Porn": {
      "precision": 0.8955223880597015,
      "recall": 0.7894736842105263,
      "f1-score": 0.8391608391608392,
      "support": 76.0
    },
    "Sexual Harassment": {
      "precision": 0.8476190476190476,
      "recall": 0.898989898989899,
      "f1-score": 0.8725490196078431,
      "support": 99.0
    },
    "Slut Shaming": {
      "precision": 0.9285714285714286,
      "recall": 0.9191919191919192,
      "f1-score": 0.9238578680203046,
      "support": 99.0
    }
  },
  "weighted_avg": {
    "precision": 0.8407952656721691,
    "recall": 0.8388625592417062,
    "f1-score": 0.8389638101270914,
    "support": 422.0
  },
  "micro_avg": {
    "precision": 0.8388625592417062,
    "recall": 0.8388625592417062,
    "f1-score": 0.8388625592417062,
    "support": 422
  },
  "macro_avg": {
    "precision": 0.8320237322703254,
    "recall": 0.8262280701754386,
    "f1-score": 0.8282246564689085,
    "support": 422.0
  },
  "accuracy": 0.8388625592417062,
  "inference_time_seconds": 0.19440245628356934,
  "energy_kwh": 1.6422828948072443e-05,
  "num_test_samples": 422
}