{
  "per_class": {
    "Cyberstalking": {
      "precision": 0.7551020408163265,
      "recall": 0.6491228070175439,
      "f1-score": 0.6981132075471698,
      "support": 57.0
    },
    "Doxing": {
      "precision": 0.8636363636363636,
      "recall": 0.7215189873417721,
      "f1-score": 0.7862068965517242,
      "support": 79.0
    },
    "Revenge Porn": {
      "precision": 0.5688073394495413,
      "recall": 0.8857142857142857,
      "f1-score": 0.6927374301675978,
      "support": 70.0
    },
    "Sexual Harassment": {
      "precision": 0.863013698630137,
      "recall": 0.7682926829268293,
      "f1-score": 0.8129032258064516,
      "support": 82.0
    },
    "Slut Shaming": {
      "precision": 0.9113924050632911,
      "recall": 0.8181818181818182,
      "f1-score": 0.8622754491017964,
      "support": 88.0
    }
  },
  "weighted_avg": {
    "precision": 0.8033357918843407,
    "recall": 0.773936170212766,
    "f1-score": 0.7790763877834943,
    "support": 376.0
  },
  "micro_avg": {
    "precision": 0.773936170212766,
    "recall": 0.773936170212766,
    "f1-score": 0.773936170212766,
    "support": 376
  },
  "macro_avg": {
    "precision": 0.7923903695191319,
    "recall": 0.7685661162364499,
    "f1-score": 0.770447241834948,
    "support": 376.0
  },
  "accuracy": 0.773936170212766,
  "inference_time_seconds": 0.3591439723968506,
  "energy_kwh": 4.1835957763805367e-05,
  "num_test_samples": 376
}