{
  "per_class": {
    "Cyberstalking": {
      "precision": 0.7222222222222222,
      "recall": 0.65,
      "f1-score": 0.6842105263157895,
      "support": 60.0
    },
    "Doxing": {
      "precision": 0.7790697674418605,
      "recall": 0.7613636363636364,
      "f1-score": 0.7701149425287356,
      "support": 88.0
    },
    "Revenge Porn": {
      "precision": 0.6941176470588235,
      "recall": 0.7763157894736842,
      "f1-score": 0.7329192546583851,
      "support": 76.0
    },
    "Sexual Harassment": {
      "precision": 0.8631578947368421,
      "recall": 0.8282828282828283,
      "f1-score": 0.845360824742268,
      "support": 99.0
    },
    "Slut Shaming": {
      "precision": 0.8333333333333334,
      "recall": 0.8585858585858586,
      "f1-score": 0.845771144278607,
      "support": 99.0
    }
  },
  "weighted_avg": {
    "precision": 0.7881446578759124,
    "recall": 0.7867298578199052,
    "f1-score": 0.7866034948070616,
    "support": 422.0
  },
  "micro_avg": {
    "precision": 0.7867298578199052,
    "recall": 0.7867298578199052,
    "f1-score": 0.7867298578199052,
    "support": 422
  },
  "macro_avg": {
    "precision": 0.7783801729586164,
    "recall": 0.7749096225412015,
    "f1-score": 0.775675338504757,
    "support": 422.0
  },
  "accuracy": 0.7867298578199052,
  "inference_time_seconds": 0.4092080593109131,
  "energy_kwh": 4.2482736717546564e-05,
  "num_test_samples": 422
}