{
  "per_class": {
    "Cyberstalking": {
      "precision": 0.6197183098591549,
      "recall": 0.7333333333333333,
      "f1-score": 0.6717557251908397,
      "support": 60.0
    },
    "Doxing": {
      "precision": 0.7333333333333333,
      "recall": 0.75,
      "f1-score": 0.7415730337078652,
      "support": 88.0
    },
    "Revenge Porn": {
      "precision": 0.7586206896551724,
      "recall": 0.868421052631579,
      "f1-score": 0.8098159509202454,
      "support": 76.0
    },
    "Sexual Harassment": {
      "precision": 0.9195402298850575,
      "recall": 0.8080808080808081,
      "f1-score": 0.8602150537634409,
      "support": 99.0
    },
    "Slut Shaming": {
      "precision": 0.9425287356321839,
      "recall": 0.8282828282828283,
      "f1-score": 0.8817204301075269,
      "support": 99.0
    }
  },
  "weighted_avg": {
    "precision": 0.8144939145139398,
    "recall": 0.8009478672985783,
    "f1-score": 0.8046478569926705,
    "support": 422.0
  },
  "micro_avg": {
    "precision": 0.8009478672985783,
    "recall": 0.8009478672985783,
    "f1-score": 0.8009478672985783,
    "support": 422
  },
  "macro_avg": {
    "precision": 0.7947482596729805,
    "recall": 0.7976236044657097,
    "f1-score": 0.7930160387379837,
    "support": 422.0
  },
  "accuracy": 0.8009478672985783,
  "inference_time_seconds": 0.5008492469787598,
  "energy_kwh": 5.581576709986848e-05,
  "num_test_samples": 422
}