{
  "per_class": {
    "Cyberstalking": {
      "precision": 0.6923076923076923,
      "recall": 0.75,
      "f1-score": 0.72,
      "support": 60.0
    },
    "Doxing": {
      "precision": 0.7804878048780488,
      "recall": 0.7272727272727273,
      "f1-score": 0.7529411764705882,
      "support": 88.0
    },
    "Revenge Porn": {
      "precision": 0.7790697674418605,
      "recall": 0.881578947368421,
      "f1-score": 0.8271604938271605,
      "support": 76.0
    },
    "Sexual Harassment": {
      "precision": 0.8924731182795699,
      "recall": 0.8383838383838383,
      "f1-score": 0.8645833333333334,
      "support": 99.0
    },
    "Slut Shaming": {
      "precision": 0.9166666666666666,
      "recall": 0.8888888888888888,
      "f1-score": 0.9025641025641026,
      "support": 99.0
    }
  },
  "weighted_avg": {
    "precision": 0.8259135767843334,
    "recall": 0.8222748815165877,
    "f1-score": 0.8229161545358344,
    "support": 422.0
  },
  "micro_avg": {
    "precision": 0.8222748815165877,
    "recall": 0.8222748815165877,
    "f1-score": 0.8222748815165877,
    "support": 422
  },
  "macro_avg": {
    "precision": 0.8122010099147676,
    "recall": 0.8172248803827751,
    "f1-score": 0.8134498212390369,
    "support": 422.0
  },
  "accuracy": 0.8222748815165877,
  "inference_time_seconds": 0.23676609992980957,
  "energy_kwh": 1.832841970106984e-05,
  "num_test_samples": 422
}