{
  "per_class": {
    "emotion": {
      "precision": 0.9206349206349206,
      "recall": 0.9224652087475149,
      "f1-score": 0.9215491559086395,
      "support": 1006.0
    },
    "hate": {
      "precision": 0.962642548171451,
      "recall": 0.9664429530201343,
      "f1-score": 0.9645390070921985,
      "support": 2533.0
    },
    "offensive": {
      "precision": 0.9695667740780523,
      "recall": 0.9643874643874644,
      "f1-score": 0.9669701838957329,
      "support": 2808.0
    },
    "religion": {
      "precision": 0.9961575408261287,
      "recall": 1.0,
      "f1-score": 0.9980750721847931,
      "support": 2074.0
    },
    "spiritual": {
      "precision": 1.0,
      "recall": 0.9971114962449451,
      "f1-score": 0.9985536592421175,
      "support": 1731.0
    }
  },
  "weighted_avg": {
    "precision": 0.9736117559063807,
    "recall": 0.9736012608353034,
    "f1-score": 0.9736024542993711,
    "support": 10152.0
  },
  "micro_avg": {
    "precision": 0.9736012608353034,
    "recall": 0.9736012608353034,
    "f1-score": 0.9736012608353034,
    "support": 10152
  },
  "macro_avg": {
    "precision": 0.9698003567421105,
    "recall": 0.9700814244800118,
    "f1-score": 0.9699374156646963,
    "support": 10152.0
  },
  "accuracy": 0.9736012608353034,
  "inference_time_seconds": 4.825077533721924,
  "energy_kwh": 1.6373380194467154e-06,
  "num_test_samples": 10152
}