{
  "per_class": {
    "Cyberstalking": {
      "precision": 0.6911764705882353,
      "recall": 0.7833333333333333,
      "f1-score": 0.734375,
      "support": 60.0
    },
    "Doxing": {
      "precision": 0.7976190476190477,
      "recall": 0.7613636363636364,
      "f1-score": 0.7790697674418605,
      "support": 88.0
    },
    "Revenge Porn": {
      "precision": 0.7777777777777778,
      "recall": 0.8289473684210527,
      "f1-score": 0.802547770700637,
      "support": 76.0
    },
    "Sexual Harassment": {
      "precision": 0.8484848484848485,
      "recall": 0.8484848484848485,
      "f1-score": 0.8484848484848485,
      "support": 99.0
    },
    "Slut Shaming": {
      "precision": 0.9555555555555556,
      "recall": 0.8686868686868687,
      "f1-score": 0.91005291005291,
      "support": 99.0
    }
  },
  "weighted_avg": {
    "precision": 0.8278961505613305,
    "recall": 0.8222748815165877,
    "f1-score": 0.8239561805767066,
    "support": 422.0
  },
  "micro_avg": {
    "precision": 0.8222748815165877,
    "recall": 0.8222748815165877,
    "f1-score": 0.8222748815165877,
    "support": 422
  },
  "macro_avg": {
    "precision": 0.814122740005093,
    "recall": 0.8181632110579479,
    "f1-score": 0.8149060593360511,
    "support": 422.0
  },
  "accuracy": 0.8222748815165877,
  "inference_time_seconds": 0.3152318000793457,
  "energy_kwh": 1.485274263470194e-05,
  "num_test_samples": 422
}