{
  "per_class": {
    "age": {
      "precision": 0.9849151477058454,
      "recall": 0.9806007509386734,
      "f1-score": 0.9827532141737222,
      "support": 1598.0
    },
    "ethnicity": {
      "precision": 0.9910828025477707,
      "recall": 0.9773869346733668,
      "f1-score": 0.9841872232764073,
      "support": 1592.0
    },
    "gender": {
      "precision": 0.8763906056860321,
      "recall": 0.8918238993710692,
      "f1-score": 0.8840399002493765,
      "support": 1590.0
    },
    "not_cyberbullying": {
      "precision": 0.7357083678541839,
      "recall": 0.5595463137996219,
      "f1-score": 0.635647816750179,
      "support": 1587.0
    },
    "other_cyberbullying": {
      "precision": 0.6696905016008537,
      "recall": 0.8019169329073482,
      "f1-score": 0.7298633323640593,
      "support": 1565.0
    },
    "religion": {
      "precision": 0.9342105263157895,
      "recall": 0.97625,
      "f1-score": 0.9547677261613692,
      "support": 1600.0
    }
  },
  "weighted_avg": {
    "precision": 0.8660859156132996,
    "recall": 0.8650860260176249,
    "f1-score": 0.8625185374834907,
    "support": 9532.0
  },
  "micro_avg": {
    "precision": 0.8650860260176249,
    "recall": 0.8650860260176249,
    "f1-score": 0.8650860260176249,
    "support": 9532
  },
  "macro_avg": {
    "precision": 0.865332991951746,
    "recall": 0.8645874719483467,
    "f1-score": 0.8618765354958523,
    "support": 9532.0
  },
  "accuracy": 0.8650860260176249,
  "inference_time_seconds": 4.059471130371094,
  "energy_kwh": 0.00021673114472973572,
  "num_test_samples": 9532
}