{
  "per_class": {
    "Cyberstalking": {
      "precision": 0.7540983606557377,
      "recall": 0.7666666666666667,
      "f1-score": 0.7603305785123967,
      "support": 60.0
    },
    "Doxing": {
      "precision": 0.8333333333333334,
      "recall": 0.7954545454545454,
      "f1-score": 0.813953488372093,
      "support": 88.0
    },
    "Revenge Porn": {
      "precision": 0.7804878048780488,
      "recall": 0.8421052631578947,
      "f1-score": 0.810126582278481,
      "support": 76.0
    },
    "Sexual Harassment": {
      "precision": 0.8333333333333334,
      "recall": 0.8585858585858586,
      "f1-score": 0.845771144278607,
      "support": 99.0
    },
    "Slut Shaming": {
      "precision": 0.9139784946236559,
      "recall": 0.8585858585858586,
      "f1-score": 0.8854166666666666,
      "support": 99.0
    }
  },
  "weighted_avg": {
    "precision": 0.831469618746804,
    "recall": 0.8293838862559242,
    "f1-score": 0.8298695621427361,
    "support": 422.0
  },
  "micro_avg": {
    "precision": 0.8293838862559242,
    "recall": 0.8293838862559242,
    "f1-score": 0.8293838862559242,
    "support": 422
  },
  "macro_avg": {
    "precision": 0.8230462653648217,
    "recall": 0.8242796384901648,
    "f1-score": 0.8231196920216488,
    "support": 422.0
  },
  "accuracy": 0.8293838862559242,
  "inference_time_seconds": 0.11977696418762207,
  "energy_kwh": 2.5019687370954022e-05,
  "num_test_samples": 422
}