{
  "per_class": {
    "Cyberstalking": {
      "precision": 0.7333333333333333,
      "recall": 0.7719298245614035,
      "f1-score": 0.7521367521367521,
      "support": 57.0
    },
    "Doxing": {
      "precision": 0.9166666666666666,
      "recall": 0.6962025316455697,
      "f1-score": 0.7913669064748201,
      "support": 79.0
    },
    "Revenge Porn": {
      "precision": 0.7469879518072289,
      "recall": 0.8857142857142857,
      "f1-score": 0.8104575163398693,
      "support": 70.0
    },
    "Sexual Harassment": {
      "precision": 0.7446808510638298,
      "recall": 0.8536585365853658,
      "f1-score": 0.7954545454545454,
      "support": 82.0
    },
    "Slut Shaming": {
      "precision": 0.95,
      "recall": 0.8539325842696629,
      "f1-score": 0.8994082840236687,
      "support": 89.0
    }
  },
  "weighted_avg": {
    "precision": 0.8279035890726969,
    "recall": 0.8143236074270557,
    "f1-score": 0.8153751104309701,
    "support": 377.0
  },
  "micro_avg": {
    "precision": 0.8143236074270557,
    "recall": 0.8143236074270557,
    "f1-score": 0.8143236074270557,
    "support": 377
  },
  "macro_avg": {
    "precision": 0.8183337605742118,
    "recall": 0.8122875525552574,
    "f1-score": 0.8097648008859311,
    "support": 377.0
  },
  "accuracy": 0.8143236074270557,
  "inference_time_seconds": 0.09540748596191406,
  "energy_kwh": 5.322367556899072e-06,
  "num_test_samples": 377
}