{
  "per_class": {
    "Cyberstalking": {
      "precision": 0.7872340425531915,
      "recall": 0.7115384615384616,
      "f1-score": 0.7474747474747475,
      "support": 52.0
    },
    "Doxing": {
      "precision": 0.8513513513513513,
      "recall": 0.8513513513513513,
      "f1-score": 0.8513513513513513,
      "support": 74.0
    },
    "Revenge Porn": {
      "precision": 0.8888888888888888,
      "recall": 0.8,
      "f1-score": 0.8421052631578947,
      "support": 70.0
    },
    "Sexual Harassment": {
      "precision": 0.7954545454545454,
      "recall": 0.8974358974358975,
      "f1-score": 0.8433734939759037,
      "support": 78.0
    },
    "Slut Shaming": {
      "precision": 0.9010989010989011,
      "recall": 0.9213483146067416,
      "f1-score": 0.9111111111111111,
      "support": 89.0
    }
  },
  "weighted_avg": {
    "precision": 0.8495913200502614,
    "recall": 0.8484848484848485,
    "f1-score": 0.8476255556714846,
    "support": 363.0
  },
  "micro_avg": {
    "precision": 0.8484848484848485,
    "recall": 0.8484848484848485,
    "f1-score": 0.8484848484848485,
    "support": 363
  },
  "macro_avg": {
    "precision": 0.8448055458693757,
    "recall": 0.8363348049864904,
    "f1-score": 0.8390831934142018,
    "support": 363.0
  },
  "accuracy": 0.8484848484848485,
  "inference_time_seconds": 0.13718080520629883,
  "energy_kwh": 6.59821639014101e-06,
  "num_test_samples": 363
}