{
  "per_class": {
    "age": {
      "precision": 0.979746835443038,
      "recall": 0.9816106531388713,
      "f1-score": 0.9806778587266393,
      "support": 1577.0
    },
    "ethnicity": {
      "precision": 0.9918144611186903,
      "recall": 0.9811066126855601,
      "f1-score": 0.9864314789687924,
      "support": 1482.0
    },
    "gender": {
      "precision": 0.9170274170274171,
      "recall": 0.8640380693405847,
      "f1-score": 0.8897444872243612,
      "support": 1471.0
    },
    "not_cyberbullying": {
      "precision": 0.6288951841359773,
      "recall": 0.5545378850957535,
      "f1-score": 0.5893805309734513,
      "support": 1201.0
    },
    "other_cyberbullying": {
      "precision": 0.6258064516129033,
      "recall": 0.7202970297029703,
      "f1-score": 0.669735327963176,
      "support": 1212.0
    },
    "religion": {
      "precision": 0.9465695203400122,
      "recall": 0.980503144654088,
      "f1-score": 0.9632375656472042,
      "support": 1590.0
    }
  },
  "weighted_avg": {
    "precision": 0.8651943272192274,
    "recall": 0.8638228055783429,
    "f1-score": 0.8635119583171492,
    "support": 8533.0
  },
  "micro_avg": {
    "precision": 0.8638228055783429,
    "recall": 0.8638228055783429,
    "f1-score": 0.8638228055783429,
    "support": 8533
  },
  "macro_avg": {
    "precision": 0.8483099782796731,
    "recall": 0.8470155657696381,
    "f1-score": 0.8465345415839374,
    "support": 8533.0
  },
  "accuracy": 0.8638228055783429,
  "inference_time_seconds": 2.0068106651306152,
  "energy_kwh": 0.00010163383267391451,
  "num_test_samples": 8533
}