{
  "per_class": {
    "age": {
      "precision": 0.9910941475826972,
      "recall": 0.986700443318556,
      "f1-score": 0.9888924151063154,
      "support": 1579.0
    },
    "ethnicity": {
      "precision": 0.9898785425101214,
      "recall": 0.9839034205231388,
      "f1-score": 0.9868819374369324,
      "support": 1491.0
    },
    "gender": {
      "precision": 0.9219380888290714,
      "recall": 0.9206989247311828,
      "f1-score": 0.9213180901143242,
      "support": 1488.0
    },
    "other_cyberbullying": {
      "precision": 0.8815276695245519,
      "recall": 0.8933649289099526,
      "f1-score": 0.8874068262063555,
      "support": 1266.0
    },
    "religion": {
      "precision": 0.9830508474576272,
      "recall": 0.9836683417085427,
      "f1-score": 0.9833594976452119,
      "support": 1592.0
    }
  },
  "weighted_avg": {
    "precision": 0.9565428021661209,
    "recall": 0.9563106796116505,
    "f1-score": 0.956417040519131,
    "support": 7416.0
  },
  "micro_avg": {
    "precision": 0.9563106796116505,
    "recall": 0.9563106796116505,
    "f1-score": 0.9563106796116505,
    "support": 7416
  },
  "macro_avg": {
    "precision": 0.9534978591808138,
    "recall": 0.9536672118382746,
    "f1-score": 0.953571753301828,
    "support": 7416.0
  },
  "accuracy": 0.9563106796116505,
  "inference_time_seconds": 2.8251235485076904,
  "energy_kwh": 0.0001928416743704679,
  "num_test_samples": 7416
}