{
  "per_class": {
    "emotion": {
      "precision": 0.8886198547215496,
      "recall": 0.7841880341880342,
      "f1-score": 0.8331441543700341,
      "support": 936.0
    },
    "hate": {
      "precision": 0.9461827284105131,
      "recall": 0.9406885109912899,
      "f1-score": 0.9434276206322796,
      "support": 2411.0
    },
    "offensive": {
      "precision": 0.8895184135977338,
      "recall": 0.9325413661434027,
      "f1-score": 0.9105219552609777,
      "support": 2357.0
    },
    "religion": {
      "precision": 0.9941434846266471,
      "recall": 0.9995093228655545,
      "f1-score": 0.9968191827746513,
      "support": 2038.0
    },
    "spiritual": {
      "precision": 0.9994158878504673,
      "recall": 0.9988324576765908,
      "f1-score": 0.9991240875912408,
      "support": 1713.0
    }
  },
  "weighted_avg": {
    "precision": 0.9463409286751914,
    "recall": 0.9463775780010576,
    "f1-score": 0.9459063169670479,
    "support": 9455.0
  },
  "micro_avg": {
    "precision": 0.9463775780010576,
    "recall": 0.9463775780010576,
    "f1-score": 0.9463775780010576,
    "support": 9455
  },
  "macro_avg": {
    "precision": 0.9435760738413823,
    "recall": 0.9311519383729744,
    "f1-score": 0.9366074001258367,
    "support": 9455.0
  },
  "accuracy": 0.9463775780010576,
  "inference_time_seconds": 7.294432878494263,
  "energy_kwh": 0.0004904053455201321,
  "num_test_samples": 9455
}