{
  "per_class": {
    "Cyberstalking": {
      "precision": 0.7962962962962963,
      "recall": 0.7166666666666667,
      "f1-score": 0.7543859649122807,
      "support": 60.0
    },
    "Doxing": {
      "precision": 0.8131868131868132,
      "recall": 0.8409090909090909,
      "f1-score": 0.8268156424581006,
      "support": 88.0
    },
    "Revenge Porn": {
      "precision": 0.7441860465116279,
      "recall": 0.8421052631578947,
      "f1-score": 0.7901234567901234,
      "support": 76.0
    },
    "Sexual Harassment": {
      "precision": 0.9139784946236559,
      "recall": 0.8585858585858586,
      "f1-score": 0.8854166666666666,
      "support": 99.0
    },
    "Slut Shaming": {
      "precision": 0.9081632653061225,
      "recall": 0.898989898989899,
      "f1-score": 0.9035532994923858,
      "support": 99.0
    }
  },
  "weighted_avg": {
    "precision": 0.8442852869813962,
    "recall": 0.8412322274881516,
    "f1-score": 0.8416595824569792,
    "support": 422.0
  },
  "micro_avg": {
    "precision": 0.8412322274881516,
    "recall": 0.8412322274881516,
    "f1-score": 0.8412322274881516,
    "support": 422
  },
  "macro_avg": {
    "precision": 0.835162183184903,
    "recall": 0.831451355661882,
    "f1-score": 0.8320590060639115,
    "support": 422.0
  },
  "accuracy": 0.8412322274881516,
  "inference_time_seconds": 0.25519442558288574,
  "energy_kwh": 1.4832903885339e-05,
  "num_test_samples": 422
}