{
  "per_class": {
    "age": {
      "precision": 0.9848389134554643,
      "recall": 0.9904701397712834,
      "f1-score": 0.9876464998416218,
      "support": 1574.0
    },
    "ethnicity": {
      "precision": 0.9892328398384926,
      "recall": 0.9839357429718876,
      "f1-score": 0.9865771812080537,
      "support": 1494.0
    },
    "gender": {
      "precision": 0.9256944444444445,
      "recall": 0.8952316991269308,
      "f1-score": 0.9102082622055309,
      "support": 1489.0
    },
    "other_cyberbullying": {
      "precision": 0.8571428571428571,
      "recall": 0.8985736925515055,
      "f1-score": 0.8773694390715667,
      "support": 1262.0
    },
    "religion": {
      "precision": 0.9886003799873337,
      "recall": 0.9805276381909548,
      "f1-score": 0.9845474613686535,
      "support": 1592.0
    }
  },
  "weighted_avg": {
    "precision": 0.9529045244811101,
    "recall": 0.9522331669140467,
    "f1-score": 0.9524277145468619,
    "support": 7411.0
  },
  "micro_avg": {
    "precision": 0.9522331669140467,
    "recall": 0.9522331669140467,
    "f1-score": 0.9522331669140467,
    "support": 7411
  },
  "macro_avg": {
    "precision": 0.9491018869737184,
    "recall": 0.9497477825225124,
    "f1-score": 0.9492697687390853,
    "support": 7411.0
  },
  "accuracy": 0.9522331669140467,
  "inference_time_seconds": 12.217293977737427,
  "energy_kwh": 0.000773964083833673,
  "num_test_samples": 7411
}