{
  "per_class": {
    "emotion": {
      "precision": 0.83,
      "recall": 0.8250497017892644,
      "f1-score": 0.827517447657029,
      "support": 1006.0
    },
    "hate": {
      "precision": 0.9432,
      "recall": 0.9309119621002764,
      "f1-score": 0.9370156964037354,
      "support": 2533.0
    },
    "offensive": {
      "precision": 0.9031007751937985,
      "recall": 0.9127492877492878,
      "f1-score": 0.9078993978037548,
      "support": 2808.0
    },
    "religion": {
      "precision": 0.9942473633748802,
      "recall": 1.0,
      "f1-score": 0.9971153846153846,
      "support": 2074.0
    },
    "spiritual": {
      "precision": 1.0,
      "recall": 0.9982668977469671,
      "f1-score": 0.9991326973113617,
      "support": 1731.0
    }
  },
  "weighted_avg": {
    "precision": 0.9410048865626169,
    "recall": 0.9409968479117415,
    "f1-score": 0.9409811689425583,
    "support": 10152.0
  },
  "micro_avg": {
    "precision": 0.9409968479117415,
    "recall": 0.9409968479117415,
    "f1-score": 0.9409968479117415,
    "support": 10152
  },
  "macro_avg": {
    "precision": 0.9341096277137357,
    "recall": 0.9333955698771591,
    "f1-score": 0.9337361247582532,
    "support": 10152.0
  },
  "accuracy": 0.9409968479117415,
  "inference_time_seconds": 7.942692518234253,
  "energy_kwh": 0.00048673179338570925,
  "num_test_samples": 10152
}