{
  "per_class": {
    "emotion": {
      "precision": 0.8639455782312925,
      "recall": 0.8115015974440895,
      "f1-score": 0.8369028006589786,
      "support": 939.0
    },
    "hate": {
      "precision": 0.9642233856893543,
      "recall": 0.9151138716356108,
      "f1-score": 0.9390269810919907,
      "support": 2415.0
    },
    "offensive": {
      "precision": 0.8725838264299802,
      "recall": 0.9360981802793059,
      "f1-score": 0.9032258064516129,
      "support": 2363.0
    },
    "religion": {
      "precision": 0.994140625,
      "recall": 0.9990186457311089,
      "f1-score": 0.9965736661771905,
      "support": 2038.0
    },
    "spiritual": {
      "precision": 1.0,
      "recall": 0.9988324576765908,
      "f1-score": 0.9994158878504673,
      "support": 1713.0
    }
  },
  "weighted_avg": {
    "precision": 0.9443196609635633,
    "recall": 0.9432826362484157,
    "f1-score": 0.943276406565068,
    "support": 9468.0
  },
  "micro_avg": {
    "precision": 0.9432826362484157,
    "recall": 0.9432826362484157,
    "f1-score": 0.9432826362484157,
    "support": 9468
  },
  "macro_avg": {
    "precision": 0.9389786830701254,
    "recall": 0.9321129505533412,
    "f1-score": 0.9350290284460481,
    "support": 9468.0
  },
  "accuracy": 0.9432826362484157,
  "inference_time_seconds": 8.315571308135986,
  "energy_kwh": 0.0004144558445046836,
  "num_test_samples": 9468
}