{
  "per_class": {
    "Cyberstalking": {
      "precision": 0.8,
      "recall": 0.631578947368421,
      "f1-score": 0.7058823529411765,
      "support": 57.0
    },
    "Doxing": {
      "precision": 0.8157894736842105,
      "recall": 0.7848101265822784,
      "f1-score": 0.8,
      "support": 79.0
    },
    "Revenge Porn": {
      "precision": 0.6976744186046512,
      "recall": 0.8571428571428571,
      "f1-score": 0.7692307692307693,
      "support": 70.0
    },
    "Sexual Harassment": {
      "precision": 0.7790697674418605,
      "recall": 0.8170731707317073,
      "f1-score": 0.7976190476190477,
      "support": 82.0
    },
    "Slut Shaming": {
      "precision": 0.9404761904761905,
      "recall": 0.8876404494382022,
      "f1-score": 0.9132947976878613,
      "support": 89.0
    }
  },
  "weighted_avg": {
    "precision": 0.8129195745517022,
    "recall": 0.8063660477453581,
    "f1-score": 0.8062850049410675,
    "support": 377.0
  },
  "micro_avg": {
    "precision": 0.8063660477453581,
    "recall": 0.8063660477453581,
    "f1-score": 0.8063660477453581,
    "support": 377
  },
  "macro_avg": {
    "precision": 0.8066019700413826,
    "recall": 0.7956491102526932,
    "f1-score": 0.7972053934957708,
    "support": 377.0
  },
  "accuracy": 0.8063660477453581,
  "inference_time_seconds": 0.2799868583679199,
  "energy_kwh": 1.2005236204856487e-05,
  "num_test_samples": 377
}