{
  "per_class": {
    "Cyberstalking": {
      "precision": 0.7592592592592593,
      "recall": 0.6833333333333333,
      "f1-score": 0.7192982456140351,
      "support": 60.0
    },
    "Doxing": {
      "precision": 0.7954545454545454,
      "recall": 0.7954545454545454,
      "f1-score": 0.7954545454545454,
      "support": 88.0
    },
    "Revenge Porn": {
      "precision": 0.7065217391304348,
      "recall": 0.8552631578947368,
      "f1-score": 0.7738095238095238,
      "support": 76.0
    },
    "Sexual Harassment": {
      "precision": 0.8207547169811321,
      "recall": 0.8787878787878788,
      "f1-score": 0.848780487804878,
      "support": 99.0
    },
    "Slut Shaming": {
      "precision": 0.975609756097561,
      "recall": 0.8080808080808081,
      "f1-score": 0.8839779005524862,
      "support": 99.0
    }
  },
  "weighted_avg": {
    "precision": 0.8224912098679129,
    "recall": 0.8127962085308057,
    "f1-score": 0.8140059217861255,
    "support": 422.0
  },
  "micro_avg": {
    "precision": 0.8127962085308057,
    "recall": 0.8127962085308057,
    "f1-score": 0.8127962085308057,
    "support": 422
  },
  "macro_avg": {
    "precision": 0.8115200033845866,
    "recall": 0.8041839447102606,
    "f1-score": 0.8042641406470936,
    "support": 422.0
  },
  "accuracy": 0.8127962085308057,
  "inference_time_seconds": 0.3116636276245117,
  "energy_kwh": 1.5429031335031725e-05,
  "num_test_samples": 422
}