{
  "per_class": {
    "emotion": {
      "precision": 0.818973862536302,
      "recall": 0.8409542743538767,
      "f1-score": 0.8298185384992643,
      "support": 1006.0
    },
    "hate": {
      "precision": 0.9406224406224406,
      "recall": 0.9068298460323727,
      "f1-score": 0.9234170854271356,
      "support": 2533.0
    },
    "offensive": {
      "precision": 0.9076923076923077,
      "recall": 0.9245014245014245,
      "f1-score": 0.9160197600564574,
      "support": 2808.0
    },
    "religion": {
      "precision": 0.991869918699187,
      "recall": 1.0,
      "f1-score": 0.9959183673469387,
      "support": 2074.0
    },
    "spiritual": {
      "precision": 1.0,
      "recall": 0.9971114962449451,
      "f1-score": 0.9985536592421175,
      "support": 1731.0
    }
  },
  "weighted_avg": {
    "precision": 0.9400534435766623,
    "recall": 0.9396178092986603,
    "f1-score": 0.9397190200336272,
    "support": 10152.0
  },
  "micro_avg": {
    "precision": 0.9396178092986603,
    "recall": 0.9396178092986603,
    "f1-score": 0.9396178092986603,
    "support": 10152
  },
  "macro_avg": {
    "precision": 0.9318317059100474,
    "recall": 0.9338794082265238,
    "f1-score": 0.9327454821143826,
    "support": 10152.0
  },
  "accuracy": 0.9396178092986603,
  "inference_time_seconds": 6.989237546920776,
  "energy_kwh": 0.00043662174591095046,
  "num_test_samples": 10152
}