{
  "per_class": {
    "Cyberstalking": {
      "precision": 0.7192982456140351,
      "recall": 0.7192982456140351,
      "f1-score": 0.7192982456140351,
      "support": 57.0
    },
    "Doxing": {
      "precision": 0.8787878787878788,
      "recall": 0.7341772151898734,
      "f1-score": 0.8,
      "support": 79.0
    },
    "Revenge Porn": {
      "precision": 0.7948717948717948,
      "recall": 0.8732394366197183,
      "f1-score": 0.8322147651006712,
      "support": 71.0
    },
    "Sexual Harassment": {
      "precision": 0.7934782608695652,
      "recall": 0.8902439024390244,
      "f1-score": 0.8390804597701149,
      "support": 82.0
    },
    "Slut Shaming": {
      "precision": 0.9404761904761905,
      "recall": 0.8977272727272727,
      "f1-score": 0.9186046511627907,
      "support": 88.0
    }
  },
  "weighted_avg": {
    "precision": 0.8347142228470793,
    "recall": 0.830238726790451,
    "f1-score": 0.8300505446302988,
    "support": 377.0
  },
  "micro_avg": {
    "precision": 0.830238726790451,
    "recall": 0.830238726790451,
    "f1-score": 0.830238726790451,
    "support": 377
  },
  "macro_avg": {
    "precision": 0.825382474123893,
    "recall": 0.8229372145179848,
    "f1-score": 0.8218396243295224,
    "support": 377.0
  },
  "accuracy": 0.830238726790451,
  "inference_time_seconds": 0.2275407314300537,
  "energy_kwh": 1.0790100350539407e-05,
  "num_test_samples": 377
}