{
  "per_class": {
    "age": {
      "precision": 0.9785353535353535,
      "recall": 0.983502538071066,
      "f1-score": 0.9810126582278481,
      "support": 1576.0
    },
    "ethnicity": {
      "precision": 0.9800531914893617,
      "recall": 0.989926124916051,
      "f1-score": 0.9849649181423321,
      "support": 1489.0
    },
    "gender": {
      "precision": 0.8601667735728031,
      "recall": 0.9134877384196185,
      "f1-score": 0.8860257680872151,
      "support": 1468.0
    },
    "not_cyberbullying": {
      "precision": 0.6444444444444445,
      "recall": 0.6021594684385382,
      "f1-score": 0.6225848003434951,
      "support": 1204.0
    },
    "other_cyberbullying": {
      "precision": 0.6841628959276018,
      "recall": 0.6206896551724138,
      "f1-score": 0.650882479552303,
      "support": 1218.0
    },
    "religion": {
      "precision": 0.9352129574085183,
      "recall": 0.9811202013845186,
      "f1-score": 0.9576167076167076,
      "support": 1589.0
    }
  },
  "weighted_avg": {
    "precision": 0.8613612652829258,
    "recall": 0.8666900749063671,
    "f1-score": 0.8634590880318673,
    "support": 8544.0
  },
  "micro_avg": {
    "precision": 0.8666900749063671,
    "recall": 0.8666900749063671,
    "f1-score": 0.8666900749063671,
    "support": 8544
  },
  "macro_avg": {
    "precision": 0.8470959360630138,
    "recall": 0.8484809544003676,
    "f1-score": 0.8471812219949834,
    "support": 8544.0
  },
  "accuracy": 0.8666900749063671,
  "inference_time_seconds": 6.349390268325806,
  "energy_kwh": 0.00040664879417673356,
  "num_test_samples": 8544
}