{
  "per_class": {
    "age": {
      "precision": 0.9848771266540642,
      "recall": 0.9904942965779467,
      "f1-score": 0.9876777251184834,
      "support": 1578.0
    },
    "ethnicity": {
      "precision": 0.9878869448183042,
      "recall": 0.9806279225116901,
      "f1-score": 0.9842440496144821,
      "support": 1497.0
    },
    "gender": {
      "precision": 0.9392857142857143,
      "recall": 0.8843308675184937,
      "f1-score": 0.910980256321441,
      "support": 1487.0
    },
    "other_cyberbullying": {
      "precision": 0.8444119795471147,
      "recall": 0.9145569620253164,
      "f1-score": 0.8780858336498291,
      "support": 1264.0
    },
    "religion": {
      "precision": 0.9911054637865311,
      "recall": 0.9811320754716981,
      "f1-score": 0.9860935524652339,
      "support": 1590.0
    }
  },
  "weighted_avg": {
    "precision": 0.9537372099466166,
    "recall": 0.9522653721682848,
    "f1-score": 0.9525870652390689,
    "support": 7416.0
  },
  "micro_avg": {
    "precision": 0.9522653721682848,
    "recall": 0.9522653721682848,
    "f1-score": 0.9522653721682848,
    "support": 7416
  },
  "macro_avg": {
    "precision": 0.9495134458183457,
    "recall": 0.9502284248210291,
    "f1-score": 0.9494162834338938,
    "support": 7416.0
  },
  "accuracy": 0.9522653721682848,
  "inference_time_seconds": 2.768217086791992,
  "energy_kwh": 0.00018807842276369796,
  "num_test_samples": 7416
}