{
  "per_class": {
    "age": {
      "precision": 0.9861286254728878,
      "recall": 0.991128010139417,
      "f1-score": 0.988621997471555,
      "support": 1578.0
    },
    "ethnicity": {
      "precision": 0.9912339851652057,
      "recall": 0.980653769179453,
      "f1-score": 0.9859154929577465,
      "support": 1499.0
    },
    "gender": {
      "precision": 0.9370979270907791,
      "recall": 0.8828282828282829,
      "f1-score": 0.9091539528432733,
      "support": 1485.0
    },
    "other_cyberbullying": {
      "precision": 0.8406113537117904,
      "recall": 0.9152139461172741,
      "f1-score": 0.8763277693474962,
      "support": 1262.0
    },
    "religion": {
      "precision": 0.9904701397712834,
      "recall": 0.9792713567839196,
      "f1-score": 0.9848389134554643,
      "support": 1592.0
    }
  },
  "weighted_avg": {
    "precision": 0.953511478881989,
    "recall": 0.9518608414239482,
    "f1-score": 0.9522405138974752,
    "support": 7416.0
  },
  "micro_avg": {
    "precision": 0.9518608414239482,
    "recall": 0.9518608414239482,
    "f1-score": 0.9518608414239482,
    "support": 7416
  },
  "macro_avg": {
    "precision": 0.9491084062423892,
    "recall": 0.9498190730096694,
    "f1-score": 0.9489716252151071,
    "support": 7416.0
  },
  "accuracy": 0.9518608414239482,
  "inference_time_seconds": 3.5080506801605225,
  "energy_kwh": 0.00020304586889449203,
  "num_test_samples": 7416
}