{
  "per_class": {
    "Cyberstalking": {
      "precision": 0.6666666666666666,
      "recall": 0.7666666666666667,
      "f1-score": 0.7131782945736435,
      "support": 60.0
    },
    "Doxing": {
      "precision": 0.8235294117647058,
      "recall": 0.7954545454545454,
      "f1-score": 0.8092485549132948,
      "support": 88.0
    },
    "Revenge Porn": {
      "precision": 0.8378378378378378,
      "recall": 0.8157894736842105,
      "f1-score": 0.8266666666666667,
      "support": 76.0
    },
    "Sexual Harassment": {
      "precision": 0.8712871287128713,
      "recall": 0.8888888888888888,
      "f1-score": 0.88,
      "support": 99.0
    },
    "Slut Shaming": {
      "precision": 0.956989247311828,
      "recall": 0.898989898989899,
      "f1-score": 0.9270833333333334,
      "support": 99.0
    }
  },
  "weighted_avg": {
    "precision": 0.8463166472450593,
    "recall": 0.8412322274881516,
    "f1-score": 0.8429679790840171,
    "support": 422.0
  },
  "micro_avg": {
    "precision": 0.8412322274881516,
    "recall": 0.8412322274881516,
    "f1-score": 0.8412322274881516,
    "support": 422
  },
  "macro_avg": {
    "precision": 0.8312620584587819,
    "recall": 0.8331578947368421,
    "f1-score": 0.8312353698973876,
    "support": 422.0
  },
  "accuracy": 0.8412322274881516,
  "inference_time_seconds": 0.1918952465057373,
  "energy_kwh": 1.6119547818331492e-05,
  "num_test_samples": 422
}