{
  "per_class": {
    "age": {
      "precision": 0.9802924348378894,
      "recall": 0.9865642994241842,
      "f1-score": 0.9834183673469388,
      "support": 1563.0
    },
    "ethnicity": {
      "precision": 0.9878378378378379,
      "recall": 0.9845117845117846,
      "f1-score": 0.9861720067453625,
      "support": 1485.0
    },
    "gender": {
      "precision": 0.8902356902356903,
      "recall": 0.9073438572409059,
      "f1-score": 0.8987083616587356,
      "support": 1457.0
    },
    "not_cyberbullying": {
      "precision": 0.6660617059891107,
      "recall": 0.605111294311624,
      "f1-score": 0.6341252699784017,
      "support": 1213.0
    },
    "other_cyberbullying": {
      "precision": 0.6379477250726041,
      "recall": 0.6717635066258919,
      "f1-score": 0.6544190665342602,
      "support": 981.0
    },
    "religion": {
      "precision": 0.949658172778123,
      "recall": 0.965255843335439,
      "f1-score": 0.9573934837092731,
      "support": 1583.0
    }
  },
  "weighted_avg": {
    "precision": 0.8733733543447229,
    "recall": 0.8750301859454238,
    "f1-score": 0.8739071918114703,
    "support": 8282.0
  },
  "micro_avg": {
    "precision": 0.8750301859454238,
    "recall": 0.8750301859454238,
    "f1-score": 0.8750301859454238,
    "support": 8282
  },
  "macro_avg": {
    "precision": 0.8520055944585425,
    "recall": 0.8534250975749716,
    "f1-score": 0.8523727593288287,
    "support": 8282.0
  },
  "accuracy": 0.8750301859454238,
  "inference_time_seconds": 6.7591941356658936,
  "energy_kwh": 0.0004116896067876451,
  "num_test_samples": 8282
}