{
  "per_class": {
    "emotion": {
      "precision": 0.9011857707509882,
      "recall": 0.9065606361829026,
      "f1-score": 0.9038652130822596,
      "support": 1006.0
    },
    "hate": {
      "precision": 0.9617507886435331,
      "recall": 0.9628898539281484,
      "f1-score": 0.9623199842177944,
      "support": 2533.0
    },
    "offensive": {
      "precision": 0.9635714285714285,
      "recall": 0.9608262108262108,
      "f1-score": 0.9621968616262482,
      "support": 2808.0
    },
    "religion": {
      "precision": 0.9980750721847931,
      "recall": 1.0,
      "f1-score": 0.9990366088631984,
      "support": 2074.0
    },
    "spiritual": {
      "precision": 1.0,
      "recall": 0.9971114962449451,
      "f1-score": 0.9985536592421175,
      "support": 1731.0
    }
  },
  "weighted_avg": {
    "precision": 0.9701954200304764,
    "recall": 0.9701536643026005,
    "f1-score": 0.9701725790742031,
    "support": 10152.0
  },
  "micro_avg": {
    "precision": 0.9701536643026005,
    "recall": 0.9701536643026005,
    "f1-score": 0.9701536643026005,
    "support": 10152
  },
  "macro_avg": {
    "precision": 0.9649166120301486,
    "recall": 0.9654776394364413,
    "f1-score": 0.9651944654063236,
    "support": 10152.0
  },
  "accuracy": 0.9701536643026005,
  "inference_time_seconds": 4.0076799392700195,
  "energy_kwh": 0.00023515405128346554,
  "num_test_samples": 10152
}