{
  "per_class": {
    "age": {
      "precision": 0.9851208927464352,
      "recall": 0.993125,
      "f1-score": 0.9891067538126361,
      "support": 1600.0
    },
    "ethnicity": {
      "precision": 0.9936588459099556,
      "recall": 0.979375,
      "f1-score": 0.9864652187598363,
      "support": 1600.0
    },
    "gender": {
      "precision": 0.919496855345912,
      "recall": 0.9131792629606496,
      "f1-score": 0.9163271701660921,
      "support": 1601.0
    },
    "other_cyberbullying": {
      "precision": 0.8877427184466019,
      "recall": 0.9138038725796377,
      "f1-score": 0.9005847953216374,
      "support": 1601.0
    },
    "religion": {
      "precision": 0.9942820838627701,
      "recall": 0.978125,
      "f1-score": 0.9861373660995589,
      "support": 1600.0
    }
  },
  "weighted_avg": {
    "precision": 0.956047172415955,
    "recall": 0.9555111222194451,
    "f1-score": 0.9557124467159591,
    "support": 8002.0
  },
  "micro_avg": {
    "precision": 0.9555111222194451,
    "recall": 0.9555111222194451,
    "f1-score": 0.9555111222194451,
    "support": 8002
  },
  "macro_avg": {
    "precision": 0.9560602792623349,
    "recall": 0.9555216271080574,
    "f1-score": 0.9557242608319522,
    "support": 8002.0
  },
  "accuracy": 0.9555111222194451,
  "inference_time_seconds": 13.280229568481445,
  "energy_kwh": 0.0008367996048716295,
  "num_test_samples": 8002
}