{
  "per_class": {
    "emotion": {
      "precision": 0.7573459715639811,
      "recall": 0.8609913793103449,
      "f1-score": 0.8058497226424609,
      "support": 928.0
    },
    "hate": {
      "precision": 0.933195020746888,
      "recall": 0.928188196450681,
      "f1-score": 0.930684874818953,
      "support": 2423.0
    },
    "offensive": {
      "precision": 0.9064716312056738,
      "recall": 0.8581619806966009,
      "f1-score": 0.8816555292088812,
      "support": 2383.0
    },
    "religion": {
      "precision": 0.9926578560939795,
      "recall": 0.9995071463775259,
      "f1-score": 0.9960707269155207,
      "support": 2029.0
    },
    "spiritual": {
      "precision": 0.9994145199063232,
      "recall": 0.9988297249853716,
      "f1-score": 0.9991220368744512,
      "support": 1709.0
    }
  },
  "weighted_avg": {
    "precision": 0.9339287055087411,
    "recall": 0.9320101351351351,
    "f1-score": 0.9324736260909332,
    "support": 9472.0
  },
  "micro_avg": {
    "precision": 0.9320101351351351,
    "recall": 0.9320101351351351,
    "f1-score": 0.9320101351351351,
    "support": 9472
  },
  "macro_avg": {
    "precision": 0.9178169999033692,
    "recall": 0.9291356855641049,
    "f1-score": 0.9226765780920534,
    "support": 9472.0
  },
  "accuracy": 0.9320101351351351,
  "inference_time_seconds": 11.73470950126648,
  "energy_kwh": 0.0006706517868200003,
  "num_test_samples": 9472
}