{
  "per_class": {
    "age": {
      "precision": 0.973374613003096,
      "recall": 0.983729662077597,
      "f1-score": 0.9785247432306255,
      "support": 1598.0
    },
    "ethnicity": {
      "precision": 0.9910714285714286,
      "recall": 0.9761306532663316,
      "f1-score": 0.9835443037974684,
      "support": 1592.0
    },
    "gender": {
      "precision": 0.8860681114551083,
      "recall": 0.9,
      "f1-score": 0.8929797191887675,
      "support": 1590.0
    },
    "not_cyberbullying": {
      "precision": 0.6993957703927492,
      "recall": 0.5834908632640201,
      "f1-score": 0.6362074888354518,
      "support": 1587.0
    },
    "other_cyberbullying": {
      "precision": 0.6793416572077186,
      "recall": 0.7648562300319489,
      "f1-score": 0.7195671776375113,
      "support": 1565.0
    },
    "religion": {
      "precision": 0.9429611650485437,
      "recall": 0.97125,
      "f1-score": 0.9568965517241379,
      "support": 1600.0
    }
  },
  "weighted_avg": {
    "precision": 0.8627712220204918,
    "recall": 0.8638271086865296,
    "f1-score": 0.8619535486132436,
    "support": 9532.0
  },
  "micro_avg": {
    "precision": 0.8638271086865296,
    "recall": 0.8638271086865296,
    "f1-score": 0.8638271086865296,
    "support": 9532
  },
  "macro_avg": {
    "precision": 0.8620354576131074,
    "recall": 0.8632429014399831,
    "f1-score": 0.8612866640689938,
    "support": 9532.0
  },
  "accuracy": 0.8638271086865296,
  "inference_time_seconds": 7.632181167602539,
  "energy_kwh": 0.0004397935719921423,
  "num_test_samples": 9532
}