{
  "per_class": {
    "Cyberstalking": {
      "precision": 0.7647058823529411,
      "recall": 0.75,
      "f1-score": 0.7572815533980582,
      "support": 52.0
    },
    "Doxing": {
      "precision": 0.6875,
      "recall": 0.7432432432432432,
      "f1-score": 0.7142857142857143,
      "support": 74.0
    },
    "Revenge Porn": {
      "precision": 0.7777777777777778,
      "recall": 0.8,
      "f1-score": 0.7887323943661971,
      "support": 70.0
    },
    "Sexual Harassment": {
      "precision": 0.8571428571428571,
      "recall": 0.8461538461538461,
      "f1-score": 0.8516129032258064,
      "support": 78.0
    },
    "Slut Shaming": {
      "precision": 0.9404761904761905,
      "recall": 0.8777777777777778,
      "f1-score": 0.9080459770114943,
      "support": 90.0
    }
  },
  "weighted_avg": {
    "precision": 0.8147916217769159,
    "recall": 0.8104395604395604,
    "f1-score": 0.8120796583025359,
    "support": 364.0
  },
  "micro_avg": {
    "precision": 0.8104395604395604,
    "recall": 0.8104395604395604,
    "f1-score": 0.8104395604395604,
    "support": 364
  },
  "macro_avg": {
    "precision": 0.8055205415499532,
    "recall": 0.8034349734349735,
    "f1-score": 0.803991708457454,
    "support": 364.0
  },
  "accuracy": 0.8104395604395604,
  "inference_time_seconds": 0.4204280376434326,
  "energy_kwh": 2.1771188834590358e-05,
  "num_test_samples": 364
}