{
  "per_class": {
    "Cyberstalking": {
      "precision": 0.7843137254901961,
      "recall": 0.6666666666666666,
      "f1-score": 0.7207207207207207,
      "support": 60.0
    },
    "Doxing": {
      "precision": 0.7058823529411765,
      "recall": 0.8181818181818182,
      "f1-score": 0.7578947368421053,
      "support": 88.0
    },
    "Revenge Porn": {
      "precision": 0.7654320987654321,
      "recall": 0.8157894736842105,
      "f1-score": 0.7898089171974523,
      "support": 76.0
    },
    "Sexual Harassment": {
      "precision": 0.8762886597938144,
      "recall": 0.8585858585858586,
      "f1-score": 0.8673469387755102,
      "support": 99.0
    },
    "Slut Shaming": {
      "precision": 0.945054945054945,
      "recall": 0.8686868686868687,
      "f1-score": 0.9052631578947369,
      "support": 99.0
    }
  },
  "weighted_avg": {
    "precision": 0.8238443767166714,
    "recall": 0.8175355450236966,
    "f1-score": 0.8186062970680317,
    "support": 422.0
  },
  "micro_avg": {
    "precision": 0.8175355450236966,
    "recall": 0.8175355450236966,
    "f1-score": 0.8175355450236966,
    "support": 422
  },
  "macro_avg": {
    "precision": 0.8153943564091127,
    "recall": 0.8055821371610845,
    "f1-score": 0.8082068942861051,
    "support": 422.0
  },
  "accuracy": 0.8175355450236966,
  "inference_time_seconds": 0.3164982795715332,
  "energy_kwh": 1.6416513627881576e-05,
  "num_test_samples": 422
}