{
  "per_class": {
    "Cyberstalking": {
      "precision": 0.6833333333333333,
      "recall": 0.7321428571428571,
      "f1-score": 0.7068965517241379,
      "support": 56.0
    },
    "Doxing": {
      "precision": 0.7733333333333333,
      "recall": 0.725,
      "f1-score": 0.7483870967741936,
      "support": 80.0
    },
    "Revenge Porn": {
      "precision": 0.7948717948717948,
      "recall": 0.8732394366197183,
      "f1-score": 0.8322147651006712,
      "support": 71.0
    },
    "Sexual Harassment": {
      "precision": 0.8947368421052632,
      "recall": 0.8292682926829268,
      "f1-score": 0.8607594936708861,
      "support": 82.0
    },
    "Slut Shaming": {
      "precision": 0.8620689655172413,
      "recall": 0.8620689655172413,
      "f1-score": 0.8620689655172413,
      "support": 87.0
    }
  },
  "weighted_avg": {
    "precision": 0.8110043931432509,
    "recall": 0.8085106382978723,
    "f1-score": 0.8088476102171477,
    "support": 376.0
  },
  "micro_avg": {
    "precision": 0.8085106382978723,
    "recall": 0.8085106382978723,
    "f1-score": 0.8085106382978723,
    "support": 376
  },
  "macro_avg": {
    "precision": 0.8016688538321931,
    "recall": 0.8043439103925486,
    "f1-score": 0.8020653745574261,
    "support": 376.0
  },
  "accuracy": 0.8085106382978723,
  "inference_time_seconds": 0.09883952140808105,
  "energy_kwh": 3.6671862298773696e-06,
  "num_test_samples": 376
}