{
  "per_class": {
    "Cyberstalking": {
      "precision": 0.7903225806451613,
      "recall": 0.8166666666666667,
      "f1-score": 0.8032786885245902,
      "support": 60.0
    },
    "Doxing": {
      "precision": 0.8045977011494253,
      "recall": 0.7954545454545454,
      "f1-score": 0.8,
      "support": 88.0
    },
    "Revenge Porn": {
      "precision": 0.821917808219178,
      "recall": 0.7894736842105263,
      "f1-score": 0.8053691275167785,
      "support": 76.0
    },
    "Sexual Harassment": {
      "precision": 0.8365384615384616,
      "recall": 0.8787878787878788,
      "f1-score": 0.8571428571428571,
      "support": 99.0
    },
    "Slut Shaming": {
      "precision": 0.9270833333333334,
      "recall": 0.898989898989899,
      "f1-score": 0.9128205128205128,
      "support": 99.0
    }
  },
  "weighted_avg": {
    "precision": 0.8419153167223324,
    "recall": 0.8412322274881516,
    "f1-score": 0.8413060394055076,
    "support": 422.0
  },
  "micro_avg": {
    "precision": 0.8412322274881516,
    "recall": 0.8412322274881516,
    "f1-score": 0.8412322274881516,
    "support": 422
  },
  "macro_avg": {
    "precision": 0.8360919769771119,
    "recall": 0.8358745348219033,
    "f1-score": 0.8357222372009477,
    "support": 422.0
  },
  "accuracy": 0.8412322274881516,
  "inference_time_seconds": 0.3328711986541748,
  "energy_kwh": 1.8003083515862253e-05,
  "num_test_samples": 422
}