{
  "per_class": {
    "Cyberstalking": {
      "precision": 0.88,
      "recall": 0.7333333333333333,
      "f1-score": 0.8,
      "support": 60.0
    },
    "Doxing": {
      "precision": 0.7373737373737373,
      "recall": 0.8295454545454546,
      "f1-score": 0.7807486631016043,
      "support": 88.0
    },
    "Revenge Porn": {
      "precision": 0.8472222222222222,
      "recall": 0.8026315789473685,
      "f1-score": 0.8243243243243243,
      "support": 76.0
    },
    "Sexual Harassment": {
      "precision": 0.8627450980392157,
      "recall": 0.8888888888888888,
      "f1-score": 0.8756218905472637,
      "support": 99.0
    },
    "Slut Shaming": {
      "precision": 0.898989898989899,
      "recall": 0.898989898989899,
      "f1-score": 0.898989898989899,
      "support": 99.0
    }
  },
  "weighted_avg": {
    "precision": 0.8447619490134127,
    "recall": 0.8412322274881516,
    "f1-score": 0.8413296165065616,
    "support": 422.0
  },
  "micro_avg": {
    "precision": 0.8412322274881516,
    "recall": 0.8412322274881516,
    "f1-score": 0.8412322274881516,
    "support": 422
  },
  "macro_avg": {
    "precision": 0.8452661913250148,
    "recall": 0.8306778309409889,
    "f1-score": 0.8359369553926183,
    "support": 422.0
  },
  "accuracy": 0.8412322274881516,
  "inference_time_seconds": 0.31907057762145996,
  "energy_kwh": 1.810821481065732e-05,
  "num_test_samples": 422
}