{
  "per_class": {
    "age": {
      "precision": 0.9757160647571607,
      "recall": 0.9930291508238276,
      "f1-score": 0.9842964824120602,
      "support": 1578.0
    },
    "ethnicity": {
      "precision": 0.9945982444294396,
      "recall": 0.9774386197743862,
      "f1-score": 0.9859437751004017,
      "support": 1507.0
    },
    "gender": {
      "precision": 0.9276361130254996,
      "recall": 0.9039623908663532,
      "f1-score": 0.9156462585034013,
      "support": 1489.0
    },
    "other_cyberbullying": {
      "precision": 0.8649270913277053,
      "recall": 0.8951548848292296,
      "f1-score": 0.8797814207650273,
      "support": 1259.0
    },
    "religion": {
      "precision": 0.9867424242424242,
      "recall": 0.9817839195979899,
      "f1-score": 0.9842569269521411,
      "support": 1592.0
    }
  },
  "weighted_avg": {
    "precision": 0.9534850941700275,
    "recall": 0.952996632996633,
    "f1-score": 0.953133499486206,
    "support": 7425.0
  },
  "micro_avg": {
    "precision": 0.952996632996633,
    "recall": 0.952996632996633,
    "f1-score": 0.952996632996633,
    "support": 7425
  },
  "macro_avg": {
    "precision": 0.9499239875564458,
    "recall": 0.9502737931783575,
    "f1-score": 0.9499849727466063,
    "support": 7425.0
  },
  "accuracy": 0.952996632996633,
  "inference_time_seconds": 5.462582111358643,
  "energy_kwh": 0.00035808368974810025,
  "num_test_samples": 7425
}