{
  "per_class": {
    "age": {
      "precision": 0.9849529780564263,
      "recall": 0.9831038798498123,
      "f1-score": 0.9840275602881303,
      "support": 1598.0
    },
    "ethnicity": {
      "precision": 0.9898283534647171,
      "recall": 0.9780150753768844,
      "f1-score": 0.9838862559241706,
      "support": 1592.0
    },
    "gender": {
      "precision": 0.8839675608234561,
      "recall": 0.8911949685534591,
      "f1-score": 0.8875665518321328,
      "support": 1590.0
    },
    "not_cyberbullying": {
      "precision": 0.7057505601194921,
      "recall": 0.5954631379962193,
      "f1-score": 0.645933014354067,
      "support": 1587.0
    },
    "other_cyberbullying": {
      "precision": 0.6805399325084365,
      "recall": 0.7731629392971247,
      "f1-score": 0.7239006880047861,
      "support": 1565.0
    },
    "religion": {
      "precision": 0.9501216545012166,
      "recall": 0.97625,
      "f1-score": 0.9630086313193588,
      "support": 1600.0
    }
  },
  "weighted_avg": {
    "precision": 0.8666109735466406,
    "recall": 0.8667645824590852,
    "f1-score": 0.8653868924468289,
    "support": 9532.0
  },
  "micro_avg": {
    "precision": 0.8667645824590852,
    "recall": 0.8667645824590852,
    "f1-score": 0.8667645824590852,
    "support": 9532
  },
  "macro_avg": {
    "precision": 0.865860173245624,
    "recall": 0.8661983335122501,
    "f1-score": 0.8647204502871076,
    "support": 9532.0
  },
  "accuracy": 0.8667645824590852,
  "inference_time_seconds": 1.8430652618408203,
  "energy_kwh": 0.00010986710829275287,
  "num_test_samples": 9532
}