{
  "per_class": {
    "Cyberstalking": {
      "precision": 0.7818181818181819,
      "recall": 0.7166666666666667,
      "f1-score": 0.7478260869565218,
      "support": 60.0
    },
    "Doxing": {
      "precision": 0.7346938775510204,
      "recall": 0.8181818181818182,
      "f1-score": 0.7741935483870968,
      "support": 88.0
    },
    "Revenge Porn": {
      "precision": 0.7894736842105263,
      "recall": 0.7894736842105263,
      "f1-score": 0.7894736842105263,
      "support": 76.0
    },
    "Sexual Harassment": {
      "precision": 0.8736842105263158,
      "recall": 0.8383838383838383,
      "f1-score": 0.8556701030927835,
      "support": 99.0
    },
    "Slut Shaming": {
      "precision": 0.9081632653061225,
      "recall": 0.898989898989899,
      "f1-score": 0.9035532994923858,
      "support": 99.0
    }
  },
  "weighted_avg": {
    "precision": 0.8245617351682277,
    "recall": 0.8222748815165877,
    "f1-score": 0.822658090832672,
    "support": 422.0
  },
  "micro_avg": {
    "precision": 0.8222748815165877,
    "recall": 0.8222748815165877,
    "f1-score": 0.8222748815165877,
    "support": 422
  },
  "macro_avg": {
    "precision": 0.8175666438824333,
    "recall": 0.8123391812865497,
    "f1-score": 0.8141433444278627,
    "support": 422.0
  },
  "accuracy": 0.8222748815165877,
  "inference_time_seconds": 0.3166229724884033,
  "energy_kwh": 1.9606589706246384e-05,
  "num_test_samples": 422
}