{
  "per_class": {
    "emotion": {
      "precision": 0.8335089567966281,
      "recall": 0.8423855165069223,
      "f1-score": 0.8379237288135594,
      "support": 939.0
    },
    "hate": {
      "precision": 0.9423318010865023,
      "recall": 0.9349087893864013,
      "f1-score": 0.9386056191467221,
      "support": 2412.0
    },
    "offensive": {
      "precision": 0.9052453468697124,
      "recall": 0.904098014364174,
      "f1-score": 0.9046713168463327,
      "support": 2367.0
    },
    "religion": {
      "precision": 0.9936678032148076,
      "recall": 1.0,
      "f1-score": 0.9968238455900318,
      "support": 2040.0
    },
    "spiritual": {
      "precision": 0.9994155464640561,
      "recall": 0.9988317757009346,
      "f1-score": 0.9991235758106923,
      "support": 1712.0
    }
  },
  "weighted_avg": {
    "precision": 0.9436501251106608,
    "recall": 0.9436114044350581,
    "f1-score": 0.9436224232845477,
    "support": 9470.0
  },
  "micro_avg": {
    "precision": 0.9436114044350581,
    "recall": 0.9436114044350581,
    "f1-score": 0.9436114044350581,
    "support": 9470
  },
  "macro_avg": {
    "precision": 0.9348338908863413,
    "recall": 0.9360448191916865,
    "f1-score": 0.9354296172414676,
    "support": 9470.0
  },
  "accuracy": 0.9436114044350581,
  "inference_time_seconds": 2.2551496028900146,
  "energy_kwh": 0.00015615825579371045,
  "num_test_samples": 9470
}