{
  "per_class": {
    "Cyberstalking": {
      "precision": 0.78,
      "recall": 0.75,
      "f1-score": 0.7647058823529411,
      "support": 52.0
    },
    "Doxing": {
      "precision": 0.7375,
      "recall": 0.7972972972972973,
      "f1-score": 0.7662337662337663,
      "support": 74.0
    },
    "Revenge Porn": {
      "precision": 0.9038461538461539,
      "recall": 0.6811594202898551,
      "f1-score": 0.7768595041322314,
      "support": 69.0
    },
    "Sexual Harassment": {
      "precision": 0.8395061728395061,
      "recall": 0.8717948717948718,
      "f1-score": 0.8553459119496856,
      "support": 78.0
    },
    "Slut Shaming": {
      "precision": 0.88,
      "recall": 0.9777777777777777,
      "f1-score": 0.9263157894736842,
      "support": 90.0
    }
  },
  "weighted_avg": {
    "precision": 0.8324569313963253,
    "recall": 0.8292011019283747,
    "f1-score": 0.8268724863732305,
    "support": 363.0
  },
  "micro_avg": {
    "precision": 0.8292011019283747,
    "recall": 0.8292011019283747,
    "f1-score": 0.8292011019283747,
    "support": 363
  },
  "macro_avg": {
    "precision": 0.8281704653371319,
    "recall": 0.8156058734319604,
    "f1-score": 0.8178921708284618,
    "support": 363.0
  },
  "accuracy": 0.8292011019283747,
  "inference_time_seconds": 0.295255184173584,
  "energy_kwh": 1.4561398850409194e-05,
  "num_test_samples": 363
}