{
  "per_class": {
    "Cyberstalking": {
      "precision": 0.6619718309859155,
      "recall": 0.7833333333333333,
      "f1-score": 0.7175572519083969,
      "support": 60.0
    },
    "Doxing": {
      "precision": 0.8767123287671232,
      "recall": 0.7272727272727273,
      "f1-score": 0.7950310559006211,
      "support": 88.0
    },
    "Revenge Porn": {
      "precision": 0.7701149425287356,
      "recall": 0.881578947368421,
      "f1-score": 0.8220858895705522,
      "support": 76.0
    },
    "Sexual Harassment": {
      "precision": 0.8787878787878788,
      "recall": 0.8787878787878788,
      "f1-score": 0.8787878787878788,
      "support": 99.0
    },
    "Slut Shaming": {
      "precision": 0.9347826086956522,
      "recall": 0.8686868686868687,
      "f1-score": 0.900523560209424,
      "support": 99.0
    }
  },
  "weighted_avg": {
    "precision": 0.841092911572785,
    "recall": 0.8317535545023697,
    "f1-score": 0.8332856116157663,
    "support": 422.0
  },
  "micro_avg": {
    "precision": 0.8317535545023697,
    "recall": 0.8317535545023697,
    "f1-score": 0.8317535545023697,
    "support": 422
  },
  "macro_avg": {
    "precision": 0.824473917953061,
    "recall": 0.8279319510898459,
    "f1-score": 0.8227971272753747,
    "support": 422.0
  },
  "accuracy": 0.8317535545023697,
  "inference_time_seconds": 0.581428050994873,
  "energy_kwh": 5.9341872609647605e-05,
  "num_test_samples": 422
}