{
  "per_class": {
    "emotion": {
      "precision": 0.848605577689243,
      "recall": 0.8469184890656064,
      "f1-score": 0.8477611940298507,
      "support": 1006.0
    },
    "hate": {
      "precision": 0.9554352353186173,
      "recall": 0.9056454796683774,
      "f1-score": 0.9298743413052291,
      "support": 2533.0
    },
    "offensive": {
      "precision": 0.9021479713603818,
      "recall": 0.9423076923076923,
      "f1-score": 0.9217906288103118,
      "support": 2808.0
    },
    "religion": {
      "precision": 0.9937709631049353,
      "recall": 1.0,
      "f1-score": 0.996875751021389,
      "support": 2074.0
    },
    "spiritual": {
      "precision": 1.0,
      "recall": 0.997689196995956,
      "f1-score": 0.9988432620011567,
      "support": 1731.0
    }
  },
  "weighted_avg": {
    "precision": 0.9455404987467518,
    "recall": 0.9449369582348306,
    "f1-score": 0.9449493250159469,
    "support": 10152.0
  },
  "micro_avg": {
    "precision": 0.9449369582348306,
    "recall": 0.9449369582348306,
    "f1-score": 0.9449369582348306,
    "support": 10152
  },
  "macro_avg": {
    "precision": 0.9399919494946355,
    "recall": 0.9385121716075264,
    "f1-score": 0.9390290354335875,
    "support": 10152.0
  },
  "accuracy": 0.9449369582348306,
  "inference_time_seconds": 5.296605587005615,
  "energy_kwh": 0.00031996821757689173,
  "num_test_samples": 10152
}