{
  "per_class": {
    "emotion": {
      "precision": 0.858902575587906,
      "recall": 0.8176972281449894,
      "f1-score": 0.837793555434189,
      "support": 938.0
    },
    "hate": {
      "precision": 0.9422442244224423,
      "recall": 0.945364238410596,
      "f1-score": 0.943801652892562,
      "support": 2416.0
    },
    "offensive": {
      "precision": 0.9,
      "recall": 0.9102835378755819,
      "f1-score": 0.9051125604881127,
      "support": 2363.0
    },
    "religion": {
      "precision": 0.9936554416788678,
      "recall": 0.9990186457311089,
      "f1-score": 0.9963298262784438,
      "support": 2038.0
    },
    "spiritual": {
      "precision": 0.9994162288382954,
      "recall": 0.9988331388564761,
      "f1-score": 0.9991245987744383,
      "support": 1714.0
    }
  },
  "weighted_avg": {
    "precision": 0.944860267026766,
    "recall": 0.9451895659520541,
    "f1-score": 0.9449652420608263,
    "support": 9469.0
  },
  "micro_avg": {
    "precision": 0.9451895659520541,
    "recall": 0.9451895659520541,
    "f1-score": 0.9451895659520541,
    "support": 9469
  },
  "macro_avg": {
    "precision": 0.9388436941055023,
    "recall": 0.9342393578037506,
    "f1-score": 0.9364324387735492,
    "support": 9469.0
  },
  "accuracy": 0.9451895659520541,
  "inference_time_seconds": 3.7996444702148438,
  "energy_kwh": 0.00022460249716518298,
  "num_test_samples": 9469
}