{
  "per_class": {
    "emotion": {
      "precision": 0.8291956305858987,
      "recall": 0.8300198807157058,
      "f1-score": 0.8296075509190264,
      "support": 1006.0
    },
    "hate": {
      "precision": 0.9529844644317252,
      "recall": 0.920252664824319,
      "f1-score": 0.9363325969070094,
      "support": 2533.0
    },
    "offensive": {
      "precision": 0.8956310679611651,
      "recall": 0.9198717948717948,
      "f1-score": 0.9075895994378075,
      "support": 2808.0
    },
    "religion": {
      "precision": 0.9942473633748802,
      "recall": 1.0,
      "f1-score": 0.9971153846153846,
      "support": 2074.0
    },
    "spiritual": {
      "precision": 0.9994216310005783,
      "recall": 0.9982668977469671,
      "f1-score": 0.9988439306358381,
      "support": 1731.0
    }
  },
  "weighted_avg": {
    "precision": 0.9412017697509287,
    "recall": 0.9407998423955871,
    "f1-score": 0.9408829207086586,
    "support": 10152.0
  },
  "micro_avg": {
    "precision": 0.9407998423955871,
    "recall": 0.9407998423955871,
    "f1-score": 0.9407998423955871,
    "support": 10152
  },
  "macro_avg": {
    "precision": 0.9342960314708495,
    "recall": 0.9336822476317573,
    "f1-score": 0.9338978125030131,
    "support": 10152.0
  },
  "accuracy": 0.9407998423955871,
  "inference_time_seconds": 4.4119861125946045,
  "energy_kwh": 0.00026501667181462013,
  "num_test_samples": 10152
}