{
  "per_class": {
    "emotion": {
      "precision": 0.9227513227513228,
      "recall": 0.8667992047713717,
      "f1-score": 0.893900563813429,
      "support": 1006.0
    },
    "hate": {
      "precision": 0.959022852639874,
      "recall": 0.9609159099881563,
      "f1-score": 0.9599684480378624,
      "support": 2533.0
    },
    "offensive": {
      "precision": 0.9530976548827441,
      "recall": 0.9697293447293447,
      "f1-score": 0.9613415710503089,
      "support": 2808.0
    },
    "religion": {
      "precision": 0.9956772334293948,
      "recall": 0.9995178399228544,
      "f1-score": 0.9975938402309913,
      "support": 2074.0
    },
    "spiritual": {
      "precision": 0.9988439306358381,
      "recall": 0.9982668977469671,
      "f1-score": 0.9985553308292401,
      "support": 1731.0
    }
  },
  "weighted_avg": {
    "precision": 0.9680678051023028,
    "recall": 0.9682821118991332,
    "f1-score": 0.9680673837559076,
    "support": 10152.0
  },
  "micro_avg": {
    "precision": 0.9682821118991332,
    "recall": 0.9682821118991332,
    "f1-score": 0.9682821118991332,
    "support": 10152
  },
  "macro_avg": {
    "precision": 0.9658785988678347,
    "recall": 0.9590458394317387,
    "f1-score": 0.9622719507923663,
    "support": 10152.0
  },
  "accuracy": 0.9682821118991332,
  "inference_time_seconds": 8.078680753707886,
  "energy_kwh": 0.00046227829727534263,
  "num_test_samples": 10152
}