{
  "per_class": {
    "Cyberstalking": {
      "precision": 0.5875,
      "recall": 0.7833333333333333,
      "f1-score": 0.6714285714285714,
      "support": 60.0
    },
    "Doxing": {
      "precision": 0.7816091954022989,
      "recall": 0.7727272727272727,
      "f1-score": 0.7771428571428571,
      "support": 88.0
    },
    "Revenge Porn": {
      "precision": 0.7261904761904762,
      "recall": 0.8026315789473685,
      "f1-score": 0.7625,
      "support": 76.0
    },
    "Sexual Harassment": {
      "precision": 0.9743589743589743,
      "recall": 0.7676767676767676,
      "f1-score": 0.8587570621468926,
      "support": 99.0
    },
    "Slut Shaming": {
      "precision": 0.9247311827956989,
      "recall": 0.8686868686868687,
      "f1-score": 0.8958333333333334,
      "support": 99.0
    }
  },
  "weighted_avg": {
    "precision": 0.8228246704838652,
    "recall": 0.8009478672985783,
    "f1-score": 0.8064661963668912,
    "support": 422.0
  },
  "micro_avg": {
    "precision": 0.8009478672985783,
    "recall": 0.8009478672985783,
    "f1-score": 0.8009478672985783,
    "support": 422
  },
  "macro_avg": {
    "precision": 0.7988779657494897,
    "recall": 0.7990111642743223,
    "f1-score": 0.793132364810331,
    "support": 422.0
  },
  "accuracy": 0.8009478672985783,
  "inference_time_seconds": 0.19690561294555664,
  "energy_kwh": 2.3026800652702645e-05,
  "num_test_samples": 422
}