{
  "per_class": {
    "emotion": {
      "precision": 0.821501014198783,
      "recall": 0.805168986083499,
      "f1-score": 0.8132530120481928,
      "support": 1006.0
    },
    "hate": {
      "precision": 0.9386602098466506,
      "recall": 0.9182787208843269,
      "f1-score": 0.9283576132508481,
      "support": 2533.0
    },
    "offensive": {
      "precision": 0.8868384401114207,
      "recall": 0.907051282051282,
      "f1-score": 0.8968309859154929,
      "support": 2808.0
    },
    "religion": {
      "precision": 0.9937679769894535,
      "recall": 0.9995178399228544,
      "f1-score": 0.9966346153846154,
      "support": 2074.0
    },
    "spiritual": {
      "precision": 0.9988439306358381,
      "recall": 0.9982668977469671,
      "f1-score": 0.9985553308292401,
      "support": 1731.0
    }
  },
  "weighted_avg": {
    "precision": 0.9342368301679643,
    "recall": 0.9342001576044129,
    "f1-score": 0.934149255605663,
    "support": 10152.0
  },
  "micro_avg": {
    "precision": 0.9342001576044129,
    "recall": 0.9342001576044129,
    "f1-score": 0.9342001576044129,
    "support": 10152
  },
  "macro_avg": {
    "precision": 0.9279223143564291,
    "recall": 0.9256567453377859,
    "f1-score": 0.9267263114856779,
    "support": 10152.0
  },
  "accuracy": 0.9342001576044129,
  "inference_time_seconds": 10.308867454528809,
  "energy_kwh": 0.0005847297842480315,
  "num_test_samples": 10152
}