{
  "per_class": {
    "age": {
      "precision": 0.9777918781725888,
      "recall": 0.9852941176470589,
      "f1-score": 0.9815286624203822,
      "support": 1564.0
    },
    "ethnicity": {
      "precision": 0.9811193526635199,
      "recall": 0.9817813765182186,
      "f1-score": 0.9814502529510961,
      "support": 1482.0
    },
    "gender": {
      "precision": 0.9092188599577762,
      "recall": 0.8867536032944406,
      "f1-score": 0.8978457261987491,
      "support": 1457.0
    },
    "not_cyberbullying": {
      "precision": 0.640207075064711,
      "recall": 0.6106995884773663,
      "f1-score": 0.6251053074978938,
      "support": 1215.0
    },
    "other_cyberbullying": {
      "precision": 0.6038834951456311,
      "recall": 0.6340468909276249,
      "f1-score": 0.6185977125808055,
      "support": 981.0
    },
    "religion": {
      "precision": 0.9497830130192189,
      "recall": 0.9677826910928616,
      "f1-score": 0.9586983729662077,
      "support": 1583.0
    }
  },
  "weighted_avg": {
    "precision": 0.8671558888696759,
    "recall": 0.8674233276986235,
    "f1-score": 0.8671514314208885,
    "support": 8282.0
  },
  "micro_avg": {
    "precision": 0.8674233276986235,
    "recall": 0.8674233276986235,
    "f1-score": 0.8674233276986235,
    "support": 8282
  },
  "macro_avg": {
    "precision": 0.8436672790039076,
    "recall": 0.8443930446595952,
    "f1-score": 0.843871005769189,
    "support": 8282.0
  },
  "accuracy": 0.8674233276986235,
  "inference_time_seconds": 6.206043720245361,
  "energy_kwh": 2.2508351274293235e-06,
  "num_test_samples": 8282
}