{
  "per_class": {
    "emotion": {
      "precision": 0.8283038501560874,
      "recall": 0.8468085106382979,
      "f1-score": 0.8374539715938979,
      "support": 940.0
    },
    "hate": {
      "precision": 0.9508609827803444,
      "recall": 0.938251139660174,
      "f1-score": 0.9445139758030872,
      "support": 2413.0
    },
    "offensive": {
      "precision": 0.9033078880407125,
      "recall": 0.903691132795927,
      "f1-score": 0.9034994697773064,
      "support": 2357.0
    },
    "religion": {
      "precision": 0.9951219512195122,
      "recall": 1.0,
      "f1-score": 0.9975550122249389,
      "support": 2040.0
    },
    "spiritual": {
      "precision": 0.9988324576765908,
      "recall": 0.9988324576765908,
      "f1-score": 0.9988324576765908,
      "support": 1713.0
    }
  },
  "weighted_avg": {
    "precision": 0.9450680168229374,
    "recall": 0.9448377892845821,
    "f1-score": 0.9449307230386875,
    "support": 9463.0
  },
  "micro_avg": {
    "precision": 0.9448377892845821,
    "recall": 0.9448377892845821,
    "f1-score": 0.9448377892845821,
    "support": 9463
  },
  "macro_avg": {
    "precision": 0.9352854259746495,
    "recall": 0.937516648154198,
    "f1-score": 0.9363709774151643,
    "support": 9463.0
  },
  "accuracy": 0.9448377892845821,
  "inference_time_seconds": 7.168866157531738,
  "energy_kwh": 0.00044728900849237495,
  "num_test_samples": 9463
}