{
  "per_class": {
    "age": {
      "precision": 0.9937106918238994,
      "recall": 0.9875,
      "f1-score": 0.9905956112852664,
      "support": 1600.0
    },
    "ethnicity": {
      "precision": 0.9856519026824704,
      "recall": 0.9875,
      "f1-score": 0.986575085857009,
      "support": 1600.0
    },
    "gender": {
      "precision": 0.903448275862069,
      "recall": 0.9000624609618988,
      "f1-score": 0.9017521902377973,
      "support": 1601.0
    },
    "other_cyberbullying": {
      "precision": 0.8855009334163036,
      "recall": 0.8888194878201124,
      "f1-score": 0.8871571072319202,
      "support": 1601.0
    },
    "religion": {
      "precision": 0.9813316739265713,
      "recall": 0.985625,
      "f1-score": 0.9834736513875897,
      "support": 1600.0
    }
  },
  "weighted_avg": {
    "precision": 0.9499148354845512,
    "recall": 0.9498875281179705,
    "f1-score": 0.9498968686449389,
    "support": 8002.0
  },
  "micro_avg": {
    "precision": 0.9498875281179705,
    "recall": 0.9498875281179705,
    "f1-score": 0.9498875281179705,
    "support": 8002
  },
  "macro_avg": {
    "precision": 0.9499286955422628,
    "recall": 0.9499013897564023,
    "f1-score": 0.9499107291999167,
    "support": 8002.0
  },
  "accuracy": 0.9498875281179705,
  "inference_time_seconds": 4.860295295715332,
  "energy_kwh": 0.00030589765659089083,
  "num_test_samples": 8002
}