{
  "per_class": {
    "age": {
      "precision": 0.9753320683111955,
      "recall": 0.9865642994241842,
      "f1-score": 0.9809160305343512,
      "support": 1563.0
    },
    "ethnicity": {
      "precision": 0.9766666666666667,
      "recall": 0.9898648648648649,
      "f1-score": 0.9832214765100671,
      "support": 1480.0
    },
    "gender": {
      "precision": 0.9010526315789473,
      "recall": 0.8818681318681318,
      "f1-score": 0.8913571676501215,
      "support": 1456.0
    },
    "not_cyberbullying": {
      "precision": 0.6242371403661726,
      "recall": 0.5902720527617478,
      "f1-score": 0.6067796610169491,
      "support": 1213.0
    },
    "other_cyberbullying": {
      "precision": 0.6074950690335306,
      "recall": 0.6266531027466938,
      "f1-score": 0.6169253880821232,
      "support": 983.0
    },
    "religion": {
      "precision": 0.9435133457479826,
      "recall": 0.9602021478205938,
      "f1-score": 0.9517845961177207,
      "support": 1583.0
    }
  },
  "weighted_avg": {
    "precision": 0.8612940627517753,
    "recall": 0.8628895868567287,
    "f1-score": 0.8619584414123347,
    "support": 8278.0
  },
  "micro_avg": {
    "precision": 0.8628895868567287,
    "recall": 0.8628895868567287,
    "f1-score": 0.8628895868567287,
    "support": 8278
  },
  "macro_avg": {
    "precision": 0.8380494869507492,
    "recall": 0.8392374332477027,
    "f1-score": 0.8384973866518887,
    "support": 8278.0
  },
  "accuracy": 0.8628895868567287,
  "inference_time_seconds": 6.610167980194092,
  "energy_kwh": 0.0003814033088191209,
  "num_test_samples": 8278
}