{
  "per_class": {
    "age": {
      "precision": 0.9917617237008872,
      "recall": 0.9917617237008872,
      "f1-score": 0.9917617237008872,
      "support": 1578.0
    },
    "ethnicity": {
      "precision": 0.9979395604395604,
      "recall": 0.9738605898123325,
      "f1-score": 0.985753052917232,
      "support": 1492.0
    },
    "gender": {
      "precision": 0.925414364640884,
      "recall": 0.9029649595687331,
      "f1-score": 0.9140518417462483,
      "support": 1484.0
    },
    "other_cyberbullying": {
      "precision": 0.8550185873605948,
      "recall": 0.9069400630914827,
      "f1-score": 0.880214313050134,
      "support": 1268.0
    },
    "religion": {
      "precision": 0.9861460957178841,
      "recall": 0.9830508474576272,
      "f1-score": 0.9845960389814524,
      "support": 1593.0
    }
  },
  "weighted_avg": {
    "precision": 0.9551362158536371,
    "recall": 0.954012137559002,
    "f1-score": 0.9543856678555586,
    "support": 7415.0
  },
  "micro_avg": {
    "precision": 0.954012137559002,
    "recall": 0.954012137559002,
    "f1-score": 0.954012137559002,
    "support": 7415
  },
  "macro_avg": {
    "precision": 0.9512560663719623,
    "recall": 0.9517156367262125,
    "f1-score": 0.9512753940791908,
    "support": 7415.0
  },
  "accuracy": 0.954012137559002,
  "inference_time_seconds": 3.507017135620117,
  "energy_kwh": 0.0002050301443119031,
  "num_test_samples": 7415
}