{
  "per_class": {
    "age": {
      "precision": 0.987389659520807,
      "recall": 0.9799749687108886,
      "f1-score": 0.9836683417085427,
      "support": 1598.0
    },
    "ethnicity": {
      "precision": 0.9948652118100129,
      "recall": 0.9736180904522613,
      "f1-score": 0.9841269841269841,
      "support": 1592.0
    },
    "gender": {
      "precision": 0.8953564421190321,
      "recall": 0.8610062893081761,
      "f1-score": 0.8778454632895158,
      "support": 1590.0
    },
    "not_cyberbullying": {
      "precision": 0.7339089481946625,
      "recall": 0.5891619407687461,
      "f1-score": 0.6536176162181055,
      "support": 1587.0
    },
    "other_cyberbullying": {
      "precision": 0.6677018633540373,
      "recall": 0.8242811501597445,
      "f1-score": 0.7377752359164998,
      "support": 1565.0
    },
    "religion": {
      "precision": 0.9431336963097399,
      "recall": 0.974375,
      "f1-score": 0.958499846295727,
      "support": 1600.0
    }
  },
  "weighted_avg": {
    "precision": 0.8711678207212161,
    "recall": 0.8674989509022241,
    "f1-score": 0.8665459096340073,
    "support": 9532.0
  },
  "micro_avg": {
    "precision": 0.8674989509022241,
    "recall": 0.8674989509022241,
    "f1-score": 0.8674989509022241,
    "support": 9532
  },
  "macro_avg": {
    "precision": 0.8703926368847151,
    "recall": 0.8670695732333028,
    "f1-score": 0.8659222479258958,
    "support": 9532.0
  },
  "accuracy": 0.8674989509022241,
  "inference_time_seconds": 7.269705772399902,
  "energy_kwh": 0.000450673203048238,
  "num_test_samples": 9532
}