{
  "per_class": {
    "Cyberstalking": {
      "precision": 0.8604651162790697,
      "recall": 0.6491228070175439,
      "f1-score": 0.74,
      "support": 57.0
    },
    "Doxing": {
      "precision": 0.7083333333333334,
      "recall": 0.8607594936708861,
      "f1-score": 0.7771428571428571,
      "support": 79.0
    },
    "Revenge Porn": {
      "precision": 0.7671232876712328,
      "recall": 0.8,
      "f1-score": 0.7832167832167832,
      "support": 70.0
    },
    "Sexual Harassment": {
      "precision": 0.8313253012048193,
      "recall": 0.8414634146341463,
      "f1-score": 0.8363636363636363,
      "support": 82.0
    },
    "Slut Shaming": {
      "precision": 0.9512195121951219,
      "recall": 0.8764044943820225,
      "f1-score": 0.9122807017543859,
      "support": 89.0
    }
  },
  "weighted_avg": {
    "precision": 0.8263413431893573,
    "recall": 0.8169761273209549,
    "f1-score": 0.8174383585607933,
    "support": 377.0
  },
  "micro_avg": {
    "precision": 0.8169761273209549,
    "recall": 0.8169761273209549,
    "f1-score": 0.8169761273209549,
    "support": 377
  },
  "macro_avg": {
    "precision": 0.8236933101367153,
    "recall": 0.8055500419409197,
    "f1-score": 0.8098007956955324,
    "support": 377.0
  },
  "accuracy": 0.8169761273209549,
  "inference_time_seconds": 0.22298669815063477,
  "energy_kwh": 1.292238314856675e-05,
  "num_test_samples": 377
}