{
  "per_class": {
    "Cyberstalking": {
      "precision": 0.671875,
      "recall": 0.7166666666666667,
      "f1-score": 0.6935483870967742,
      "support": 60.0
    },
    "Doxing": {
      "precision": 0.868421052631579,
      "recall": 0.75,
      "f1-score": 0.8048780487804879,
      "support": 88.0
    },
    "Revenge Porn": {
      "precision": 0.782051282051282,
      "recall": 0.8026315789473685,
      "f1-score": 0.7922077922077922,
      "support": 76.0
    },
    "Sexual Harassment": {
      "precision": 0.7565217391304347,
      "recall": 0.8787878787878788,
      "f1-score": 0.8130841121495327,
      "support": 99.0
    },
    "Slut Shaming": {
      "precision": 0.9325842696629213,
      "recall": 0.8383838383838383,
      "f1-score": 0.8829787234042553,
      "support": 99.0
    }
  },
  "weighted_avg": {
    "precision": 0.813722618336537,
    "recall": 0.8056872037914692,
    "f1-score": 0.8070146550855607,
    "support": 422.0
  },
  "micro_avg": {
    "precision": 0.8056872037914692,
    "recall": 0.8056872037914692,
    "f1-score": 0.8056872037914692,
    "support": 422
  },
  "macro_avg": {
    "precision": 0.8022906686952436,
    "recall": 0.7972939925571505,
    "f1-score": 0.7973394127277684,
    "support": 422.0
  },
  "accuracy": 0.8056872037914692,
  "inference_time_seconds": 0.26589012145996094,
  "energy_kwh": 3.1628768383708226e-05,
  "num_test_samples": 422
}