{
  "per_class": {
    "Cyberstalking": {
      "precision": 0.9210526315789473,
      "recall": 0.6730769230769231,
      "f1-score": 0.7777777777777778,
      "support": 52.0
    },
    "Doxing": {
      "precision": 0.8533333333333334,
      "recall": 0.8648648648648649,
      "f1-score": 0.8590604026845637,
      "support": 74.0
    },
    "Revenge Porn": {
      "precision": 0.7761194029850746,
      "recall": 0.7428571428571429,
      "f1-score": 0.7591240875912408,
      "support": 70.0
    },
    "Sexual Harassment": {
      "precision": 0.7391304347826086,
      "recall": 0.8831168831168831,
      "f1-score": 0.8047337278106509,
      "support": 77.0
    },
    "Slut Shaming": {
      "precision": 0.9444444444444444,
      "recall": 0.9550561797752809,
      "f1-score": 0.9497206703910615,
      "support": 89.0
    }
  },
  "weighted_avg": {
    "precision": 0.8462385656119988,
    "recall": 0.8397790055248618,
    "f1-score": 0.8387934725986564,
    "support": 362.0
  },
  "micro_avg": {
    "precision": 0.8397790055248618,
    "recall": 0.8397790055248618,
    "f1-score": 0.8397790055248618,
    "support": 362
  },
  "macro_avg": {
    "precision": 0.8468160494248818,
    "recall": 0.823794398738219,
    "f1-score": 0.8300833332510589,
    "support": 362.0
  },
  "accuracy": 0.8397790055248618,
  "inference_time_seconds": 0.26954007148742676,
  "energy_kwh": 1.56902471678911e-05,
  "num_test_samples": 362
}