{
  "per_class": {
    "emotion": {
      "precision": 0.8220858895705522,
      "recall": 0.8654467168998924,
      "f1-score": 0.843209229155742,
      "support": 929.0
    },
    "hate": {
      "precision": 0.9333881578947368,
      "recall": 0.9368551382583574,
      "f1-score": 0.9351184346035015,
      "support": 2423.0
    },
    "offensive": {
      "precision": 0.91246226821906,
      "recall": 0.8864683703393381,
      "f1-score": 0.8992775180620485,
      "support": 2387.0
    },
    "religion": {
      "precision": 0.9941089837997055,
      "recall": 0.9990133201776024,
      "f1-score": 0.9965551181102362,
      "support": 2027.0
    },
    "spiritual": {
      "precision": 0.9976608187134502,
      "recall": 0.9976608187134502,
      "f1-score": 0.9976608187134502,
      "support": 1710.0
    }
  },
  "weighted_avg": {
    "precision": 0.9417922796951129,
    "recall": 0.9414309835373575,
    "f1-score": 0.9415075982433018,
    "support": 9476.0
  },
  "micro_avg": {
    "precision": 0.9414309835373575,
    "recall": 0.9414309835373575,
    "f1-score": 0.9414309835373575,
    "support": 9476
  },
  "macro_avg": {
    "precision": 0.931941223639501,
    "recall": 0.9370888728777281,
    "f1-score": 0.9343642237289957,
    "support": 9476.0
  },
  "accuracy": 0.9414309835373575,
  "inference_time_seconds": 7.570018768310547,
  "energy_kwh": 0.0004315390081081927,
  "num_test_samples": 9476
}