{
  "per_class": {
    "age": {
      "precision": 0.9867507886435332,
      "recall": 0.991128010139417,
      "f1-score": 0.9889345558014543,
      "support": 1578.0
    },
    "ethnicity": {
      "precision": 0.9966101694915255,
      "recall": 0.9780439121756487,
      "f1-score": 0.9872397582269979,
      "support": 1503.0
    },
    "gender": {
      "precision": 0.9208534067446662,
      "recall": 0.9004037685060565,
      "f1-score": 0.9105137801973461,
      "support": 1486.0
    },
    "other_cyberbullying": {
      "precision": 0.8608169440242057,
      "recall": 0.8981846882399369,
      "f1-score": 0.8791039011201236,
      "support": 1267.0
    },
    "religion": {
      "precision": 0.9861722187303583,
      "recall": 0.9855527638190955,
      "f1-score": 0.9858623939679547,
      "support": 1592.0
    }
  },
  "weighted_avg": {
    "precision": 0.9539492636608176,
    "recall": 0.9532722865607326,
    "f1-score": 0.9535013650631983,
    "support": 7426.0
  },
  "micro_avg": {
    "precision": 0.9532722865607326,
    "recall": 0.9532722865607326,
    "f1-score": 0.9532722865607326,
    "support": 7426
  },
  "macro_avg": {
    "precision": 0.9502407055268577,
    "recall": 0.9506626285760309,
    "f1-score": 0.9503308778627753,
    "support": 7426.0
  },
  "accuracy": 0.9532722865607326,
  "inference_time_seconds": 2.8558413982391357,
  "energy_kwh": 0.00019413914865145404,
  "num_test_samples": 7426
}