{
  "per_class": {
    "Cyberstalking": {
      "precision": 0.7666666666666667,
      "recall": 0.7666666666666667,
      "f1-score": 0.7666666666666667,
      "support": 60.0
    },
    "Doxing": {
      "precision": 0.8,
      "recall": 0.8181818181818182,
      "f1-score": 0.8089887640449438,
      "support": 88.0
    },
    "Revenge Porn": {
      "precision": 0.821917808219178,
      "recall": 0.7894736842105263,
      "f1-score": 0.8053691275167785,
      "support": 76.0
    },
    "Sexual Harassment": {
      "precision": 0.8725490196078431,
      "recall": 0.898989898989899,
      "f1-score": 0.8855721393034826,
      "support": 99.0
    },
    "Slut Shaming": {
      "precision": 0.9381443298969072,
      "recall": 0.9191919191919192,
      "f1-score": 0.9285714285714286,
      "support": 99.0
    }
  },
  "weighted_avg": {
    "precision": 0.8486360071697342,
    "recall": 0.8483412322274881,
    "f1-score": 0.8483395216749916,
    "support": 422.0
  },
  "micro_avg": {
    "precision": 0.8483412322274881,
    "recall": 0.8483412322274881,
    "f1-score": 0.8483412322274881,
    "support": 422
  },
  "macro_avg": {
    "precision": 0.8398555648781191,
    "recall": 0.838500797448166,
    "f1-score": 0.83903362522066,
    "support": 422.0
  },
  "accuracy": 0.8483412322274881,
  "inference_time_seconds": 0.3383193016052246,
  "energy_kwh": 2.0008081488827525e-05,
  "num_test_samples": 422
}