{
  "per_class": {
    "age": {
      "precision": 0.9821428571428571,
      "recall": 0.9852847088931542,
      "f1-score": 0.9837112743532418,
      "support": 1563.0
    },
    "ethnicity": {
      "precision": 0.9792919171676687,
      "recall": 0.9885367498314228,
      "f1-score": 0.9838926174496644,
      "support": 1483.0
    },
    "gender": {
      "precision": 0.8902522154055896,
      "recall": 0.8975945017182131,
      "f1-score": 0.893908281998631,
      "support": 1455.0
    },
    "not_cyberbullying": {
      "precision": 0.685491723466407,
      "recall": 0.5808580858085809,
      "f1-score": 0.6288521661456007,
      "support": 1212.0
    },
    "other_cyberbullying": {
      "precision": 0.6282394995531725,
      "recall": 0.7158859470468432,
      "f1-score": 0.6692051404093289,
      "support": 982.0
    },
    "religion": {
      "precision": 0.9606003752345216,
      "recall": 0.9709228824273072,
      "f1-score": 0.9657340458975165,
      "support": 1582.0
    }
  },
  "weighted_avg": {
    "precision": 0.8759348946855848,
    "recall": 0.8765253111030566,
    "f1-score": 0.8752458085852698,
    "support": 8277.0
  },
  "micro_avg": {
    "precision": 0.8765253111030566,
    "recall": 0.8765253111030566,
    "f1-score": 0.8765253111030566,
    "support": 8277
  },
  "macro_avg": {
    "precision": 0.8543364313283695,
    "recall": 0.8565138126209201,
    "f1-score": 0.8542172543756639,
    "support": 8277.0
  },
  "accuracy": 0.8765253111030566,
  "inference_time_seconds": 6.200682640075684,
  "energy_kwh": 0.0003813463233034603,
  "num_test_samples": 8277
}