{
  "per_class": {
    "Cyberstalking": {
      "precision": 0.7166666666666667,
      "recall": 0.7543859649122807,
      "f1-score": 0.7350427350427351,
      "support": 57.0
    },
    "Doxing": {
      "precision": 0.8955223880597015,
      "recall": 0.759493670886076,
      "f1-score": 0.821917808219178,
      "support": 79.0
    },
    "Revenge Porn": {
      "precision": 0.6483516483516484,
      "recall": 0.8309859154929577,
      "f1-score": 0.7283950617283951,
      "support": 71.0
    },
    "Sexual Harassment": {
      "precision": 0.8831168831168831,
      "recall": 0.8292682926829268,
      "f1-score": 0.8553459119496856,
      "support": 82.0
    },
    "Slut Shaming": {
      "precision": 0.9642857142857143,
      "recall": 0.9,
      "f1-score": 0.9310344827586207,
      "support": 90.0
    }
  },
  "weighted_avg": {
    "precision": 0.8359644706886074,
    "recall": 0.820580474934037,
    "f1-score": 0.8244761487008366,
    "support": 379.0
  },
  "micro_avg": {
    "precision": 0.820580474934037,
    "recall": 0.820580474934037,
    "f1-score": 0.820580474934037,
    "support": 379
  },
  "macro_avg": {
    "precision": 0.8215886600961226,
    "recall": 0.8148267687948483,
    "f1-score": 0.8143471999397229,
    "support": 379.0
  },
  "accuracy": 0.820580474934037,
  "inference_time_seconds": 0.2872326374053955,
  "energy_kwh": 1.6648332959804392e-05,
  "num_test_samples": 379
}