{
  "per_class": {
    "Cyberstalking": {
      "precision": 0.6923076923076923,
      "recall": 0.75,
      "f1-score": 0.72,
      "support": 60.0
    },
    "Doxing": {
      "precision": 0.7816091954022989,
      "recall": 0.7727272727272727,
      "f1-score": 0.7771428571428571,
      "support": 88.0
    },
    "Revenge Porn": {
      "precision": 0.8333333333333334,
      "recall": 0.7894736842105263,
      "f1-score": 0.8108108108108109,
      "support": 76.0
    },
    "Sexual Harassment": {
      "precision": 0.822429906542056,
      "recall": 0.8888888888888888,
      "f1-score": 0.8543689320388349,
      "support": 99.0
    },
    "Slut Shaming": {
      "precision": 0.945054945054945,
      "recall": 0.8686868686868687,
      "f1-score": 0.9052631578947369,
      "support": 99.0
    }
  },
  "weighted_avg": {
    "precision": 0.8261478776665884,
    "recall": 0.8222748815165877,
    "f1-score": 0.8232553790370062,
    "support": 422.0
  },
  "micro_avg": {
    "precision": 0.8222748815165877,
    "recall": 0.8222748815165877,
    "f1-score": 0.8222748815165877,
    "support": 422
  },
  "macro_avg": {
    "precision": 0.8149470145280653,
    "recall": 0.8139553429027113,
    "f1-score": 0.8135171515774479,
    "support": 422.0
  },
  "accuracy": 0.8222748815165877,
  "inference_time_seconds": 0.32796669006347656,
  "energy_kwh": 3.732563837487788e-05,
  "num_test_samples": 422
}