{
  "per_class": {
    "emotion": {
      "precision": 0.8165503489531406,
      "recall": 0.8141153081510935,
      "f1-score": 0.8153310104529616,
      "support": 1006.0
    },
    "hate": {
      "precision": 0.9495934959349593,
      "recall": 0.9222266087643111,
      "f1-score": 0.9357099939915883,
      "support": 2533.0
    },
    "offensive": {
      "precision": 0.8920988513748694,
      "recall": 0.9127492877492878,
      "f1-score": 0.9023059320542158,
      "support": 2808.0
    },
    "religion": {
      "precision": 0.9932950191570882,
      "recall": 1.0,
      "f1-score": 0.9966362325804902,
      "support": 2074.0
    },
    "spiritual": {
      "precision": 0.9994212962962963,
      "recall": 0.997689196995956,
      "f1-score": 0.9985544955189362,
      "support": 1731.0
    }
  },
  "weighted_avg": {
    "precision": 0.9379310169948222,
    "recall": 0.9376477541371159,
    "f1-score": 0.9377041811091238,
    "support": 10152.0
  },
  "micro_avg": {
    "precision": 0.9376477541371159,
    "recall": 0.9376477541371159,
    "f1-score": 0.9376477541371159,
    "support": 10152
  },
  "macro_avg": {
    "precision": 0.9301918023432709,
    "recall": 0.9293560803321297,
    "f1-score": 0.9297075329196384,
    "support": 10152.0
  },
  "accuracy": 0.9376477541371159,
  "inference_time_seconds": 9.897406101226807,
  "energy_kwh": 0.000587659624943832,
  "num_test_samples": 10152
}