{
  "per_class": {
    "emotion": {
      "precision": 0.8922624877571009,
      "recall": 0.9055666003976143,
      "f1-score": 0.8988653182042428,
      "support": 1006.0
    },
    "hate": {
      "precision": 0.9595879556259905,
      "recall": 0.9561784445321753,
      "f1-score": 0.9578801661063872,
      "support": 2533.0
    },
    "offensive": {
      "precision": 0.9617857142857142,
      "recall": 0.959045584045584,
      "f1-score": 0.9604136947218259,
      "support": 2808.0
    },
    "religion": {
      "precision": 0.999034749034749,
      "recall": 0.9980713596914176,
      "f1-score": 0.9985528219971056,
      "support": 2074.0
    },
    "spiritual": {
      "precision": 0.9976945244956772,
      "recall": 1.0,
      "f1-score": 0.9988459319099827,
      "support": 1731.0
    }
  },
  "weighted_avg": {
    "precision": 0.968080568498685,
    "recall": 0.9679866036249015,
    "f1-score": 0.9680271361897173,
    "support": 10152.0
  },
  "micro_avg": {
    "precision": 0.9679866036249015,
    "recall": 0.9679866036249015,
    "f1-score": 0.9679866036249015,
    "support": 10152
  },
  "macro_avg": {
    "precision": 0.9620730862398463,
    "recall": 0.9637723977333582,
    "f1-score": 0.9629115865879088,
    "support": 10152.0
  },
  "accuracy": 0.9679866036249015,
  "inference_time_seconds": 12.782384157180786,
  "energy_kwh": 0.0007683500500957681,
  "num_test_samples": 10152
}