{
  "per_class": {
    "Cyberstalking": {
      "precision": 0.7924528301886793,
      "recall": 0.7,
      "f1-score": 0.7433628318584071,
      "support": 60.0
    },
    "Doxing": {
      "precision": 0.8625,
      "recall": 0.7840909090909091,
      "f1-score": 0.8214285714285714,
      "support": 88.0
    },
    "Revenge Porn": {
      "precision": 0.775,
      "recall": 0.8157894736842105,
      "f1-score": 0.7948717948717948,
      "support": 76.0
    },
    "Sexual Harassment": {
      "precision": 0.7787610619469026,
      "recall": 0.8888888888888888,
      "f1-score": 0.8301886792452831,
      "support": 99.0
    },
    "Slut Shaming": {
      "precision": 0.9166666666666666,
      "recall": 0.8888888888888888,
      "f1-score": 0.9025641025641026,
      "support": 99.0
    }
  },
  "weighted_avg": {
    "precision": 0.829844822142332,
    "recall": 0.8270142180094787,
    "f1-score": 0.8266357014374508,
    "support": 422.0
  },
  "micro_avg": {
    "precision": 0.8270142180094787,
    "recall": 0.8270142180094787,
    "f1-score": 0.8270142180094787,
    "support": 422
  },
  "macro_avg": {
    "precision": 0.8250761117604497,
    "recall": 0.8155316321105793,
    "f1-score": 0.8184831959936318,
    "support": 422.0
  },
  "accuracy": 0.8270142180094787,
  "inference_time_seconds": 0.04858064651489258,
  "energy_kwh": 1.5090554485295899e-05,
  "num_test_samples": 422
}