{
  "per_class": {
    "emotion": {
      "precision": 0.907258064516129,
      "recall": 0.8946322067594433,
      "f1-score": 0.9009009009009009,
      "support": 1006.0
    },
    "hate": {
      "precision": 0.9654075546719681,
      "recall": 0.9585471772601658,
      "f1-score": 0.9619651347068146,
      "support": 2533.0
    },
    "offensive": {
      "precision": 0.9587301587301588,
      "recall": 0.967948717948718,
      "f1-score": 0.9633173843700159,
      "support": 2808.0
    },
    "religion": {
      "precision": 0.9956751561749159,
      "recall": 0.9990356798457087,
      "f1-score": 0.997352587244284,
      "support": 2074.0
    },
    "spiritual": {
      "precision": 0.9994216310005783,
      "recall": 0.9982668977469671,
      "f1-score": 0.9988439306358381,
      "support": 1731.0
    }
  },
  "weighted_avg": {
    "precision": 0.9697815555329378,
    "recall": 0.9698581560283688,
    "f1-score": 0.9698056853531278,
    "support": 10152.0
  },
  "micro_avg": {
    "precision": 0.9698581560283688,
    "recall": 0.9698581560283688,
    "f1-score": 0.9698581560283688,
    "support": 10152
  },
  "macro_avg": {
    "precision": 0.9652985130187501,
    "recall": 0.9636861359122004,
    "f1-score": 0.9644759875715707,
    "support": 10152.0
  },
  "accuracy": 0.9698581560283688,
  "inference_time_seconds": 8.341191530227661,
  "energy_kwh": 0.0004752704235092007,
  "num_test_samples": 10152
}