{
  "per_class": {
    "emotion": {
      "precision": 0.8414634146341463,
      "recall": 0.8178879310344828,
      "f1-score": 0.8295081967213115,
      "support": 928.0
    },
    "hate": {
      "precision": 0.9338537387017255,
      "recall": 0.9380932728023111,
      "f1-score": 0.9359687049619106,
      "support": 2423.0
    },
    "offensive": {
      "precision": 0.8992895946510656,
      "recall": 0.9019279128248114,
      "f1-score": 0.9006068215107763,
      "support": 2386.0
    },
    "religion": {
      "precision": 0.9955839057899902,
      "recall": 0.9985236220472441,
      "f1-score": 0.9970515970515971,
      "support": 2032.0
    },
    "spiritual": {
      "precision": 0.9982466393921683,
      "recall": 0.9994148624926857,
      "f1-score": 0.9988304093567252,
      "support": 1709.0
    }
  },
  "weighted_avg": {
    "precision": 0.9409517444375066,
    "recall": 0.9412323274952522,
    "f1-score": 0.9410733983545355,
    "support": 9478.0
  },
  "micro_avg": {
    "precision": 0.9412323274952522,
    "recall": 0.9412323274952522,
    "f1-score": 0.9412323274952522,
    "support": 9478
  },
  "macro_avg": {
    "precision": 0.9336874586338192,
    "recall": 0.9311695202403071,
    "f1-score": 0.9323931459204641,
    "support": 9478.0
  },
  "accuracy": 0.9412323274952522,
  "inference_time_seconds": 7.443132162094116,
  "energy_kwh": 0.0004372847161773534,
  "num_test_samples": 9478
}