{
  "per_class": {
    "Cyberstalking": {
      "precision": 0.14218009478672985,
      "recall": 1.0,
      "f1-score": 0.24896265560165975,
      "support": 60.0
    },
    "Doxing": {
      "precision": 0.0,
      "recall": 0.0,
      "f1-score": 0.0,
      "support": 88.0
    },
    "Revenge Porn": {
      "precision": 0.0,
      "recall": 0.0,
      "f1-score": 0.0,
      "support": 76.0
    },
    "Sexual Harassment": {
      "precision": 0.0,
      "recall": 0.0,
      "f1-score": 0.0,
      "support": 99.0
    },
    "Slut Shaming": {
      "precision": 0.0,
      "recall": 0.0,
      "f1-score": 0.0,
      "support": 99.0
    }
  },
  "weighted_avg": {
    "precision": 0.020215179353563487,
    "recall": 0.14218009478672985,
    "f1-score": 0.03539753397179996,
    "support": 422.0
  },
  "micro_avg": {
    "precision": 0.14218009478672985,
    "recall": 0.14218009478672985,
    "f1-score": 0.14218009478672985,
    "support": 422
  },
  "macro_avg": {
    "precision": 0.02843601895734597,
    "recall": 0.2,
    "f1-score": 0.049792531120331954,
    "support": 422.0
  },
  "accuracy": 0.14218009478672985,
  "inference_time_seconds": 0.2825014591217041,
  "energy_kwh": 1.3837360253737452e-05,
  "num_test_samples": 422
}