{
  "per_class": {
    "Cyberstalking": {
      "precision": 0.6923076923076923,
      "recall": 0.75,
      "f1-score": 0.72,
      "support": 60.0
    },
    "Doxing": {
      "precision": 0.8533333333333334,
      "recall": 0.7272727272727273,
      "f1-score": 0.7852760736196319,
      "support": 88.0
    },
    "Revenge Porn": {
      "precision": 0.7272727272727273,
      "recall": 0.8421052631578947,
      "f1-score": 0.7804878048780488,
      "support": 76.0
    },
    "Sexual Harassment": {
      "precision": 0.8415841584158416,
      "recall": 0.8585858585858586,
      "f1-score": 0.85,
      "support": 99.0
    },
    "Slut Shaming": {
      "precision": 0.9139784946236559,
      "recall": 0.8585858585858586,
      "f1-score": 0.8854166666666666,
      "support": 99.0
    }
  },
  "weighted_avg": {
    "precision": 0.8192066938280389,
    "recall": 0.8127962085308057,
    "f1-score": 0.8138095204958751,
    "support": 422.0
  },
  "micro_avg": {
    "precision": 0.8127962085308057,
    "recall": 0.8127962085308057,
    "f1-score": 0.8127962085308057,
    "support": 422
  },
  "macro_avg": {
    "precision": 0.80569528119065,
    "recall": 0.8073099415204679,
    "f1-score": 0.8042361090328696,
    "support": 422.0
  },
  "accuracy": 0.8127962085308057,
  "inference_time_seconds": 0.16467690467834473,
  "energy_kwh": 9.652684193710983e-06,
  "num_test_samples": 422
}