{
  "per_class": {
    "Cyberstalking": {
      "precision": 0.7719298245614035,
      "recall": 0.7719298245614035,
      "f1-score": 0.7719298245614035,
      "support": 57.0
    },
    "Doxing": {
      "precision": 0.8260869565217391,
      "recall": 0.7215189873417721,
      "f1-score": 0.7702702702702703,
      "support": 79.0
    },
    "Revenge Porn": {
      "precision": 0.6941176470588235,
      "recall": 0.8309859154929577,
      "f1-score": 0.7564102564102564,
      "support": 71.0
    },
    "Sexual Harassment": {
      "precision": 0.8333333333333334,
      "recall": 0.8536585365853658,
      "f1-score": 0.8433734939759037,
      "support": 82.0
    },
    "Slut Shaming": {
      "precision": 0.9518072289156626,
      "recall": 0.8876404494382022,
      "f1-score": 0.9186046511627907,
      "support": 89.0
    }
  },
  "weighted_avg": {
    "precision": 0.8243052889238656,
    "recall": 0.8174603174603174,
    "f1-score": 0.8187008466031535,
    "support": 378.0
  },
  "micro_avg": {
    "precision": 0.8174603174603174,
    "recall": 0.8174603174603174,
    "f1-score": 0.8174603174603174,
    "support": 378
  },
  "macro_avg": {
    "precision": 0.8154549980781924,
    "recall": 0.8131467426839404,
    "f1-score": 0.812117699276125,
    "support": 378.0
  },
  "accuracy": 0.8174603174603174,
  "inference_time_seconds": 0.28804731369018555,
  "energy_kwh": 1.774701071561701e-05,
  "num_test_samples": 378
}