{
  "per_class": {
    "Cyberstalking": {
      "precision": 0.875,
      "recall": 0.7368421052631579,
      "f1-score": 0.8,
      "support": 57.0
    },
    "Doxing": {
      "precision": 0.7590361445783133,
      "recall": 0.7974683544303798,
      "f1-score": 0.7777777777777778,
      "support": 79.0
    },
    "Revenge Porn": {
      "precision": 0.8636363636363636,
      "recall": 0.8028169014084507,
      "f1-score": 0.8321167883211679,
      "support": 71.0
    },
    "Sexual Harassment": {
      "precision": 0.9054054054054054,
      "recall": 0.8271604938271605,
      "f1-score": 0.864516129032258,
      "support": 81.0
    },
    "Slut Shaming": {
      "precision": 0.7884615384615384,
      "recall": 0.9425287356321839,
      "f1-score": 0.8586387434554974,
      "support": 87.0
    }
  },
  "weighted_avg": {
    "precision": 0.8349094104636272,
    "recall": 0.8293333333333334,
    "f1-score": 0.8289389694599695,
    "support": 375.0
  },
  "micro_avg": {
    "precision": 0.8293333333333334,
    "recall": 0.8293333333333334,
    "f1-score": 0.8293333333333334,
    "support": 375
  },
  "macro_avg": {
    "precision": 0.8383078904163241,
    "recall": 0.8213633181122665,
    "f1-score": 0.8266098877173402,
    "support": 375.0
  },
  "accuracy": 0.8293333333333334,
  "inference_time_seconds": 0.18840384483337402,
  "energy_kwh": 6.685461106860398e-06,
  "num_test_samples": 375
}