{
  "per_class": {
    "Cyberstalking": {
      "precision": 0.8695652173913043,
      "recall": 0.7692307692307693,
      "f1-score": 0.8163265306122449,
      "support": 52.0
    },
    "Doxing": {
      "precision": 0.855072463768116,
      "recall": 0.7972972972972973,
      "f1-score": 0.8251748251748252,
      "support": 74.0
    },
    "Revenge Porn": {
      "precision": 0.7887323943661971,
      "recall": 0.8,
      "f1-score": 0.7943262411347518,
      "support": 70.0
    },
    "Sexual Harassment": {
      "precision": 0.7816091954022989,
      "recall": 0.8831168831168831,
      "f1-score": 0.8292682926829268,
      "support": 77.0
    },
    "Slut Shaming": {
      "precision": 0.9555555555555556,
      "recall": 0.9555555555555556,
      "f1-score": 0.9555555555555556,
      "support": 90.0
    }
  },
  "weighted_avg": {
    "precision": 0.8536857555779592,
    "recall": 0.8512396694214877,
    "f1-score": 0.8511526503327599,
    "support": 363.0
  },
  "micro_avg": {
    "precision": 0.8512396694214877,
    "recall": 0.8512396694214877,
    "f1-score": 0.8512396694214877,
    "support": 363
  },
  "macro_avg": {
    "precision": 0.8501069652966944,
    "recall": 0.841040101040101,
    "f1-score": 0.8441302890320609,
    "support": 363.0
  },
  "accuracy": 0.8512396694214877,
  "inference_time_seconds": 0.29266357421875,
  "energy_kwh": 1.7339939540408226e-05,
  "num_test_samples": 363
}