{
  "per_class": {
    "emotion": {
      "precision": 0.8276220145379024,
      "recall": 0.847872340425532,
      "f1-score": 0.837624802942722,
      "support": 940.0
    },
    "hate": {
      "precision": 0.9480083857442348,
      "recall": 0.9358443708609272,
      "f1-score": 0.941887106852739,
      "support": 2416.0
    },
    "offensive": {
      "precision": 0.9065143824027073,
      "recall": 0.9068980110029623,
      "f1-score": 0.9067061561243918,
      "support": 2363.0
    },
    "religion": {
      "precision": 0.9951171875,
      "recall": 0.9995095635115253,
      "f1-score": 0.9973085392708588,
      "support": 2039.0
    },
    "spiritual": {
      "precision": 1.0,
      "recall": 0.9988310929281122,
      "f1-score": 0.9994152046783625,
      "support": 1711.0
    }
  },
  "weighted_avg": {
    "precision": 0.9452413543725628,
    "recall": 0.94497835040659,
    "f1-score": 0.9450865707701207,
    "support": 9469.0
  },
  "micro_avg": {
    "precision": 0.94497835040659,
    "recall": 0.94497835040659,
    "f1-score": 0.94497835040659,
    "support": 9469
  },
  "macro_avg": {
    "precision": 0.9354523940369688,
    "recall": 0.9377910757458118,
    "f1-score": 0.9365883619738149,
    "support": 9469.0
  },
  "accuracy": 0.94497835040659,
  "inference_time_seconds": 7.307482004165649,
  "energy_kwh": 0.0004849863925505624,
  "num_test_samples": 9469
}