{
  "per_class": {
    "Cyberstalking": {
      "precision": 0.7543859649122807,
      "recall": 0.7543859649122807,
      "f1-score": 0.7543859649122807,
      "support": 57.0
    },
    "Doxing": {
      "precision": 0.8428571428571429,
      "recall": 0.7375,
      "f1-score": 0.7866666666666666,
      "support": 80.0
    },
    "Revenge Porn": {
      "precision": 0.7195121951219512,
      "recall": 0.8309859154929577,
      "f1-score": 0.7712418300653595,
      "support": 71.0
    },
    "Sexual Harassment": {
      "precision": 0.8589743589743589,
      "recall": 0.8170731707317073,
      "f1-score": 0.8375,
      "support": 82.0
    },
    "Slut Shaming": {
      "precision": 0.8681318681318682,
      "recall": 0.8977272727272727,
      "f1-score": 0.88268156424581,
      "support": 88.0
    }
  },
  "weighted_avg": {
    "precision": 0.8157286749040524,
    "recall": 0.8121693121693122,
    "f1-score": 0.812281695559802,
    "support": 378.0
  },
  "micro_avg": {
    "precision": 0.8121693121693122,
    "recall": 0.8121693121693122,
    "f1-score": 0.8121693121693122,
    "support": 378
  },
  "macro_avg": {
    "precision": 0.8087723059995204,
    "recall": 0.8075344647728437,
    "f1-score": 0.8064952051780233,
    "support": 378.0
  },
  "accuracy": 0.8121693121693122,
  "inference_time_seconds": 0.28836846351623535,
  "energy_kwh": 1.8244825253274425e-05,
  "num_test_samples": 378
}