{
  "per_class": {
    "emotion": {
      "precision": 0.9011976047904192,
      "recall": 0.8976143141153081,
      "f1-score": 0.899402390438247,
      "support": 1006.0
    },
    "hate": {
      "precision": 0.9681782020684169,
      "recall": 0.9609159099881563,
      "f1-score": 0.964533386170002,
      "support": 2533.0
    },
    "offensive": {
      "precision": 0.955076052352317,
      "recall": 0.9615384615384616,
      "f1-score": 0.9582963620230701,
      "support": 2808.0
    },
    "religion": {
      "precision": 0.9971153846153846,
      "recall": 1.0,
      "f1-score": 0.9985556090515166,
      "support": 2074.0
    },
    "spiritual": {
      "precision": 1.0,
      "recall": 0.998844598497978,
      "f1-score": 0.999421965317919,
      "support": 1731.0
    }
  },
  "weighted_avg": {
    "precision": 0.9692544364613944,
    "recall": 0.9692671394799054,
    "f1-score": 0.9692535275461422,
    "support": 10152.0
  },
  "micro_avg": {
    "precision": 0.9692671394799054,
    "recall": 0.9692671394799054,
    "f1-score": 0.9692671394799054,
    "support": 10152
  },
  "macro_avg": {
    "precision": 0.9643134487653076,
    "recall": 0.9637826568279808,
    "f1-score": 0.964041942600151,
    "support": 10152.0
  },
  "accuracy": 0.9692671394799054,
  "inference_time_seconds": 2.502471446990967,
  "energy_kwh": 0.0001437435894079021,
  "num_test_samples": 10152
}