{
  "per_class": {
    "Cyberstalking": {
      "precision": 0.8333333333333334,
      "recall": 0.75,
      "f1-score": 0.7894736842105263,
      "support": 60.0
    },
    "Doxing": {
      "precision": 0.77,
      "recall": 0.875,
      "f1-score": 0.8191489361702128,
      "support": 88.0
    },
    "Revenge Porn": {
      "precision": 0.8289473684210527,
      "recall": 0.8289473684210527,
      "f1-score": 0.8289473684210527,
      "support": 76.0
    },
    "Sexual Harassment": {
      "precision": 0.8316831683168316,
      "recall": 0.8484848484848485,
      "f1-score": 0.84,
      "support": 99.0
    },
    "Slut Shaming": {
      "precision": 0.945054945054945,
      "recall": 0.8686868686868687,
      "f1-score": 0.9052631578947369,
      "support": 99.0
    }
  },
  "weighted_avg": {
    "precision": 0.8451589412886397,
    "recall": 0.8412322274881516,
    "f1-score": 0.841788104424619,
    "support": 422.0
  },
  "micro_avg": {
    "precision": 0.8412322274881516,
    "recall": 0.8412322274881516,
    "f1-score": 0.8412322274881516,
    "support": 422
  },
  "macro_avg": {
    "precision": 0.8418037630252325,
    "recall": 0.8342238171185541,
    "f1-score": 0.8365666293393057,
    "support": 422.0
  },
  "accuracy": 0.8412322274881516,
  "inference_time_seconds": 0.6658515930175781,
  "energy_kwh": 4.26474634018778e-05,
  "num_test_samples": 422
}