{
  "per_class": {
    "age": {
      "precision": 0.9830721003134796,
      "recall": 0.981226533166458,
      "f1-score": 0.9821484497337927,
      "support": 1598.0
    },
    "ethnicity": {
      "precision": 0.9910600255427842,
      "recall": 0.9748743718592965,
      "f1-score": 0.9829005699810006,
      "support": 1592.0
    },
    "gender": {
      "precision": 0.8690690690690691,
      "recall": 0.910062893081761,
      "f1-score": 0.8890937019969278,
      "support": 1590.0
    },
    "not_cyberbullying": {
      "precision": 0.7071376011773363,
      "recall": 0.6055450535601764,
      "f1-score": 0.6524100475220638,
      "support": 1587.0
    },
    "other_cyberbullying": {
      "precision": 0.7117542823390431,
      "recall": 0.7699680511182109,
      "f1-score": 0.7397176181706568,
      "support": 1565.0
    },
    "religion": {
      "precision": 0.9449818621523579,
      "recall": 0.976875,
      "f1-score": 0.9606637984019668,
      "support": 1600.0
    }
  },
  "weighted_avg": {
    "precision": 0.8685092741457912,
    "recall": 0.8703315148971884,
    "f1-score": 0.8684436436799423,
    "support": 9532.0
  },
  "micro_avg": {
    "precision": 0.8703315148971884,
    "recall": 0.8703315148971884,
    "f1-score": 0.8703315148971884,
    "support": 9532
  },
  "macro_avg": {
    "precision": 0.867845823432345,
    "recall": 0.8697586504643171,
    "f1-score": 0.8678223643010682,
    "support": 9532.0
  },
  "accuracy": 0.8703315148971884,
  "inference_time_seconds": 8.690495491027832,
  "energy_kwh": 0.00045411640559679,
  "num_test_samples": 9532
}