{
  "per_class": {
    "age": {
      "precision": 0.9843161856963614,
      "recall": 0.9818523153942428,
      "f1-score": 0.9830827067669173,
      "support": 1598.0
    },
    "ethnicity": {
      "precision": 0.9834077855775367,
      "recall": 0.967964824120603,
      "f1-score": 0.9756251978474201,
      "support": 1592.0
    },
    "gender": {
      "precision": 0.8711656441717791,
      "recall": 0.8930817610062893,
      "f1-score": 0.8819875776397516,
      "support": 1590.0
    },
    "not_cyberbullying": {
      "precision": 0.6568088033012379,
      "recall": 0.6017643352236925,
      "f1-score": 0.6280828674778034,
      "support": 1587.0
    },
    "other_cyberbullying": {
      "precision": 0.6594464500601684,
      "recall": 0.7003194888178914,
      "f1-score": 0.679268670591881,
      "support": 1565.0
    },
    "religion": {
      "precision": 0.9575384615384616,
      "recall": 0.9725,
      "f1-score": 0.9649612403100776,
      "support": 1600.0
    }
  },
  "weighted_avg": {
    "precision": 0.8529297773038312,
    "recall": 0.8536508602601762,
    "f1-score": 0.8529461491285695,
    "support": 9532.0
  },
  "micro_avg": {
    "precision": 0.8536508602601762,
    "recall": 0.8536508602601762,
    "f1-score": 0.8536508602601762,
    "support": 9532
  },
  "macro_avg": {
    "precision": 0.8521138883909241,
    "recall": 0.8529137874271199,
    "f1-score": 0.852168043438975,
    "support": 9532.0
  },
  "accuracy": 0.8536508602601762,
  "inference_time_seconds": 3.763826370239258,
  "energy_kwh": 0.00022092365223551152,
  "num_test_samples": 9532
}