{
  "per_class": {
    "Cyberstalking": {
      "precision": 0.7192982456140351,
      "recall": 0.7192982456140351,
      "f1-score": 0.7192982456140351,
      "support": 57.0
    },
    "Doxing": {
      "precision": 0.8115942028985508,
      "recall": 0.7088607594936709,
      "f1-score": 0.7567567567567568,
      "support": 79.0
    },
    "Revenge Porn": {
      "precision": 0.8548387096774194,
      "recall": 0.7571428571428571,
      "f1-score": 0.803030303030303,
      "support": 70.0
    },
    "Sexual Harassment": {
      "precision": 0.7444444444444445,
      "recall": 0.8271604938271605,
      "f1-score": 0.783625730994152,
      "support": 81.0
    },
    "Slut Shaming": {
      "precision": 0.8163265306122449,
      "recall": 0.898876404494382,
      "f1-score": 0.8556149732620321,
      "support": 89.0
    }
  },
  "weighted_avg": {
    "precision": 0.7923077471566349,
    "recall": 0.7898936170212766,
    "f1-score": 0.7888811750711493,
    "support": 376.0
  },
  "micro_avg": {
    "precision": 0.7898936170212766,
    "recall": 0.7898936170212766,
    "f1-score": 0.7898936170212766,
    "support": 376
  },
  "macro_avg": {
    "precision": 0.789300426649339,
    "recall": 0.7822677521144212,
    "f1-score": 0.7836652019314558,
    "support": 376.0
  },
  "accuracy": 0.7898936170212766,
  "inference_time_seconds": 0.279163122177124,
  "energy_kwh": 9.559008111551205e-06,
  "num_test_samples": 376
}