{
  "per_class": {
    "age": {
      "precision": 0.9844236760124611,
      "recall": 0.9875,
      "f1-score": 0.9859594383775351,
      "support": 1600.0
    },
    "ethnicity": {
      "precision": 0.9744389027431422,
      "recall": 0.976875,
      "f1-score": 0.9756554307116105,
      "support": 1600.0
    },
    "gender": {
      "precision": 0.9303547963206308,
      "recall": 0.8844472204871955,
      "f1-score": 0.9068203650336215,
      "support": 1601.0
    },
    "other_cyberbullying": {
      "precision": 0.8754512635379061,
      "recall": 0.9088069956277327,
      "f1-score": 0.8918173460006129,
      "support": 1601.0
    },
    "religion": {
      "precision": 0.9751398384089497,
      "recall": 0.980625,
      "f1-score": 0.9778747273293861,
      "support": 1600.0
    }
  },
  "weighted_avg": {
    "precision": 0.9479504335537119,
    "recall": 0.9476380904773807,
    "f1-score": 0.9476133878574683,
    "support": 8002.0
  },
  "micro_avg": {
    "precision": 0.9476380904773807,
    "recall": 0.9476380904773807,
    "f1-score": 0.9476380904773807,
    "support": 8002
  },
  "macro_avg": {
    "precision": 0.9479616954046179,
    "recall": 0.9476508432229857,
    "f1-score": 0.9476254614905532,
    "support": 8002.0
  },
  "accuracy": 0.9476380904773807,
  "inference_time_seconds": 5.92981219291687,
  "energy_kwh": 0.000384853255754113,
  "num_test_samples": 8002
}