{
  "per_class": {
    "emotion": {
      "precision": 0.8996990972918756,
      "recall": 0.8916500994035785,
      "f1-score": 0.8956565152271593,
      "support": 1006.0
    },
    "hate": {
      "precision": 0.962992125984252,
      "recall": 0.9656533754441374,
      "f1-score": 0.964320914646166,
      "support": 2533.0
    },
    "offensive": {
      "precision": 0.9603995718872637,
      "recall": 0.9586894586894587,
      "f1-score": 0.9595437533416503,
      "support": 2808.0
    },
    "religion": {
      "precision": 0.9956793086893903,
      "recall": 1.0,
      "f1-score": 0.997834977146981,
      "support": 2074.0
    },
    "spiritual": {
      "precision": 0.9994216310005783,
      "recall": 0.9982668977469671,
      "f1-score": 0.9988439306358381,
      "support": 1731.0
    }
  },
  "weighted_avg": {
    "precision": 0.9688924423105761,
    "recall": 0.9689716312056738,
    "f1-score": 0.968928563537637,
    "support": 10152.0
  },
  "micro_avg": {
    "precision": 0.9689716312056738,
    "recall": 0.9689716312056738,
    "f1-score": 0.9689716312056738,
    "support": 10152
  },
  "macro_avg": {
    "precision": 0.9636383469706719,
    "recall": 0.9628519662568283,
    "f1-score": 0.9632400181995588,
    "support": 10152.0
  },
  "accuracy": 0.9689716312056738,
  "inference_time_seconds": 3.6695594787597656,
  "energy_kwh": 0.00022362543780912533,
  "num_test_samples": 10152
}