{
  "per_class": {
    "emotion": {
      "precision": 0.8297413793103449,
      "recall": 0.8288482238966631,
      "f1-score": 0.8292945611200861,
      "support": 929.0
    },
    "hate": {
      "precision": 0.9215291750503019,
      "recall": 0.9466721785861927,
      "f1-score": 0.933931484502447,
      "support": 2419.0
    },
    "offensive": {
      "precision": 0.9116379310344828,
      "recall": 0.8853076601088321,
      "f1-score": 0.8982798895731577,
      "support": 2389.0
    },
    "religion": {
      "precision": 0.9960649286768323,
      "recall": 0.9975369458128078,
      "f1-score": 0.9968003937976865,
      "support": 2030.0
    },
    "spiritual": {
      "precision": 0.9982466393921683,
      "recall": 0.9988304093567252,
      "f1-score": 0.9985384390529085,
      "support": 1710.0
    }
  },
  "weighted_avg": {
    "precision": 0.9398465117275454,
    "recall": 0.9399599029228659,
    "f1-score": 0.9398112371712599,
    "support": 9477.0
  },
  "micro_avg": {
    "precision": 0.9399599029228659,
    "recall": 0.9399599029228659,
    "f1-score": 0.9399599029228659,
    "support": 9477
  },
  "macro_avg": {
    "precision": 0.9314440106928259,
    "recall": 0.9314390835522441,
    "f1-score": 0.9313689536092571,
    "support": 9477.0
  },
  "accuracy": 0.9399599029228659,
  "inference_time_seconds": 3.7577641010284424,
  "energy_kwh": 0.00022332092173697898,
  "num_test_samples": 9477
}