{
  "per_class": {
    "emotion": {
      "precision": 0.8459743290548425,
      "recall": 0.7704569606801275,
      "f1-score": 0.8064516129032258,
      "support": 941.0
    },
    "hate": {
      "precision": 0.9494692144373673,
      "recall": 0.9266473269788645,
      "f1-score": 0.9379194630872483,
      "support": 2413.0
    },
    "offensive": {
      "precision": 0.8678414096916299,
      "recall": 0.9158918005071851,
      "f1-score": 0.8912194118856673,
      "support": 2366.0
    },
    "religion": {
      "precision": 0.9936708860759493,
      "recall": 1.0,
      "f1-score": 0.9968253968253968,
      "support": 2041.0
    },
    "spiritual": {
      "precision": 1.0,
      "recall": 0.9988317757009346,
      "f1-score": 0.9994155464640561,
      "support": 1712.0
    }
  },
  "weighted_avg": {
    "precision": 0.9374565725630088,
    "recall": 0.9372954713395968,
    "f1-score": 0.9370015635131482,
    "support": 9473.0
  },
  "micro_avg": {
    "precision": 0.9372954713395968,
    "recall": 0.9372954713395968,
    "f1-score": 0.9372954713395968,
    "support": 9473
  },
  "macro_avg": {
    "precision": 0.9313911678519577,
    "recall": 0.9223655727734223,
    "f1-score": 0.9263662862331188,
    "support": 9473.0
  },
  "accuracy": 0.9372954713395968,
  "inference_time_seconds": 9.299614429473877,
  "energy_kwh": 0.0005070592343256507,
  "num_test_samples": 9473
}