{
  "per_class": {
    "age": {
      "precision": 0.9857231533209186,
      "recall": 0.9925,
      "f1-score": 0.9890999688570539,
      "support": 1600.0
    },
    "ethnicity": {
      "precision": 0.9974489795918368,
      "recall": 0.9775,
      "f1-score": 0.9873737373737373,
      "support": 1600.0
    },
    "gender": {
      "precision": 0.9171339563862928,
      "recall": 0.9194253591505309,
      "f1-score": 0.9182782283218964,
      "support": 1601.0
    },
    "other_cyberbullying": {
      "precision": 0.8978328173374613,
      "recall": 0.905683947532792,
      "f1-score": 0.9017412935323383,
      "support": 1601.0
    },
    "religion": {
      "precision": 0.9868995633187773,
      "recall": 0.98875,
      "f1-score": 0.9878239150796129,
      "support": 1600.0
    }
  },
  "weighted_avg": {
    "precision": 0.9569953160087706,
    "recall": 0.9567608097975506,
    "f1-score": 0.9568517181436236,
    "support": 8002.0
  },
  "micro_avg": {
    "precision": 0.9567608097975506,
    "recall": 0.9567608097975506,
    "f1-score": 0.9567608097975506,
    "support": 8002
  },
  "macro_avg": {
    "precision": 0.9570076939910575,
    "recall": 0.9567718613366647,
    "f1-score": 0.9568634286329278,
    "support": 8002.0
  },
  "accuracy": 0.9567608097975506,
  "inference_time_seconds": 6.278763771057129,
  "energy_kwh": 0.00043222537674740823,
  "num_test_samples": 8002
}