{
  "per_class": {
    "emotion": {
      "precision": 0.7931363203050524,
      "recall": 0.827037773359841,
      "f1-score": 0.8097323600973236,
      "support": 1006.0
    },
    "hate": {
      "precision": 0.946688879633486,
      "recall": 0.8973549151204105,
      "f1-score": 0.9213619781110661,
      "support": 2533.0
    },
    "offensive": {
      "precision": 0.8968501211491866,
      "recall": 0.9227207977207977,
      "f1-score": 0.9096015446726348,
      "support": 2808.0
    },
    "religion": {
      "precision": 0.9947191550648103,
      "recall": 0.9990356798457087,
      "f1-score": 0.9968727447678615,
      "support": 2074.0
    },
    "spiritual": {
      "precision": 0.9988439306358381,
      "recall": 0.9982668977469671,
      "f1-score": 0.9985553308292401,
      "support": 1731.0
    }
  },
  "weighted_avg": {
    "precision": 0.9363927878310156,
    "recall": 0.9353821907013397,
    "f1-score": 0.9356358483616978,
    "support": 10152.0
  },
  "micro_avg": {
    "precision": 0.9353821907013397,
    "recall": 0.9353821907013397,
    "f1-score": 0.9353821907013397,
    "support": 10152
  },
  "macro_avg": {
    "precision": 0.9260476813576746,
    "recall": 0.9288832127587451,
    "f1-score": 0.9272247916956253,
    "support": 10152.0
  },
  "accuracy": 0.9353821907013397,
  "inference_time_seconds": 13.32187032699585,
  "energy_kwh": 0.0007245051458977295,
  "num_test_samples": 10152
}