{
  "per_class": {
    "emotion": {
      "precision": 0.9148296593186372,
      "recall": 0.9075546719681908,
      "f1-score": 0.9111776447105788,
      "support": 1006.0
    },
    "hate": {
      "precision": 0.9685634699562277,
      "recall": 0.9609159099881563,
      "f1-score": 0.9647245342845818,
      "support": 2533.0
    },
    "offensive": {
      "precision": 0.9594499294781382,
      "recall": 0.969017094017094,
      "f1-score": 0.9642097802976612,
      "support": 2808.0
    },
    "religion": {
      "precision": 0.9980750721847931,
      "recall": 1.0,
      "f1-score": 0.9990366088631984,
      "support": 2074.0
    },
    "spiritual": {
      "precision": 1.0,
      "recall": 0.997689196995956,
      "f1-score": 0.9988432620011567,
      "support": 1731.0
    }
  },
  "weighted_avg": {
    "precision": 0.9721072703269845,
    "recall": 0.972123719464145,
    "f1-score": 0.9721032931741329,
    "support": 10152.0
  },
  "micro_avg": {
    "precision": 0.972123719464145,
    "recall": 0.972123719464145,
    "f1-score": 0.972123719464145,
    "support": 10152
  },
  "macro_avg": {
    "precision": 0.9681836261875592,
    "recall": 0.9670353745938793,
    "f1-score": 0.9675983660314355,
    "support": 10152.0
  },
  "accuracy": 0.972123719464145,
  "inference_time_seconds": 7.551493883132935,
  "energy_kwh": 0.0004890819792332146,
  "num_test_samples": 10152
}