{
  "per_class": {
    "Cyberstalking": {
      "precision": 0.7230769230769231,
      "recall": 0.7833333333333333,
      "f1-score": 0.752,
      "support": 60.0
    },
    "Doxing": {
      "precision": 0.7254901960784313,
      "recall": 0.8409090909090909,
      "f1-score": 0.7789473684210526,
      "support": 88.0
    },
    "Revenge Porn": {
      "precision": 0.8026315789473685,
      "recall": 0.8026315789473685,
      "f1-score": 0.8026315789473685,
      "support": 76.0
    },
    "Sexual Harassment": {
      "precision": 0.9647058823529412,
      "recall": 0.8282828282828283,
      "f1-score": 0.8913043478260869,
      "support": 99.0
    },
    "Slut Shaming": {
      "precision": 0.9361702127659575,
      "recall": 0.8888888888888888,
      "f1-score": 0.9119170984455959,
      "support": 99.0
    }
  },
  "weighted_avg": {
    "precision": 0.844584090180778,
    "recall": 0.8341232227488151,
    "f1-score": 0.8369343402889793,
    "support": 422.0
  },
  "micro_avg": {
    "precision": 0.8341232227488151,
    "recall": 0.8341232227488151,
    "f1-score": 0.8341232227488151,
    "support": 422
  },
  "macro_avg": {
    "precision": 0.8304149586443244,
    "recall": 0.8288091440723019,
    "f1-score": 0.8273600787280208,
    "support": 422.0
  },
  "accuracy": 0.8341232227488151,
  "inference_time_seconds": 0.658550500869751,
  "energy_kwh": 4.798174236683465e-05,
  "num_test_samples": 422
}