{
  "per_class": {
    "emotion": {
      "precision": 0.8761061946902655,
      "recall": 0.8443496801705757,
      "f1-score": 0.8599348534201955,
      "support": 938.0
    },
    "hate": {
      "precision": 0.941999177293295,
      "recall": 0.9474555233760861,
      "f1-score": 0.9447194719471947,
      "support": 2417.0
    },
    "offensive": {
      "precision": 0.9136114622840287,
      "recall": 0.9198133220195164,
      "f1-score": 0.9167019027484143,
      "support": 2357.0
    },
    "religion": {
      "precision": 0.996084189916789,
      "recall": 0.9985279685966634,
      "f1-score": 0.9973045822102425,
      "support": 2038.0
    },
    "spiritual": {
      "precision": 1.0,
      "recall": 0.9994169096209913,
      "f1-score": 0.99970836978711,
      "support": 1715.0
    }
  },
  "weighted_avg": {
    "precision": 0.9505548249119107,
    "recall": 0.9507659799260433,
    "f1-score": 0.9506263955321598,
    "support": 9465.0
  },
  "micro_avg": {
    "precision": 0.9507659799260433,
    "recall": 0.9507659799260433,
    "f1-score": 0.9507659799260433,
    "support": 9465
  },
  "macro_avg": {
    "precision": 0.9455602048368756,
    "recall": 0.9419126807567666,
    "f1-score": 0.9436738360226314,
    "support": 9465.0
  },
  "accuracy": 0.9507659799260433,
  "inference_time_seconds": 4.500545263290405,
  "energy_kwh": 0.00025631610933893057,
  "num_test_samples": 9465
}