{
  "per_class": {
    "emotion": {
      "precision": 0.8158697863682605,
      "recall": 0.8550106609808102,
      "f1-score": 0.8349817803227486,
      "support": 938.0
    },
    "hate": {
      "precision": 0.9542372881355933,
      "recall": 0.9340522604728329,
      "f1-score": 0.9440368895409768,
      "support": 2411.0
    },
    "offensive": {
      "precision": 0.9011035653650254,
      "recall": 0.8999576091564222,
      "f1-score": 0.9005302226935313,
      "support": 2359.0
    },
    "religion": {
      "precision": 0.9946341463414634,
      "recall": 1.0,
      "f1-score": 0.9973098557104426,
      "support": 2039.0
    },
    "spiritual": {
      "precision": 0.9994155464640561,
      "recall": 0.9982486865148862,
      "f1-score": 0.9988317757009346,
      "support": 1713.0
    }
  },
  "weighted_avg": {
    "precision": 0.9441557217217347,
    "recall": 0.9435517970401691,
    "f1-score": 0.9437790986817512,
    "support": 9460.0
  },
  "micro_avg": {
    "precision": 0.9435517970401691,
    "recall": 0.9435517970401691,
    "f1-score": 0.9435517970401691,
    "support": 9460
  },
  "macro_avg": {
    "precision": 0.9330520665348796,
    "recall": 0.9374538434249903,
    "f1-score": 0.9351381047937266,
    "support": 9460.0
  },
  "accuracy": 0.9435517970401691,
  "inference_time_seconds": 2.3664920330047607,
  "energy_kwh": 0.00013549225037309403,
  "num_test_samples": 9460
}