{
  "per_class": {
    "age": {
      "precision": 0.9793621013133208,
      "recall": 0.9799749687108886,
      "f1-score": 0.9796684391617141,
      "support": 1598.0
    },
    "ethnicity": {
      "precision": 0.9860935524652339,
      "recall": 0.9798994974874372,
      "f1-score": 0.9829867674858223,
      "support": 1592.0
    },
    "gender": {
      "precision": 0.8955132145052244,
      "recall": 0.9163522012578617,
      "f1-score": 0.9058128691327324,
      "support": 1590.0
    },
    "not_cyberbullying": {
      "precision": 0.7236941710825132,
      "recall": 0.6023944549464398,
      "f1-score": 0.657496561210454,
      "support": 1587.0
    },
    "other_cyberbullying": {
      "precision": 0.6927374301675978,
      "recall": 0.792332268370607,
      "f1-score": 0.7391952309985097,
      "support": 1565.0
    },
    "religion": {
      "precision": 0.9566026038437694,
      "recall": 0.964375,
      "f1-score": 0.9604730781201369,
      "support": 1600.0
    }
  },
  "weighted_avg": {
    "precision": 0.8730537639904443,
    "recall": 0.8730591691145615,
    "f1-score": 0.8715602251033121,
    "support": 9532.0
  },
  "micro_avg": {
    "precision": 0.8730591691145615,
    "recall": 0.8730591691145615,
    "f1-score": 0.8730591691145615,
    "support": 9532
  },
  "macro_avg": {
    "precision": 0.8723338455629431,
    "recall": 0.8725547317955392,
    "f1-score": 0.8709388243515616,
    "support": 9532.0
  },
  "accuracy": 0.8730591691145615,
  "inference_time_seconds": 7.474095106124878,
  "energy_kwh": 0.00044470553014498915,
  "num_test_samples": 9532
}