{
  "per_class": {
    "emotion": {
      "precision": 0.9146968139773896,
      "recall": 0.8846918489065606,
      "f1-score": 0.89944416371905,
      "support": 1006.0
    },
    "hate": {
      "precision": 0.9625098658247829,
      "recall": 0.9628898539281484,
      "f1-score": 0.9626998223801065,
      "support": 2533.0
    },
    "offensive": {
      "precision": 0.9537755822159492,
      "recall": 0.9626068376068376,
      "f1-score": 0.9581708613966679,
      "support": 2808.0
    },
    "religion": {
      "precision": 0.9956751561749159,
      "recall": 0.9990356798457087,
      "f1-score": 0.997352587244284,
      "support": 2074.0
    },
    "spiritual": {
      "precision": 0.9988439306358381,
      "recall": 0.9982668977469671,
      "f1-score": 0.9985553308292401,
      "support": 1731.0
    }
  },
  "weighted_avg": {
    "precision": 0.968326776762729,
    "recall": 0.9684791174152876,
    "f1-score": 0.968371926832356,
    "support": 10152.0
  },
  "micro_avg": {
    "precision": 0.9684791174152876,
    "recall": 0.9684791174152876,
    "f1-score": 0.9684791174152876,
    "support": 10152
  },
  "macro_avg": {
    "precision": 0.9651002697657752,
    "recall": 0.9614982236068446,
    "f1-score": 0.9632445531138696,
    "support": 10152.0
  },
  "accuracy": 0.9684791174152876,
  "inference_time_seconds": 4.005911588668823,
  "energy_kwh": 0.0002369189496553155,
  "num_test_samples": 10152
}