{
  "per_class": {
    "Cyberstalking": {
      "precision": 0.8085106382978723,
      "recall": 0.7307692307692307,
      "f1-score": 0.7676767676767676,
      "support": 52.0
    },
    "Doxing": {
      "precision": 0.7894736842105263,
      "recall": 0.8108108108108109,
      "f1-score": 0.8,
      "support": 74.0
    },
    "Revenge Porn": {
      "precision": 0.7746478873239436,
      "recall": 0.7857142857142857,
      "f1-score": 0.7801418439716312,
      "support": 70.0
    },
    "Sexual Harassment": {
      "precision": 0.8481012658227848,
      "recall": 0.8701298701298701,
      "f1-score": 0.8589743589743589,
      "support": 77.0
    },
    "Slut Shaming": {
      "precision": 0.9333333333333333,
      "recall": 0.9333333333333333,
      "f1-score": 0.9333333333333333,
      "support": 90.0
    }
  },
  "weighted_avg": {
    "precision": 0.8374456071738258,
    "recall": 0.837465564738292,
    "f1-score": 0.8371078419785999,
    "support": 363.0
  },
  "micro_avg": {
    "precision": 0.837465564738292,
    "recall": 0.837465564738292,
    "f1-score": 0.837465564738292,
    "support": 363
  },
  "macro_avg": {
    "precision": 0.830813361797692,
    "recall": 0.8261515061515062,
    "f1-score": 0.8280252607912182,
    "support": 363.0
  },
  "accuracy": 0.837465564738292,
  "inference_time_seconds": 0.28850817680358887,
  "energy_kwh": 1.688713483155868e-05,
  "num_test_samples": 363
}