{
  "per_class": {
    "Cyberstalking": {
      "precision": 0.8113207547169812,
      "recall": 0.7166666666666667,
      "f1-score": 0.7610619469026548,
      "support": 60.0
    },
    "Doxing": {
      "precision": 0.810126582278481,
      "recall": 0.7272727272727273,
      "f1-score": 0.7664670658682635,
      "support": 88.0
    },
    "Revenge Porn": {
      "precision": 0.6777777777777778,
      "recall": 0.8026315789473685,
      "f1-score": 0.7349397590361446,
      "support": 76.0
    },
    "Sexual Harassment": {
      "precision": 0.7837837837837838,
      "recall": 0.8787878787878788,
      "f1-score": 0.8285714285714286,
      "support": 99.0
    },
    "Slut Shaming": {
      "precision": 0.9325842696629213,
      "recall": 0.8383838383838383,
      "f1-score": 0.8829787234042553,
      "support": 99.0
    }
  },
  "weighted_avg": {
    "precision": 0.8090093197295263,
    "recall": 0.8009478672985783,
    "f1-score": 0.801923472376555,
    "support": 422.0
  },
  "micro_avg": {
    "precision": 0.8009478672985783,
    "recall": 0.8009478672985783,
    "f1-score": 0.8009478672985783,
    "support": 422
  },
  "macro_avg": {
    "precision": 0.8031186336439889,
    "recall": 0.7927485380116959,
    "f1-score": 0.7948037847565493,
    "support": 422.0
  },
  "accuracy": 0.8009478672985783,
  "inference_time_seconds": 0.4169790744781494,
  "energy_kwh": 4.47806317281956e-05,
  "num_test_samples": 422
}