{
  "per_class": {
    "Cyberstalking": {
      "precision": 0.6774193548387096,
      "recall": 0.7368421052631579,
      "f1-score": 0.7058823529411765,
      "support": 57.0
    },
    "Doxing": {
      "precision": 0.7631578947368421,
      "recall": 0.7341772151898734,
      "f1-score": 0.7483870967741936,
      "support": 79.0
    },
    "Revenge Porn": {
      "precision": 0.8,
      "recall": 0.8,
      "f1-score": 0.8,
      "support": 70.0
    },
    "Sexual Harassment": {
      "precision": 0.8125,
      "recall": 0.8024691358024691,
      "f1-score": 0.8074534161490683,
      "support": 81.0
    },
    "Slut Shaming": {
      "precision": 0.8505747126436781,
      "recall": 0.8409090909090909,
      "f1-score": 0.8457142857142858,
      "support": 88.0
    }
  },
  "weighted_avg": {
    "precision": 0.7881745376604284,
    "recall": 0.7866666666666666,
    "f1-score": 0.7871585563033068,
    "support": 375.0
  },
  "micro_avg": {
    "precision": 0.7866666666666666,
    "recall": 0.7866666666666666,
    "f1-score": 0.7866666666666666,
    "support": 375
  },
  "macro_avg": {
    "precision": 0.780730392443846,
    "recall": 0.7828795094329182,
    "f1-score": 0.7814874303157449,
    "support": 375.0
  },
  "accuracy": 0.7866666666666666,
  "inference_time_seconds": 0.2012178897857666,
  "energy_kwh": 9.082998603525824e-06,
  "num_test_samples": 375
}