{
  "per_class": {
    "age": {
      "precision": 0.9796170475602224,
      "recall": 0.99125,
      "f1-score": 0.985399192295744,
      "support": 1600.0
    },
    "ethnicity": {
      "precision": 0.9893014474512272,
      "recall": 0.9825,
      "f1-score": 0.9858889934148636,
      "support": 1600.0
    },
    "gender": {
      "precision": 0.9117647058823529,
      "recall": 0.910056214865709,
      "f1-score": 0.9109096592685214,
      "support": 1601.0
    },
    "other_cyberbullying": {
      "precision": 0.8947696139476962,
      "recall": 0.8975640224859462,
      "f1-score": 0.8961646398503275,
      "support": 1601.0
    },
    "religion": {
      "precision": 0.9905660377358491,
      "recall": 0.984375,
      "f1-score": 0.987460815047022,
      "support": 1600.0
    }
  },
  "weighted_avg": {
    "precision": 0.9531912894830775,
    "recall": 0.9531367158210448,
    "f1-score": 0.953152256198636,
    "support": 8002.0
  },
  "micro_avg": {
    "precision": 0.9531367158210448,
    "recall": 0.9531367158210448,
    "f1-score": 0.9531367158210448,
    "support": 8002
  },
  "macro_avg": {
    "precision": 0.9532037705154697,
    "recall": 0.9531490474703311,
    "f1-score": 0.9531646599752956,
    "support": 8002.0
  },
  "accuracy": 0.9531367158210448,
  "inference_time_seconds": 1.5110011100769043,
  "energy_kwh": 0.0001051073880917093,
  "num_test_samples": 8002
}