{
  "per_class": {
    "age": {
      "precision": 0.981398332264272,
      "recall": 0.9782608695652174,
      "f1-score": 0.9798270893371758,
      "support": 1564.0
    },
    "ethnicity": {
      "precision": 0.9818548387096774,
      "recall": 0.9845013477088949,
      "f1-score": 0.9831763122476447,
      "support": 1484.0
    },
    "gender": {
      "precision": 0.8997955010224948,
      "recall": 0.9065934065934066,
      "f1-score": 0.9031816626753335,
      "support": 1456.0
    },
    "not_cyberbullying": {
      "precision": 0.6328790459965928,
      "recall": 0.6140495867768595,
      "f1-score": 0.6233221476510067,
      "support": 1210.0
    },
    "other_cyberbullying": {
      "precision": 0.6177644710578842,
      "recall": 0.6322778345250255,
      "f1-score": 0.6249369005552751,
      "support": 979.0
    },
    "religion": {
      "precision": 0.9577553593947037,
      "recall": 0.9595704358812381,
      "f1-score": 0.9586620384979488,
      "support": 1583.0
    }
  },
  "weighted_avg": {
    "precision": 0.8686302100699125,
    "recall": 0.8690188496858385,
    "f1-score": 0.8687905687769115,
    "support": 8276.0
  },
  "micro_avg": {
    "precision": 0.8690188496858385,
    "recall": 0.8690188496858385,
    "f1-score": 0.8690188496858385,
    "support": 8276
  },
  "macro_avg": {
    "precision": 0.8452412580742709,
    "recall": 0.845875580175107,
    "f1-score": 0.8455176918273976,
    "support": 8276.0
  },
  "accuracy": 0.8690188496858385,
  "inference_time_seconds": 2.087759256362915,
  "energy_kwh": 0.00011811541537072583,
  "num_test_samples": 8276
}