{
  "per_class": {
    "Cyberstalking": {
      "precision": 0.9,
      "recall": 0.75,
      "f1-score": 0.8181818181818182,
      "support": 60.0
    },
    "Doxing": {
      "precision": 0.7941176470588235,
      "recall": 0.9204545454545454,
      "f1-score": 0.8526315789473684,
      "support": 88.0
    },
    "Revenge Porn": {
      "precision": 0.8333333333333334,
      "recall": 0.7894736842105263,
      "f1-score": 0.8108108108108109,
      "support": 76.0
    },
    "Sexual Harassment": {
      "precision": 0.8415841584158416,
      "recall": 0.8585858585858586,
      "f1-score": 0.85,
      "support": 99.0
    },
    "Slut Shaming": {
      "precision": 0.9381443298969072,
      "recall": 0.9191919191919192,
      "f1-score": 0.9285714285714286,
      "support": 99.0
    }
  },
  "weighted_avg": {
    "precision": 0.8611583095200758,
    "recall": 0.8578199052132701,
    "f1-score": 0.8573997182191245,
    "support": 422.0
  },
  "micro_avg": {
    "precision": 0.8578199052132701,
    "recall": 0.8578199052132701,
    "f1-score": 0.8578199052132701,
    "support": 422
  },
  "macro_avg": {
    "precision": 0.8614358937409812,
    "recall": 0.8475412014885698,
    "f1-score": 0.8520391273022853,
    "support": 422.0
  },
  "accuracy": 0.8578199052132701,
  "inference_time_seconds": 0.31180906295776367,
  "energy_kwh": 1.637938803903144e-05,
  "num_test_samples": 422
}