{
  "per_class": {
    "Cyberstalking": {
      "precision": 0.7704918032786885,
      "recall": 0.7833333333333333,
      "f1-score": 0.7768595041322314,
      "support": 60.0
    },
    "Doxing": {
      "precision": 0.7551020408163265,
      "recall": 0.8409090909090909,
      "f1-score": 0.7956989247311828,
      "support": 88.0
    },
    "Revenge Porn": {
      "precision": 0.921875,
      "recall": 0.7763157894736842,
      "f1-score": 0.8428571428571429,
      "support": 76.0
    },
    "Sexual Harassment": {
      "precision": 0.8301886792452831,
      "recall": 0.8888888888888888,
      "f1-score": 0.8585365853658536,
      "support": 99.0
    },
    "Slut Shaming": {
      "precision": 0.9247311827956989,
      "recall": 0.8686868686868687,
      "f1-score": 0.8958333333333334,
      "support": 99.0
    }
  },
  "weighted_avg": {
    "precision": 0.8447347254279982,
    "recall": 0.8388625592417062,
    "f1-score": 0.839746067375925,
    "support": 422.0
  },
  "micro_avg": {
    "precision": 0.8388625592417062,
    "recall": 0.8388625592417062,
    "f1-score": 0.8388625592417062,
    "support": 422
  },
  "macro_avg": {
    "precision": 0.8404777412271993,
    "recall": 0.8316267942583732,
    "f1-score": 0.8339570980839488,
    "support": 422.0
  },
  "accuracy": 0.8388625592417062,
  "inference_time_seconds": 0.22954082489013672,
  "energy_kwh": 1.898755953069442e-05,
  "num_test_samples": 422
}