{
  "per_class": {
    "Cyberstalking": {
      "precision": 0.8536585365853658,
      "recall": 0.6730769230769231,
      "f1-score": 0.7526881720430108,
      "support": 52.0
    },
    "Doxing": {
      "precision": 0.5943396226415094,
      "recall": 0.8513513513513513,
      "f1-score": 0.7,
      "support": 74.0
    },
    "Revenge Porn": {
      "precision": 0.9038461538461539,
      "recall": 0.6811594202898551,
      "f1-score": 0.7768595041322314,
      "support": 69.0
    },
    "Sexual Harassment": {
      "precision": 0.8333333333333334,
      "recall": 0.7692307692307693,
      "f1-score": 0.8,
      "support": 78.0
    },
    "Slut Shaming": {
      "precision": 0.8804347826086957,
      "recall": 0.9,
      "f1-score": 0.8901098901098901,
      "support": 90.0
    }
  },
  "weighted_avg": {
    "precision": 0.8126057604079283,
    "recall": 0.7878787878787878,
    "f1-score": 0.7907795615461448,
    "support": 363.0
  },
  "micro_avg": {
    "precision": 0.7878787878787878,
    "recall": 0.7878787878787878,
    "f1-score": 0.7878787878787878,
    "support": 363
  },
  "macro_avg": {
    "precision": 0.8131224858030116,
    "recall": 0.7749636927897797,
    "f1-score": 0.7839315132570264,
    "support": 363.0
  },
  "accuracy": 0.7878787878787878,
  "inference_time_seconds": 0.42067527770996094,
  "energy_kwh": 2.7170455419801093e-05,
  "num_test_samples": 363
}