{
  "per_class": {
    "Cyberstalking": {
      "precision": 0.7931034482758621,
      "recall": 0.7666666666666667,
      "f1-score": 0.7796610169491526,
      "support": 60.0
    },
    "Doxing": {
      "precision": 0.8352941176470589,
      "recall": 0.8068181818181818,
      "f1-score": 0.8208092485549133,
      "support": 88.0
    },
    "Revenge Porn": {
      "precision": 0.84,
      "recall": 0.8289473684210527,
      "f1-score": 0.8344370860927153,
      "support": 76.0
    },
    "Sexual Harassment": {
      "precision": 0.9072164948453608,
      "recall": 0.8888888888888888,
      "f1-score": 0.8979591836734694,
      "support": 99.0
    },
    "Slut Shaming": {
      "precision": 0.8691588785046729,
      "recall": 0.9393939393939394,
      "f1-score": 0.9029126213592233,
      "support": 99.0
    }
  },
  "weighted_avg": {
    "precision": 0.8549603109268868,
    "recall": 0.8554502369668247,
    "f1-score": 0.8547734647655556,
    "support": 422.0
  },
  "micro_avg": {
    "precision": 0.8554502369668247,
    "recall": 0.8554502369668247,
    "f1-score": 0.8554502369668247,
    "support": 422
  },
  "macro_avg": {
    "precision": 0.848954587854591,
    "recall": 0.8461430090377459,
    "f1-score": 0.8471558313258948,
    "support": 422.0
  },
  "accuracy": 0.8554502369668247,
  "inference_time_seconds": 0.3169679641723633,
  "energy_kwh": 1.8802495308303125e-05,
  "num_test_samples": 422
}