{
  "per_class": {
    "Cyberstalking": {
      "precision": 0.609375,
      "recall": 0.6842105263157895,
      "f1-score": 0.6446280991735537,
      "support": 57.0
    },
    "Doxing": {
      "precision": 0.8095238095238095,
      "recall": 0.6455696202531646,
      "f1-score": 0.7183098591549296,
      "support": 79.0
    },
    "Revenge Porn": {
      "precision": 0.7108433734939759,
      "recall": 0.8428571428571429,
      "f1-score": 0.7712418300653595,
      "support": 70.0
    },
    "Sexual Harassment": {
      "precision": 0.8333333333333334,
      "recall": 0.7926829268292683,
      "f1-score": 0.8125,
      "support": 82.0
    },
    "Slut Shaming": {
      "precision": 0.8522727272727273,
      "recall": 0.8522727272727273,
      "f1-score": 0.8522727272727273,
      "support": 88.0
    }
  },
  "weighted_avg": {
    "precision": 0.7760083123146081,
    "recall": 0.7686170212765957,
    "f1-score": 0.7688888527412425,
    "support": 376.0
  },
  "micro_avg": {
    "precision": 0.7686170212765957,
    "recall": 0.7686170212765957,
    "f1-score": 0.7686170212765957,
    "support": 376
  },
  "macro_avg": {
    "precision": 0.7630696487247691,
    "recall": 0.7635185887056185,
    "f1-score": 0.759790503133314,
    "support": 376.0
  },
  "accuracy": 0.7686170212765957,
  "inference_time_seconds": 0.37866950035095215,
  "energy_kwh": 2.341070422435124e-05,
  "num_test_samples": 376
}