{
  "per_class": {
    "emotion": {
      "precision": 0.8734177215189873,
      "recall": 0.8161290322580645,
      "f1-score": 0.8438021122846026,
      "support": 930.0
    },
    "hate": {
      "precision": 0.9202085004009624,
      "recall": 0.9467821782178217,
      "f1-score": 0.9333062220414803,
      "support": 2424.0
    },
    "offensive": {
      "precision": 0.9013906447534766,
      "recall": 0.8953537044788614,
      "f1-score": 0.8983620327593448,
      "support": 2389.0
    },
    "religion": {
      "precision": 0.9946051986267779,
      "recall": 0.9995071463775259,
      "f1-score": 0.9970501474926253,
      "support": 2029.0
    },
    "spiritual": {
      "precision": 0.9994141769185706,
      "recall": 0.9976608187134502,
      "f1-score": 0.9985367281240854,
      "support": 1710.0
    }
  },
  "weighted_avg": {
    "precision": 0.9410818737444774,
    "recall": 0.9414680447163046,
    "f1-score": 0.9411273673560456,
    "support": 9482.0
  },
  "micro_avg": {
    "precision": 0.9414680447163046,
    "recall": 0.9414680447163046,
    "f1-score": 0.9414680447163046,
    "support": 9482
  },
  "macro_avg": {
    "precision": 0.937807248443755,
    "recall": 0.9310865760091449,
    "f1-score": 0.9342114485404277,
    "support": 9482.0
  },
  "accuracy": 0.9414680447163046,
  "inference_time_seconds": 7.036513566970825,
  "energy_kwh": 0.0004458392129472155,
  "num_test_samples": 9482
}