{
  "per_class": {
    "emotion": {
      "precision": 0.9047619047619048,
      "recall": 0.9443339960238568,
      "f1-score": 0.9241245136186771,
      "support": 1006.0
    },
    "hate": {
      "precision": 0.9696012633241216,
      "recall": 0.9696012633241216,
      "f1-score": 0.9696012633241216,
      "support": 2533.0
    },
    "offensive": {
      "precision": 0.9743125904486252,
      "recall": 0.959045584045584,
      "f1-score": 0.966618808327351,
      "support": 2808.0
    },
    "religion": {
      "precision": 1.0,
      "recall": 0.9980713596914176,
      "f1-score": 0.999034749034749,
      "support": 2074.0
    },
    "spiritual": {
      "precision": 0.9976945244956772,
      "recall": 1.0,
      "f1-score": 0.9988459319099827,
      "support": 1731.0
    }
  },
  "weighted_avg": {
    "precision": 0.9754796544594398,
    "recall": 0.975177304964539,
    "f1-score": 0.9752694298776439,
    "support": 10152.0
  },
  "micro_avg": {
    "precision": 0.975177304964539,
    "recall": 0.975177304964539,
    "f1-score": 0.975177304964539,
    "support": 10152
  },
  "macro_avg": {
    "precision": 0.9692740566060657,
    "recall": 0.9742104406169959,
    "f1-score": 0.9716450532429762,
    "support": 10152.0
  },
  "accuracy": 0.975177304964539,
  "inference_time_seconds": 7.988232851028442,
  "energy_kwh": 0.0004686238136451385,
  "num_test_samples": 10152
}