{
  "per_class": {
    "age": {
      "precision": 0.9817953546767106,
      "recall": 0.9917564996829423,
      "f1-score": 0.9867507886435332,
      "support": 1577.0
    },
    "ethnicity": {
      "precision": 0.9899193548387096,
      "recall": 0.9839679358717435,
      "f1-score": 0.9869346733668342,
      "support": 1497.0
    },
    "gender": {
      "precision": 0.9421428571428572,
      "recall": 0.8846411804158283,
      "f1-score": 0.912487028709789,
      "support": 1491.0
    },
    "other_cyberbullying": {
      "precision": 0.8556390977443609,
      "recall": 0.901743264659271,
      "f1-score": 0.8780864197530864,
      "support": 1262.0
    },
    "religion": {
      "precision": 0.9776119402985075,
      "recall": 0.9874371859296482,
      "f1-score": 0.9825,
      "support": 1592.0
    }
  },
  "weighted_avg": {
    "precision": 0.9531082758899215,
    "recall": 0.9524194635395606,
    "f1-score": 0.9524666964895125,
    "support": 7419.0
  },
  "micro_avg": {
    "precision": 0.9524194635395606,
    "recall": 0.9524194635395606,
    "f1-score": 0.9524194635395606,
    "support": 7419
  },
  "macro_avg": {
    "precision": 0.949421720940229,
    "recall": 0.9499092133118866,
    "f1-score": 0.9493517820946484,
    "support": 7419.0
  },
  "accuracy": 0.9524194635395606,
  "inference_time_seconds": 5.896273851394653,
  "energy_kwh": 0.00030815090216934816,
  "num_test_samples": 7419
}