{
  "per_class": {
    "Cyberstalking": {
      "precision": 0.7301587301587301,
      "recall": 0.7666666666666667,
      "f1-score": 0.7479674796747967,
      "support": 60.0
    },
    "Doxing": {
      "precision": 0.8117647058823529,
      "recall": 0.7840909090909091,
      "f1-score": 0.7976878612716763,
      "support": 88.0
    },
    "Revenge Porn": {
      "precision": 0.8157894736842105,
      "recall": 0.8157894736842105,
      "f1-score": 0.8157894736842105,
      "support": 76.0
    },
    "Sexual Harassment": {
      "precision": 0.8627450980392157,
      "recall": 0.8888888888888888,
      "f1-score": 0.8756218905472637,
      "support": 99.0
    },
    "Slut Shaming": {
      "precision": 0.9270833333333334,
      "recall": 0.898989898989899,
      "f1-score": 0.9128205128205128,
      "support": 99.0
    }
  },
  "weighted_avg": {
    "precision": 0.83990007732951,
    "recall": 0.8388625592417062,
    "f1-score": 0.8391715130469317,
    "support": 422.0
  },
  "micro_avg": {
    "precision": 0.8388625592417062,
    "recall": 0.8388625592417062,
    "f1-score": 0.8388625592417062,
    "support": 422
  },
  "macro_avg": {
    "precision": 0.8295082682195686,
    "recall": 0.8308851674641149,
    "f1-score": 0.8299774435996919,
    "support": 422.0
  },
  "accuracy": 0.8388625592417062,
  "inference_time_seconds": 0.1951606273651123,
  "energy_kwh": 1.5313801966511073e-05,
  "num_test_samples": 422
}