{
  "per_class": {
    "Cyberstalking": {
      "precision": 0.696969696969697,
      "recall": 0.7666666666666667,
      "f1-score": 0.7301587301587301,
      "support": 60.0
    },
    "Doxing": {
      "precision": 0.8235294117647058,
      "recall": 0.7954545454545454,
      "f1-score": 0.8092485549132948,
      "support": 88.0
    },
    "Revenge Porn": {
      "precision": 0.7241379310344828,
      "recall": 0.8289473684210527,
      "f1-score": 0.7730061349693251,
      "support": 76.0
    },
    "Sexual Harassment": {
      "precision": 0.8350515463917526,
      "recall": 0.8181818181818182,
      "f1-score": 0.826530612244898,
      "support": 99.0
    },
    "Slut Shaming": {
      "precision": 0.9770114942528736,
      "recall": 0.8585858585858586,
      "f1-score": 0.9139784946236559,
      "support": 99.0
    }
  },
  "weighted_avg": {
    "precision": 0.8263447721230205,
    "recall": 0.8175355450236966,
    "f1-score": 0.8201001527951405,
    "support": 422.0
  },
  "micro_avg": {
    "precision": 0.8175355450236966,
    "recall": 0.8175355450236966,
    "f1-score": 0.8175355450236966,
    "support": 422
  },
  "macro_avg": {
    "precision": 0.8113400160827023,
    "recall": 0.8135672514619884,
    "f1-score": 0.8105845053819808,
    "support": 422.0
  },
  "accuracy": 0.8175355450236966,
  "inference_time_seconds": 0.09085369110107422,
  "energy_kwh": 2.623772689093389e-06,
  "num_test_samples": 422
}