{
  "per_class": {
    "Cyberstalking": {
      "precision": 0.7843137254901961,
      "recall": 0.7692307692307693,
      "f1-score": 0.7766990291262136,
      "support": 52.0
    },
    "Doxing": {
      "precision": 0.7972972972972973,
      "recall": 0.7972972972972973,
      "f1-score": 0.7972972972972973,
      "support": 74.0
    },
    "Revenge Porn": {
      "precision": 0.828125,
      "recall": 0.7571428571428571,
      "f1-score": 0.7910447761194029,
      "support": 70.0
    },
    "Sexual Harassment": {
      "precision": 0.8170731707317073,
      "recall": 0.8701298701298701,
      "f1-score": 0.8427672955974843,
      "support": 77.0
    },
    "Slut Shaming": {
      "precision": 0.8804347826086957,
      "recall": 0.9,
      "f1-score": 0.8901098901098901,
      "support": 90.0
    }
  },
  "weighted_avg": {
    "precision": 0.8261896096600944,
    "recall": 0.8264462809917356,
    "f1-score": 0.8257973986606548,
    "support": 363.0
  },
  "micro_avg": {
    "precision": 0.8264462809917356,
    "recall": 0.8264462809917356,
    "f1-score": 0.8264462809917356,
    "support": 363
  },
  "macro_avg": {
    "precision": 0.8214487952255792,
    "recall": 0.8187601587601587,
    "f1-score": 0.8195836576500575,
    "support": 363.0
  },
  "accuracy": 0.8264462809917356,
  "inference_time_seconds": 0.14461994171142578,
  "energy_kwh": 4.755719470304219e-06,
  "num_test_samples": 363
}