{
  "per_class": {
    "Cyberstalking": {
      "precision": 0.7647058823529411,
      "recall": 0.7358490566037735,
      "f1-score": 0.75,
      "support": 53.0
    },
    "Doxing": {
      "precision": 0.7972972972972973,
      "recall": 0.7972972972972973,
      "f1-score": 0.7972972972972973,
      "support": 74.0
    },
    "Revenge Porn": {
      "precision": 0.9090909090909091,
      "recall": 0.7142857142857143,
      "f1-score": 0.8,
      "support": 70.0
    },
    "Sexual Harassment": {
      "precision": 0.8045977011494253,
      "recall": 0.9090909090909091,
      "f1-score": 0.8536585365853658,
      "support": 77.0
    },
    "Slut Shaming": {
      "precision": 0.8865979381443299,
      "recall": 0.9555555555555556,
      "f1-score": 0.9197860962566845,
      "support": 90.0
    }
  },
  "weighted_avg": {
    "precision": 0.8376747605015521,
    "recall": 0.8351648351648352,
    "f1-score": 0.8331386153301504,
    "support": 364.0
  },
  "micro_avg": {
    "precision": 0.8351648351648352,
    "recall": 0.8351648351648352,
    "f1-score": 0.8351648351648352,
    "support": 364
  },
  "macro_avg": {
    "precision": 0.8324579456069806,
    "recall": 0.82241570656665,
    "f1-score": 0.8241483860278696,
    "support": 364.0
  },
  "accuracy": 0.8351648351648352,
  "inference_time_seconds": 0.44405126571655273,
  "energy_kwh": 2.9141345720860744e-05,
  "num_test_samples": 364
}