{
  "per_class": {
    "age": {
      "precision": 0.9794007490636704,
      "recall": 0.9818523153942428,
      "f1-score": 0.980625,
      "support": 1598.0
    },
    "ethnicity": {
      "precision": 0.9898412698412699,
      "recall": 0.9792713567839196,
      "f1-score": 0.9845279444269024,
      "support": 1592.0
    },
    "gender": {
      "precision": 0.8998109640831758,
      "recall": 0.8981132075471698,
      "f1-score": 0.898961284230406,
      "support": 1590.0
    },
    "not_cyberbullying": {
      "precision": 0.6645119586296057,
      "recall": 0.647763074984247,
      "f1-score": 0.6560306317804723,
      "support": 1587.0
    },
    "other_cyberbullying": {
      "precision": 0.6825297432686287,
      "recall": 0.6964856230031949,
      "f1-score": 0.6894370651486401,
      "support": 1565.0
    },
    "religion": {
      "precision": 0.9568965517241379,
      "recall": 0.97125,
      "f1-score": 0.9640198511166254,
      "support": 1600.0
    }
  },
  "weighted_avg": {
    "precision": 0.8629231159045851,
    "recall": 0.8631976500209819,
    "f1-score": 0.8630168968562532,
    "support": 9532.0
  },
  "micro_avg": {
    "precision": 0.8631976500209819,
    "recall": 0.8631976500209819,
    "f1-score": 0.8631976500209819,
    "support": 9532
  },
  "macro_avg": {
    "precision": 0.8621652061017481,
    "recall": 0.8624559296187956,
    "f1-score": 0.862266962783841,
    "support": 9532.0
  },
  "accuracy": 0.8631976500209819,
  "inference_time_seconds": 2.4004368782043457,
  "energy_kwh": 0.00013477364958350196,
  "num_test_samples": 9532
}