{
  "per_class": {
    "emotion": {
      "precision": 0.7794273594909862,
      "recall": 0.7920258620689655,
      "f1-score": 0.7856761090326029,
      "support": 928.0
    },
    "hate": {
      "precision": 0.9228547854785478,
      "recall": 0.9232356582748659,
      "f1-score": 0.9230451825871673,
      "support": 2423.0
    },
    "offensive": {
      "precision": 0.8774302620456467,
      "recall": 0.8697109342270632,
      "f1-score": 0.873553545129392,
      "support": 2387.0
    },
    "religion": {
      "precision": 0.9960687960687961,
      "recall": 0.9990142927550517,
      "f1-score": 0.9975393700787402,
      "support": 2029.0
    },
    "spiritual": {
      "precision": 0.9994145199063232,
      "recall": 0.9988297249853716,
      "f1-score": 0.9991220368744512,
      "support": 1709.0
    }
  },
  "weighted_avg": {
    "precision": 0.9268504402773965,
    "recall": 0.9267623469818489,
    "f1-score": 0.9267966612202428,
    "support": 9476.0
  },
  "micro_avg": {
    "precision": 0.9267623469818489,
    "recall": 0.9267623469818489,
    "f1-score": 0.9267623469818489,
    "support": 9476
  },
  "macro_avg": {
    "precision": 0.9150391445980599,
    "recall": 0.9165632944622637,
    "f1-score": 0.9157872487404708,
    "support": 9476.0
  },
  "accuracy": 0.9267623469818489,
  "inference_time_seconds": 11.647764444351196,
  "energy_kwh": 0.0006717360547962935,
  "num_test_samples": 9476
}