{
  "per_class": {
    "Cyberstalking": {
      "precision": 0.782608695652174,
      "recall": 0.6923076923076923,
      "f1-score": 0.7346938775510204,
      "support": 52.0
    },
    "Doxing": {
      "precision": 0.8028169014084507,
      "recall": 0.7702702702702703,
      "f1-score": 0.7862068965517242,
      "support": 74.0
    },
    "Revenge Porn": {
      "precision": 0.8059701492537313,
      "recall": 0.7714285714285715,
      "f1-score": 0.7883211678832117,
      "support": 70.0
    },
    "Sexual Harassment": {
      "precision": 0.7659574468085106,
      "recall": 0.9230769230769231,
      "f1-score": 0.8372093023255814,
      "support": 78.0
    },
    "Slut Shaming": {
      "precision": 0.9651162790697675,
      "recall": 0.9222222222222223,
      "f1-score": 0.9431818181818182,
      "support": 90.0
    }
  },
  "weighted_avg": {
    "precision": 0.8327669211352815,
    "recall": 0.8296703296703297,
    "f1-score": 0.8289960520523748,
    "support": 364.0
  },
  "micro_avg": {
    "precision": 0.8296703296703297,
    "recall": 0.8296703296703297,
    "f1-score": 0.8296703296703297,
    "support": 364
  },
  "macro_avg": {
    "precision": 0.8244938944385268,
    "recall": 0.815861135861136,
    "f1-score": 0.8179226124986713,
    "support": 364.0
  },
  "accuracy": 0.8296703296703297,
  "inference_time_seconds": 0.1364576816558838,
  "energy_kwh": 3.4012389465969454e-06,
  "num_test_samples": 364
}