{
  "per_class": {
    "Cyberstalking": {
      "precision": 0.7368421052631579,
      "recall": 0.7,
      "f1-score": 0.717948717948718,
      "support": 60.0
    },
    "Doxing": {
      "precision": 0.782608695652174,
      "recall": 0.8181818181818182,
      "f1-score": 0.8,
      "support": 88.0
    },
    "Revenge Porn": {
      "precision": 0.775,
      "recall": 0.8157894736842105,
      "f1-score": 0.7948717948717948,
      "support": 76.0
    },
    "Sexual Harassment": {
      "precision": 0.8725490196078431,
      "recall": 0.898989898989899,
      "f1-score": 0.8855721393034826,
      "support": 99.0
    },
    "Slut Shaming": {
      "precision": 0.9340659340659341,
      "recall": 0.8585858585858586,
      "f1-score": 0.8947368421052632,
      "support": 99.0
    }
  },
  "weighted_avg": {
    "precision": 0.8313624927651297,
    "recall": 0.8293838862559242,
    "f1-score": 0.8297103522432354,
    "support": 422.0
  },
  "micro_avg": {
    "precision": 0.8293838862559242,
    "recall": 0.8293838862559242,
    "f1-score": 0.8293838862559242,
    "support": 422
  },
  "macro_avg": {
    "precision": 0.8202131509178218,
    "recall": 0.8183094098883572,
    "f1-score": 0.8186258988458516,
    "support": 422.0
  },
  "accuracy": 0.8293838862559242,
  "inference_time_seconds": 0.1828289031982422,
  "energy_kwh": 6.0879418645445406e-06,
  "num_test_samples": 422
}