{
  "per_class": {
    "age": {
      "precision": 0.9887780548628429,
      "recall": 0.99125,
      "f1-score": 0.9900124843945068,
      "support": 1600.0
    },
    "ethnicity": {
      "precision": 0.98989898989899,
      "recall": 0.98,
      "f1-score": 0.9849246231155779,
      "support": 1600.0
    },
    "gender": {
      "precision": 0.8966603654694392,
      "recall": 0.8888194878201124,
      "f1-score": 0.8927227101631117,
      "support": 1601.0
    },
    "other_cyberbullying": {
      "precision": 0.8665850673194615,
      "recall": 0.8844472204871955,
      "f1-score": 0.8754250386398763,
      "support": 1601.0
    },
    "religion": {
      "precision": 0.9861895794099184,
      "recall": 0.981875,
      "f1-score": 0.9840275602881303,
      "support": 1600.0
    }
  },
  "weighted_avg": {
    "precision": 0.9456064154673621,
    "recall": 0.9452636840789802,
    "f1-score": 0.9454071500013406,
    "support": 8002.0
  },
  "micro_avg": {
    "precision": 0.9452636840789802,
    "recall": 0.9452636840789802,
    "f1-score": 0.9452636840789802,
    "support": 8002
  },
  "macro_avg": {
    "precision": 0.9456224113921305,
    "recall": 0.9452783416614615,
    "f1-score": 0.9454224833202407,
    "support": 8002.0
  },
  "accuracy": 0.9452636840789802,
  "inference_time_seconds": 7.738584995269775,
  "energy_kwh": 0.00042485909944821543,
  "num_test_samples": 8002
}