{
  "per_class": {
    "Cyberstalking": {
      "precision": 0.7313432835820896,
      "recall": 0.8166666666666667,
      "f1-score": 0.7716535433070866,
      "support": 60.0
    },
    "Doxing": {
      "precision": 0.8222222222222222,
      "recall": 0.8409090909090909,
      "f1-score": 0.8314606741573034,
      "support": 88.0
    },
    "Revenge Porn": {
      "precision": 0.782051282051282,
      "recall": 0.8026315789473685,
      "f1-score": 0.7922077922077922,
      "support": 76.0
    },
    "Sexual Harassment": {
      "precision": 0.9010989010989011,
      "recall": 0.8282828282828283,
      "f1-score": 0.8631578947368421,
      "support": 99.0
    },
    "Slut Shaming": {
      "precision": 0.9166666666666666,
      "recall": 0.8888888888888888,
      "f1-score": 0.9025641025641026,
      "support": 99.0
    }
  },
  "weighted_avg": {
    "precision": 0.8427271118842881,
    "recall": 0.8388625592417062,
    "f1-score": 0.8400047911489423,
    "support": 422.0
  },
  "micro_avg": {
    "precision": 0.8388625592417062,
    "recall": 0.8388625592417062,
    "f1-score": 0.8388625592417062,
    "support": 422
  },
  "macro_avg": {
    "precision": 0.8306764711242323,
    "recall": 0.8354758107389687,
    "f1-score": 0.8322088013946255,
    "support": 422.0
  },
  "accuracy": 0.8388625592417062,
  "inference_time_seconds": 0.31329989433288574,
  "energy_kwh": 1.5638925460799542e-05,
  "num_test_samples": 422
}