{
  "per_class": {
    "Cyberstalking": {
      "precision": 0.7580645161290323,
      "recall": 0.7833333333333333,
      "f1-score": 0.7704918032786885,
      "support": 60.0
    },
    "Doxing": {
      "precision": 0.8080808080808081,
      "recall": 0.9090909090909091,
      "f1-score": 0.8556149732620321,
      "support": 88.0
    },
    "Revenge Porn": {
      "precision": 0.7866666666666666,
      "recall": 0.7763157894736842,
      "f1-score": 0.7814569536423841,
      "support": 76.0
    },
    "Sexual Harassment": {
      "precision": 0.8854166666666666,
      "recall": 0.8585858585858586,
      "f1-score": 0.8717948717948718,
      "support": 99.0
    },
    "Slut Shaming": {
      "precision": 0.9555555555555556,
      "recall": 0.8686868686868687,
      "f1-score": 0.91005291005291,
      "support": 99.0
    }
  },
  "weighted_avg": {
    "precision": 0.8498528406291938,
    "recall": 0.8459715639810427,
    "f1-score": 0.846723423515478,
    "support": 422.0
  },
  "micro_avg": {
    "precision": 0.8459715639810427,
    "recall": 0.8459715639810427,
    "f1-score": 0.8459715639810427,
    "support": 422
  },
  "macro_avg": {
    "precision": 0.8387568426197458,
    "recall": 0.8392025518341308,
    "f1-score": 0.8378823024061773,
    "support": 422.0
  },
  "accuracy": 0.8459715639810427,
  "inference_time_seconds": 0.31505489349365234,
  "energy_kwh": 1.7053381691172268e-05,
  "num_test_samples": 422
}