{
  "per_class": {
    "age": {
      "precision": 0.9858520900321543,
      "recall": 0.9801790281329923,
      "f1-score": 0.9830073741583841,
      "support": 1564.0
    },
    "ethnicity": {
      "precision": 0.9851652056641942,
      "recall": 0.9851652056641942,
      "f1-score": 0.9851652056641942,
      "support": 1483.0
    },
    "gender": {
      "precision": 0.8931506849315068,
      "recall": 0.8956043956043956,
      "f1-score": 0.8943758573388203,
      "support": 1456.0
    },
    "not_cyberbullying": {
      "precision": 0.6530612244897959,
      "recall": 0.5803792250618302,
      "f1-score": 0.614578786556089,
      "support": 1213.0
    },
    "other_cyberbullying": {
      "precision": 0.6135310472659871,
      "recall": 0.6748216106014271,
      "f1-score": 0.6427184466019418,
      "support": 981.0
    },
    "religion": {
      "precision": 0.9464285714285714,
      "recall": 0.9715549936788875,
      "f1-score": 0.9588271990018715,
      "support": 1582.0
    }
  },
  "weighted_avg": {
    "precision": 0.8690164619814735,
    "recall": 0.8697910375649233,
    "f1-score": 0.86888395633519,
    "support": 8279.0
  },
  "micro_avg": {
    "precision": 0.8697910375649233,
    "recall": 0.8697910375649233,
    "f1-score": 0.8697910375649233,
    "support": 8279
  },
  "macro_avg": {
    "precision": 0.8461981373020349,
    "recall": 0.8479507431239545,
    "f1-score": 0.8464454782202169,
    "support": 8279.0
  },
  "accuracy": 0.8697910375649233,
  "inference_time_seconds": 2.9358623027801514,
  "energy_kwh": 0.000178377479976076,
  "num_test_samples": 8279
}