{
  "per_class": {
    "emotion": {
      "precision": 0.8279569892473119,
      "recall": 0.841948310139165,
      "f1-score": 0.8348940364711681,
      "support": 1006.0
    },
    "hate": {
      "precision": 0.947324761509747,
      "recall": 0.9016975917883933,
      "f1-score": 0.9239482200647249,
      "support": 2533.0
    },
    "offensive": {
      "precision": 0.903236914600551,
      "recall": 0.9341168091168092,
      "f1-score": 0.9184173669467787,
      "support": 2808.0
    },
    "religion": {
      "precision": 0.9937709631049353,
      "recall": 1.0,
      "f1-score": 0.996875751021389,
      "support": 2074.0
    },
    "spiritual": {
      "precision": 1.0,
      "recall": 0.997689196995956,
      "f1-score": 0.9988432620011567,
      "support": 1731.0
    }
  },
  "weighted_avg": {
    "precision": 0.9417719253117581,
    "recall": 0.941193853427896,
    "f1-score": 0.9412626283139145,
    "support": 10152.0
  },
  "micro_avg": {
    "precision": 0.941193853427896,
    "recall": 0.941193853427896,
    "f1-score": 0.941193853427896,
    "support": 10152
  },
  "macro_avg": {
    "precision": 0.9344579256925091,
    "recall": 0.9350903816080647,
    "f1-score": 0.9345957273010435,
    "support": 10152.0
  },
  "accuracy": 0.941193853427896,
  "inference_time_seconds": 5.859979867935181,
  "energy_kwh": 0.0003436624907554704,
  "num_test_samples": 10152
}