{
  "per_class": {
    "Cyberstalking": {
      "precision": 0.703125,
      "recall": 0.75,
      "f1-score": 0.7258064516129032,
      "support": 60.0
    },
    "Doxing": {
      "precision": 0.7764705882352941,
      "recall": 0.75,
      "f1-score": 0.7630057803468208,
      "support": 88.0
    },
    "Revenge Porn": {
      "precision": 0.8028169014084507,
      "recall": 0.75,
      "f1-score": 0.7755102040816326,
      "support": 76.0
    },
    "Sexual Harassment": {
      "precision": 0.8541666666666666,
      "recall": 0.8282828282828283,
      "f1-score": 0.841025641025641,
      "support": 99.0
    },
    "Slut Shaming": {
      "precision": 0.839622641509434,
      "recall": 0.898989898989899,
      "f1-score": 0.8682926829268293,
      "support": 99.0
    }
  },
  "weighted_avg": {
    "precision": 0.803829710381948,
    "recall": 0.8033175355450237,
    "f1-score": 0.8029720031961921,
    "support": 422.0
  },
  "micro_avg": {
    "precision": 0.8033175355450237,
    "recall": 0.8033175355450237,
    "f1-score": 0.8033175355450237,
    "support": 422
  },
  "macro_avg": {
    "precision": 0.7952403595639691,
    "recall": 0.7954545454545455,
    "f1-score": 0.7947281519987655,
    "support": 422.0
  },
  "accuracy": 0.8033175355450237,
  "inference_time_seconds": 0.4109015464782715,
  "energy_kwh": 4.5726804668527694e-05,
  "num_test_samples": 422
}