{
  "per_class": {
    "emotion": {
      "precision": 0.9240631163708086,
      "recall": 0.9314115308151093,
      "f1-score": 0.9277227722772278,
      "support": 1006.0
    },
    "hate": {
      "precision": 0.9756389776357828,
      "recall": 0.9644690090801421,
      "f1-score": 0.9700218383958705,
      "support": 2533.0
    },
    "offensive": {
      "precision": 0.9650176678445229,
      "recall": 0.9725783475783476,
      "f1-score": 0.9687832564739269,
      "support": 2808.0
    },
    "religion": {
      "precision": 0.9980741454020221,
      "recall": 0.9995178399228544,
      "f1-score": 0.9987954709708504,
      "support": 2074.0
    },
    "spiritual": {
      "precision": 1.0,
      "recall": 0.997689196995956,
      "f1-score": 0.9988432620011567,
      "support": 1731.0
    }
  },
  "weighted_avg": {
    "precision": 0.9763274639767223,
    "recall": 0.9762608353033885,
    "f1-score": 0.976280270199366,
    "support": 10152.0
  },
  "micro_avg": {
    "precision": 0.9762608353033885,
    "recall": 0.9762608353033885,
    "f1-score": 0.9762608353033885,
    "support": 10152
  },
  "macro_avg": {
    "precision": 0.9725587814506274,
    "recall": 0.9731331848784819,
    "f1-score": 0.9728333200238064,
    "support": 10152.0
  },
  "accuracy": 0.9762608353033885,
  "inference_time_seconds": 2.3582897186279297,
  "energy_kwh": 0.00012471196585809606,
  "num_test_samples": 10152
}