{
  "per_class": {
    "age": {
      "precision": 0.9867758186397985,
      "recall": 0.9806007509386734,
      "f1-score": 0.9836785938480854,
      "support": 1598.0
    },
    "ethnicity": {
      "precision": 0.9898926089703095,
      "recall": 0.9842964824120602,
      "f1-score": 0.9870866141732283,
      "support": 1592.0
    },
    "gender": {
      "precision": 0.8753836709637814,
      "recall": 0.8968553459119497,
      "f1-score": 0.8859894377135756,
      "support": 1590.0
    },
    "not_cyberbullying": {
      "precision": 0.6886471787899389,
      "recall": 0.6383112791430372,
      "f1-score": 0.6625245258338783,
      "support": 1587.0
    },
    "other_cyberbullying": {
      "precision": 0.6890243902439024,
      "recall": 0.7220447284345048,
      "f1-score": 0.7051482059282371,
      "support": 1565.0
    },
    "religion": {
      "precision": 0.9555829734731647,
      "recall": 0.968125,
      "f1-score": 0.9618131015212666,
      "support": 1600.0
    }
  },
  "weighted_avg": {
    "precision": 0.864957598565668,
    "recall": 0.8657154846831725,
    "f1-score": 0.8650826495916585,
    "support": 9532.0
  },
  "micro_avg": {
    "precision": 0.8657154846831725,
    "recall": 0.8657154846831725,
    "f1-score": 0.8657154846831725,
    "support": 9532
  },
  "macro_avg": {
    "precision": 0.8642177735134826,
    "recall": 0.8650389311400376,
    "f1-score": 0.8643734131697118,
    "support": 9532.0
  },
  "accuracy": 0.8657154846831725,
  "inference_time_seconds": 4.066178560256958,
  "energy_kwh": 0.0002165020841872179,
  "num_test_samples": 9532
}