{
  "per_class": {
    "Cyberstalking": {
      "precision": 0.7,
      "recall": 0.7368421052631579,
      "f1-score": 0.717948717948718,
      "support": 57.0
    },
    "Doxing": {
      "precision": 0.8382352941176471,
      "recall": 0.7215189873417721,
      "f1-score": 0.7755102040816326,
      "support": 79.0
    },
    "Revenge Porn": {
      "precision": 0.8333333333333334,
      "recall": 0.7746478873239436,
      "f1-score": 0.8029197080291971,
      "support": 71.0
    },
    "Sexual Harassment": {
      "precision": 0.7272727272727273,
      "recall": 0.8780487804878049,
      "f1-score": 0.7955801104972375,
      "support": 82.0
    },
    "Slut Shaming": {
      "precision": 0.9294117647058824,
      "recall": 0.8876404494382022,
      "f1-score": 0.9080459770114943,
      "support": 89.0
    }
  },
  "weighted_avg": {
    "precision": 0.8138657820030368,
    "recall": 0.8068783068783069,
    "f1-score": 0.8075379453185063,
    "support": 378.0
  },
  "micro_avg": {
    "precision": 0.8068783068783069,
    "recall": 0.8068783068783069,
    "f1-score": 0.8068783068783069,
    "support": 378
  },
  "macro_avg": {
    "precision": 0.805650623885918,
    "recall": 0.799739641970976,
    "f1-score": 0.800000943513656,
    "support": 378.0
  },
  "accuracy": 0.8068783068783069,
  "inference_time_seconds": 0.09586977958679199,
  "energy_kwh": 5.3430212724074665e-06,
  "num_test_samples": 378
}