{
  "per_class": {
    "emotion": {
      "precision": 0.8617363344051447,
      "recall": 0.7992047713717694,
      "f1-score": 0.8292934502320783,
      "support": 1006.0
    },
    "hate": {
      "precision": 0.9292527821939587,
      "recall": 0.9230161863403079,
      "f1-score": 0.9261239849475144,
      "support": 2533.0
    },
    "offensive": {
      "precision": 0.888235294117647,
      "recall": 0.9141737891737892,
      "f1-score": 0.901017901017901,
      "support": 2808.0
    },
    "religion": {
      "precision": 0.9937649880095923,
      "recall": 0.9990356798457087,
      "f1-score": 0.9963933637893725,
      "support": 2074.0
    },
    "spiritual": {
      "precision": 1.0,
      "recall": 0.9982668977469671,
      "f1-score": 0.9991326973113617,
      "support": 1731.0
    }
  },
  "weighted_avg": {
    "precision": 0.9364595489285973,
    "recall": 0.9366627265563435,
    "f1-score": 0.9363886984248341,
    "support": 10152.0
  },
  "micro_avg": {
    "precision": 0.9366627265563435,
    "recall": 0.9366627265563435,
    "f1-score": 0.9366627265563435,
    "support": 10152
  },
  "macro_avg": {
    "precision": 0.9345978797452685,
    "recall": 0.9267394648957085,
    "f1-score": 0.9303922794596456,
    "support": 10152.0
  },
  "accuracy": 0.9366627265563435,
  "inference_time_seconds": 10.161636114120483,
  "energy_kwh": 0.0006209804557421235,
  "num_test_samples": 10152
}