{
  "per_class": {
    "Cyberstalking": {
      "precision": 0.7843137254901961,
      "recall": 0.7017543859649122,
      "f1-score": 0.7407407407407407,
      "support": 57.0
    },
    "Doxing": {
      "precision": 0.7411764705882353,
      "recall": 0.7974683544303798,
      "f1-score": 0.7682926829268293,
      "support": 79.0
    },
    "Revenge Porn": {
      "precision": 0.7108433734939759,
      "recall": 0.8309859154929577,
      "f1-score": 0.7662337662337663,
      "support": 71.0
    },
    "Sexual Harassment": {
      "precision": 0.9166666666666666,
      "recall": 0.8148148148148148,
      "f1-score": 0.8627450980392157,
      "support": 81.0
    },
    "Slut Shaming": {
      "precision": 0.9069767441860465,
      "recall": 0.8764044943820225,
      "f1-score": 0.8914285714285715,
      "support": 89.0
    }
  },
  "weighted_avg": {
    "precision": 0.8188319185147007,
    "recall": 0.8116710875331565,
    "f1-score": 0.813101955900155,
    "support": 377.0
  },
  "micro_avg": {
    "precision": 0.8116710875331565,
    "recall": 0.8116710875331565,
    "f1-score": 0.8116710875331565,
    "support": 377
  },
  "macro_avg": {
    "precision": 0.8119953960850241,
    "recall": 0.8042855930170175,
    "f1-score": 0.8058881718738247,
    "support": 377.0
  },
  "accuracy": 0.8116710875331565,
  "inference_time_seconds": 0.09827041625976562,
  "energy_kwh": 3.599534525342268e-06,
  "num_test_samples": 377
}