{
  "per_class": {
    "emotion": {
      "precision": 0.8444444444444444,
      "recall": 0.8189655172413793,
      "f1-score": 0.8315098468271335,
      "support": 928.0
    },
    "hate": {
      "precision": 0.9301204819277108,
      "recall": 0.9566294919454771,
      "f1-score": 0.9431887599266952,
      "support": 2421.0
    },
    "offensive": {
      "precision": 0.9074946466809422,
      "recall": 0.8877251780477587,
      "f1-score": 0.8975010588733587,
      "support": 2387.0
    },
    "religion": {
      "precision": 0.9936243256498284,
      "recall": 0.9990138067061144,
      "f1-score": 0.9963117777231374,
      "support": 2028.0
    },
    "spiritual": {
      "precision": 0.9994145199063232,
      "recall": 0.9994145199063232,
      "f1-score": 0.9994145199063232,
      "support": 1708.0
    }
  },
  "weighted_avg": {
    "precision": 0.9421163413467792,
    "recall": 0.9425675675675675,
    "f1-score": 0.9422462456071937,
    "support": 9472.0
  },
  "micro_avg": {
    "precision": 0.9425675675675675,
    "recall": 0.9425675675675675,
    "f1-score": 0.9425675675675675,
    "support": 9472
  },
  "macro_avg": {
    "precision": 0.9350196837218497,
    "recall": 0.9323497027694106,
    "f1-score": 0.9335851926513297,
    "support": 9472.0
  },
  "accuracy": 0.9425675675675675,
  "inference_time_seconds": 7.574929714202881,
  "energy_kwh": 0.0004964768324236722,
  "num_test_samples": 9472
}