{
  "per_class": {
    "emotion": {
      "precision": 0.8418259023354565,
      "recall": 0.8545258620689655,
      "f1-score": 0.8481283422459893,
      "support": 928.0
    },
    "hate": {
      "precision": 0.9392931392931393,
      "recall": 0.931930693069307,
      "f1-score": 0.9355974321805757,
      "support": 2424.0
    },
    "offensive": {
      "precision": 0.9023879346459992,
      "recall": 0.9020100502512562,
      "f1-score": 0.9021989528795812,
      "support": 2388.0
    },
    "religion": {
      "precision": 0.9965568125922283,
      "recall": 0.9990138067061144,
      "f1-score": 0.9977837970943118,
      "support": 2028.0
    },
    "spiritual": {
      "precision": 0.9982456140350877,
      "recall": 0.9988297249853716,
      "f1-score": 0.9985375840889149,
      "support": 1709.0
    }
  },
  "weighted_avg": {
    "precision": 0.9433346380997704,
    "recall": 0.9432309802680173,
    "f1-score": 0.9432741002850747,
    "support": 9477.0
  },
  "micro_avg": {
    "precision": 0.9432309802680173,
    "recall": 0.9432309802680173,
    "f1-score": 0.9432309802680173,
    "support": 9477
  },
  "macro_avg": {
    "precision": 0.9356618805803821,
    "recall": 0.9372620274162029,
    "f1-score": 0.9364492216978746,
    "support": 9477.0
  },
  "accuracy": 0.9432309802680173,
  "inference_time_seconds": 3.367396593093872,
  "energy_kwh": 0.0002058128461444972,
  "num_test_samples": 9477
}