{
  "per_class": {
    "emotion": {
      "precision": 0.9371069182389937,
      "recall": 0.8886679920477137,
      "f1-score": 0.9122448979591836,
      "support": 1006.0
    },
    "hate": {
      "precision": 0.9528116397955171,
      "recall": 0.9565732333201737,
      "f1-score": 0.954688731284476,
      "support": 2533.0
    },
    "offensive": {
      "precision": 0.9486818980667838,
      "recall": 0.9611823361823362,
      "f1-score": 0.9548912082080311,
      "support": 2808.0
    },
    "religion": {
      "precision": 0.9956793086893903,
      "recall": 1.0,
      "f1-score": 0.997834977146981,
      "support": 2074.0
    },
    "spiritual": {
      "precision": 1.0,
      "recall": 0.997689196995956,
      "f1-score": 0.9988432620011567,
      "support": 1731.0
    }
  },
  "weighted_avg": {
    "precision": 0.9669167749550627,
    "recall": 0.9670015760441293,
    "f1-score": 0.9668820789465631,
    "support": 10152.0
  },
  "micro_avg": {
    "precision": 0.9670015760441293,
    "recall": 0.9670015760441293,
    "f1-score": 0.9670015760441293,
    "support": 10152
  },
  "macro_avg": {
    "precision": 0.9668559529581369,
    "recall": 0.9608225517092359,
    "f1-score": 0.9637006153199656,
    "support": 10152.0
  },
  "accuracy": 0.9670015760441293,
  "inference_time_seconds": 6.142039060592651,
  "energy_kwh": 0.0004075264035442259,
  "num_test_samples": 10152
}