{
  "per_class": {
    "age": {
      "precision": 0.9831715210355987,
      "recall": 0.9718490083173384,
      "f1-score": 0.9774774774774775,
      "support": 1563.0
    },
    "ethnicity": {
      "precision": 0.9871534820824882,
      "recall": 0.9844908968307485,
      "f1-score": 0.9858203916272789,
      "support": 1483.0
    },
    "gender": {
      "precision": 0.90144727773949,
      "recall": 0.8989690721649485,
      "f1-score": 0.9002064693737095,
      "support": 1455.0
    },
    "not_cyberbullying": {
      "precision": 0.6460905349794238,
      "recall": 0.6460905349794238,
      "f1-score": 0.6460905349794238,
      "support": 1215.0
    },
    "other_cyberbullying": {
      "precision": 0.6396761133603239,
      "recall": 0.6442405708460754,
      "f1-score": 0.6419502285424074,
      "support": 981.0
    },
    "religion": {
      "precision": 0.9488139825218477,
      "recall": 0.9602021478205938,
      "f1-score": 0.9544740973312402,
      "support": 1583.0
    }
  },
  "weighted_avg": {
    "precision": 0.8727954458884651,
    "recall": 0.8724637681159421,
    "f1-score": 0.8726153407360816,
    "support": 8280.0
  },
  "micro_avg": {
    "precision": 0.8724637681159421,
    "recall": 0.8724637681159421,
    "f1-score": 0.8724637681159421,
    "support": 8280
  },
  "macro_avg": {
    "precision": 0.8510588186198621,
    "recall": 0.8509737051598547,
    "f1-score": 0.8510031998885896,
    "support": 8280.0
  },
  "accuracy": 0.8724637681159421,
  "inference_time_seconds": 3.2390356063842773,
  "energy_kwh": 0.00019107268145592132,
  "num_test_samples": 8280
}