{
  "per_class": {
    "age": {
      "precision": 0.9843063402385436,
      "recall": 0.981226533166458,
      "f1-score": 0.9827640238169852,
      "support": 1598.0
    },
    "ethnicity": {
      "precision": 0.9917407878017789,
      "recall": 0.9805276381909548,
      "f1-score": 0.9861023373341756,
      "support": 1592.0
    },
    "gender": {
      "precision": 0.8927011852776044,
      "recall": 0.9,
      "f1-score": 0.8963357344190417,
      "support": 1590.0
    },
    "not_cyberbullying": {
      "precision": 0.7011494252873564,
      "recall": 0.6534341524889729,
      "f1-score": 0.6764514024787998,
      "support": 1587.0
    },
    "other_cyberbullying": {
      "precision": 0.7083076923076923,
      "recall": 0.7354632587859425,
      "f1-score": 0.7216300940438871,
      "support": 1565.0
    },
    "religion": {
      "precision": 0.9457177322074789,
      "recall": 0.98,
      "f1-score": 0.9625537139349294,
      "support": 1600.0
    }
  },
  "weighted_avg": {
    "precision": 0.8713325428448967,
    "recall": 0.8724297104490139,
    "f1-score": 0.8716398514509287,
    "support": 9532.0
  },
  "micro_avg": {
    "precision": 0.8724297104490139,
    "recall": 0.8724297104490139,
    "f1-score": 0.8724297104490139,
    "support": 9532
  },
  "macro_avg": {
    "precision": 0.8706538605200757,
    "recall": 0.8717752637720547,
    "f1-score": 0.8709728843379699,
    "support": 9532.0
  },
  "accuracy": 0.8724297104490139,
  "inference_time_seconds": 7.635213375091553,
  "energy_kwh": 0.0005006745984411164,
  "num_test_samples": 9532
}