{
  "per_class": {
    "age": {
      "precision": 0.9788029925187033,
      "recall": 0.9824780976220275,
      "f1-score": 0.9806371018113679,
      "support": 1598.0
    },
    "ethnicity": {
      "precision": 0.9910485933503836,
      "recall": 0.9736180904522613,
      "f1-score": 0.982256020278834,
      "support": 1592.0
    },
    "gender": {
      "precision": 0.886662492172824,
      "recall": 0.8905660377358491,
      "f1-score": 0.8886099780357704,
      "support": 1590.0
    },
    "not_cyberbullying": {
      "precision": 0.6725721784776902,
      "recall": 0.645872715816005,
      "f1-score": 0.6589521054323368,
      "support": 1587.0
    },
    "other_cyberbullying": {
      "precision": 0.7065081351689612,
      "recall": 0.721405750798722,
      "f1-score": 0.7138792285804616,
      "support": 1565.0
    },
    "religion": {
      "precision": 0.9465045592705167,
      "recall": 0.973125,
      "f1-score": 0.9596302003081664,
      "support": 1600.0
    }
  },
  "weighted_avg": {
    "precision": 0.8643657657186146,
    "recall": 0.8651909357952161,
    "f1-score": 0.8646753926351187,
    "support": 9532.0
  },
  "micro_avg": {
    "precision": 0.8651909357952161,
    "recall": 0.8651909357952161,
    "f1-score": 0.8651909357952161,
    "support": 9532
  },
  "macro_avg": {
    "precision": 0.8636831584931799,
    "recall": 0.8645109487374775,
    "f1-score": 0.8639941057411561,
    "support": 9532.0
  },
  "accuracy": 0.8651909357952161,
  "inference_time_seconds": 8.723574876785278,
  "energy_kwh": 0.0004534578370156817,
  "num_test_samples": 9532
}