{
  "per_class": {
    "age": {
      "precision": 0.9848771266540642,
      "recall": 0.9911223842739378,
      "f1-score": 0.9879898862199747,
      "support": 1577.0
    },
    "ethnicity": {
      "precision": 0.9912693082605776,
      "recall": 0.9826897470039947,
      "f1-score": 0.9869608826479438,
      "support": 1502.0
    },
    "gender": {
      "precision": 0.9490538573508006,
      "recall": 0.8763440860215054,
      "f1-score": 0.9112508735150244,
      "support": 1488.0
    },
    "other_cyberbullying": {
      "precision": 0.8510948905109489,
      "recall": 0.9239302694136292,
      "f1-score": 0.8860182370820668,
      "support": 1262.0
    },
    "religion": {
      "precision": 0.981863664790494,
      "recall": 0.9874213836477987,
      "f1-score": 0.9846346817184071,
      "support": 1590.0
    }
  },
  "weighted_avg": {
    "precision": 0.9555836161639765,
    "recall": 0.954171721256234,
    "f1-score": 0.9543254825753207,
    "support": 7419.0
  },
  "micro_avg": {
    "precision": 0.954171721256234,
    "recall": 0.954171721256234,
    "f1-score": 0.954171721256234,
    "support": 7419
  },
  "macro_avg": {
    "precision": 0.951631769513377,
    "recall": 0.9523015740721732,
    "f1-score": 0.9513709122366834,
    "support": 7419.0
  },
  "accuracy": 0.954171721256234,
  "inference_time_seconds": 2.546886920928955,
  "energy_kwh": 0.0001775134705569429,
  "num_test_samples": 7419
}