{
  "per_class": {
    "age": {
      "precision": 0.9733581164807931,
      "recall": 0.9831038798498123,
      "f1-score": 0.9782067247820673,
      "support": 1598.0
    },
    "ethnicity": {
      "precision": 0.9836375078665828,
      "recall": 0.9817839195979899,
      "f1-score": 0.9827098396730588,
      "support": 1592.0
    },
    "gender": {
      "precision": 0.8975308641975308,
      "recall": 0.9144654088050315,
      "f1-score": 0.9059190031152647,
      "support": 1590.0
    },
    "not_cyberbullying": {
      "precision": 0.7288923315259489,
      "recall": 0.59294265910523,
      "f1-score": 0.6539263377345379,
      "support": 1587.0
    },
    "other_cyberbullying": {
      "precision": 0.6879194630872483,
      "recall": 0.7859424920127795,
      "f1-score": 0.733671339099314,
      "support": 1565.0
    },
    "religion": {
      "precision": 0.950920245398773,
      "recall": 0.96875,
      "f1-score": 0.9597523219814241,
      "support": 1600.0
    }
  },
  "weighted_avg": {
    "precision": 0.8710941816235042,
    "recall": 0.871695342005875,
    "f1-score": 0.8696642976038543,
    "support": 9532.0
  },
  "micro_avg": {
    "precision": 0.871695342005875,
    "recall": 0.871695342005875,
    "f1-score": 0.871695342005875,
    "support": 9532
  },
  "macro_avg": {
    "precision": 0.8703764214261462,
    "recall": 0.8711647265618071,
    "f1-score": 0.8690309277309444,
    "support": 9532.0
  },
  "accuracy": 0.871695342005875,
  "inference_time_seconds": 7.488718032836914,
  "energy_kwh": 0.0004420459510553896,
  "num_test_samples": 9532
}