{
  "per_class": {
    "emotion": {
      "precision": 0.9162303664921466,
      "recall": 0.8697813121272365,
      "f1-score": 0.8924018357980622,
      "support": 1006.0
    },
    "hate": {
      "precision": 0.9595919968615143,
      "recall": 0.9656533754441374,
      "f1-score": 0.9626131444313263,
      "support": 2533.0
    },
    "offensive": {
      "precision": 0.9559393725766655,
      "recall": 0.9658119658119658,
      "f1-score": 0.9608503100088573,
      "support": 2808.0
    },
    "religion": {
      "precision": 0.9956793086893903,
      "recall": 1.0,
      "f1-score": 0.997834977146981,
      "support": 2074.0
    },
    "spiritual": {
      "precision": 1.0,
      "recall": 0.9982668977469671,
      "f1-score": 0.9991326973113617,
      "support": 1731.0
    }
  },
  "weighted_avg": {
    "precision": 0.9685471750550028,
    "recall": 0.9687746256895193,
    "f1-score": 0.9685905687363158,
    "support": 10152.0
  },
  "micro_avg": {
    "precision": 0.9687746256895193,
    "recall": 0.9687746256895193,
    "f1-score": 0.9687746256895193,
    "support": 10152
  },
  "macro_avg": {
    "precision": 0.9654882089239433,
    "recall": 0.9599027102260613,
    "f1-score": 0.9625665929393177,
    "support": 10152.0
  },
  "accuracy": 0.9687746256895193,
  "inference_time_seconds": 2.5542023181915283,
  "energy_kwh": 0.00014640185290901874,
  "num_test_samples": 10152
}