{
  "per_class": {
    "Cyberstalking": {
      "precision": 0.7368421052631579,
      "recall": 0.7,
      "f1-score": 0.717948717948718,
      "support": 60.0
    },
    "Doxing": {
      "precision": 0.7752808988764045,
      "recall": 0.7840909090909091,
      "f1-score": 0.7796610169491526,
      "support": 88.0
    },
    "Revenge Porn": {
      "precision": 0.7875,
      "recall": 0.8289473684210527,
      "f1-score": 0.8076923076923077,
      "support": 76.0
    },
    "Sexual Harassment": {
      "precision": 0.88,
      "recall": 0.8888888888888888,
      "f1-score": 0.8844221105527639,
      "support": 99.0
    },
    "Slut Shaming": {
      "precision": 0.9166666666666666,
      "recall": 0.8888888888888888,
      "f1-score": 0.9025641025641026,
      "support": 99.0
    }
  },
  "weighted_avg": {
    "precision": 0.8297517663907893,
    "recall": 0.8293838862559242,
    "f1-score": 0.8293444148142977,
    "support": 422.0
  },
  "micro_avg": {
    "precision": 0.8293838862559242,
    "recall": 0.8293838862559242,
    "f1-score": 0.8293838862559242,
    "support": 422
  },
  "macro_avg": {
    "precision": 0.8192579341612458,
    "recall": 0.8181632110579479,
    "f1-score": 0.818457651141409,
    "support": 422.0
  },
  "accuracy": 0.8293838862559242,
  "inference_time_seconds": 0.1884472370147705,
  "energy_kwh": 8.221325024137612e-06,
  "num_test_samples": 422
}