{
  "per_class": {
    "age": {
      "precision": 0.9811912225705329,
      "recall": 0.9911336288790373,
      "f1-score": 0.9861373660995589,
      "support": 1579.0
    },
    "ethnicity": {
      "precision": 0.9912398921832885,
      "recall": 0.9826319305277221,
      "f1-score": 0.9869171418986917,
      "support": 1497.0
    },
    "gender": {
      "precision": 0.9133910726182545,
      "recall": 0.9219905850706119,
      "f1-score": 0.9176706827309237,
      "support": 1487.0
    },
    "other_cyberbullying": {
      "precision": 0.8859649122807017,
      "recall": 0.8789556962025317,
      "f1-score": 0.8824463860206513,
      "support": 1264.0
    },
    "religion": {
      "precision": 0.9861111111111112,
      "recall": 0.9817724701445631,
      "f1-score": 0.9839370078740157,
      "support": 1591.0
    }
  },
  "weighted_avg": {
    "precision": 0.9544569979672666,
    "recall": 0.954435157724454,
    "f1-score": 0.9544295199746685,
    "support": 7418.0
  },
  "micro_avg": {
    "precision": 0.954435157724454,
    "recall": 0.954435157724454,
    "f1-score": 0.954435157724454,
    "support": 7418
  },
  "macro_avg": {
    "precision": 0.9515796421527778,
    "recall": 0.9512968621648932,
    "f1-score": 0.9514217169247683,
    "support": 7418.0
  },
  "accuracy": 0.954435157724454,
  "inference_time_seconds": 1.3879215717315674,
  "energy_kwh": 9.862401174531377e-05,
  "num_test_samples": 7418
}