{
  "per_class": {
    "emotion": {
      "precision": 0.8269794721407625,
      "recall": 0.8409542743538767,
      "f1-score": 0.8339083292262198,
      "support": 1006.0
    },
    "hate": {
      "precision": 0.9458909682668837,
      "recall": 0.9178839320963285,
      "f1-score": 0.9316770186335404,
      "support": 2533.0
    },
    "offensive": {
      "precision": 0.8956217162872154,
      "recall": 0.9106125356125356,
      "f1-score": 0.9030549178880453,
      "support": 2808.0
    },
    "religion": {
      "precision": 0.9937709631049353,
      "recall": 1.0,
      "f1-score": 0.996875751021389,
      "support": 2074.0
    },
    "spiritual": {
      "precision": 0.9994216310005783,
      "recall": 0.9982668977469671,
      "f1-score": 0.9988439306358381,
      "support": 1731.0
    }
  },
  "weighted_avg": {
    "precision": 0.939112369155808,
    "recall": 0.9387312844759653,
    "f1-score": 0.9388442699348859,
    "support": 10152.0
  },
  "micro_avg": {
    "precision": 0.9387312844759653,
    "recall": 0.9387312844759653,
    "f1-score": 0.9387312844759653,
    "support": 10152
  },
  "macro_avg": {
    "precision": 0.9323369501600751,
    "recall": 0.9335435279619416,
    "f1-score": 0.9328719894810064,
    "support": 10152.0
  },
  "accuracy": 0.9387312844759653,
  "inference_time_seconds": 2.7175087928771973,
  "energy_kwh": 0.00016327446499048945,
  "num_test_samples": 10152
}