{
  "per_class": {
    "emotion": {
      "precision": 0.9226804123711341,
      "recall": 0.889662027833002,
      "f1-score": 0.9058704453441295,
      "support": 1006.0
    },
    "hate": {
      "precision": 0.9612220916568742,
      "recall": 0.9688116857481247,
      "f1-score": 0.9650019661816752,
      "support": 2533.0
    },
    "offensive": {
      "precision": 0.9613885936946511,
      "recall": 0.9665242165242165,
      "f1-score": 0.963949564908542,
      "support": 2808.0
    },
    "religion": {
      "precision": 0.9975938402309913,
      "recall": 0.9995178399228544,
      "f1-score": 0.9985549132947977,
      "support": 2074.0
    },
    "spiritual": {
      "precision": 1.0,
      "recall": 0.9982668977469671,
      "f1-score": 0.9991326973113617,
      "support": 1731.0
    }
  },
  "weighted_avg": {
    "precision": 0.9714914153610993,
    "recall": 0.9716312056737588,
    "f1-score": 0.9715255728759792,
    "support": 10152.0
  },
  "micro_avg": {
    "precision": 0.9716312056737588,
    "recall": 0.9716312056737588,
    "f1-score": 0.9716312056737588,
    "support": 10152
  },
  "macro_avg": {
    "precision": 0.9685769875907301,
    "recall": 0.964556533555033,
    "f1-score": 0.9665019174081013,
    "support": 10152.0
  },
  "accuracy": 0.9716312056737588,
  "inference_time_seconds": 2.4268202781677246,
  "energy_kwh": 0.0001673285342559577,
  "num_test_samples": 10152
}