{
  "per_class": {
    "emotion": {
      "precision": 0.8841519925857275,
      "recall": 0.94831013916501,
      "f1-score": 0.9151079136690647,
      "support": 1006.0
    },
    "hate": {
      "precision": 0.9649191959006701,
      "recall": 0.9664429530201343,
      "f1-score": 0.9656804733727811,
      "support": 2533.0
    },
    "offensive": {
      "precision": 0.977663859392164,
      "recall": 0.9508547008547008,
      "f1-score": 0.9640729373533129,
      "support": 2808.0
    },
    "religion": {
      "precision": 1.0,
      "recall": 1.0,
      "f1-score": 1.0,
      "support": 2074.0
    },
    "spiritual": {
      "precision": 1.0,
      "recall": 1.0,
      "f1-score": 1.0,
      "support": 1731.0
    }
  },
  "weighted_avg": {
    "precision": 0.9735891789726986,
    "recall": 0.9729117415287628,
    "f1-score": 0.9730874712660004,
    "support": 10152.0
  },
  "micro_avg": {
    "precision": 0.9729117415287628,
    "recall": 0.9729117415287628,
    "f1-score": 0.9729117415287628,
    "support": 10152
  },
  "macro_avg": {
    "precision": 0.9653470095757124,
    "recall": 0.973121558607969,
    "f1-score": 0.9689722648790318,
    "support": 10152.0
  },
  "accuracy": 0.9729117415287628,
  "inference_time_seconds": 12.369603872299194,
  "energy_kwh": 0.0007198915787524189,
  "num_test_samples": 10152
}