{
  "per_class": {
    "Cyberstalking": {
      "precision": 0.7213114754098361,
      "recall": 0.7719298245614035,
      "f1-score": 0.7457627118644068,
      "support": 57.0
    },
    "Doxing": {
      "precision": 0.8571428571428571,
      "recall": 0.7692307692307693,
      "f1-score": 0.8108108108108109,
      "support": 78.0
    },
    "Revenge Porn": {
      "precision": 0.7894736842105263,
      "recall": 0.8450704225352113,
      "f1-score": 0.8163265306122449,
      "support": 71.0
    },
    "Sexual Harassment": {
      "precision": 0.7954545454545454,
      "recall": 0.8536585365853658,
      "f1-score": 0.8235294117647058,
      "support": 82.0
    },
    "Slut Shaming": {
      "precision": 0.9629629629629629,
      "recall": 0.8863636363636364,
      "f1-score": 0.9230769230769231,
      "support": 88.0
    }
  },
  "weighted_avg": {
    "precision": 0.8350865478788946,
    "recall": 0.8297872340425532,
    "f1-score": 0.8310401130012206,
    "support": 376.0
  },
  "micro_avg": {
    "precision": 0.8297872340425532,
    "recall": 0.8297872340425532,
    "f1-score": 0.8297872340425532,
    "support": 376
  },
  "macro_avg": {
    "precision": 0.8252691050361456,
    "recall": 0.8252506378552773,
    "f1-score": 0.8239012776258183,
    "support": 376.0
  },
  "accuracy": 0.8297872340425532,
  "inference_time_seconds": 0.288454532623291,
  "energy_kwh": 1.857431147029509e-05,
  "num_test_samples": 376
}