{
  "per_class": {
    "age": {
      "precision": 0.9813624678663239,
      "recall": 0.9769673704414588,
      "f1-score": 0.9791599871753768,
      "support": 1563.0
    },
    "ethnicity": {
      "precision": 0.9858299595141701,
      "recall": 0.9838383838383838,
      "f1-score": 0.9848331648129424,
      "support": 1485.0
    },
    "gender": {
      "precision": 0.8819584171696848,
      "recall": 0.901920438957476,
      "f1-score": 0.8918277382163445,
      "support": 1458.0
    },
    "not_cyberbullying": {
      "precision": 0.6503014642549526,
      "recall": 0.6219110378912686,
      "f1-score": 0.6357894736842106,
      "support": 1214.0
    },
    "other_cyberbullying": {
      "precision": 0.616519174041298,
      "recall": 0.6391437308868502,
      "f1-score": 0.6276276276276276,
      "support": 981.0
    },
    "religion": {
      "precision": 0.9625871908687381,
      "recall": 0.9589387239418825,
      "f1-score": 0.9607594936708861,
      "support": 1583.0
    }
  },
  "weighted_avg": {
    "precision": 0.8693589099314637,
    "recall": 0.869507484307098,
    "f1-score": 0.8693412064531759,
    "support": 8284.0
  },
  "micro_avg": {
    "precision": 0.869507484307098,
    "recall": 0.869507484307098,
    "f1-score": 0.869507484307098,
    "support": 8284
  },
  "macro_avg": {
    "precision": 0.8464264456191946,
    "recall": 0.8471199476595533,
    "f1-score": 0.8466662475312313,
    "support": 8284.0
  },
  "accuracy": 0.869507484307098,
  "inference_time_seconds": 6.687855243682861,
  "energy_kwh": 0.00043604599448155524,
  "num_test_samples": 8284
}