{
  "per_class": {
    "emotion": {
      "precision": 0.910167818361303,
      "recall": 0.9165009940357853,
      "f1-score": 0.9133234274393264,
      "support": 1006.0
    },
    "hate": {
      "precision": 0.9661016949152542,
      "recall": 0.9676273193841295,
      "f1-score": 0.9668639053254438,
      "support": 2533.0
    },
    "offensive": {
      "precision": 0.9649122807017544,
      "recall": 0.9597578347578347,
      "f1-score": 0.9623281556864846,
      "support": 2808.0
    },
    "religion": {
      "precision": 0.9971153846153846,
      "recall": 1.0,
      "f1-score": 0.9985556090515166,
      "support": 2074.0
    },
    "spiritual": {
      "precision": 1.0,
      "recall": 0.998844598497978,
      "f1-score": 0.999421965317919,
      "support": 1731.0
    }
  },
  "weighted_avg": {
    "precision": 0.9723458836086135,
    "recall": 0.9723207249802994,
    "f1-score": 0.9723296745960522,
    "support": 10152.0
  },
  "micro_avg": {
    "precision": 0.9723207249802994,
    "recall": 0.9723207249802994,
    "f1-score": 0.9723207249802994,
    "support": 10152
  },
  "macro_avg": {
    "precision": 0.9676594357187392,
    "recall": 0.9685461493351456,
    "f1-score": 0.9680986125641381,
    "support": 10152.0
  },
  "accuracy": 0.9723207249802994,
  "inference_time_seconds": 5.181981563568115,
  "energy_kwh": 0.00032089320299450054,
  "num_test_samples": 10152
}