{
  "per_class": {
    "age": {
      "precision": 0.9918648310387985,
      "recall": 0.990625,
      "f1-score": 0.9912445278298937,
      "support": 1600.0
    },
    "ethnicity": {
      "precision": 0.9899244332493703,
      "recall": 0.9825,
      "f1-score": 0.986198243412798,
      "support": 1600.0
    },
    "gender": {
      "precision": 0.923679060665362,
      "recall": 0.8844472204871955,
      "f1-score": 0.9036375239310785,
      "support": 1601.0
    },
    "other_cyberbullying": {
      "precision": 0.8650234741784038,
      "recall": 0.9206745783885072,
      "f1-score": 0.891981845688351,
      "support": 1601.0
    },
    "religion": {
      "precision": 0.993666877770741,
      "recall": 0.980625,
      "f1-score": 0.9871028625353885,
      "support": 1600.0
    }
  },
  "weighted_avg": {
    "precision": 0.9528171189176611,
    "recall": 0.9517620594851287,
    "f1-score": 0.9520194482386448,
    "support": 8002.0
  },
  "micro_avg": {
    "precision": 0.9517620594851287,
    "recall": 0.9517620594851287,
    "f1-score": 0.9517620594851287,
    "support": 8002
  },
  "macro_avg": {
    "precision": 0.9528317353805351,
    "recall": 0.9517743597751405,
    "f1-score": 0.9520330006795019,
    "support": 8002.0
  },
  "accuracy": 0.9517620594851287,
  "inference_time_seconds": 1.8227412700653076,
  "energy_kwh": 0.00010856303297192166,
  "num_test_samples": 8002
}