{
  "per_class": {
    "Cyberstalking": {
      "precision": 0.84,
      "recall": 0.7,
      "f1-score": 0.7636363636363637,
      "support": 60.0
    },
    "Doxing": {
      "precision": 0.6333333333333333,
      "recall": 0.6477272727272727,
      "f1-score": 0.6404494382022472,
      "support": 88.0
    },
    "Revenge Porn": {
      "precision": 0.8142857142857143,
      "recall": 0.75,
      "f1-score": 0.7808219178082192,
      "support": 76.0
    },
    "Sexual Harassment": {
      "precision": 0.7433628318584071,
      "recall": 0.8484848484848485,
      "f1-score": 0.7924528301886793,
      "support": 99.0
    },
    "Slut Shaming": {
      "precision": 0.8787878787878788,
      "recall": 0.8787878787878788,
      "f1-score": 0.8787878787878788,
      "support": 99.0
    }
  },
  "weighted_avg": {
    "precision": 0.7787013459076539,
    "recall": 0.7748815165876777,
    "f1-score": 0.7748176026589655,
    "support": 422.0
  },
  "micro_avg": {
    "precision": 0.7748815165876777,
    "recall": 0.7748815165876777,
    "f1-score": 0.7748815165876777,
    "support": 422
  },
  "macro_avg": {
    "precision": 0.7819539516530668,
    "recall": 0.765,
    "f1-score": 0.7712296857246776,
    "support": 422.0
  },
  "accuracy": 0.7748815165876777,
  "inference_time_seconds": 0.4831962585449219,
  "energy_kwh": 2.8535090048996448e-05,
  "num_test_samples": 422
}