{
  "per_class": {
    "age": {
      "precision": 0.9887570268582137,
      "recall": 0.989375,
      "f1-score": 0.9890659169009685,
      "support": 1600.0
    },
    "ethnicity": {
      "precision": 0.9949270767279645,
      "recall": 0.980625,
      "f1-score": 0.987724268177526,
      "support": 1600.0
    },
    "gender": {
      "precision": 0.9120879120879121,
      "recall": 0.8813241723922548,
      "f1-score": 0.8964421855146124,
      "support": 1601.0
    },
    "other_cyberbullying": {
      "precision": 0.8597633136094674,
      "recall": 0.9075577763897564,
      "f1-score": 0.8830142813734427,
      "support": 1601.0
    },
    "religion": {
      "precision": 0.9918084436042848,
      "recall": 0.98375,
      "f1-score": 0.9877627863194226,
      "support": 1600.0
    }
  },
  "weighted_avg": {
    "precision": 0.94945287276259,
    "recall": 0.9485128717820545,
    "f1-score": 0.9487871229348217,
    "support": 8002.0
  },
  "micro_avg": {
    "precision": 0.9485128717820545,
    "recall": 0.9485128717820545,
    "f1-score": 0.9485128717820545,
    "support": 8002
  },
  "macro_avg": {
    "precision": 0.9494687545775685,
    "recall": 0.9485263897564021,
    "f1-score": 0.9488018876571946,
    "support": 8002.0
  },
  "accuracy": 0.9485128717820545,
  "inference_time_seconds": 6.158423900604248,
  "energy_kwh": 0.00038171659557766394,
  "num_test_samples": 8002
}