{
  "per_class": {
    "age": {
      "precision": 0.9910771191841937,
      "recall": 0.9860494610019024,
      "f1-score": 0.9885568976478067,
      "support": 1577.0
    },
    "ethnicity": {
      "precision": 0.9860093271152565,
      "recall": 0.9866666666666667,
      "f1-score": 0.9863378873708764,
      "support": 1500.0
    },
    "gender": {
      "precision": 0.9095143047238856,
      "recall": 0.9162198391420912,
      "f1-score": 0.9128547579298831,
      "support": 1492.0
    },
    "other_cyberbullying": {
      "precision": 0.8699059561128527,
      "recall": 0.8781645569620253,
      "f1-score": 0.8740157480314961,
      "support": 1264.0
    },
    "religion": {
      "precision": 0.9911223842739378,
      "recall": 0.9811676082862524,
      "f1-score": 0.9861198738170347,
      "support": 1593.0
    }
  },
  "weighted_avg": {
    "precision": 0.9530510418730709,
    "recall": 0.9527336385671963,
    "f1-score": 0.9528797767277996,
    "support": 7426.0
  },
  "micro_avg": {
    "precision": 0.9527336385671963,
    "recall": 0.9527336385671963,
    "f1-score": 0.9527336385671963,
    "support": 7426
  },
  "macro_avg": {
    "precision": 0.9495258182820251,
    "recall": 0.9496536264117876,
    "f1-score": 0.9495770329594194,
    "support": 7426.0
  },
  "accuracy": 0.9527336385671963,
  "inference_time_seconds": 5.781724691390991,
  "energy_kwh": 0.00040550358198629264,
  "num_test_samples": 7426
}