{
  "per_class": {
    "emotion": {
      "precision": 0.9058473736372646,
      "recall": 0.9085487077534792,
      "f1-score": 0.9071960297766749,
      "support": 1006.0
    },
    "hate": {
      "precision": 0.9646965489884967,
      "recall": 0.9601263324121595,
      "f1-score": 0.9624060150375939,
      "support": 2533.0
    },
    "offensive": {
      "precision": 0.9552238805970149,
      "recall": 0.9572649572649573,
      "f1-score": 0.9562433297758804,
      "support": 2808.0
    },
    "religion": {
      "precision": 0.9966362325804902,
      "recall": 1.0,
      "f1-score": 0.9983152827918171,
      "support": 2074.0
    },
    "spiritual": {
      "precision": 1.0,
      "recall": 0.997689196995956,
      "f1-score": 0.9988432620011567,
      "support": 1731.0
    }
  },
  "weighted_avg": {
    "precision": 0.9687895015322405,
    "recall": 0.9687746256895193,
    "f1-score": 0.9687794025896833,
    "support": 10152.0
  },
  "micro_avg": {
    "precision": 0.9687746256895193,
    "recall": 0.9687746256895193,
    "f1-score": 0.9687746256895193,
    "support": 10152
  },
  "macro_avg": {
    "precision": 0.9644808071606533,
    "recall": 0.9647258388853104,
    "f1-score": 0.9646007838766246,
    "support": 10152.0
  },
  "accuracy": 0.9687746256895193,
  "inference_time_seconds": 7.91199517250061,
  "energy_kwh": 0.0004730216543123687,
  "num_test_samples": 10152
}