{
  "per_class": {
    "Cyberstalking": {
      "precision": 0.7966101694915254,
      "recall": 0.7833333333333333,
      "f1-score": 0.7899159663865546,
      "support": 60.0
    },
    "Doxing": {
      "precision": 0.7448979591836735,
      "recall": 0.8295454545454546,
      "f1-score": 0.7849462365591398,
      "support": 88.0
    },
    "Revenge Porn": {
      "precision": 0.8591549295774648,
      "recall": 0.8026315789473685,
      "f1-score": 0.8299319727891157,
      "support": 76.0
    },
    "Sexual Harassment": {
      "precision": 0.8842105263157894,
      "recall": 0.8484848484848485,
      "f1-score": 0.865979381443299,
      "support": 99.0
    },
    "Slut Shaming": {
      "precision": 0.9292929292929293,
      "recall": 0.9292929292929293,
      "f1-score": 0.9292929292929293,
      "support": 99.0
    }
  },
  "weighted_avg": {
    "precision": 0.848768358603804,
    "recall": 0.8459715639810427,
    "f1-score": 0.8466279988039265,
    "support": 422.0
  },
  "micro_avg": {
    "precision": 0.8459715639810427,
    "recall": 0.8459715639810427,
    "f1-score": 0.8459715639810427,
    "support": 422
  },
  "macro_avg": {
    "precision": 0.8428333027722765,
    "recall": 0.8386576289207868,
    "f1-score": 0.8400132972942076,
    "support": 422.0
  },
  "accuracy": 0.8459715639810427,
  "inference_time_seconds": 0.402174711227417,
  "energy_kwh": 4.353836775882206e-05,
  "num_test_samples": 422
}