{
  "per_class": {
    "Cyberstalking": {
      "precision": 0.6825396825396826,
      "recall": 0.7166666666666667,
      "f1-score": 0.6991869918699187,
      "support": 60.0
    },
    "Doxing": {
      "precision": 0.782051282051282,
      "recall": 0.6931818181818182,
      "f1-score": 0.7349397590361446,
      "support": 88.0
    },
    "Revenge Porn": {
      "precision": 0.8,
      "recall": 0.7368421052631579,
      "f1-score": 0.7671232876712328,
      "support": 76.0
    },
    "Sexual Harassment": {
      "precision": 0.7727272727272727,
      "recall": 0.8585858585858586,
      "f1-score": 0.8133971291866029,
      "support": 99.0
    },
    "Slut Shaming": {
      "precision": 0.8514851485148515,
      "recall": 0.8686868686868687,
      "f1-score": 0.86,
      "support": 99.0
    }
  },
  "weighted_avg": {
    "precision": 0.7852367854878296,
    "recall": 0.7843601895734598,
    "f1-score": 0.7833971657816664,
    "support": 422.0
  },
  "micro_avg": {
    "precision": 0.7843601895734598,
    "recall": 0.7843601895734598,
    "f1-score": 0.7843601895734598,
    "support": 422
  },
  "macro_avg": {
    "precision": 0.7777606771666177,
    "recall": 0.774792663476874,
    "f1-score": 0.7749294335527798,
    "support": 422.0
  },
  "accuracy": 0.7843601895734598,
  "inference_time_seconds": 0.40796899795532227,
  "energy_kwh": 4.4243904237029434e-05,
  "num_test_samples": 422
}