{
  "per_class": {
    "age": {
      "precision": 0.9906191369606003,
      "recall": 0.99,
      "f1-score": 0.9903094717099094,
      "support": 1600.0
    },
    "ethnicity": {
      "precision": 0.9968112244897959,
      "recall": 0.976875,
      "f1-score": 0.9867424242424242,
      "support": 1600.0
    },
    "gender": {
      "precision": 0.9280667951188183,
      "recall": 0.9025608994378513,
      "f1-score": 0.915136162127929,
      "support": 1601.0
    },
    "other_cyberbullying": {
      "precision": 0.8802858844550328,
      "recall": 0.9231730168644597,
      "f1-score": 0.901219512195122,
      "support": 1601.0
    },
    "religion": {
      "precision": 0.9862414008755472,
      "recall": 0.985625,
      "f1-score": 0.9859331040950297,
      "support": 1600.0
    }
  },
  "weighted_avg": {
    "precision": 0.9563918345062792,
    "recall": 0.9556360909772557,
    "f1-score": 0.9558562152795533,
    "support": 8002.0
  },
  "micro_avg": {
    "precision": 0.9556360909772557,
    "recall": 0.9556360909772557,
    "f1-score": 0.9556360909772557,
    "support": 8002
  },
  "macro_avg": {
    "precision": 0.956404888379959,
    "recall": 0.9556467832604623,
    "f1-score": 0.9558681348740828,
    "support": 8002.0
  },
  "accuracy": 0.9556360909772557,
  "inference_time_seconds": 5.896518230438232,
  "energy_kwh": 0.000384833764565985,
  "num_test_samples": 8002
}