{
  "per_class": {
    "age": {
      "precision": 0.989355040701315,
      "recall": 0.9875,
      "f1-score": 0.9884266499843604,
      "support": 1600.0
    },
    "ethnicity": {
      "precision": 0.9949302915082383,
      "recall": 0.98125,
      "f1-score": 0.9880427942101951,
      "support": 1600.0
    },
    "gender": {
      "precision": 0.9174725983236621,
      "recall": 0.8888194878201124,
      "f1-score": 0.9029187817258884,
      "support": 1601.0
    },
    "other_cyberbullying": {
      "precision": 0.860781990521327,
      "recall": 0.9075577763897564,
      "f1-score": 0.8835512313773183,
      "support": 1601.0
    },
    "religion": {
      "precision": 0.9867758186397985,
      "recall": 0.979375,
      "f1-score": 0.9830614805520702,
      "support": 1600.0
    }
  },
  "weighted_avg": {
    "precision": 0.9498479677705312,
    "recall": 0.9488877780554861,
    "f1-score": 0.9491861997716614,
    "support": 8002.0
  },
  "micro_avg": {
    "precision": 0.9488877780554861,
    "recall": 0.9488877780554861,
    "f1-score": 0.9488877780554861,
    "support": 8002
  },
  "macro_avg": {
    "precision": 0.9498631479388682,
    "recall": 0.9489004528419738,
    "f1-score": 0.9492001875699664,
    "support": 8002.0
  },
  "accuracy": 0.9488877780554861,
  "inference_time_seconds": 2.5971901416778564,
  "energy_kwh": 0.00016687834522338753,
  "num_test_samples": 8002
}