{
  "per_class": {
    "Cyberstalking": {
      "precision": 0.8780487804878049,
      "recall": 0.6923076923076923,
      "f1-score": 0.7741935483870968,
      "support": 52.0
    },
    "Doxing": {
      "precision": 0.8428571428571429,
      "recall": 0.7972972972972973,
      "f1-score": 0.8194444444444444,
      "support": 74.0
    },
    "Revenge Porn": {
      "precision": 0.76,
      "recall": 0.8142857142857143,
      "f1-score": 0.7862068965517242,
      "support": 70.0
    },
    "Sexual Harassment": {
      "precision": 0.8235294117647058,
      "recall": 0.8974358974358975,
      "f1-score": 0.8588957055214724,
      "support": 78.0
    },
    "Slut Shaming": {
      "precision": 0.8913043478260869,
      "recall": 0.9213483146067416,
      "f1-score": 0.9060773480662984,
      "support": 89.0
    }
  },
  "weighted_avg": {
    "precision": 0.83964558190348,
    "recall": 0.837465564738292,
    "f1-score": 0.8362704825680828,
    "support": 363.0
  },
  "micro_avg": {
    "precision": 0.837465564738292,
    "recall": 0.837465564738292,
    "f1-score": 0.837465564738292,
    "support": 363
  },
  "macro_avg": {
    "precision": 0.8391479365871481,
    "recall": 0.8245349831866686,
    "f1-score": 0.8289635885942073,
    "support": 363.0
  },
  "accuracy": 0.837465564738292,
  "inference_time_seconds": 0.15923142433166504,
  "energy_kwh": 5.765181162820673e-06,
  "num_test_samples": 363
}