{
  "per_class": {
    "Cyberstalking": {
      "precision": 0.7288135593220338,
      "recall": 0.7166666666666667,
      "f1-score": 0.7226890756302521,
      "support": 60.0
    },
    "Doxing": {
      "precision": 0.8823529411764706,
      "recall": 0.6818181818181818,
      "f1-score": 0.7692307692307693,
      "support": 88.0
    },
    "Revenge Porn": {
      "precision": 0.7111111111111111,
      "recall": 0.8421052631578947,
      "f1-score": 0.7710843373493976,
      "support": 76.0
    },
    "Sexual Harassment": {
      "precision": 0.8640776699029126,
      "recall": 0.898989898989899,
      "f1-score": 0.8811881188118812,
      "support": 99.0
    },
    "Slut Shaming": {
      "precision": 0.8725490196078431,
      "recall": 0.898989898989899,
      "f1-score": 0.8855721393034826,
      "support": 99.0
    }
  },
  "weighted_avg": {
    "precision": 0.8230956376513286,
    "recall": 0.8175355450236966,
    "f1-score": 0.816505515218242,
    "support": 422.0
  },
  "micro_avg": {
    "precision": 0.8175355450236966,
    "recall": 0.8175355450236966,
    "f1-score": 0.8175355450236966,
    "support": 422
  },
  "macro_avg": {
    "precision": 0.8117808602240743,
    "recall": 0.8077139819245082,
    "f1-score": 0.8059528880651564,
    "support": 422.0
  },
  "accuracy": 0.8175355450236966,
  "inference_time_seconds": 0.3159935474395752,
  "energy_kwh": 1.4159065804881412e-05,
  "num_test_samples": 422
}