{
  "per_class": {
    "age": {
      "precision": 0.9875156054931336,
      "recall": 0.98875,
      "f1-score": 0.9881324172392255,
      "support": 1600.0
    },
    "ethnicity": {
      "precision": 0.9968010236724248,
      "recall": 0.97375,
      "f1-score": 0.9851406892190958,
      "support": 1600.0
    },
    "gender": {
      "precision": 0.9173967459324155,
      "recall": 0.9156777014366021,
      "f1-score": 0.9165364176305095,
      "support": 1601.0
    },
    "other_cyberbullying": {
      "precision": 0.8905021173623714,
      "recall": 0.9194253591505309,
      "f1-score": 0.9047326367547633,
      "support": 1601.0
    },
    "religion": {
      "precision": 0.9911727616645649,
      "recall": 0.9825,
      "f1-score": 0.9868173258003766,
      "support": 1600.0
    }
  },
  "weighted_avg": {
    "precision": 0.9566644720648777,
    "recall": 0.9560109972506873,
    "f1-score": 0.9562604908378828,
    "support": 8002.0
  },
  "micro_avg": {
    "precision": 0.9560109972506873,
    "recall": 0.9560109972506873,
    "f1-score": 0.9560109972506873,
    "support": 8002
  },
  "macro_avg": {
    "precision": 0.956677650824982,
    "recall": 0.9560206121174266,
    "f1-score": 0.9562718973287941,
    "support": 8002.0
  },
  "accuracy": 0.9560109972506873,
  "inference_time_seconds": 6.898120641708374,
  "energy_kwh": 0.00036560603533099994,
  "num_test_samples": 8002
}