{
  "per_class": {
    "emotion": {
      "precision": 0.7806580259222333,
      "recall": 0.8419354838709677,
      "f1-score": 0.8101396792550439,
      "support": 930.0
    },
    "hate": {
      "precision": 0.9255492270138324,
      "recall": 0.93969434118133,
      "f1-score": 0.9325681492109039,
      "support": 2421.0
    },
    "offensive": {
      "precision": 0.9030544488711819,
      "recall": 0.8549874266554903,
      "f1-score": 0.8783638320775027,
      "support": 2386.0
    },
    "religion": {
      "precision": 0.9926542605288933,
      "recall": 0.9990142927550517,
      "f1-score": 0.9958241218373864,
      "support": 2029.0
    },
    "spiritual": {
      "precision": 0.9976662777129521,
      "recall": 1.0,
      "f1-score": 0.9988317757009346,
      "support": 1710.0
    }
  },
  "weighted_avg": {
    "precision": 0.9330476347844109,
    "recall": 0.9323554242296328,
    "f1-score": 0.9324063923533523,
    "support": 9476.0
  },
  "micro_avg": {
    "precision": 0.9323554242296328,
    "recall": 0.9323554242296328,
    "f1-score": 0.9323554242296328,
    "support": 9476
  },
  "macro_avg": {
    "precision": 0.9199164480098185,
    "recall": 0.9271263088925679,
    "f1-score": 0.9231455116163543,
    "support": 9476.0
  },
  "accuracy": 0.9323554242296328,
  "inference_time_seconds": 11.879208087921143,
  "energy_kwh": 0.000720579199262674,
  "num_test_samples": 9476
}