{
  "per_class": {
    "emotion": {
      "precision": 0.8112820512820513,
      "recall": 0.8423855165069223,
      "f1-score": 0.8265412748171369,
      "support": 939.0
    },
    "hate": {
      "precision": 0.9489326077856843,
      "recall": 0.9410543794105438,
      "f1-score": 0.944977073780742,
      "support": 2409.0
    },
    "offensive": {
      "precision": 0.9048228766538625,
      "recall": 0.89489235964542,
      "f1-score": 0.8998302207130731,
      "support": 2369.0
    },
    "religion": {
      "precision": 0.9941520467836257,
      "recall": 1.0,
      "f1-score": 0.9970674486803519,
      "support": 2040.0
    },
    "spiritual": {
      "precision": 1.0,
      "recall": 0.9988338192419826,
      "f1-score": 0.9994165694282381,
      "support": 1715.0
    }
  },
  "weighted_avg": {
    "precision": 0.9432398721010511,
    "recall": 0.9428842905405406,
    "f1-score": 0.9430201470162284,
    "support": 9472.0
  },
  "micro_avg": {
    "precision": 0.9428842905405406,
    "recall": 0.9428842905405406,
    "f1-score": 0.9428842905405406,
    "support": 9472
  },
  "macro_avg": {
    "precision": 0.9318379165010449,
    "recall": 0.9354332149609738,
    "f1-score": 0.9335665174839084,
    "support": 9472.0
  },
  "accuracy": 0.9428842905405406,
  "inference_time_seconds": 2.205965280532837,
  "energy_kwh": 0.00011352977390253472,
  "num_test_samples": 9472
}