{
  "per_class": {
    "age": {
      "precision": 0.9869158878504672,
      "recall": 0.99,
      "f1-score": 0.9884555382215289,
      "support": 1600.0
    },
    "ethnicity": {
      "precision": 0.9930555555555556,
      "recall": 0.983125,
      "f1-score": 0.9880653266331658,
      "support": 1600.0
    },
    "gender": {
      "precision": 0.9255784865540964,
      "recall": 0.924422236102436,
      "f1-score": 0.925,
      "support": 1601.0
    },
    "other_cyberbullying": {
      "precision": 0.9069478908188585,
      "recall": 0.9131792629606496,
      "f1-score": 0.91005291005291,
      "support": 1601.0
    },
    "religion": {
      "precision": 0.9887640449438202,
      "recall": 0.99,
      "f1-score": 0.9893816364772018,
      "support": 1600.0
    }
  },
  "weighted_avg": {
    "precision": 0.9602413785970819,
    "recall": 0.9601349662584354,
    "f1-score": 0.9601804187860215,
    "support": 8002.0
  },
  "micro_avg": {
    "precision": 0.9601349662584354,
    "recall": 0.9601349662584354,
    "f1-score": 0.9601349662584354,
    "support": 8002
  },
  "macro_avg": {
    "precision": 0.9602523731445596,
    "recall": 0.9601452998126172,
    "f1-score": 0.9601910822769613,
    "support": 8002.0
  },
  "accuracy": 0.9601349662584354,
  "inference_time_seconds": 3.075378179550171,
  "energy_kwh": 0.00020445837364738522,
  "num_test_samples": 8002
}