{
  "per_class": {
    "age": {
      "precision": 0.9668914776210914,
      "recall": 0.9868585732165206,
      "f1-score": 0.9767729947352122,
      "support": 1598.0
    },
    "ethnicity": {
      "precision": 0.9942602040816326,
      "recall": 0.9792713567839196,
      "f1-score": 0.9867088607594937,
      "support": 1592.0
    },
    "gender": {
      "precision": 0.895910780669145,
      "recall": 0.909433962264151,
      "f1-score": 0.9026217228464419,
      "support": 1590.0
    },
    "not_cyberbullying": {
      "precision": 0.7660079051383399,
      "recall": 0.610586011342155,
      "f1-score": 0.679523141654979,
      "support": 1587.0
    },
    "other_cyberbullying": {
      "precision": 0.6971179989124524,
      "recall": 0.8191693290734824,
      "f1-score": 0.7532314923619271,
      "support": 1565.0
    },
    "religion": {
      "precision": 0.958513931888545,
      "recall": 0.9675,
      "f1-score": 0.9629860031104199,
      "support": 1600.0
    }
  },
  "weighted_avg": {
    "precision": 0.8804783332117718,
    "recall": 0.8792488459924465,
    "f1-score": 0.8775577431358965,
    "support": 9532.0
  },
  "micro_avg": {
    "precision": 0.8792488459924465,
    "recall": 0.8792488459924465,
    "f1-score": 0.8792488459924465,
    "support": 9532
  },
  "macro_avg": {
    "precision": 0.8797837163852011,
    "recall": 0.8788032054467049,
    "f1-score": 0.8769740359114123,
    "support": 9532.0
  },
  "accuracy": 0.8792488459924465,
  "inference_time_seconds": 2.205657958984375,
  "energy_kwh": 0.00011410742169076622,
  "num_test_samples": 9532
}