{
  "per_class": {
    "emotion": {
      "precision": 0.9149357072205737,
      "recall": 0.9194831013916501,
      "f1-score": 0.917203767972236,
      "support": 1006.0
    },
    "hate": {
      "precision": 0.966376582278481,
      "recall": 0.9644690090801421,
      "f1-score": 0.9654218533886584,
      "support": 2533.0
    },
    "offensive": {
      "precision": 0.963688145247419,
      "recall": 0.9640313390313391,
      "f1-score": 0.9638597115898166,
      "support": 2808.0
    },
    "religion": {
      "precision": 0.9980741454020221,
      "recall": 0.9995178399228544,
      "f1-score": 0.9987954709708504,
      "support": 2074.0
    },
    "spiritual": {
      "precision": 1.0,
      "recall": 0.997689196995956,
      "f1-score": 0.9988432620011567,
      "support": 1731.0
    }
  },
  "weighted_avg": {
    "precision": 0.9727442172767766,
    "recall": 0.9727147360126084,
    "f1-score": 0.972728340098039,
    "support": 10152.0
  },
  "micro_avg": {
    "precision": 0.9727147360126084,
    "recall": 0.9727147360126084,
    "f1-score": 0.9727147360126084,
    "support": 10152
  },
  "macro_avg": {
    "precision": 0.9686149160296992,
    "recall": 0.9690380972843883,
    "f1-score": 0.9688248131845436,
    "support": 10152.0
  },
  "accuracy": 0.9727147360126084,
  "inference_time_seconds": 10.004956245422363,
  "energy_kwh": 0.000615478496097978,
  "num_test_samples": 10152
}