{
  "per_class": {
    "emotion": {
      "precision": 0.8996023856858847,
      "recall": 0.8996023856858847,
      "f1-score": 0.8996023856858847,
      "support": 1006.0
    },
    "hate": {
      "precision": 0.9680766161213089,
      "recall": 0.957757599684169,
      "f1-score": 0.9628894621948799,
      "support": 2533.0
    },
    "offensive": {
      "precision": 0.9590395480225988,
      "recall": 0.9672364672364673,
      "f1-score": 0.9631205673758865,
      "support": 2808.0
    },
    "religion": {
      "precision": 0.996155694377703,
      "recall": 0.9995178399228544,
      "f1-score": 0.9978339350180505,
      "support": 2074.0
    },
    "spiritual": {
      "precision": 1.0,
      "recall": 0.997689196995956,
      "f1-score": 0.9988432620011567,
      "support": 1731.0
    }
  },
  "weighted_avg": {
    "precision": 0.9699712401124989,
    "recall": 0.969956658786446,
    "f1-score": 0.9699514212650275,
    "support": 10152.0
  },
  "micro_avg": {
    "precision": 0.969956658786446,
    "recall": 0.969956658786446,
    "f1-score": 0.969956658786446,
    "support": 10152
  },
  "macro_avg": {
    "precision": 0.9645748488414991,
    "recall": 0.9643606979050663,
    "f1-score": 0.9644579224551716,
    "support": 10152.0
  },
  "accuracy": 0.969956658786446,
  "inference_time_seconds": 8.144107818603516,
  "energy_kwh": 0.0004675467567490746,
  "num_test_samples": 10152
}