{
  "per_class": {
    "Cyberstalking": {
      "precision": 0.7659574468085106,
      "recall": 0.6923076923076923,
      "f1-score": 0.7272727272727273,
      "support": 52.0
    },
    "Doxing": {
      "precision": 0.7647058823529411,
      "recall": 0.7027027027027027,
      "f1-score": 0.7323943661971831,
      "support": 74.0
    },
    "Revenge Porn": {
      "precision": 0.7391304347826086,
      "recall": 0.7285714285714285,
      "f1-score": 0.7338129496402878,
      "support": 70.0
    },
    "Sexual Harassment": {
      "precision": 0.7901234567901234,
      "recall": 0.8311688311688312,
      "f1-score": 0.810126582278481,
      "support": 77.0
    },
    "Slut Shaming": {
      "precision": 0.8469387755102041,
      "recall": 0.9222222222222223,
      "f1-score": 0.8829787234042553,
      "support": 90.0
    }
  },
  "weighted_avg": {
    "precision": 0.7857331926493132,
    "recall": 0.7878787878787878,
    "f1-score": 0.7857578604226433,
    "support": 363.0
  },
  "micro_avg": {
    "precision": 0.7878787878787878,
    "recall": 0.7878787878787878,
    "f1-score": 0.7878787878787878,
    "support": 363
  },
  "macro_avg": {
    "precision": 0.7813711992488777,
    "recall": 0.7753945753945756,
    "f1-score": 0.7773170697585868,
    "support": 363.0
  },
  "accuracy": 0.7878787878787878,
  "inference_time_seconds": 0.441727876663208,
  "energy_kwh": 2.801538023492741e-05,
  "num_test_samples": 363
}