{
  "per_class": {
    "emotion": {
      "precision": 0.905511811023622,
      "recall": 0.9145129224652088,
      "f1-score": 0.9099901088031652,
      "support": 1006.0
    },
    "hate": {
      "precision": 0.973568281938326,
      "recall": 0.959731543624161,
      "f1-score": 0.9666003976143142,
      "support": 2533.0
    },
    "offensive": {
      "precision": 0.9590106007067137,
      "recall": 0.9665242165242165,
      "f1-score": 0.9627527492018446,
      "support": 2808.0
    },
    "religion": {
      "precision": 0.9966362325804902,
      "recall": 1.0,
      "f1-score": 0.9983152827918171,
      "support": 2074.0
    },
    "spiritual": {
      "precision": 1.0,
      "recall": 0.9982668977469671,
      "f1-score": 0.9991326973113617,
      "support": 1731.0
    }
  },
  "weighted_avg": {
    "precision": 0.9720172038215062,
    "recall": 0.9719267139479906,
    "f1-score": 0.9719526371087488,
    "support": 10152.0
  },
  "micro_avg": {
    "precision": 0.9719267139479906,
    "recall": 0.9719267139479906,
    "f1-score": 0.9719267139479906,
    "support": 10152
  },
  "macro_avg": {
    "precision": 0.9669453852498304,
    "recall": 0.9678071160721107,
    "f1-score": 0.9673582471445006,
    "support": 10152.0
  },
  "accuracy": 0.9719267139479906,
  "inference_time_seconds": 2.4956586360931396,
  "energy_kwh": 0.0001453909980975042,
  "num_test_samples": 10152
}