{
  "per_class": {
    "age": {
      "precision": 0.9890322580645161,
      "recall": 0.980806142034549,
      "f1-score": 0.9849020237712818,
      "support": 1563.0
    },
    "ethnicity": {
      "precision": 0.989145183175034,
      "recall": 0.9838056680161943,
      "f1-score": 0.986468200270636,
      "support": 1482.0
    },
    "gender": {
      "precision": 0.896387184730743,
      "recall": 0.901920438957476,
      "f1-score": 0.8991452991452992,
      "support": 1458.0
    },
    "not_cyberbullying": {
      "precision": 0.654228855721393,
      "recall": 0.6493827160493827,
      "f1-score": 0.6517967781908303,
      "support": 1215.0
    },
    "other_cyberbullying": {
      "precision": 0.6361767728674204,
      "recall": 0.6309887869520897,
      "f1-score": 0.6335721596724667,
      "support": 981.0
    },
    "religion": {
      "precision": 0.955955334987593,
      "recall": 0.9734680985470625,
      "f1-score": 0.9646322378716745,
      "support": 1583.0
    }
  },
  "weighted_avg": {
    "precision": 0.8755080735725009,
    "recall": 0.8759961361989858,
    "f1-score": 0.8757283009902019,
    "support": 8282.0
  },
  "micro_avg": {
    "precision": 0.8759961361989858,
    "recall": 0.8759961361989858,
    "f1-score": 0.8759961361989858,
    "support": 8282
  },
  "macro_avg": {
    "precision": 0.8534875982577832,
    "recall": 0.8533953084261258,
    "f1-score": 0.8534194498203647,
    "support": 8282.0
  },
  "accuracy": 0.8759961361989858,
  "inference_time_seconds": 6.694452524185181,
  "energy_kwh": 0.0004332982364473054,
  "num_test_samples": 8282
}