{
  "per_class": {
    "age": {
      "precision": 0.9898154042011458,
      "recall": 0.9730913642052565,
      "f1-score": 0.9813821394761755,
      "support": 1598.0
    },
    "ethnicity": {
      "precision": 0.9948914431673053,
      "recall": 0.9786432160804021,
      "f1-score": 0.986700443318556,
      "support": 1592.0
    },
    "gender": {
      "precision": 0.8944337811900192,
      "recall": 0.879245283018868,
      "f1-score": 0.8867745004757374,
      "support": 1590.0
    },
    "not_cyberbullying": {
      "precision": 0.7419898819561551,
      "recall": 0.5545053560176434,
      "f1-score": 0.6346916696718355,
      "support": 1587.0
    },
    "other_cyberbullying": {
      "precision": 0.6513256628314157,
      "recall": 0.8319488817891374,
      "f1-score": 0.7306397306397306,
      "support": 1565.0
    },
    "religion": {
      "precision": 0.9459623557984214,
      "recall": 0.97375,
      "f1-score": 0.9596550662149677,
      "support": 1600.0
    }
  },
  "weighted_avg": {
    "precision": 0.8705564708142015,
    "recall": 0.8656105749055812,
    "f1-score": 0.8639532296020586,
    "support": 9532.0
  },
  "micro_avg": {
    "precision": 0.8656105749055812,
    "recall": 0.8656105749055812,
    "f1-score": 0.8656105749055812,
    "support": 9532
  },
  "macro_avg": {
    "precision": 0.869736421524077,
    "recall": 0.8651973501852179,
    "f1-score": 0.8633072582995004,
    "support": 9532.0
  },
  "accuracy": 0.8656105749055812,
  "inference_time_seconds": 9.629393815994263,
  "energy_kwh": 0.0005984746495745575,
  "num_test_samples": 9532
}