{
  "per_class": {
    "Cyberstalking": {
      "precision": 0.6666666666666666,
      "recall": 0.7368421052631579,
      "f1-score": 0.7,
      "support": 57.0
    },
    "Doxing": {
      "precision": 0.8208955223880597,
      "recall": 0.6962025316455697,
      "f1-score": 0.7534246575342466,
      "support": 79.0
    },
    "Revenge Porn": {
      "precision": 0.7534246575342466,
      "recall": 0.7857142857142857,
      "f1-score": 0.7692307692307693,
      "support": 70.0
    },
    "Sexual Harassment": {
      "precision": 0.7954545454545454,
      "recall": 0.8536585365853658,
      "f1-score": 0.8235294117647058,
      "support": 82.0
    },
    "Slut Shaming": {
      "precision": 0.9294117647058824,
      "recall": 0.8977272727272727,
      "f1-score": 0.9132947976878613,
      "support": 88.0
    }
  },
  "weighted_avg": {
    "precision": 0.8048031391421392,
    "recall": 0.800531914893617,
    "f1-score": 0.8009735525335027,
    "support": 376.0
  },
  "micro_avg": {
    "precision": 0.800531914893617,
    "recall": 0.800531914893617,
    "f1-score": 0.800531914893617,
    "support": 376
  },
  "macro_avg": {
    "precision": 0.7931706313498802,
    "recall": 0.7940289463871304,
    "f1-score": 0.7918959272435165,
    "support": 376.0
  },
  "accuracy": 0.800531914893617,
  "inference_time_seconds": 0.28387451171875,
  "energy_kwh": 1.6822336830456013e-05,
  "num_test_samples": 376
}