{
  "per_class": {
    "Cyberstalking": {
      "precision": 0.6896551724137931,
      "recall": 0.7017543859649122,
      "f1-score": 0.6956521739130435,
      "support": 57.0
    },
    "Doxing": {
      "precision": 0.8450704225352113,
      "recall": 0.75,
      "f1-score": 0.7947019867549668,
      "support": 80.0
    },
    "Revenge Porn": {
      "precision": 0.8055555555555556,
      "recall": 0.8285714285714286,
      "f1-score": 0.8169014084507042,
      "support": 70.0
    },
    "Sexual Harassment": {
      "precision": 0.7802197802197802,
      "recall": 0.8658536585365854,
      "f1-score": 0.8208092485549133,
      "support": 82.0
    },
    "Slut Shaming": {
      "precision": 0.9540229885057471,
      "recall": 0.9222222222222223,
      "f1-score": 0.9378531073446328,
      "support": 90.0
    }
  },
  "weighted_avg": {
    "precision": 0.8262399959441458,
    "recall": 0.8232189973614775,
    "f1-score": 0.8235476767480474,
    "support": 379.0
  },
  "micro_avg": {
    "precision": 0.8232189973614775,
    "recall": 0.8232189973614775,
    "f1-score": 0.8232189973614775,
    "support": 379
  },
  "macro_avg": {
    "precision": 0.8149047838460174,
    "recall": 0.8136803390590297,
    "f1-score": 0.813183585003652,
    "support": 379.0
  },
  "accuracy": 0.8232189973614775,
  "inference_time_seconds": 0.28891468048095703,
  "energy_kwh": 1.8898017803489163e-05,
  "num_test_samples": 379
}