{
  "per_class": {
    "emotion": {
      "precision": 0.9191709844559586,
      "recall": 0.8817097415506958,
      "f1-score": 0.900050735667174,
      "support": 1006.0
    },
    "hate": {
      "precision": 0.9631537242472267,
      "recall": 0.959731543624161,
      "f1-score": 0.961439588688946,
      "support": 2533.0
    },
    "offensive": {
      "precision": 0.9533660589060309,
      "recall": 0.9683048433048433,
      "f1-score": 0.9607773851590106,
      "support": 2808.0
    },
    "religion": {
      "precision": 0.9971126082771896,
      "recall": 0.9990356798457087,
      "f1-score": 0.9980732177263969,
      "support": 2074.0
    },
    "spiritual": {
      "precision": 0.9982688978649741,
      "recall": 0.9994222992489891,
      "f1-score": 0.9988452655889145,
      "support": 1731.0
    }
  },
  "weighted_avg": {
    "precision": 0.9690131303250803,
    "recall": 0.9691686367218282,
    "f1-score": 0.9690352072552931,
    "support": 10152.0
  },
  "micro_avg": {
    "precision": 0.9691686367218282,
    "recall": 0.9691686367218282,
    "f1-score": 0.9691686367218282,
    "support": 10152
  },
  "macro_avg": {
    "precision": 0.9662144547502759,
    "recall": 0.9616408215148796,
    "f1-score": 0.9638372385660885,
    "support": 10152.0
  },
  "accuracy": 0.9691686367218282,
  "inference_time_seconds": 8.330945491790771,
  "energy_kwh": 0.00047383217564385573,
  "num_test_samples": 10152
}