{
  "per_class": {
    "Cyberstalking": {
      "precision": 0.7307692307692307,
      "recall": 0.6666666666666666,
      "f1-score": 0.6972477064220184,
      "support": 57.0
    },
    "Doxing": {
      "precision": 0.7625,
      "recall": 0.7721518987341772,
      "f1-score": 0.7672955974842768,
      "support": 79.0
    },
    "Revenge Porn": {
      "precision": 0.7105263157894737,
      "recall": 0.7605633802816901,
      "f1-score": 0.7346938775510204,
      "support": 71.0
    },
    "Sexual Harassment": {
      "precision": 0.8,
      "recall": 0.8292682926829268,
      "f1-score": 0.8143712574850299,
      "support": 82.0
    },
    "Slut Shaming": {
      "precision": 0.891566265060241,
      "recall": 0.8505747126436781,
      "f1-score": 0.8705882352941177,
      "support": 87.0
    }
  },
  "weighted_avg": {
    "precision": 0.785917499029627,
    "recall": 0.7845744680851063,
    "f1-score": 0.7846871179728618,
    "support": 376.0
  },
  "micro_avg": {
    "precision": 0.7845744680851063,
    "recall": 0.7845744680851063,
    "f1-score": 0.7845744680851063,
    "support": 376
  },
  "macro_avg": {
    "precision": 0.7790723623237891,
    "recall": 0.7758449902018277,
    "f1-score": 0.7768393348472926,
    "support": 376.0
  },
  "accuracy": 0.7845744680851063,
  "inference_time_seconds": 0.20009064674377441,
  "energy_kwh": 6.621309120681115e-06,
  "num_test_samples": 376
}