{
  "per_class": {
    "emotion": {
      "precision": 0.9254526091586794,
      "recall": 0.8638170974155069,
      "f1-score": 0.893573264781491,
      "support": 1006.0
    },
    "hate": {
      "precision": 0.9558938329430132,
      "recall": 0.9668377418081326,
      "f1-score": 0.9613346418056918,
      "support": 2533.0
    },
    "offensive": {
      "precision": 0.9532513181019332,
      "recall": 0.9658119658119658,
      "f1-score": 0.9594905359985848,
      "support": 2808.0
    },
    "religion": {
      "precision": 0.9975938402309913,
      "recall": 0.9995178399228544,
      "f1-score": 0.9985549132947977,
      "support": 2074.0
    },
    "spiritual": {
      "precision": 1.0,
      "recall": 0.9982668977469671,
      "f1-score": 0.9991326973113617,
      "support": 1731.0
    }
  },
  "weighted_avg": {
    "precision": 0.9681859465649711,
    "recall": 0.9683806146572104,
    "f1-score": 0.9681586255287038,
    "support": 10152.0
  },
  "micro_avg": {
    "precision": 0.9683806146572104,
    "recall": 0.9683806146572104,
    "f1-score": 0.9683806146572104,
    "support": 10152
  },
  "macro_avg": {
    "precision": 0.9664383200869235,
    "recall": 0.9588503085410853,
    "f1-score": 0.9624172106383855,
    "support": 10152.0
  },
  "accuracy": 0.9683806146572104,
  "inference_time_seconds": 17.03031587600708,
  "energy_kwh": 0.0010452370798124634,
  "num_test_samples": 10152
}