{
  "per_class": {
    "emotion": {
      "precision": 0.8310454065469906,
      "recall": 0.8480603448275862,
      "f1-score": 0.8394666666666667,
      "support": 928.0
    },
    "hate": {
      "precision": 0.9283667621776505,
      "recall": 0.9371900826446281,
      "f1-score": 0.932757557063541,
      "support": 2420.0
    },
    "offensive": {
      "precision": 0.9019691780821918,
      "recall": 0.8834381551362683,
      "f1-score": 0.8926074984113536,
      "support": 2385.0
    },
    "religion": {
      "precision": 0.9941205291523763,
      "recall": 0.999015263417036,
      "f1-score": 0.9965618860510805,
      "support": 2031.0
    },
    "spiritual": {
      "precision": 0.9994141769185706,
      "recall": 0.9976608187134502,
      "f1-score": 0.9985367281240854,
      "support": 1710.0
    }
  },
  "weighted_avg": {
    "precision": 0.939108214978972,
    "recall": 0.939096474561959,
    "f1-score": 0.939062933727406,
    "support": 9474.0
  },
  "micro_avg": {
    "precision": 0.939096474561959,
    "recall": 0.939096474561959,
    "f1-score": 0.939096474561959,
    "support": 9474
  },
  "macro_avg": {
    "precision": 0.9309832105755559,
    "recall": 0.9330729329477938,
    "f1-score": 0.9319860672633453,
    "support": 9474.0
  },
  "accuracy": 0.939096474561959,
  "inference_time_seconds": 7.4140355587005615,
  "energy_kwh": 0.00043553967267791357,
  "num_test_samples": 9474
}