{
  "per_class": {
    "emotion": {
      "precision": 0.918429003021148,
      "recall": 0.9065606361829026,
      "f1-score": 0.912456228114057,
      "support": 1006.0
    },
    "hate": {
      "precision": 0.9650099403578529,
      "recall": 0.9581523884721674,
      "f1-score": 0.9615689381933439,
      "support": 2533.0
    },
    "offensive": {
      "precision": 0.958362738179252,
      "recall": 0.9672364672364673,
      "f1-score": 0.9627791563275434,
      "support": 2808.0
    },
    "religion": {
      "precision": 0.9961538461538462,
      "recall": 0.9990356798457087,
      "f1-score": 0.9975926817525277,
      "support": 2074.0
    },
    "spiritual": {
      "precision": 0.9988439306358381,
      "recall": 0.9982668977469671,
      "f1-score": 0.9985553308292401,
      "support": 1731.0
    }
  },
  "weighted_avg": {
    "precision": 0.9706869824297448,
    "recall": 0.9707446808510638,
    "f1-score": 0.9707028621468066,
    "support": 10152.0
  },
  "micro_avg": {
    "precision": 0.9707446808510638,
    "recall": 0.9707446808510638,
    "f1-score": 0.9707446808510638,
    "support": 10152
  },
  "macro_avg": {
    "precision": 0.9673598916695875,
    "recall": 0.9658504138968425,
    "f1-score": 0.9665904670433424,
    "support": 10152.0
  },
  "accuracy": 0.9707446808510638,
  "inference_time_seconds": 7.796401500701904,
  "energy_kwh": 0.00047727341339972397,
  "num_test_samples": 10152
}