{
  "per_class": {
    "emotion": {
      "precision": 0.8454842219804135,
      "recall": 0.8381877022653722,
      "f1-score": 0.8418201516793066,
      "support": 927.0
    },
    "hate": {
      "precision": 0.9359342915811089,
      "recall": 0.9409578860445913,
      "f1-score": 0.9384393658637019,
      "support": 2422.0
    },
    "offensive": {
      "precision": 0.9068689422671724,
      "recall": 0.9023060796645702,
      "f1-score": 0.9045817570407735,
      "support": 2385.0
    },
    "religion": {
      "precision": 0.9945972495088409,
      "recall": 0.9985207100591716,
      "f1-score": 0.9965551181102362,
      "support": 2028.0
    },
    "spiritual": {
      "precision": 1.0,
      "recall": 0.9994148624926857,
      "f1-score": 0.9997073456248171,
      "support": 1709.0
    }
  },
  "weighted_avg": {
    "precision": 0.9438836846474948,
    "recall": 0.9440397001372611,
    "f1-score": 0.9439561343544736,
    "support": 9471.0
  },
  "micro_avg": {
    "precision": 0.9440397001372611,
    "recall": 0.9440397001372611,
    "f1-score": 0.9440397001372611,
    "support": 9471
  },
  "macro_avg": {
    "precision": 0.9365769410675071,
    "recall": 0.9358774481052782,
    "f1-score": 0.9362207476637672,
    "support": 9471.0
  },
  "accuracy": 0.9440397001372611,
  "inference_time_seconds": 3.9483530521392822,
  "energy_kwh": 0.00022589886082184332,
  "num_test_samples": 9471
}