{
  "per_class": {
    "age": {
      "precision": 0.9848961611076148,
      "recall": 0.9911336288790373,
      "f1-score": 0.9880050505050505,
      "support": 1579.0
    },
    "ethnicity": {
      "precision": 0.989247311827957,
      "recall": 0.983957219251337,
      "f1-score": 0.9865951742627346,
      "support": 1496.0
    },
    "gender": {
      "precision": 0.9262068965517242,
      "recall": 0.9019476158495635,
      "f1-score": 0.9139162980605648,
      "support": 1489.0
    },
    "other_cyberbullying": {
      "precision": 0.8693972179289027,
      "recall": 0.8914421553090333,
      "f1-score": 0.8802816901408451,
      "support": 1262.0
    },
    "religion": {
      "precision": 0.9811912225705329,
      "recall": 0.9842767295597484,
      "f1-score": 0.9827315541601256,
      "support": 1590.0
    }
  },
  "weighted_avg": {
    "precision": 0.953541048916193,
    "recall": 0.953344120819849,
    "f1-score": 0.9533827383129791,
    "support": 7416.0
  },
  "micro_avg": {
    "precision": 0.953344120819849,
    "recall": 0.953344120819849,
    "f1-score": 0.953344120819849,
    "support": 7416
  },
  "macro_avg": {
    "precision": 0.9501877619973463,
    "recall": 0.9505514697697439,
    "f1-score": 0.950305953425864,
    "support": 7416.0
  },
  "accuracy": 0.953344120819849,
  "inference_time_seconds": 5.442095041275024,
  "energy_kwh": 0.0003593775540571304,
  "num_test_samples": 7416
}