{
  "per_class": {
    "emotion": {
      "precision": 0.8522114347357066,
      "recall": 0.8503767491926802,
      "f1-score": 0.8512931034482759,
      "support": 929.0
    },
    "hate": {
      "precision": 0.9374744585206375,
      "recall": 0.9471511147811725,
      "f1-score": 0.942287944136373,
      "support": 2422.0
    },
    "offensive": {
      "precision": 0.9139100932994063,
      "recall": 0.902806870548806,
      "f1-score": 0.9083245521601686,
      "support": 2387.0
    },
    "religion": {
      "precision": 0.9941234084231146,
      "recall": 1.0,
      "f1-score": 0.9970530451866405,
      "support": 2030.0
    },
    "spiritual": {
      "precision": 1.0,
      "recall": 0.9964912280701754,
      "f1-score": 0.9982425307557118,
      "support": 1710.0
    }
  },
  "weighted_avg": {
    "precision": 0.946596483774115,
    "recall": 0.9467187170289091,
    "f1-score": 0.9466401993172836,
    "support": 9478.0
  },
  "micro_avg": {
    "precision": 0.9467187170289091,
    "recall": 0.9467187170289091,
    "f1-score": 0.9467187170289091,
    "support": 9478
  },
  "macro_avg": {
    "precision": 0.939543878995773,
    "recall": 0.9393651925185669,
    "f1-score": 0.9394402351374339,
    "support": 9478.0
  },
  "accuracy": 0.9467187170289091,
  "inference_time_seconds": 7.71930718421936,
  "energy_kwh": 0.00047198913511348916,
  "num_test_samples": 9478
}