{
  "per_class": {
    "Cyberstalking": {
      "precision": 0.6875,
      "recall": 0.7719298245614035,
      "f1-score": 0.7272727272727273,
      "support": 57.0
    },
    "Doxing": {
      "precision": 0.8904109589041096,
      "recall": 0.8125,
      "f1-score": 0.8496732026143791,
      "support": 80.0
    },
    "Revenge Porn": {
      "precision": 0.7916666666666666,
      "recall": 0.8028169014084507,
      "f1-score": 0.7972027972027972,
      "support": 71.0
    },
    "Sexual Harassment": {
      "precision": 0.8292682926829268,
      "recall": 0.8292682926829268,
      "f1-score": 0.8292682926829268,
      "support": 82.0
    },
    "Slut Shaming": {
      "precision": 0.9204545454545454,
      "recall": 0.9101123595505618,
      "f1-score": 0.9152542372881356,
      "support": 89.0
    }
  },
  "weighted_avg": {
    "precision": 0.8352220701612577,
    "recall": 0.8311345646437994,
    "f1-score": 0.8324206527275421,
    "support": 379.0
  },
  "micro_avg": {
    "precision": 0.8311345646437994,
    "recall": 0.8311345646437994,
    "f1-score": 0.8311345646437994,
    "support": 379
  },
  "macro_avg": {
    "precision": 0.8238600927416495,
    "recall": 0.8253254756406685,
    "f1-score": 0.823734251412193,
    "support": 379.0
  },
  "accuracy": 0.8311345646437994,
  "inference_time_seconds": 0.2825758457183838,
  "energy_kwh": 1.6337764547183538e-05,
  "num_test_samples": 379
}