{
  "per_class": {
    "Cyberstalking": {
      "precision": 0.7272727272727273,
      "recall": 0.8,
      "f1-score": 0.7619047619047619,
      "support": 60.0
    },
    "Doxing": {
      "precision": 0.7065217391304348,
      "recall": 0.7386363636363636,
      "f1-score": 0.7222222222222222,
      "support": 88.0
    },
    "Revenge Porn": {
      "precision": 0.6931818181818182,
      "recall": 0.8026315789473685,
      "f1-score": 0.7439024390243902,
      "support": 76.0
    },
    "Sexual Harassment": {
      "precision": 0.9176470588235294,
      "recall": 0.7878787878787878,
      "f1-score": 0.8478260869565217,
      "support": 99.0
    },
    "Slut Shaming": {
      "precision": 0.945054945054945,
      "recall": 0.8686868686868687,
      "f1-score": 0.9052631578947369,
      "support": 99.0
    }
  },
  "weighted_avg": {
    "precision": 0.8125582778332442,
    "recall": 0.8009478672985783,
    "f1-score": 0.8041759760094065,
    "support": 422.0
  },
  "micro_avg": {
    "precision": 0.8009478672985783,
    "recall": 0.8009478672985783,
    "f1-score": 0.8009478672985783,
    "support": 422
  },
  "macro_avg": {
    "precision": 0.7979356576926909,
    "recall": 0.7995667198298777,
    "f1-score": 0.7962237336005267,
    "support": 422.0
  },
  "accuracy": 0.8009478672985783,
  "inference_time_seconds": 0.48538970947265625,
  "energy_kwh": 2.8941748810362535e-05,
  "num_test_samples": 422
}