{
  "per_class": {
    "age": {
      "precision": 0.9875311720698254,
      "recall": 0.99,
      "f1-score": 0.9887640449438202,
      "support": 1600.0
    },
    "ethnicity": {
      "precision": 0.9923954372623575,
      "recall": 0.97875,
      "f1-score": 0.9855254877281309,
      "support": 1600.0
    },
    "gender": {
      "precision": 0.9269061121613107,
      "recall": 0.9188007495315428,
      "f1-score": 0.9228356336260979,
      "support": 1601.0
    },
    "other_cyberbullying": {
      "precision": 0.8961514966401954,
      "recall": 0.9163023110555902,
      "f1-score": 0.9061148857319333,
      "support": 1601.0
    },
    "religion": {
      "precision": 0.9912280701754386,
      "recall": 0.98875,
      "f1-score": 0.9899874843554443,
      "support": 1600.0
    }
  },
  "weighted_avg": {
    "precision": 0.9588306322048745,
    "recall": 0.9585103724068983,
    "f1-score": 0.9586344674751364,
    "support": 8002.0
  },
  "micro_avg": {
    "precision": 0.9585103724068983,
    "recall": 0.9585103724068983,
    "f1-score": 0.9585103724068983,
    "support": 8002
  },
  "macro_avg": {
    "precision": 0.9588424576618255,
    "recall": 0.9585206121174267,
    "f1-score": 0.9586455072770853,
    "support": 8002.0
  },
  "accuracy": 0.9585103724068983,
  "inference_time_seconds": 5.909843444824219,
  "energy_kwh": 0.0003866640247859701,
  "num_test_samples": 8002
}