{
  "per_class": {
    "age": {
      "precision": 0.9899937460913071,
      "recall": 0.989375,
      "f1-score": 0.9896842763363551,
      "support": 1600.0
    },
    "ethnicity": {
      "precision": 0.994263862332696,
      "recall": 0.975,
      "f1-score": 0.9845377090564847,
      "support": 1600.0
    },
    "gender": {
      "precision": 0.9202851587815943,
      "recall": 0.886945658963148,
      "f1-score": 0.9033078880407125,
      "support": 1601.0
    },
    "other_cyberbullying": {
      "precision": 0.8588166373755126,
      "recall": 0.9156777014366021,
      "f1-score": 0.8863361547762999,
      "support": 1601.0
    },
    "religion": {
      "precision": 0.9892676767676768,
      "recall": 0.979375,
      "f1-score": 0.9842964824120602,
      "support": 1600.0
    }
  },
  "weighted_avg": {
    "precision": 0.9505101764501644,
    "recall": 0.9492626843289178,
    "f1-score": 0.9496188029290024,
    "support": 8002.0
  },
  "micro_avg": {
    "precision": 0.9492626843289178,
    "recall": 0.9492626843289178,
    "f1-score": 0.9492626843289178,
    "support": 8002
  },
  "macro_avg": {
    "precision": 0.9505254162697574,
    "recall": 0.9492746720799501,
    "f1-score": 0.9496325021243825,
    "support": 8002.0
  },
  "accuracy": 0.9492626843289178,
  "inference_time_seconds": 7.4681665897369385,
  "energy_kwh": 0.00047045900068274336,
  "num_test_samples": 8002
}