{
  "per_class": {
    "age": {
      "precision": 0.9793621013133208,
      "recall": 0.9799749687108886,
      "f1-score": 0.9796684391617141,
      "support": 1598.0
    },
    "ethnicity": {
      "precision": 0.9904030710172744,
      "recall": 0.9723618090452262,
      "f1-score": 0.9812995245641838,
      "support": 1592.0
    },
    "gender": {
      "precision": 0.8966391883322765,
      "recall": 0.889308176100629,
      "f1-score": 0.8929586359330597,
      "support": 1590.0
    },
    "not_cyberbullying": {
      "precision": 0.6909090909090909,
      "recall": 0.6465028355387523,
      "f1-score": 0.66796875,
      "support": 1587.0
    },
    "other_cyberbullying": {
      "precision": 0.6946745562130178,
      "recall": 0.7501597444089457,
      "f1-score": 0.7213517665130569,
      "support": 1565.0
    },
    "religion": {
      "precision": 0.9567367119901112,
      "recall": 0.9675,
      "f1-score": 0.9620882535736482,
      "support": 1600.0
    }
  },
  "weighted_avg": {
    "precision": 0.8688434518817442,
    "recall": 0.868233319345363,
    "f1-score": 0.8682192998930902,
    "support": 9532.0
  },
  "micro_avg": {
    "precision": 0.868233319345363,
    "recall": 0.868233319345363,
    "f1-score": 0.868233319345363,
    "support": 9532
  },
  "macro_avg": {
    "precision": 0.868120786629182,
    "recall": 0.8676345889674071,
    "f1-score": 0.8675558949576104,
    "support": 9532.0
  },
  "accuracy": 0.868233319345363,
  "inference_time_seconds": 3.3757224082946777,
  "energy_kwh": 0.00021101106410460565,
  "num_test_samples": 9532
}