{
  "per_class": {
    "Cyberstalking": {
      "precision": 0.7903225806451613,
      "recall": 0.8166666666666667,
      "f1-score": 0.8032786885245902,
      "support": 60.0
    },
    "Doxing": {
      "precision": 0.8387096774193549,
      "recall": 0.8863636363636364,
      "f1-score": 0.861878453038674,
      "support": 88.0
    },
    "Revenge Porn": {
      "precision": 0.8082191780821918,
      "recall": 0.7763157894736842,
      "f1-score": 0.7919463087248322,
      "support": 76.0
    },
    "Sexual Harassment": {
      "precision": 0.8936170212765957,
      "recall": 0.8484848484848485,
      "f1-score": 0.8704663212435233,
      "support": 99.0
    },
    "Slut Shaming": {
      "precision": 0.9,
      "recall": 0.9090909090909091,
      "f1-score": 0.9045226130653267,
      "support": 99.0
    }
  },
  "weighted_avg": {
    "precision": 0.8535984575645557,
    "recall": 0.8530805687203792,
    "f1-score": 0.8529712064894364,
    "support": 422.0
  },
  "micro_avg": {
    "precision": 0.8530805687203792,
    "recall": 0.8530805687203792,
    "f1-score": 0.8530805687203792,
    "support": 422
  },
  "macro_avg": {
    "precision": 0.8461736914846607,
    "recall": 0.847384370015949,
    "f1-score": 0.8464184769193894,
    "support": 422.0
  },
  "accuracy": 0.8530805687203792,
  "inference_time_seconds": 0.3145174980163574,
  "energy_kwh": 1.8855521893167844e-05,
  "num_test_samples": 422
}