{
  "per_class": {
    "emotion": {
      "precision": 0.8465396188565697,
      "recall": 0.8389662027833003,
      "f1-score": 0.8427358961557664,
      "support": 1006.0
    },
    "hate": {
      "precision": 0.9296,
      "recall": 0.9174891433083301,
      "f1-score": 0.9235048678720446,
      "support": 2533.0
    },
    "offensive": {
      "precision": 0.9144366197183098,
      "recall": 0.9248575498575499,
      "f1-score": 0.9196175637393768,
      "support": 2808.0
    },
    "religion": {
      "precision": 0.9947242206235012,
      "recall": 1.0,
      "f1-score": 0.9973551334455398,
      "support": 2074.0
    },
    "spiritual": {
      "precision": 0.9988439306358381,
      "recall": 0.9982668977469671,
      "f1-score": 0.9985553308292401,
      "support": 1731.0
    }
  },
  "weighted_avg": {
    "precision": 0.9422863043974093,
    "recall": 0.9423758865248227,
    "f1-score": 0.9423098980756722,
    "support": 10152.0
  },
  "micro_avg": {
    "precision": 0.9423758865248227,
    "recall": 0.9423758865248227,
    "f1-score": 0.9423758865248227,
    "support": 10152
  },
  "macro_avg": {
    "precision": 0.9368288779668437,
    "recall": 0.9359159587392295,
    "f1-score": 0.9363537584083936,
    "support": 10152.0
  },
  "accuracy": 0.9423758865248227,
  "inference_time_seconds": 5.743785619735718,
  "energy_kwh": 0.0003473727998504498,
  "num_test_samples": 10152
}