{
  "per_class": {
    "emotion": {
      "precision": 0.8701594533029613,
      "recall": 0.814498933901919,
      "f1-score": 0.8414096916299559,
      "support": 938.0
    },
    "hate": {
      "precision": 0.9563729683490163,
      "recall": 0.9270315091210614,
      "f1-score": 0.9414736842105264,
      "support": 2412.0
    },
    "offensive": {
      "precision": 0.8810963321241435,
      "recall": 0.9274501484938481,
      "f1-score": 0.9036792062835882,
      "support": 2357.0
    },
    "religion": {
      "precision": 0.9941434846266471,
      "recall": 1.0,
      "f1-score": 0.9970631424375918,
      "support": 2037.0
    },
    "spiritual": {
      "precision": 1.0,
      "recall": 0.9988338192419826,
      "f1-score": 0.9994165694282381,
      "support": 1715.0
    }
  },
  "weighted_avg": {
    "precision": 0.9451100010420862,
    "recall": 0.9447087429960884,
    "f1-score": 0.9446099739919556,
    "support": 9459.0
  },
  "micro_avg": {
    "precision": 0.9447087429960884,
    "recall": 0.9447087429960884,
    "f1-score": 0.9447087429960884,
    "support": 9459
  },
  "macro_avg": {
    "precision": 0.9403544476805535,
    "recall": 0.9335628821517622,
    "f1-score": 0.93660845879798,
    "support": 9459.0
  },
  "accuracy": 0.9447087429960884,
  "inference_time_seconds": 7.301817178726196,
  "energy_kwh": 0.0004924338334592897,
  "num_test_samples": 9459
}