{
  "per_class": {
    "Cyberstalking": {
      "precision": 0.6842105263157895,
      "recall": 0.6842105263157895,
      "f1-score": 0.6842105263157895,
      "support": 57.0
    },
    "Doxing": {
      "precision": 0.7294117647058823,
      "recall": 0.7948717948717948,
      "f1-score": 0.7607361963190185,
      "support": 78.0
    },
    "Revenge Porn": {
      "precision": 0.8028169014084507,
      "recall": 0.8142857142857143,
      "f1-score": 0.8085106382978723,
      "support": 70.0
    },
    "Sexual Harassment": {
      "precision": 0.8767123287671232,
      "recall": 0.7804878048780488,
      "f1-score": 0.8258064516129032,
      "support": 82.0
    },
    "Slut Shaming": {
      "precision": 0.8555555555555555,
      "recall": 0.8651685393258427,
      "f1-score": 0.8603351955307262,
      "support": 89.0
    }
  },
  "weighted_avg": {
    "precision": 0.7982078620984013,
    "recall": 0.7952127659574468,
    "f1-score": 0.7957955569899658,
    "support": 376.0
  },
  "micro_avg": {
    "precision": 0.7952127659574468,
    "recall": 0.7952127659574468,
    "f1-score": 0.7952127659574468,
    "support": 376
  },
  "macro_avg": {
    "precision": 0.7897414153505603,
    "recall": 0.7878048759354381,
    "f1-score": 0.787919801615262,
    "support": 376.0
  },
  "accuracy": 0.7952127659574468,
  "inference_time_seconds": 0.19913911819458008,
  "energy_kwh": 7.938514463137158e-06,
  "num_test_samples": 376
}