{
  "per_class": {
    "Cyberstalking": {
      "precision": 0.7843137254901961,
      "recall": 0.7017543859649122,
      "f1-score": 0.7407407407407407,
      "support": 57.0
    },
    "Doxing": {
      "precision": 0.8378378378378378,
      "recall": 0.7848101265822784,
      "f1-score": 0.8104575163398693,
      "support": 79.0
    },
    "Revenge Porn": {
      "precision": 0.6428571428571429,
      "recall": 0.8873239436619719,
      "f1-score": 0.7455621301775148,
      "support": 71.0
    },
    "Sexual Harassment": {
      "precision": 0.9027777777777778,
      "recall": 0.7926829268292683,
      "f1-score": 0.8441558441558441,
      "support": 82.0
    },
    "Slut Shaming": {
      "precision": 0.9156626506024096,
      "recall": 0.8539325842696629,
      "f1-score": 0.8837209302325582,
      "support": 89.0
    }
  },
  "weighted_avg": {
    "precision": 0.8255547152549729,
    "recall": 0.8095238095238095,
    "f1-score": 0.8123153948866465,
    "support": 378.0
  },
  "micro_avg": {
    "precision": 0.8095238095238095,
    "recall": 0.8095238095238095,
    "f1-score": 0.8095238095238095,
    "support": 378
  },
  "macro_avg": {
    "precision": 0.8166898269130728,
    "recall": 0.8041007934616188,
    "f1-score": 0.8049274323293055,
    "support": 378.0
  },
  "accuracy": 0.8095238095238095,
  "inference_time_seconds": 0.28204822540283203,
  "energy_kwh": 1.615384915106895e-05,
  "num_test_samples": 378
}