{
  "per_class": {
    "Cyberstalking": {
      "precision": 0.7647058823529411,
      "recall": 0.75,
      "f1-score": 0.7572815533980582,
      "support": 52.0
    },
    "Doxing": {
      "precision": 0.8695652173913043,
      "recall": 0.8108108108108109,
      "f1-score": 0.8391608391608392,
      "support": 74.0
    },
    "Revenge Porn": {
      "precision": 0.8208955223880597,
      "recall": 0.7857142857142857,
      "f1-score": 0.8029197080291971,
      "support": 70.0
    },
    "Sexual Harassment": {
      "precision": 0.8625,
      "recall": 0.8961038961038961,
      "f1-score": 0.8789808917197452,
      "support": 77.0
    },
    "Slut Shaming": {
      "precision": 0.8854166666666666,
      "recall": 0.9444444444444444,
      "f1-score": 0.9139784946236559,
      "support": 90.0
    }
  },
  "weighted_avg": {
    "precision": 0.8475901337092938,
    "recall": 0.8484848484848485,
    "f1-score": 0.8474394369564582,
    "support": 363.0
  },
  "micro_avg": {
    "precision": 0.8484848484848485,
    "recall": 0.8484848484848485,
    "f1-score": 0.8484848484848485,
    "support": 363
  },
  "macro_avg": {
    "precision": 0.8406166577597943,
    "recall": 0.8374146874146874,
    "f1-score": 0.8384642973862991,
    "support": 363.0
  },
  "accuracy": 0.8484848484848485,
  "inference_time_seconds": 0.2908365726470947,
  "energy_kwh": 1.9160133195929946e-05,
  "num_test_samples": 363
}