{
  "per_class": {
    "age": {
      "precision": 0.983596214511041,
      "recall": 0.9755944931163955,
      "f1-score": 0.979579013509268,
      "support": 1598.0
    },
    "ethnicity": {
      "precision": 0.9848675914249685,
      "recall": 0.9811557788944724,
      "f1-score": 0.9830081812460667,
      "support": 1592.0
    },
    "gender": {
      "precision": 0.8889585947302384,
      "recall": 0.8911949685534591,
      "f1-score": 0.8900753768844221,
      "support": 1590.0
    },
    "not_cyberbullying": {
      "precision": 0.6536712150747238,
      "recall": 0.6339004410838059,
      "f1-score": 0.6436340371081254,
      "support": 1587.0
    },
    "other_cyberbullying": {
      "precision": 0.6736711990111248,
      "recall": 0.6964856230031949,
      "f1-score": 0.6848884699968583,
      "support": 1565.0
    },
    "religion": {
      "precision": 0.9590062111801242,
      "recall": 0.965,
      "f1-score": 0.9619937694704049,
      "support": 1600.0
    }
  },
  "weighted_avg": {
    "precision": 0.8580803299016438,
    "recall": 0.8579521611414184,
    "f1-score": 0.85795466229187,
    "support": 9532.0
  },
  "micro_avg": {
    "precision": 0.8579521611414184,
    "recall": 0.8579521611414184,
    "f1-score": 0.8579521611414184,
    "support": 9532
  },
  "macro_avg": {
    "precision": 0.8572951709887034,
    "recall": 0.8572218841085547,
    "f1-score": 0.8571964747025241,
    "support": 9532.0
  },
  "accuracy": 0.8579521611414184,
  "inference_time_seconds": 3.7645325660705566,
  "energy_kwh": 0.00022510539872154202,
  "num_test_samples": 9532
}