{
  "per_class": {
    "age": {
      "precision": 0.9757914338919925,
      "recall": 0.983729662077597,
      "f1-score": 0.9797444686818323,
      "support": 1598.0
    },
    "ethnicity": {
      "precision": 0.9891994917407878,
      "recall": 0.9780150753768844,
      "f1-score": 0.983575489576753,
      "support": 1592.0
    },
    "gender": {
      "precision": 0.897003745318352,
      "recall": 0.9037735849056604,
      "f1-score": 0.900375939849624,
      "support": 1590.0
    },
    "not_cyberbullying": {
      "precision": 0.7146872803935348,
      "recall": 0.6408317580340265,
      "f1-score": 0.6757475083056479,
      "support": 1587.0
    },
    "other_cyberbullying": {
      "precision": 0.7105729474305966,
      "recall": 0.7686900958466454,
      "f1-score": 0.7384898710865562,
      "support": 1565.0
    },
    "religion": {
      "precision": 0.9551872314303254,
      "recall": 0.9725,
      "f1-score": 0.963765871786931,
      "support": 1600.0
    }
  },
  "weighted_avg": {
    "precision": 0.8744136806828432,
    "recall": 0.8751573646663869,
    "f1-score": 0.8742399206369361,
    "support": 9532.0
  },
  "micro_avg": {
    "precision": 0.8751573646663869,
    "recall": 0.8751573646663869,
    "f1-score": 0.8751573646663869,
    "support": 9532
  },
  "macro_avg": {
    "precision": 0.8737403550342648,
    "recall": 0.874590029373469,
    "f1-score": 0.873616524881224,
    "support": 9532.0
  },
  "accuracy": 0.8751573646663869,
  "inference_time_seconds": 3.9463050365448,
  "energy_kwh": 0.00021814450088464816,
  "num_test_samples": 9532
}