{
  "per_class": {
    "age": {
      "precision": 0.987546699875467,
      "recall": 0.99125,
      "f1-score": 0.9893948845913911,
      "support": 1600.0
    },
    "ethnicity": {
      "precision": 0.9955442393380013,
      "recall": 0.9775,
      "f1-score": 0.9864396089561652,
      "support": 1600.0
    },
    "gender": {
      "precision": 0.9127764127764127,
      "recall": 0.9281698938163647,
      "f1-score": 0.9204087952926603,
      "support": 1601.0
    },
    "other_cyberbullying": {
      "precision": 0.9038101186758276,
      "recall": 0.9038101186758276,
      "f1-score": 0.9038101186758276,
      "support": 1601.0
    },
    "religion": {
      "precision": 0.9899749373433584,
      "recall": 0.9875,
      "f1-score": 0.9887359198998749,
      "support": 1600.0
    }
  },
  "weighted_avg": {
    "precision": 0.957918075399395,
    "recall": 0.9576355911022244,
    "f1-score": 0.9577464562333714,
    "support": 8002.0
  },
  "micro_avg": {
    "precision": 0.9576355911022244,
    "recall": 0.9576355911022244,
    "f1-score": 0.9576355911022244,
    "support": 8002
  },
  "macro_avg": {
    "precision": 0.9579304816018134,
    "recall": 0.9576460024984383,
    "f1-score": 0.9577578654831838,
    "support": 8002.0
  },
  "accuracy": 0.9576355911022244,
  "inference_time_seconds": 3.411916971206665,
  "energy_kwh": 0.0001881983965293803,
  "num_test_samples": 8002
}