{
  "per_class": {
    "age": {
      "precision": 0.9800771208226221,
      "recall": 0.9756877799104287,
      "f1-score": 0.9778775248477076,
      "support": 1563.0
    },
    "ethnicity": {
      "precision": 0.9778225806451613,
      "recall": 0.9817813765182186,
      "f1-score": 0.9797979797979798,
      "support": 1482.0
    },
    "gender": {
      "precision": 0.9094766619519095,
      "recall": 0.8832417582417582,
      "f1-score": 0.8961672473867596,
      "support": 1456.0
    },
    "not_cyberbullying": {
      "precision": 0.6439461883408072,
      "recall": 0.5919208573784006,
      "f1-score": 0.6168384879725086,
      "support": 1213.0
    },
    "other_cyberbullying": {
      "precision": 0.6267029972752044,
      "recall": 0.7026476578411406,
      "f1-score": 0.6625060009601537,
      "support": 982.0
    },
    "religion": {
      "precision": 0.9489414694894147,
      "recall": 0.9621212121212122,
      "f1-score": 0.9554858934169279,
      "support": 1584.0
    }
  },
  "weighted_avg": {
    "precision": 0.8701502393256945,
    "recall": 0.8693236714975845,
    "f1-score": 0.8692751598573228,
    "support": 8280.0
  },
  "micro_avg": {
    "precision": 0.8693236714975845,
    "recall": 0.8693236714975845,
    "f1-score": 0.8693236714975845,
    "support": 8280
  },
  "macro_avg": {
    "precision": 0.8478278364208531,
    "recall": 0.8495667736685265,
    "f1-score": 0.848112189063673,
    "support": 8280.0
  },
  "accuracy": 0.8693236714975845,
  "inference_time_seconds": 6.419229745864868,
  "energy_kwh": 0.00038254163978987876,
  "num_test_samples": 8280
}