{
  "per_class": {
    "age": {
      "precision": 0.9857585139318885,
      "recall": 0.995,
      "f1-score": 0.990357698289269,
      "support": 1600.0
    },
    "ethnicity": {
      "precision": 0.9868173258003766,
      "recall": 0.9825,
      "f1-score": 0.9846539304729095,
      "support": 1600.0
    },
    "gender": {
      "precision": 0.9206745783885072,
      "recall": 0.9206745783885072,
      "f1-score": 0.9206745783885072,
      "support": 1601.0
    },
    "other_cyberbullying": {
      "precision": 0.9045226130653267,
      "recall": 0.8994378513429107,
      "f1-score": 0.9019730660820545,
      "support": 1601.0
    },
    "religion": {
      "precision": 0.9875078076202374,
      "recall": 0.988125,
      "f1-score": 0.9878163074039362,
      "support": 1600.0
    }
  },
  "weighted_avg": {
    "precision": 0.9570450561461625,
    "recall": 0.9571357160709822,
    "f1-score": 0.9570836761638531,
    "support": 8002.0
  },
  "micro_avg": {
    "precision": 0.9571357160709822,
    "recall": 0.9571357160709822,
    "f1-score": 0.9571357160709822,
    "support": 8002
  },
  "macro_avg": {
    "precision": 0.9570561677612673,
    "recall": 0.9571474859462835,
    "f1-score": 0.9570951161273353,
    "support": 8002.0
  },
  "accuracy": 0.9571357160709822,
  "inference_time_seconds": 7.430014610290527,
  "energy_kwh": 0.00036309299976566167,
  "num_test_samples": 8002
}