{
  "per_class": {
    "Cyberstalking": {
      "precision": 0.85,
      "recall": 0.6415094339622641,
      "f1-score": 0.7311827956989247,
      "support": 53.0
    },
    "Doxing": {
      "precision": 0.8311688311688312,
      "recall": 0.8648648648648649,
      "f1-score": 0.847682119205298,
      "support": 74.0
    },
    "Revenge Porn": {
      "precision": 0.8888888888888888,
      "recall": 0.8,
      "f1-score": 0.8421052631578947,
      "support": 70.0
    },
    "Sexual Harassment": {
      "precision": 0.7446808510638298,
      "recall": 0.9090909090909091,
      "f1-score": 0.8187134502923976,
      "support": 77.0
    },
    "Slut Shaming": {
      "precision": 0.9213483146067416,
      "recall": 0.9213483146067416,
      "f1-score": 0.9213483146067416,
      "support": 89.0
    }
  },
  "weighted_avg": {
    "precision": 0.8488130613240513,
    "recall": 0.8429752066115702,
    "f1-score": 0.841513688944359,
    "support": 363.0
  },
  "micro_avg": {
    "precision": 0.8429752066115702,
    "recall": 0.8429752066115702,
    "f1-score": 0.8429752066115702,
    "support": 363
  },
  "macro_avg": {
    "precision": 0.8472173771456581,
    "recall": 0.827362704504956,
    "f1-score": 0.8322063885922514,
    "support": 363.0
  },
  "accuracy": 0.8429752066115702,
  "inference_time_seconds": 0.13702726364135742,
  "energy_kwh": 3.3674918315018213e-06,
  "num_test_samples": 363
}