{
  "per_class": {
    "emotion": {
      "precision": 0.8285431119920713,
      "recall": 0.831013916500994,
      "f1-score": 0.8297766749379653,
      "support": 1006.0
    },
    "hate": {
      "precision": 0.931062124248497,
      "recall": 0.9170943545203316,
      "f1-score": 0.9240254574383453,
      "support": 2533.0
    },
    "offensive": {
      "precision": 0.9133969600565571,
      "recall": 0.9202279202279202,
      "f1-score": 0.9167997161610786,
      "support": 2808.0
    },
    "religion": {
      "precision": 0.9932918064206996,
      "recall": 0.9995178399228544,
      "f1-score": 0.996395097332372,
      "support": 2074.0
    },
    "spiritual": {
      "precision": 0.9971131639722863,
      "recall": 0.997689196995956,
      "f1-score": 0.9974010973144672,
      "support": 1731.0
    }
  },
  "weighted_avg": {
    "precision": 0.939992463413794,
    "recall": 0.9400118203309693,
    "f1-score": 0.9399832695998731,
    "support": 10152.0
  },
  "micro_avg": {
    "precision": 0.9400118203309693,
    "recall": 0.9400118203309693,
    "f1-score": 0.9400118203309693,
    "support": 10152
  },
  "macro_avg": {
    "precision": 0.9326814333380223,
    "recall": 0.9331086456336113,
    "f1-score": 0.9328796086368458,
    "support": 10152.0
  },
  "accuracy": 0.9400118203309693,
  "inference_time_seconds": 5.809050798416138,
  "energy_kwh": 0.0003385819726175771,
  "num_test_samples": 10152
}