{
  "per_class": {
    "Cyberstalking": {
      "precision": 0.6119402985074627,
      "recall": 0.7192982456140351,
      "f1-score": 0.6612903225806451,
      "support": 57.0
    },
    "Doxing": {
      "precision": 0.8870967741935484,
      "recall": 0.6962025316455697,
      "f1-score": 0.7801418439716312,
      "support": 79.0
    },
    "Revenge Porn": {
      "precision": 0.7777777777777778,
      "recall": 0.8,
      "f1-score": 0.7887323943661971,
      "support": 70.0
    },
    "Sexual Harassment": {
      "precision": 0.75,
      "recall": 0.8414634146341463,
      "f1-score": 0.7931034482758621,
      "support": 82.0
    },
    "Slut Shaming": {
      "precision": 0.8705882352941177,
      "recall": 0.8222222222222222,
      "f1-score": 0.8457142857142858,
      "support": 90.0
    }
  },
  "weighted_avg": {
    "precision": 0.7916894915268008,
    "recall": 0.7804232804232805,
    "f1-score": 0.7822348945486662,
    "support": 378.0
  },
  "micro_avg": {
    "precision": 0.7804232804232805,
    "recall": 0.7804232804232805,
    "f1-score": 0.7804232804232805,
    "support": 378
  },
  "macro_avg": {
    "precision": 0.7794806171545813,
    "recall": 0.7758372828231946,
    "f1-score": 0.7737964589817242,
    "support": 378.0
  },
  "accuracy": 0.7804232804232805,
  "inference_time_seconds": 0.27925562858581543,
  "energy_kwh": 1.5991008141488917e-05,
  "num_test_samples": 378
}