{
  "per_class": {
    "age": {
      "precision": 0.9878826530612245,
      "recall": 0.9816223067173637,
      "f1-score": 0.9847425301970757,
      "support": 1578.0
    },
    "ethnicity": {
      "precision": 0.9993011879804332,
      "recall": 0.9623149394347241,
      "f1-score": 0.9804593760713062,
      "support": 1486.0
    },
    "gender": {
      "precision": 0.8936761640027797,
      "recall": 0.8760217983651226,
      "f1-score": 0.8847609219126247,
      "support": 1468.0
    },
    "not_cyberbullying": {
      "precision": 0.6248725790010193,
      "recall": 0.5099833610648918,
      "f1-score": 0.5616124599175447,
      "support": 1202.0
    },
    "other_cyberbullying": {
      "precision": 0.6139444803098774,
      "recall": 0.7840065952184666,
      "f1-score": 0.6886314265025344,
      "support": 1213.0
    },
    "religion": {
      "precision": 0.9662420382165605,
      "recall": 0.9534883720930233,
      "f1-score": 0.9598228408731414,
      "support": 1591.0
    }
  },
  "weighted_avg": {
    "precision": 0.8654087114082069,
    "recall": 0.8603888498477396,
    "f1-score": 0.8605249023024489,
    "support": 8538.0
  },
  "micro_avg": {
    "precision": 0.8603888498477396,
    "recall": 0.8603888498477396,
    "f1-score": 0.8603888498477396,
    "support": 8538
  },
  "macro_avg": {
    "precision": 0.8476531837619824,
    "recall": 0.8445728954822652,
    "f1-score": 0.8433382592457046,
    "support": 8538.0
  },
  "accuracy": 0.8603888498477396,
  "inference_time_seconds": 6.446883678436279,
  "energy_kwh": 0.0004033633011498867,
  "num_test_samples": 8538
}