{
  "per_class": {
    "emotion": {
      "precision": 0.8425531914893617,
      "recall": 0.853448275862069,
      "f1-score": 0.8479657387580299,
      "support": 928.0
    },
    "hate": {
      "precision": 0.9253611556982343,
      "recall": 0.9517127527858027,
      "f1-score": 0.938351983723296,
      "support": 2423.0
    },
    "offensive": {
      "precision": 0.9195652173913044,
      "recall": 0.8860494344365312,
      "f1-score": 0.902496266268402,
      "support": 2387.0
    },
    "religion": {
      "precision": 0.9960687960687961,
      "recall": 0.9985221674876847,
      "f1-score": 0.9972939729397294,
      "support": 2030.0
    },
    "spiritual": {
      "precision": 0.9988310929281122,
      "recall": 0.9994152046783625,
      "f1-score": 0.9991230634317451,
      "support": 1710.0
    }
  },
  "weighted_avg": {
    "precision": 0.9441931252161555,
    "recall": 0.9441865372441444,
    "f1-score": 0.9440604403088846,
    "support": 9478.0
  },
  "micro_avg": {
    "precision": 0.9441865372441444,
    "recall": 0.9441865372441444,
    "f1-score": 0.9441865372441444,
    "support": 9478
  },
  "macro_avg": {
    "precision": 0.9364758907151616,
    "recall": 0.9378295670500899,
    "f1-score": 0.9370462050242405,
    "support": 9478.0
  },
  "accuracy": 0.9441865372441444,
  "inference_time_seconds": 3.7145040035247803,
  "energy_kwh": 0.00021916045387067564,
  "num_test_samples": 9478
}