{
  "per_class": {
    "age": {
      "precision": 0.9824451410658307,
      "recall": 0.9806007509386734,
      "f1-score": 0.9815220795490135,
      "support": 1598.0
    },
    "ethnicity": {
      "precision": 0.98856416772554,
      "recall": 0.9773869346733668,
      "f1-score": 0.9829437776373974,
      "support": 1592.0
    },
    "gender": {
      "precision": 0.8780940594059405,
      "recall": 0.8924528301886793,
      "f1-score": 0.885215221459763,
      "support": 1590.0
    },
    "not_cyberbullying": {
      "precision": 0.6852122986822841,
      "recall": 0.5897920604914934,
      "f1-score": 0.6339315949881477,
      "support": 1587.0
    },
    "other_cyberbullying": {
      "precision": 0.6517806670435274,
      "recall": 0.736741214057508,
      "f1-score": 0.6916616676664668,
      "support": 1565.0
    },
    "religion": {
      "precision": 0.957196029776675,
      "recall": 0.964375,
      "f1-score": 0.960772104607721,
      "support": 1600.0
    }
  },
  "weighted_avg": {
    "precision": 0.8580458827604163,
    "recall": 0.8575325220310533,
    "f1-score": 0.8567505557863667,
    "support": 9532.0
  },
  "micro_avg": {
    "precision": 0.8575325220310533,
    "recall": 0.8575325220310533,
    "f1-score": 0.8575325220310533,
    "support": 9532
  },
  "macro_avg": {
    "precision": 0.8572153939499664,
    "recall": 0.8568914650582867,
    "f1-score": 0.8560077409847516,
    "support": 9532.0
  },
  "accuracy": 0.8575325220310533,
  "inference_time_seconds": 7.6668031215667725,
  "energy_kwh": 0.0004403716201308382,
  "num_test_samples": 9532
}