{
  "per_class": {
    "age": {
      "precision": 0.9887570268582137,
      "recall": 0.989375,
      "f1-score": 0.9890659169009685,
      "support": 1600.0
    },
    "ethnicity": {
      "precision": 0.9848961611076148,
      "recall": 0.978125,
      "f1-score": 0.9814989024772656,
      "support": 1600.0
    },
    "gender": {
      "precision": 0.9203947368421053,
      "recall": 0.8738288569643973,
      "f1-score": 0.8965075296379366,
      "support": 1601.0
    },
    "other_cyberbullying": {
      "precision": 0.852906976744186,
      "recall": 0.9163023110555902,
      "f1-score": 0.8834688346883469,
      "support": 1601.0
    },
    "religion": {
      "precision": 0.9917302798982188,
      "recall": 0.974375,
      "f1-score": 0.9829760403530895,
      "support": 1600.0
    }
  },
  "weighted_avg": {
    "precision": 0.9477217685621255,
    "recall": 0.9463884028992752,
    "f1-score": 0.9466892695396772,
    "support": 8002.0
  },
  "micro_avg": {
    "precision": 0.9463884028992752,
    "recall": 0.9463884028992752,
    "f1-score": 0.9463884028992752,
    "support": 8002
  },
  "macro_avg": {
    "precision": 0.9477370362900677,
    "recall": 0.9464012336039975,
    "f1-score": 0.9467034448115215,
    "support": 8002.0
  },
  "accuracy": 0.9463884028992752,
  "inference_time_seconds": 1.4019911289215088,
  "energy_kwh": 8.533140753853805e-05,
  "num_test_samples": 8002
}