{
  "per_class": {
    "Cyberstalking": {
      "precision": 0.7142857142857143,
      "recall": 0.75,
      "f1-score": 0.7317073170731707,
      "support": 60.0
    },
    "Doxing": {
      "precision": 0.84,
      "recall": 0.7159090909090909,
      "f1-score": 0.7730061349693251,
      "support": 88.0
    },
    "Revenge Porn": {
      "precision": 0.7875,
      "recall": 0.8289473684210527,
      "f1-score": 0.8076923076923077,
      "support": 76.0
    },
    "Sexual Harassment": {
      "precision": 0.822429906542056,
      "recall": 0.8888888888888888,
      "f1-score": 0.8543689320388349,
      "support": 99.0
    },
    "Slut Shaming": {
      "precision": 0.9278350515463918,
      "recall": 0.9090909090909091,
      "f1-score": 0.9183673469387755,
      "support": 99.0
    }
  },
  "weighted_avg": {
    "precision": 0.8291549139997612,
    "recall": 0.8270142180094787,
    "f1-score": 0.8265698718130088,
    "support": 422.0
  },
  "micro_avg": {
    "precision": 0.8270142180094787,
    "recall": 0.8270142180094787,
    "f1-score": 0.8270142180094787,
    "support": 422
  },
  "macro_avg": {
    "precision": 0.8184101344748325,
    "recall": 0.8185672514619883,
    "f1-score": 0.8170284077424828,
    "support": 422.0
  },
  "accuracy": 0.8270142180094787,
  "inference_time_seconds": 0.3269491195678711,
  "energy_kwh": 3.990626290247709e-05,
  "num_test_samples": 422
}