{
  "per_class": {
    "Cyberstalking": {
      "precision": 0.7333333333333333,
      "recall": 0.7333333333333333,
      "f1-score": 0.7333333333333333,
      "support": 60.0
    },
    "Doxing": {
      "precision": 0.8192771084337349,
      "recall": 0.7727272727272727,
      "f1-score": 0.7953216374269005,
      "support": 88.0
    },
    "Revenge Porn": {
      "precision": 0.7951807228915663,
      "recall": 0.868421052631579,
      "f1-score": 0.8301886792452831,
      "support": 76.0
    },
    "Sexual Harassment": {
      "precision": 0.8446601941747572,
      "recall": 0.8787878787878788,
      "f1-score": 0.8613861386138614,
      "support": 99.0
    },
    "Slut Shaming": {
      "precision": 0.946236559139785,
      "recall": 0.8888888888888888,
      "f1-score": 0.9166666666666666,
      "support": 99.0
    }
  },
  "weighted_avg": {
    "precision": 0.8384571067774109,
    "recall": 0.8364928909952607,
    "f1-score": 0.8367532498554053,
    "support": 422.0
  },
  "micro_avg": {
    "precision": 0.8364928909952607,
    "recall": 0.8364928909952607,
    "f1-score": 0.8364928909952607,
    "support": 422
  },
  "macro_avg": {
    "precision": 0.8277375835946355,
    "recall": 0.8284316852737905,
    "f1-score": 0.8273792910572091,
    "support": 422.0
  },
  "accuracy": 0.8364928909952607,
  "inference_time_seconds": 0.3680133819580078,
  "energy_kwh": 1.3838034431063874e-05,
  "num_test_samples": 422
}