{
  "per_class": {
    "emotion": {
      "precision": 0.8303747534516766,
      "recall": 0.8369781312127237,
      "f1-score": 0.8336633663366336,
      "support": 1006.0
    },
    "hate": {
      "precision": 0.9269261318506752,
      "recall": 0.9214370311883142,
      "f1-score": 0.9241734310037616,
      "support": 2533.0
    },
    "offensive": {
      "precision": 0.9144385026737968,
      "recall": 0.9134615384615384,
      "f1-score": 0.9139497594869054,
      "support": 2808.0
    },
    "religion": {
      "precision": 0.9942473633748802,
      "recall": 1.0,
      "f1-score": 0.9971153846153846,
      "support": 2074.0
    },
    "spiritual": {
      "precision": 0.9994216310005783,
      "recall": 0.9982668977469671,
      "f1-score": 0.9988439306358381,
      "support": 1731.0
    }
  },
  "weighted_avg": {
    "precision": 0.940018920839211,
    "recall": 0.9400118203309693,
    "f1-score": 0.9400102170537191,
    "support": 10152.0
  },
  "micro_avg": {
    "precision": 0.9400118203309693,
    "recall": 0.9400118203309693,
    "f1-score": 0.9400118203309693,
    "support": 10152
  },
  "macro_avg": {
    "precision": 0.9330816764703215,
    "recall": 0.9340287197219087,
    "f1-score": 0.9335491744157046,
    "support": 10152.0
  },
  "accuracy": 0.9400118203309693,
  "inference_time_seconds": 3.2685647010803223,
  "energy_kwh": 0.00020501947537764176,
  "num_test_samples": 10152
}