{
  "per_class": {
    "age": {
      "precision": 0.9818181818181818,
      "recall": 0.9923954372623575,
      "f1-score": 0.987078474629688,
      "support": 1578.0
    },
    "ethnicity": {
      "precision": 0.994579945799458,
      "recall": 0.9793195463642428,
      "f1-score": 0.986890756302521,
      "support": 1499.0
    },
    "gender": {
      "precision": 0.9198630136986301,
      "recall": 0.9001340482573726,
      "f1-score": 0.9098915989159891,
      "support": 1492.0
    },
    "other_cyberbullying": {
      "precision": 0.8629402756508423,
      "recall": 0.8902053712480252,
      "f1-score": 0.8763608087091758,
      "support": 1266.0
    },
    "religion": {
      "precision": 0.9849056603773585,
      "recall": 0.9836683417085427,
      "f1-score": 0.9842866121935889,
      "support": 1592.0
    }
  },
  "weighted_avg": {
    "precision": 0.9523457986260341,
    "recall": 0.9519321394910462,
    "f1-score": 0.9520633381828184,
    "support": 7427.0
  },
  "micro_avg": {
    "precision": 0.9519321394910462,
    "recall": 0.9519321394910462,
    "f1-score": 0.9519321394910462,
    "support": 7427
  },
  "macro_avg": {
    "precision": 0.948821415468894,
    "recall": 0.9491445489681082,
    "f1-score": 0.9489016501501926,
    "support": 7427.0
  },
  "accuracy": 0.9519321394910462,
  "inference_time_seconds": 2.7483725547790527,
  "energy_kwh": 0.00018832424014347314,
  "num_test_samples": 7427
}