{
  "per_class": {
    "age": {
      "precision": 0.9783301465901848,
      "recall": 0.981457800511509,
      "f1-score": 0.979891477816789,
      "support": 1564.0
    },
    "ethnicity": {
      "precision": 0.9806020066889632,
      "recall": 0.9872053872053872,
      "f1-score": 0.9838926174496644,
      "support": 1485.0
    },
    "gender": {
      "precision": 0.8776342624065262,
      "recall": 0.8854595336076817,
      "f1-score": 0.8815295322635712,
      "support": 1458.0
    },
    "not_cyberbullying": {
      "precision": 0.6344621513944223,
      "recall": 0.5242798353909465,
      "f1-score": 0.5741324921135647,
      "support": 1215.0
    },
    "other_cyberbullying": {
      "precision": 0.5868586858685868,
      "recall": 0.6632756866734486,
      "f1-score": 0.6227316141356256,
      "support": 983.0
    },
    "religion": {
      "precision": 0.9468864468864469,
      "recall": 0.9797852179406191,
      "f1-score": 0.9630549518782987,
      "support": 1583.0
    }
  },
  "weighted_avg": {
    "precision": 0.8581766326451694,
    "recall": 0.8605212355212355,
    "f1-score": 0.8582448129458427,
    "support": 8288.0
  },
  "micro_avg": {
    "precision": 0.8605212355212355,
    "recall": 0.8605212355212355,
    "f1-score": 0.8605212355212355,
    "support": 8288
  },
  "macro_avg": {
    "precision": 0.8341289499725217,
    "recall": 0.8369105768882653,
    "f1-score": 0.8342054476095856,
    "support": 8288.0
  },
  "accuracy": 0.8605212355212355,
  "inference_time_seconds": 10.042835235595703,
  "energy_kwh": 0.0005839044413838999,
  "num_test_samples": 8288
}