{
  "per_class": {
    "age": {
      "precision": 0.9808760024676126,
      "recall": 0.99375,
      "f1-score": 0.9872710338404223,
      "support": 1600.0
    },
    "ethnicity": {
      "precision": 0.9899497487437185,
      "recall": 0.985,
      "f1-score": 0.9874686716791979,
      "support": 1600.0
    },
    "gender": {
      "precision": 0.9267376330619912,
      "recall": 0.924422236102436,
      "f1-score": 0.9255784865540964,
      "support": 1601.0
    },
    "other_cyberbullying": {
      "precision": 0.9085213032581454,
      "recall": 0.905683947532792,
      "f1-score": 0.9071004066312167,
      "support": 1601.0
    },
    "religion": {
      "precision": 0.9906015037593985,
      "recall": 0.988125,
      "f1-score": 0.9893617021276596,
      "support": 1600.0
    }
  },
  "weighted_avg": {
    "precision": 0.9593268139217329,
    "recall": 0.9593851537115721,
    "f1-score": 0.9593453087009913,
    "support": 8002.0
  },
  "micro_avg": {
    "precision": 0.9593851537115721,
    "recall": 0.9593851537115721,
    "f1-score": 0.9593851537115721,
    "support": 8002
  },
  "macro_avg": {
    "precision": 0.9593372382581732,
    "recall": 0.9593962367270455,
    "f1-score": 0.9593560601665185,
    "support": 8002.0
  },
  "accuracy": 0.9593851537115721,
  "inference_time_seconds": 1.8165390491485596,
  "energy_kwh": 9.540287421900064e-05,
  "num_test_samples": 8002
}