{
  "per_class": {
    "emotion": {
      "precision": 0.9021739130434783,
      "recall": 0.9075546719681908,
      "f1-score": 0.9048562933597621,
      "support": 1006.0
    },
    "hate": {
      "precision": 0.9686258935663224,
      "recall": 0.9628898539281484,
      "f1-score": 0.9657493565630568,
      "support": 2533.0
    },
    "offensive": {
      "precision": 0.9630024902170046,
      "recall": 0.9640313390313391,
      "f1-score": 0.9635166399715251,
      "support": 2808.0
    },
    "religion": {
      "precision": 0.9956793086893903,
      "recall": 1.0,
      "f1-score": 0.997834977146981,
      "support": 2074.0
    },
    "spiritual": {
      "precision": 1.0,
      "recall": 0.9982668977469671,
      "f1-score": 0.9991326973113617,
      "support": 1731.0
    }
  },
  "weighted_avg": {
    "precision": 0.971361921165916,
    "recall": 0.9713356973995272,
    "f1-score": 0.9713447318738172,
    "support": 10152.0
  },
  "micro_avg": {
    "precision": 0.9713356973995272,
    "recall": 0.9713356973995272,
    "f1-score": 0.9713356973995272,
    "support": 10152
  },
  "macro_avg": {
    "precision": 0.9658963211032392,
    "recall": 0.966548552534929,
    "f1-score": 0.9662179928705374,
    "support": 10152.0
  },
  "accuracy": 0.9713356973995272,
  "inference_time_seconds": 3.6672239303588867,
  "energy_kwh": 0.00022192634918900896,
  "num_test_samples": 10152
}