{
  "per_class": {
    "emotion": {
      "precision": 0.8258655804480651,
      "recall": 0.8061630218687873,
      "f1-score": 0.8158953722334004,
      "support": 1006.0
    },
    "hate": {
      "precision": 0.926829268292683,
      "recall": 0.9301223845242795,
      "f1-score": 0.9284729064039409,
      "support": 2533.0
    },
    "offensive": {
      "precision": 0.8940092165898618,
      "recall": 0.8981481481481481,
      "f1-score": 0.8960739030023095,
      "support": 2808.0
    },
    "religion": {
      "precision": 0.9947089947089947,
      "recall": 0.9971070395371263,
      "f1-score": 0.995906573561281,
      "support": 2074.0
    },
    "spiritual": {
      "precision": 1.0,
      "recall": 0.9982668977469671,
      "f1-score": 0.9991326973113617,
      "support": 1731.0
    }
  },
  "weighted_avg": {
    "precision": 0.934090193629522,
    "recall": 0.9342986603624901,
    "f1-score": 0.93418016830482,
    "support": 10152.0
  },
  "micro_avg": {
    "precision": 0.9342986603624901,
    "recall": 0.9342986603624901,
    "f1-score": 0.9342986603624901,
    "support": 10152
  },
  "macro_avg": {
    "precision": 0.9282826120079208,
    "recall": 0.9259614983650618,
    "f1-score": 0.9270962905024588,
    "support": 10152.0
  },
  "accuracy": 0.9342986603624901,
  "inference_time_seconds": 9.915707349777222,
  "energy_kwh": 0.0005822852115682702,
  "num_test_samples": 10152
}