{
  "per_class": {
    "age": {
      "precision": 0.9838809671419715,
      "recall": 0.991875,
      "f1-score": 0.9878618113912232,
      "support": 1600.0
    },
    "ethnicity": {
      "precision": 0.9880653266331658,
      "recall": 0.983125,
      "f1-score": 0.9855889724310777,
      "support": 1600.0
    },
    "gender": {
      "precision": 0.9116541353383458,
      "recall": 0.9088069956277327,
      "f1-score": 0.9102283390678761,
      "support": 1601.0
    },
    "other_cyberbullying": {
      "precision": 0.8899196042053185,
      "recall": 0.8988132417239225,
      "f1-score": 0.8943443132380361,
      "support": 1601.0
    },
    "religion": {
      "precision": 0.9930555555555556,
      "recall": 0.983125,
      "f1-score": 0.9880653266331658,
      "support": 1600.0
    }
  },
  "weighted_avg": {
    "precision": 0.9533019889950656,
    "recall": 0.9531367158210448,
    "f1-score": 0.9532050228780945,
    "support": 8002.0
  },
  "micro_avg": {
    "precision": 0.9531367158210448,
    "recall": 0.9531367158210448,
    "f1-score": 0.9531367158210448,
    "support": 8002
  },
  "macro_avg": {
    "precision": 0.9533151177748713,
    "recall": 0.9531490474703311,
    "f1-score": 0.9532177525522758,
    "support": 8002.0
  },
  "accuracy": 0.9531367158210448,
  "inference_time_seconds": 1.513458013534546,
  "energy_kwh": 0.00010585543764797627,
  "num_test_samples": 8002
}