{
  "per_class": {
    "age": {
      "precision": 0.9839640795381654,
      "recall": 0.981445937300064,
      "f1-score": 0.982703395259449,
      "support": 1563.0
    },
    "ethnicity": {
      "precision": 0.9844804318488529,
      "recall": 0.9851451721809588,
      "f1-score": 0.9848126898413769,
      "support": 1481.0
    },
    "gender": {
      "precision": 0.8931506849315068,
      "recall": 0.8956043956043956,
      "f1-score": 0.8943758573388203,
      "support": 1456.0
    },
    "not_cyberbullying": {
      "precision": 0.6460626587637596,
      "recall": 0.628500823723229,
      "f1-score": 0.637160751565762,
      "support": 1214.0
    },
    "other_cyberbullying": {
      "precision": 0.6404494382022472,
      "recall": 0.6391437308868502,
      "f1-score": 0.639795918367347,
      "support": 981.0
    },
    "religion": {
      "precision": 0.9492888064316636,
      "recall": 0.9696778269109286,
      "f1-score": 0.959375,
      "support": 1583.0
    }
  },
  "weighted_avg": {
    "precision": 0.8711891665068267,
    "recall": 0.8724329548200048,
    "f1-score": 0.8717719040891668,
    "support": 8278.0
  },
  "micro_avg": {
    "precision": 0.8724329548200048,
    "recall": 0.8724329548200048,
    "f1-score": 0.8724329548200048,
    "support": 8278
  },
  "macro_avg": {
    "precision": 0.849566016619366,
    "recall": 0.8499196477677377,
    "f1-score": 0.8497039353954592,
    "support": 8278.0
  },
  "accuracy": 0.8724329548200048,
  "inference_time_seconds": 1.5969676971435547,
  "energy_kwh": 9.372216198447215e-05,
  "num_test_samples": 8278
}