{
  "per_class": {
    "emotion": {
      "precision": 0.8185483870967742,
      "recall": 0.8071570576540755,
      "f1-score": 0.8128128128128128,
      "support": 1006.0
    },
    "hate": {
      "precision": 0.9390048154093098,
      "recall": 0.9238057639163048,
      "f1-score": 0.9313432835820895,
      "support": 2533.0
    },
    "offensive": {
      "precision": 0.886124737210932,
      "recall": 0.9006410256410257,
      "f1-score": 0.8933239138113741,
      "support": 2808.0
    },
    "religion": {
      "precision": 0.9947191550648103,
      "recall": 0.9990356798457087,
      "f1-score": 0.9968727447678615,
      "support": 2074.0
    },
    "spiritual": {
      "precision": 0.998844598497978,
      "recall": 0.998844598497978,
      "f1-score": 0.998844598497978,
      "support": 1731.0
    }
  },
  "weighted_avg": {
    "precision": 0.9340272522206314,
    "recall": 0.9340031520882585,
    "f1-score": 0.933978511587274,
    "support": 10152.0
  },
  "micro_avg": {
    "precision": 0.9340031520882585,
    "recall": 0.9340031520882585,
    "f1-score": 0.9340031520882585,
    "support": 10152
  },
  "macro_avg": {
    "precision": 0.9274483386559609,
    "recall": 0.9258968251110187,
    "f1-score": 0.9266394706944231,
    "support": 10152.0
  },
  "accuracy": 0.9340031520882585,
  "inference_time_seconds": 10.702614307403564,
  "energy_kwh": 0.0005680165603197111,
  "num_test_samples": 10152
}