{
  "per_class": {
    "emotion": {
      "precision": 0.7708553326293559,
      "recall": 0.7841031149301826,
      "f1-score": 0.777422790202343,
      "support": 931.0
    },
    "hate": {
      "precision": 0.9232954545454546,
      "recall": 0.9385313531353136,
      "f1-score": 0.9308510638297872,
      "support": 2424.0
    },
    "offensive": {
      "precision": 0.8853448275862069,
      "recall": 0.8597739640016744,
      "f1-score": 0.8723720535145466,
      "support": 2389.0
    },
    "religion": {
      "precision": 0.991695163654128,
      "recall": 0.999507631708518,
      "f1-score": 0.9955860716037274,
      "support": 2031.0
    },
    "spiritual": {
      "precision": 0.9994141769185706,
      "recall": 0.9976608187134502,
      "f1-score": 0.9985367281240854,
      "support": 1710.0
    }
  },
  "weighted_avg": {
    "precision": 0.9271433220360412,
    "recall": 0.9272535582498682,
    "f1-score": 0.9271263625479592,
    "support": 9485.0
  },
  "micro_avg": {
    "precision": 0.9272535582498682,
    "recall": 0.9272535582498682,
    "f1-score": 0.9272535582498682,
    "support": 9485
  },
  "macro_avg": {
    "precision": 0.9141209910667432,
    "recall": 0.9159153764978278,
    "f1-score": 0.9149537414548978,
    "support": 9485.0
  },
  "accuracy": 0.9272535582498682,
  "inference_time_seconds": 8.644376039505005,
  "energy_kwh": 0.00044799658356424433,
  "num_test_samples": 9485
}