{
  "per_class": {
    "age": {
      "precision": 0.97480024585126,
      "recall": 0.99125,
      "f1-score": 0.9829563061667184,
      "support": 1600.0
    },
    "ethnicity": {
      "precision": 0.9775561097256857,
      "recall": 0.98,
      "f1-score": 0.978776529338327,
      "support": 1600.0
    },
    "gender": {
      "precision": 0.9074074074074074,
      "recall": 0.9181761399125546,
      "f1-score": 0.9127600124185036,
      "support": 1601.0
    },
    "other_cyberbullying": {
      "precision": 0.9054662379421222,
      "recall": 0.8794503435352904,
      "f1-score": 0.8922686945500634,
      "support": 1601.0
    },
    "religion": {
      "precision": 0.981203007518797,
      "recall": 0.97875,
      "f1-score": 0.9799749687108886,
      "support": 1600.0
    }
  },
  "weighted_avg": {
    "precision": 0.9492758919217428,
    "recall": 0.9495126218445389,
    "f1-score": 0.9493355969260399,
    "support": 8002.0
  },
  "micro_avg": {
    "precision": 0.9495126218445389,
    "recall": 0.9495126218445389,
    "f1-score": 0.9495126218445389,
    "support": 8002
  },
  "macro_avg": {
    "precision": 0.9492866016890545,
    "recall": 0.949525296689569,
    "f1-score": 0.9493473022369002,
    "support": 8002.0
  },
  "accuracy": 0.9495126218445389,
  "inference_time_seconds": 5.906647443771362,
  "energy_kwh": 0.0003851711119980852,
  "num_test_samples": 8002
}