{
  "per_class": {
    "age": {
      "precision": 0.981203007518797,
      "recall": 0.9799749687108886,
      "f1-score": 0.9805886036318097,
      "support": 1598.0
    },
    "ethnicity": {
      "precision": 0.9923175416133163,
      "recall": 0.9736180904522613,
      "f1-score": 0.9828788839568802,
      "support": 1592.0
    },
    "gender": {
      "precision": 0.8901373283395755,
      "recall": 0.8968553459119497,
      "f1-score": 0.893483709273183,
      "support": 1590.0
    },
    "not_cyberbullying": {
      "precision": 0.6996491228070175,
      "recall": 0.62822936357908,
      "f1-score": 0.6620185922974767,
      "support": 1587.0
    },
    "other_cyberbullying": {
      "precision": 0.7006482027106659,
      "recall": 0.759744408945687,
      "f1-score": 0.7290006131207848,
      "support": 1565.0
    },
    "religion": {
      "precision": 0.9472727272727273,
      "recall": 0.976875,
      "f1-score": 0.9618461538461538,
      "support": 1600.0
    }
  },
  "weighted_avg": {
    "precision": 0.86923460376591,
    "recall": 0.869806966009232,
    "f1-score": 0.8689494525043344,
    "support": 9532.0
  },
  "micro_avg": {
    "precision": 0.869806966009232,
    "recall": 0.869806966009232,
    "f1-score": 0.869806966009232,
    "support": 9532
  },
  "macro_avg": {
    "precision": 0.8685379883770166,
    "recall": 0.8692161962666444,
    "f1-score": 0.8683027593543814,
    "support": 9532.0
  },
  "accuracy": 0.869806966009232,
  "inference_time_seconds": 8.95404839515686,
  "energy_kwh": 2.693025815384985e-06,
  "num_test_samples": 9532
}