{
  "per_class": {
    "Cyberstalking": {
      "precision": 0.7321428571428571,
      "recall": 0.7192982456140351,
      "f1-score": 0.7256637168141593,
      "support": 57.0
    },
    "Doxing": {
      "precision": 0.8412698412698413,
      "recall": 0.6708860759493671,
      "f1-score": 0.7464788732394366,
      "support": 79.0
    },
    "Revenge Porn": {
      "precision": 0.6777777777777778,
      "recall": 0.8714285714285714,
      "f1-score": 0.7625,
      "support": 70.0
    },
    "Sexual Harassment": {
      "precision": 0.8192771084337349,
      "recall": 0.8292682926829268,
      "f1-score": 0.8242424242424242,
      "support": 82.0
    },
    "Slut Shaming": {
      "precision": 0.9176470588235294,
      "recall": 0.8764044943820225,
      "f1-score": 0.896551724137931,
      "support": 89.0
    }
  },
  "weighted_avg": {
    "precision": 0.8076610501028253,
    "recall": 0.7984084880636605,
    "f1-score": 0.7986489259429104,
    "support": 377.0
  },
  "micro_avg": {
    "precision": 0.7984084880636605,
    "recall": 0.7984084880636605,
    "f1-score": 0.7984084880636605,
    "support": 377
  },
  "macro_avg": {
    "precision": 0.7976229286895481,
    "recall": 0.7934571360113846,
    "f1-score": 0.7910873476867903,
    "support": 377.0
  },
  "accuracy": 0.7984084880636605,
  "inference_time_seconds": 0.15994858741760254,
  "energy_kwh": 7.3469701788672315e-06,
  "num_test_samples": 377
}