{
  "per_class": {
    "Cyberstalking": {
      "precision": 0.8260869565217391,
      "recall": 0.7307692307692307,
      "f1-score": 0.7755102040816326,
      "support": 52.0
    },
    "Doxing": {
      "precision": 0.8076923076923077,
      "recall": 0.8513513513513513,
      "f1-score": 0.8289473684210527,
      "support": 74.0
    },
    "Revenge Porn": {
      "precision": 0.7910447761194029,
      "recall": 0.7571428571428571,
      "f1-score": 0.7737226277372263,
      "support": 70.0
    },
    "Sexual Harassment": {
      "precision": 0.881578947368421,
      "recall": 0.8589743589743589,
      "f1-score": 0.8701298701298701,
      "support": 78.0
    },
    "Slut Shaming": {
      "precision": 0.8762886597938144,
      "recall": 0.9444444444444444,
      "f1-score": 0.9090909090909091,
      "support": 90.0
    }
  },
  "weighted_avg": {
    "precision": 0.8399121541563175,
    "recall": 0.8406593406593407,
    "f1-score": 0.8393338777618691,
    "support": 364.0
  },
  "micro_avg": {
    "precision": 0.8406593406593407,
    "recall": 0.8406593406593407,
    "f1-score": 0.8406593406593407,
    "support": 364
  },
  "macro_avg": {
    "precision": 0.8365383294991371,
    "recall": 0.8285364485364486,
    "f1-score": 0.8314801958921383,
    "support": 364.0
  },
  "accuracy": 0.8406593406593407,
  "inference_time_seconds": 0.29277539253234863,
  "energy_kwh": 1.574614226407144e-05,
  "num_test_samples": 364
}