{
  "per_class": {
    "age": {
      "precision": 0.9904458598726115,
      "recall": 0.9860494610019024,
      "f1-score": 0.9882427708929139,
      "support": 1577.0
    },
    "ethnicity": {
      "precision": 0.9918144611186903,
      "recall": 0.9778076664425017,
      "f1-score": 0.9847612597358618,
      "support": 1487.0
    },
    "gender": {
      "precision": 0.9247091033538672,
      "recall": 0.9085406859448554,
      "f1-score": 0.9165535956580733,
      "support": 1487.0
    },
    "other_cyberbullying": {
      "precision": 0.8609221466364324,
      "recall": 0.901821060965954,
      "f1-score": 0.8808971384377416,
      "support": 1263.0
    },
    "religion": {
      "precision": 0.9861198738170347,
      "recall": 0.9824010056568196,
      "f1-score": 0.9842569269521411,
      "support": 1591.0
    }
  },
  "weighted_avg": {
    "precision": 0.9544989941707653,
    "recall": 0.9536799459824443,
    "f1-score": 0.9539824302898894,
    "support": 7405.0
  },
  "micro_avg": {
    "precision": 0.9536799459824443,
    "recall": 0.9536799459824443,
    "f1-score": 0.9536799459824443,
    "support": 7405
  },
  "macro_avg": {
    "precision": 0.9508022889597271,
    "recall": 0.9513239760024066,
    "f1-score": 0.9509423383353465,
    "support": 7405.0
  },
  "accuracy": 0.9536799459824443,
  "inference_time_seconds": 2.742734670639038,
  "energy_kwh": 0.00018833886147705153,
  "num_test_samples": 7405
}