{
  "per_class": {
    "age": {
      "precision": 0.9812540400775694,
      "recall": 0.9712092130518234,
      "f1-score": 0.9762057877813505,
      "support": 1563.0
    },
    "ethnicity": {
      "precision": 0.9812332439678284,
      "recall": 0.9851951547779273,
      "f1-score": 0.9832102081934184,
      "support": 1486.0
    },
    "gender": {
      "precision": 0.9058419243986254,
      "recall": 0.9045984900480439,
      "f1-score": 0.9052197802197802,
      "support": 1457.0
    },
    "not_cyberbullying": {
      "precision": 0.640373197625106,
      "recall": 0.6224237427864798,
      "f1-score": 0.6312709030100334,
      "support": 1213.0
    },
    "other_cyberbullying": {
      "precision": 0.6323092170465807,
      "recall": 0.6523517382413088,
      "f1-score": 0.642174131857071,
      "support": 978.0
    },
    "religion": {
      "precision": 0.9524702939337085,
      "recall": 0.961489898989899,
      "f1-score": 0.9569588438579956,
      "support": 1584.0
    }
  },
  "weighted_avg": {
    "precision": 0.8713329788199536,
    "recall": 0.8713923439198165,
    "f1-score": 0.8713157771327545,
    "support": 8281.0
  },
  "micro_avg": {
    "precision": 0.8713923439198165,
    "recall": 0.8713923439198165,
    "f1-score": 0.8713923439198165,
    "support": 8281
  },
  "macro_avg": {
    "precision": 0.8489136528415697,
    "recall": 0.8495447063159136,
    "f1-score": 0.8491732758199414,
    "support": 8281.0
  },
  "accuracy": 0.8713923439198165,
  "inference_time_seconds": 2.0844738483428955,
  "energy_kwh": 0.00011614086409148381,
  "num_test_samples": 8281
}