{
  "per_class": {
    "age": {
      "precision": 0.9812382739212008,
      "recall": 0.9818523153942428,
      "f1-score": 0.9815451986237097,
      "support": 1598.0
    },
    "ethnicity": {
      "precision": 0.989247311827957,
      "recall": 0.9824120603015075,
      "f1-score": 0.9858178380081941,
      "support": 1592.0
    },
    "gender": {
      "precision": 0.8769987699876999,
      "recall": 0.8968553459119497,
      "f1-score": 0.8868159203980099,
      "support": 1590.0
    },
    "not_cyberbullying": {
      "precision": 0.7028231797919762,
      "recall": 0.5960932577189666,
      "f1-score": 0.645073303784521,
      "support": 1587.0
    },
    "other_cyberbullying": {
      "precision": 0.6773272415762421,
      "recall": 0.7578274760383387,
      "f1-score": 0.715319662243667,
      "support": 1565.0
    },
    "religion": {
      "precision": 0.9551872314303254,
      "recall": 0.9725,
      "f1-score": 0.963765871786931,
      "support": 1600.0
    }
  },
  "weighted_avg": {
    "precision": 0.8645641645113129,
    "recall": 0.8651909357952161,
    "f1-score": 0.8637432373393864,
    "support": 9532.0
  },
  "micro_avg": {
    "precision": 0.8651909357952161,
    "recall": 0.8651909357952161,
    "f1-score": 0.8651909357952161,
    "support": 9532
  },
  "macro_avg": {
    "precision": 0.8638036680892335,
    "recall": 0.8645900758941676,
    "f1-score": 0.8630562991408389,
    "support": 9532.0
  },
  "accuracy": 0.8651909357952161,
  "inference_time_seconds": 7.670563697814941,
  "energy_kwh": 0.0005061824837259641,
  "num_test_samples": 9532
}