{
  "per_class": {
    "Cyberstalking": {
      "precision": 0.7755102040816326,
      "recall": 0.6666666666666666,
      "f1-score": 0.7169811320754716,
      "support": 57.0
    },
    "Doxing": {
      "precision": 0.8309859154929577,
      "recall": 0.7468354430379747,
      "f1-score": 0.7866666666666666,
      "support": 79.0
    },
    "Revenge Porn": {
      "precision": 0.6966292134831461,
      "recall": 0.8732394366197183,
      "f1-score": 0.775,
      "support": 71.0
    },
    "Sexual Harassment": {
      "precision": 0.8875,
      "recall": 0.8658536585365854,
      "f1-score": 0.8765432098765432,
      "support": 82.0
    },
    "Slut Shaming": {
      "precision": 0.8651685393258427,
      "recall": 0.8651685393258427,
      "f1-score": 0.8651685393258427,
      "support": 89.0
    }
  },
  "weighted_avg": {
    "precision": 0.8176921775500002,
    "recall": 0.8121693121693122,
    "f1-score": 0.8119474455154632,
    "support": 378.0
  },
  "micro_avg": {
    "precision": 0.8121693121693122,
    "recall": 0.8121693121693122,
    "f1-score": 0.8121693121693122,
    "support": 378
  },
  "macro_avg": {
    "precision": 0.8111587744767158,
    "recall": 0.8035527488373575,
    "f1-score": 0.8040719095889047,
    "support": 378.0
  },
  "accuracy": 0.8121693121693122,
  "inference_time_seconds": 0.14862871170043945,
  "energy_kwh": 4.625260608903835e-06,
  "num_test_samples": 378
}