{
  "per_class": {
    "Cyberstalking": {
      "precision": 0.7538461538461538,
      "recall": 0.8166666666666667,
      "f1-score": 0.784,
      "support": 60.0
    },
    "Doxing": {
      "precision": 0.9264705882352942,
      "recall": 0.7159090909090909,
      "f1-score": 0.8076923076923077,
      "support": 88.0
    },
    "Revenge Porn": {
      "precision": 0.8076923076923077,
      "recall": 0.8289473684210527,
      "f1-score": 0.8181818181818182,
      "support": 76.0
    },
    "Sexual Harassment": {
      "precision": 0.8557692307692307,
      "recall": 0.898989898989899,
      "f1-score": 0.8768472906403941,
      "support": 99.0
    },
    "Slut Shaming": {
      "precision": 0.8878504672897196,
      "recall": 0.9595959595959596,
      "f1-score": 0.9223300970873787,
      "support": 99.0
    }
  },
  "weighted_avg": {
    "precision": 0.854888972720205,
    "recall": 0.8507109004739336,
    "f1-score": 0.8493301010516369,
    "support": 422.0
  },
  "micro_avg": {
    "precision": 0.8507109004739336,
    "recall": 0.8507109004739336,
    "f1-score": 0.8507109004739336,
    "support": 422
  },
  "macro_avg": {
    "precision": 0.8463257495665413,
    "recall": 0.8440217969165337,
    "f1-score": 0.8418103027203798,
    "support": 422.0
  },
  "accuracy": 0.8507109004739336,
  "inference_time_seconds": 0.31235671043395996,
  "energy_kwh": 1.9738757767613977e-05,
  "num_test_samples": 422
}