{
  "per_class": {
    "emotion": {
      "precision": 0.9081527347781218,
      "recall": 0.8747514910536779,
      "f1-score": 0.8911392405063291,
      "support": 1006.0
    },
    "hate": {
      "precision": 0.9692,
      "recall": 0.9565732333201737,
      "f1-score": 0.9628452215378502,
      "support": 2533.0
    },
    "offensive": {
      "precision": 0.9471304347826087,
      "recall": 0.9697293447293447,
      "f1-score": 0.9582966742917474,
      "support": 2808.0
    },
    "religion": {
      "precision": 0.9971139971139971,
      "recall": 0.9995178399228544,
      "f1-score": 0.9983144714664098,
      "support": 2074.0
    },
    "spiritual": {
      "precision": 0.9994216310005783,
      "recall": 0.9982668977469671,
      "f1-score": 0.9988439306358381,
      "support": 1731.0
    }
  },
  "weighted_avg": {
    "precision": 0.9679019686104007,
    "recall": 0.9679866036249015,
    "f1-score": 0.9678657546560223,
    "support": 10152.0
  },
  "micro_avg": {
    "precision": 0.9679866036249015,
    "recall": 0.9679866036249015,
    "f1-score": 0.9679866036249015,
    "support": 10152
  },
  "macro_avg": {
    "precision": 0.9642037595350612,
    "recall": 0.9597677613546036,
    "f1-score": 0.961887907687635,
    "support": 10152.0
  },
  "accuracy": 0.9679866036249015,
  "inference_time_seconds": 4.980817794799805,
  "energy_kwh": 0.00031652831888448447,
  "num_test_samples": 10152
}