{
  "per_class": {
    "age": {
      "precision": 0.989240506329114,
      "recall": 0.9911223842739378,
      "f1-score": 0.9901805511561609,
      "support": 1577.0
    },
    "ethnicity": {
      "precision": 0.989247311827957,
      "recall": 0.983957219251337,
      "f1-score": 0.9865951742627346,
      "support": 1496.0
    },
    "gender": {
      "precision": 0.9316120027913468,
      "recall": 0.8977807666442502,
      "f1-score": 0.9143835616438356,
      "support": 1487.0
    },
    "other_cyberbullying": {
      "precision": 0.8548990276738968,
      "recall": 0.9042721518987342,
      "f1-score": 0.8788927335640139,
      "support": 1264.0
    },
    "religion": {
      "precision": 0.9885859226379201,
      "recall": 0.9798868636077939,
      "f1-score": 0.9842171717171717,
      "support": 1591.0
    }
  },
  "weighted_avg": {
    "precision": 0.9546440834825496,
    "recall": 0.9537424140256238,
    "f1-score": 0.9540066623683929,
    "support": 7415.0
  },
  "micro_avg": {
    "precision": 0.9537424140256238,
    "recall": 0.9537424140256238,
    "f1-score": 0.9537424140256238,
    "support": 7415
  },
  "macro_avg": {
    "precision": 0.9507169542520468,
    "recall": 0.9514038771352107,
    "f1-score": 0.9508538384687834,
    "support": 7415.0
  },
  "accuracy": 0.9537424140256238,
  "inference_time_seconds": 12.261068344116211,
  "energy_kwh": 0.000782718855826192,
  "num_test_samples": 7415
}