{
  "per_class": {
    "age": {
      "precision": 0.9824010056568196,
      "recall": 0.991751269035533,
      "f1-score": 0.9870539943163877,
      "support": 1576.0
    },
    "ethnicity": {
      "precision": 0.9946018893387314,
      "recall": 0.9846359385437542,
      "f1-score": 0.9895938234306815,
      "support": 1497.0
    },
    "gender": {
      "precision": 0.9368723098995696,
      "recall": 0.8776881720430108,
      "f1-score": 0.9063150589868147,
      "support": 1488.0
    },
    "other_cyberbullying": {
      "precision": 0.8377581120943953,
      "recall": 0.903739061256961,
      "f1-score": 0.8694986605434366,
      "support": 1257.0
    },
    "religion": {
      "precision": 0.984247006931317,
      "recall": 0.9811557788944724,
      "f1-score": 0.9826989619377162,
      "support": 1592.0
    }
  },
  "weighted_avg": {
    "precision": 0.9515832918114844,
    "recall": 0.9502024291497976,
    "f1-score": 0.9504767098783645,
    "support": 7410.0
  },
  "micro_avg": {
    "precision": 0.9502024291497976,
    "recall": 0.9502024291497976,
    "f1-score": 0.9502024291497976,
    "support": 7410
  },
  "macro_avg": {
    "precision": 0.9471760647841666,
    "recall": 0.9477940439547463,
    "f1-score": 0.9470320998430072,
    "support": 7410.0
  },
  "accuracy": 0.9502024291497976,
  "inference_time_seconds": 6.741244077682495,
  "energy_kwh": 0.00033490130306419464,
  "num_test_samples": 7410
}