{
  "per_class": {
    "emotion": {
      "precision": 0.9239350912778904,
      "recall": 0.9055666003976143,
      "f1-score": 0.9146586345381527,
      "support": 1006.0
    },
    "hate": {
      "precision": 0.9605678233438486,
      "recall": 0.9617054875641532,
      "f1-score": 0.9611363188005524,
      "support": 2533.0
    },
    "offensive": {
      "precision": 0.9599574769666903,
      "recall": 0.9647435897435898,
      "f1-score": 0.9623445825932504,
      "support": 2808.0
    },
    "religion": {
      "precision": 0.9966362325804902,
      "recall": 1.0,
      "f1-score": 0.9983152827918171,
      "support": 2074.0
    },
    "spiritual": {
      "precision": 0.9994209612044007,
      "recall": 0.9971114962449451,
      "f1-score": 0.9982648930017352,
      "support": 1731.0
    }
  },
  "weighted_avg": {
    "precision": 0.9707622954979065,
    "recall": 0.970843183609141,
    "f1-score": 0.9707910654142298,
    "support": 10152.0
  },
  "micro_avg": {
    "precision": 0.970843183609141,
    "recall": 0.970843183609141,
    "f1-score": 0.970843183609141,
    "support": 10152
  },
  "macro_avg": {
    "precision": 0.9681035170746639,
    "recall": 0.9658254347900606,
    "f1-score": 0.9669439423451017,
    "support": 10152.0
  },
  "accuracy": 0.970843183609141,
  "inference_time_seconds": 7.671835660934448,
  "energy_kwh": 0.00047043851053039546,
  "num_test_samples": 10152
}