{
  "per_class": {
    "Cyberstalking": {
      "precision": 0.7543859649122807,
      "recall": 0.7166666666666667,
      "f1-score": 0.7350427350427351,
      "support": 60.0
    },
    "Doxing": {
      "precision": 0.7340425531914894,
      "recall": 0.7840909090909091,
      "f1-score": 0.7582417582417582,
      "support": 88.0
    },
    "Revenge Porn": {
      "precision": 0.7974683544303798,
      "recall": 0.8289473684210527,
      "f1-score": 0.8129032258064516,
      "support": 76.0
    },
    "Sexual Harassment": {
      "precision": 0.8725490196078431,
      "recall": 0.898989898989899,
      "f1-score": 0.8855721393034826,
      "support": 99.0
    },
    "Slut Shaming": {
      "precision": 0.9333333333333333,
      "recall": 0.8484848484848485,
      "f1-score": 0.8888888888888888,
      "support": 99.0
    }
  },
  "weighted_avg": {
    "precision": 0.8276039110271877,
    "recall": 0.8246445497630331,
    "f1-score": 0.825308354929322,
    "support": 422.0
  },
  "micro_avg": {
    "precision": 0.8246445497630331,
    "recall": 0.8246445497630331,
    "f1-score": 0.8246445497630331,
    "support": 422
  },
  "macro_avg": {
    "precision": 0.8183558450950652,
    "recall": 0.8154359383306751,
    "f1-score": 0.8161297494566633,
    "support": 422.0
  },
  "accuracy": 0.8246445497630331,
  "inference_time_seconds": 0.19206023216247559,
  "energy_kwh": 1.6348322702807096e-05,
  "num_test_samples": 422
}