{
  "per_class": {
    "Cyberstalking": {
      "precision": 0.7192982456140351,
      "recall": 0.7192982456140351,
      "f1-score": 0.7192982456140351,
      "support": 57.0
    },
    "Doxing": {
      "precision": 0.7804878048780488,
      "recall": 0.810126582278481,
      "f1-score": 0.7950310559006211,
      "support": 79.0
    },
    "Revenge Porn": {
      "precision": 0.7,
      "recall": 0.8873239436619719,
      "f1-score": 0.782608695652174,
      "support": 71.0
    },
    "Sexual Harassment": {
      "precision": 0.9305555555555556,
      "recall": 0.8170731707317073,
      "f1-score": 0.8701298701298701,
      "support": 82.0
    },
    "Slut Shaming": {
      "precision": 0.948051948051948,
      "recall": 0.8202247191011236,
      "f1-score": 0.8795180722891566,
      "support": 89.0
    }
  },
  "weighted_avg": {
    "precision": 0.8281500410517058,
    "recall": 0.8148148148148148,
    "f1-score": 0.817461451301158,
    "support": 378.0
  },
  "micro_avg": {
    "precision": 0.8148148148148148,
    "recall": 0.8148148148148148,
    "f1-score": 0.8148148148148148,
    "support": 378
  },
  "macro_avg": {
    "precision": 0.8156787108199175,
    "recall": 0.8108093322774638,
    "f1-score": 0.8093171879171714,
    "support": 378.0
  },
  "accuracy": 0.8148148148148148,
  "inference_time_seconds": 0.23174476623535156,
  "energy_kwh": 1.1136691899463343e-05,
  "num_test_samples": 378
}