{
  "per_class": {
    "age": {
      "precision": 0.9911111111111112,
      "recall": 0.9886003799873337,
      "f1-score": 0.989854153455929,
      "support": 1579.0
    },
    "ethnicity": {
      "precision": 0.9925220938137321,
      "recall": 0.9818426361802286,
      "f1-score": 0.9871534820824882,
      "support": 1487.0
    },
    "gender": {
      "precision": 0.9190829399865138,
      "recall": 0.9172274562584118,
      "f1-score": 0.9181542606938363,
      "support": 1486.0
    },
    "other_cyberbullying": {
      "precision": 0.876839659178931,
      "recall": 0.8977002379064235,
      "f1-score": 0.8871473354231975,
      "support": 1261.0
    },
    "religion": {
      "precision": 0.9886363636363636,
      "recall": 0.9842866121935889,
      "f1-score": 0.9864566929133858,
      "support": 1591.0
    }
  },
  "weighted_avg": {
    "precision": 0.9569445315418029,
    "recall": 0.9565099945975148,
    "f1-score": 0.9566990216029797,
    "support": 7404.0
  },
  "micro_avg": {
    "precision": 0.9565099945975148,
    "recall": 0.9565099945975148,
    "f1-score": 0.9565099945975148,
    "support": 7404
  },
  "macro_avg": {
    "precision": 0.9536384335453303,
    "recall": 0.9539314645051974,
    "f1-score": 0.9537531849137674,
    "support": 7404.0
  },
  "accuracy": 0.9565099945975148,
  "inference_time_seconds": 7.304548501968384,
  "energy_kwh": 0.00042699304889803354,
  "num_test_samples": 7404
}