{
  "per_class": {
    "age": {
      "precision": 0.9899874843554443,
      "recall": 0.98875,
      "f1-score": 0.9893683552220137,
      "support": 1600.0
    },
    "ethnicity": {
      "precision": 0.9924002533248891,
      "recall": 0.979375,
      "f1-score": 0.9858446052217679,
      "support": 1600.0
    },
    "gender": {
      "precision": 0.9049138481174218,
      "recall": 0.8856964397251718,
      "f1-score": 0.8952020202020202,
      "support": 1601.0
    },
    "other_cyberbullying": {
      "precision": 0.8613269575612672,
      "recall": 0.9000624609618988,
      "f1-score": 0.8802687843616371,
      "support": 1601.0
    },
    "religion": {
      "precision": 0.9886435331230284,
      "recall": 0.979375,
      "f1-score": 0.9839874411302982,
      "support": 1600.0
    }
  },
  "weighted_avg": {
    "precision": 0.9474383358131667,
    "recall": 0.9466383404148963,
    "f1-score": 0.9469194452168137,
    "support": 8002.0
  },
  "micro_avg": {
    "precision": 0.9466383404148963,
    "recall": 0.9466383404148963,
    "f1-score": 0.9466383404148963,
    "support": 8002
  },
  "macro_avg": {
    "precision": 0.9474544152964102,
    "recall": 0.9466517801374141,
    "f1-score": 0.9469342412275473,
    "support": 8002.0
  },
  "accuracy": 0.9466383404148963,
  "inference_time_seconds": 7.795931816101074,
  "energy_kwh": 0.00046373008877360124,
  "num_test_samples": 8002
}