{
  "per_class": {
    "Cyberstalking": {
      "precision": 0.7704918032786885,
      "recall": 0.7833333333333333,
      "f1-score": 0.7768595041322314,
      "support": 60.0
    },
    "Doxing": {
      "precision": 0.8873239436619719,
      "recall": 0.7159090909090909,
      "f1-score": 0.7924528301886793,
      "support": 88.0
    },
    "Revenge Porn": {
      "precision": 0.7727272727272727,
      "recall": 0.8947368421052632,
      "f1-score": 0.8292682926829268,
      "support": 76.0
    },
    "Sexual Harassment": {
      "precision": 0.8613861386138614,
      "recall": 0.8787878787878788,
      "f1-score": 0.87,
      "support": 99.0
    },
    "Slut Shaming": {
      "precision": 0.8712871287128713,
      "recall": 0.8888888888888888,
      "f1-score": 0.88,
      "support": 99.0
    }
  },
  "weighted_avg": {
    "precision": 0.8402273493639669,
    "recall": 0.8364928909952607,
    "f1-score": 0.8355967050910902,
    "support": 422.0
  },
  "micro_avg": {
    "precision": 0.8364928909952607,
    "recall": 0.8364928909952607,
    "f1-score": 0.8364928909952607,
    "support": 422
  },
  "macro_avg": {
    "precision": 0.8326432573989331,
    "recall": 0.832331206804891,
    "f1-score": 0.8297161254007674,
    "support": 422.0
  },
  "accuracy": 0.8364928909952607,
  "inference_time_seconds": 0.14842963218688965,
  "energy_kwh": 2.5463493430139e-05,
  "num_test_samples": 422
}