{
  "per_class": {
    "Cyberstalking": {
      "precision": 0.7377049180327869,
      "recall": 0.75,
      "f1-score": 0.743801652892562,
      "support": 60.0
    },
    "Doxing": {
      "precision": 0.75,
      "recall": 0.7840909090909091,
      "f1-score": 0.7666666666666667,
      "support": 88.0
    },
    "Revenge Porn": {
      "precision": 0.7894736842105263,
      "recall": 0.7894736842105263,
      "f1-score": 0.7894736842105263,
      "support": 76.0
    },
    "Sexual Harassment": {
      "precision": 0.8854166666666666,
      "recall": 0.8585858585858586,
      "f1-score": 0.8717948717948718,
      "support": 99.0
    },
    "Slut Shaming": {
      "precision": 0.9072164948453608,
      "recall": 0.8888888888888888,
      "f1-score": 0.8979591836734694,
      "support": 99.0
    }
  },
  "weighted_avg": {
    "precision": 0.8240117963783362,
    "recall": 0.8222748815165877,
    "f1-score": 0.8229867709279292,
    "support": 422.0
  },
  "micro_avg": {
    "precision": 0.8222748815165877,
    "recall": 0.8222748815165877,
    "f1-score": 0.8222748815165877,
    "support": 422
  },
  "macro_avg": {
    "precision": 0.8139623527510681,
    "recall": 0.8142078681552366,
    "f1-score": 0.8139392118476192,
    "support": 422.0
  },
  "accuracy": 0.8222748815165877,
  "inference_time_seconds": 0.3173813819885254,
  "energy_kwh": 1.8012305180677854e-05,
  "num_test_samples": 422
}