{
  "per_class": {
    "Cyberstalking": {
      "precision": 0.7166666666666667,
      "recall": 0.7543859649122807,
      "f1-score": 0.7350427350427351,
      "support": 57.0
    },
    "Doxing": {
      "precision": 0.8181818181818182,
      "recall": 0.7974683544303798,
      "f1-score": 0.8076923076923077,
      "support": 79.0
    },
    "Revenge Porn": {
      "precision": 0.8026315789473685,
      "recall": 0.8591549295774648,
      "f1-score": 0.8299319727891157,
      "support": 71.0
    },
    "Sexual Harassment": {
      "precision": 0.8292682926829268,
      "recall": 0.8292682926829268,
      "f1-score": 0.8292682926829268,
      "support": 82.0
    },
    "Slut Shaming": {
      "precision": 0.9036144578313253,
      "recall": 0.8426966292134831,
      "f1-score": 0.872093023255814,
      "support": 89.0
    }
  },
  "weighted_avg": {
    "precision": 0.822473260551891,
    "recall": 0.8201058201058201,
    "f1-score": 0.8207581411188435,
    "support": 378.0
  },
  "micro_avg": {
    "precision": 0.8201058201058201,
    "recall": 0.8201058201058201,
    "f1-score": 0.8201058201058201,
    "support": 378
  },
  "macro_avg": {
    "precision": 0.814072562862021,
    "recall": 0.816594834163307,
    "f1-score": 0.8148056662925798,
    "support": 378.0
  },
  "accuracy": 0.8201058201058201,
  "inference_time_seconds": 0.5882883071899414,
  "energy_kwh": 5.8305035296463186e-05,
  "num_test_samples": 378
}