{
  "per_class": {
    "emotion": {
      "precision": 0.9171779141104295,
      "recall": 0.8916500994035785,
      "f1-score": 0.9042338709677419,
      "support": 1006.0
    },
    "hate": {
      "precision": 0.9696,
      "recall": 0.9569680221081721,
      "f1-score": 0.9632425988476058,
      "support": 2533.0
    },
    "offensive": {
      "precision": 0.9497732821764912,
      "recall": 0.9697293447293447,
      "f1-score": 0.959647577092511,
      "support": 2808.0
    },
    "religion": {
      "precision": 0.9975949975949976,
      "recall": 1.0,
      "f1-score": 0.9987960510474356,
      "support": 2074.0
    },
    "spiritual": {
      "precision": 1.0,
      "recall": 0.9982668977469671,
      "f1-score": 0.9991326973113617,
      "support": 1731.0
    }
  },
  "weighted_avg": {
    "precision": 0.9698239935932529,
    "recall": 0.9698581560283688,
    "f1-score": 0.9697837748688588,
    "support": 10152.0
  },
  "micro_avg": {
    "precision": 0.9698581560283688,
    "recall": 0.9698581560283688,
    "f1-score": 0.9698581560283688,
    "support": 10152
  },
  "macro_avg": {
    "precision": 0.9668292387763836,
    "recall": 0.9633228727976124,
    "f1-score": 0.9650105590533311,
    "support": 10152.0
  },
  "accuracy": 0.9698581560283688,
  "inference_time_seconds": 1.3906373977661133,
  "energy_kwh": 5.631010455436813e-07,
  "num_test_samples": 10152
}