{
  "per_class": {
    "Cyberstalking": {
      "precision": 0.6833333333333333,
      "recall": 0.7192982456140351,
      "f1-score": 0.7008547008547008,
      "support": 57.0
    },
    "Doxing": {
      "precision": 0.8285714285714286,
      "recall": 0.7341772151898734,
      "f1-score": 0.7785234899328859,
      "support": 79.0
    },
    "Revenge Porn": {
      "precision": 0.7662337662337663,
      "recall": 0.8428571428571429,
      "f1-score": 0.8027210884353742,
      "support": 70.0
    },
    "Sexual Harassment": {
      "precision": 0.813953488372093,
      "recall": 0.8641975308641975,
      "f1-score": 0.8383233532934131,
      "support": 81.0
    },
    "Slut Shaming": {
      "precision": 0.9397590361445783,
      "recall": 0.8764044943820225,
      "f1-score": 0.9069767441860465,
      "support": 89.0
    }
  },
  "weighted_avg": {
    "precision": 0.8181178012460465,
    "recall": 0.8138297872340425,
    "f1-score": 0.8145416800351509,
    "support": 376.0
  },
  "micro_avg": {
    "precision": 0.8138297872340425,
    "recall": 0.8138297872340425,
    "f1-score": 0.8138297872340425,
    "support": 376
  },
  "macro_avg": {
    "precision": 0.80637021053104,
    "recall": 0.8073869257814543,
    "f1-score": 0.805479875340484,
    "support": 376.0
  },
  "accuracy": 0.8138297872340425,
  "inference_time_seconds": 0.05701136589050293,
  "energy_kwh": 6.792625294387815e-07,
  "num_test_samples": 376
}