{
  "per_class": {
    "emotion": {
      "precision": 0.926530612244898,
      "recall": 0.9025844930417495,
      "f1-score": 0.9144008056394763,
      "support": 1006.0
    },
    "hate": {
      "precision": 0.9638506876227898,
      "recall": 0.9684168969601263,
      "f1-score": 0.9661283970066955,
      "support": 2533.0
    },
    "offensive": {
      "precision": 0.9606382978723405,
      "recall": 0.9647435897435898,
      "f1-score": 0.9626865671641791,
      "support": 2808.0
    },
    "religion": {
      "precision": 0.9971139971139971,
      "recall": 0.9995178399228544,
      "f1-score": 0.9983144714664098,
      "support": 2074.0
    },
    "spiritual": {
      "precision": 1.0,
      "recall": 0.9982668977469671,
      "f1-score": 0.9991326973113617,
      "support": 1731.0
    }
  },
  "weighted_avg": {
    "precision": 0.972223242524316,
    "recall": 0.9723207249802994,
    "f1-score": 0.9722534706024023,
    "support": 10152.0
  },
  "micro_avg": {
    "precision": 0.9723207249802994,
    "recall": 0.9723207249802994,
    "f1-score": 0.9723207249802994,
    "support": 10152
  },
  "macro_avg": {
    "precision": 0.9696267189708051,
    "recall": 0.9667059434830574,
    "f1-score": 0.9681325877176246,
    "support": 10152.0
  },
  "accuracy": 0.9723207249802994,
  "inference_time_seconds": 8.244747638702393,
  "energy_kwh": 0.0005341193730694561,
  "num_test_samples": 10152
}