{
  "per_class": {
    "age": {
      "precision": 0.9867424242424242,
      "recall": 0.9911223842739378,
      "f1-score": 0.9889275545713382,
      "support": 1577.0
    },
    "ethnicity": {
      "precision": 0.9826782145236509,
      "recall": 0.9846461949265688,
      "f1-score": 0.9836612204068023,
      "support": 1498.0
    },
    "gender": {
      "precision": 0.9291725105189341,
      "recall": 0.889261744966443,
      "f1-score": 0.9087791495198903,
      "support": 1490.0
    },
    "other_cyberbullying": {
      "precision": 0.8554033485540334,
      "recall": 0.8913560666137986,
      "f1-score": 0.8730097087378641,
      "support": 1261.0
    },
    "religion": {
      "precision": 0.9811912225705329,
      "recall": 0.9818067754077792,
      "f1-score": 0.9814989024772656,
      "support": 1594.0
    }
  },
  "weighted_avg": {
    "precision": 0.9508482803725081,
    "recall": 0.9504043126684636,
    "f1-score": 0.9504742166819722,
    "support": 7420.0
  },
  "micro_avg": {
    "precision": 0.9504043126684636,
    "recall": 0.9504043126684636,
    "f1-score": 0.9504043126684636,
    "support": 7420
  },
  "macro_avg": {
    "precision": 0.9470375440819151,
    "recall": 0.9476386332377056,
    "f1-score": 0.9471753071426321,
    "support": 7420.0
  },
  "accuracy": 0.9504043126684636,
  "inference_time_seconds": 6.745214462280273,
  "energy_kwh": 0.0003359771008435968,
  "num_test_samples": 7420
}