{
  "per_class": {
    "Cyberstalking": {
      "precision": 0.7333333333333333,
      "recall": 0.7333333333333333,
      "f1-score": 0.7333333333333333,
      "support": 60.0
    },
    "Doxing": {
      "precision": 0.7888888888888889,
      "recall": 0.8068181818181818,
      "f1-score": 0.797752808988764,
      "support": 88.0
    },
    "Revenge Porn": {
      "precision": 0.8356164383561644,
      "recall": 0.8026315789473685,
      "f1-score": 0.8187919463087249,
      "support": 76.0
    },
    "Sexual Harassment": {
      "precision": 0.8476190476190476,
      "recall": 0.898989898989899,
      "f1-score": 0.8725490196078431,
      "support": 99.0
    },
    "Slut Shaming": {
      "precision": 0.9148936170212766,
      "recall": 0.8686868686868687,
      "f1-score": 0.8911917098445595,
      "support": 99.0
    }
  },
  "weighted_avg": {
    "precision": 0.8327436619352674,
    "recall": 0.8317535545023697,
    "f1-score": 0.8318501595409057,
    "support": 422.0
  },
  "micro_avg": {
    "precision": 0.8317535545023697,
    "recall": 0.8317535545023697,
    "f1-score": 0.8317535545023697,
    "support": 422
  },
  "macro_avg": {
    "precision": 0.8240702650437421,
    "recall": 0.8220919723551303,
    "f1-score": 0.822723763616645,
    "support": 422.0
  },
  "accuracy": 0.8317535545023697,
  "inference_time_seconds": 0.25977206230163574,
  "energy_kwh": 3.3371502925071214e-05,
  "num_test_samples": 422
}