{
  "per_class": {
    "age": {
      "precision": 0.9777211966900063,
      "recall": 0.982725527831094,
      "f1-score": 0.9802169751116784,
      "support": 1563.0
    },
    "ethnicity": {
      "precision": 0.9799196787148594,
      "recall": 0.9885212694125591,
      "f1-score": 0.9842016806722689,
      "support": 1481.0
    },
    "gender": {
      "precision": 0.8864569083447332,
      "recall": 0.8901098901098901,
      "f1-score": 0.888279643591501,
      "support": 1456.0
    },
    "not_cyberbullying": {
      "precision": 0.658204895738894,
      "recall": 0.599009900990099,
      "f1-score": 0.6272138228941685,
      "support": 1212.0
    },
    "other_cyberbullying": {
      "precision": 0.6186844613918017,
      "recall": 0.6602238046795524,
      "f1-score": 0.6387795275590551,
      "support": 983.0
    },
    "religion": {
      "precision": 0.95875,
      "recall": 0.9684343434343434,
      "f1-score": 0.9635678391959799,
      "support": 1584.0
    }
  },
  "weighted_avg": {
    "precision": 0.8690290726339894,
    "recall": 0.8702741877038289,
    "f1-score": 0.8693576360030346,
    "support": 8279.0
  },
  "micro_avg": {
    "precision": 0.8702741877038289,
    "recall": 0.8702741877038289,
    "f1-score": 0.8702741877038289,
    "support": 8279
  },
  "macro_avg": {
    "precision": 0.8466228568133826,
    "recall": 0.8481707894095897,
    "f1-score": 0.8470432481707753,
    "support": 8279.0
  },
  "accuracy": 0.8702741877038289,
  "inference_time_seconds": 6.6484761238098145,
  "energy_kwh": 0.0004354545840092699,
  "num_test_samples": 8279
}