{
  "per_class": {
    "emotion": {
      "precision": 0.8164556962025317,
      "recall": 0.823404255319149,
      "f1-score": 0.8199152542372882,
      "support": 940.0
    },
    "hate": {
      "precision": 0.9426644182124789,
      "recall": 0.9274160099543758,
      "f1-score": 0.9349780472506795,
      "support": 2411.0
    },
    "offensive": {
      "precision": 0.8940731399747793,
      "recall": 0.9020356234096693,
      "f1-score": 0.8980367321089296,
      "support": 2358.0
    },
    "religion": {
      "precision": 0.9941377625793845,
      "recall": 1.0,
      "f1-score": 0.9970602645761881,
      "support": 2035.0
    },
    "spiritual": {
      "precision": 1.0,
      "recall": 0.9988317757009346,
      "f1-score": 0.9994155464640561,
      "support": 1712.0
    }
  },
  "weighted_avg": {
    "precision": 0.9394592933217263,
    "recall": 0.9392978003384095,
    "f1-score": 0.9393549153105226,
    "support": 9456.0
  },
  "micro_avg": {
    "precision": 0.9392978003384095,
    "recall": 0.9392978003384095,
    "f1-score": 0.9392978003384095,
    "support": 9456
  },
  "macro_avg": {
    "precision": 0.9294662033938348,
    "recall": 0.9303375328768257,
    "f1-score": 0.9298811689274282,
    "support": 9456.0
  },
  "accuracy": 0.9392978003384095,
  "inference_time_seconds": 4.6495208740234375,
  "energy_kwh": 0.00028918708848329615,
  "num_test_samples": 9456
}