{
  "per_class": {
    "emotion": {
      "precision": 0.8545059717698155,
      "recall": 0.8462365591397849,
      "f1-score": 0.8503511615343058,
      "support": 930.0
    },
    "hate": {
      "precision": 0.9395061728395062,
      "recall": 0.942998760842627,
      "f1-score": 0.9412492269635127,
      "support": 2421.0
    },
    "offensive": {
      "precision": 0.9071818563628727,
      "recall": 0.9037656903765691,
      "f1-score": 0.905470551247118,
      "support": 2390.0
    },
    "religion": {
      "precision": 0.9941176470588236,
      "recall": 0.9995071463775259,
      "f1-score": 0.9968051118210862,
      "support": 2029.0
    },
    "spiritual": {
      "precision": 1.0,
      "recall": 0.9988297249853716,
      "f1-score": 0.9994145199063232,
      "support": 1709.0
    }
  },
  "weighted_avg": {
    "precision": 0.9456128643084706,
    "recall": 0.9457748707669585,
    "f1-score": 0.9456886340954818,
    "support": 9479.0
  },
  "micro_avg": {
    "precision": 0.9457748707669585,
    "recall": 0.9457748707669585,
    "f1-score": 0.9457748707669585,
    "support": 9479
  },
  "macro_avg": {
    "precision": 0.9390623296062035,
    "recall": 0.9382675763443757,
    "f1-score": 0.9386581142944692,
    "support": 9479.0
  },
  "accuracy": 0.9457748707669585,
  "inference_time_seconds": 7.715298414230347,
  "energy_kwh": 0.00047336998284490053,
  "num_test_samples": 9479
}