{
  "per_class": {
    "age": {
      "precision": 0.9865384615384616,
      "recall": 0.9771428571428571,
      "f1-score": 0.9818181818181818,
      "support": 1575.0
    },
    "ethnicity": {
      "precision": 0.9925068119891008,
      "recall": 0.9804845222072678,
      "f1-score": 0.98645903859174,
      "support": 1486.0
    },
    "gender": {
      "precision": 0.8987430167597765,
      "recall": 0.8761061946902655,
      "f1-score": 0.8872802481902792,
      "support": 1469.0
    },
    "not_cyberbullying": {
      "precision": 0.6086206896551725,
      "recall": 0.5863787375415282,
      "f1-score": 0.5972927241962775,
      "support": 1204.0
    },
    "other_cyberbullying": {
      "precision": 0.6320541760722348,
      "recall": 0.693069306930693,
      "f1-score": 0.6611570247933884,
      "support": 1212.0
    },
    "religion": {
      "precision": 0.9609817495280051,
      "recall": 0.9591708542713567,
      "f1-score": 0.9600754479723358,
      "support": 1592.0
    }
  },
  "weighted_avg": {
    "precision": 0.8640933014935527,
    "recall": 0.8615600843288826,
    "f1-score": 0.8625625813371218,
    "support": 8538.0
  },
  "micro_avg": {
    "precision": 0.8615600843288826,
    "recall": 0.8615600843288826,
    "f1-score": 0.8615600843288826,
    "support": 8538
  },
  "macro_avg": {
    "precision": 0.846574150923792,
    "recall": 0.8453920787973281,
    "f1-score": 0.845680444260367,
    "support": 8538.0
  },
  "accuracy": 0.8615600843288826,
  "inference_time_seconds": 6.446702241897583,
  "energy_kwh": 0.00040005584125915453,
  "num_test_samples": 8538
}