{
  "per_class": {
    "Cyberstalking": {
      "precision": 0.6875,
      "recall": 0.7333333333333333,
      "f1-score": 0.7096774193548387,
      "support": 60.0
    },
    "Doxing": {
      "precision": 0.8275862068965517,
      "recall": 0.8181818181818182,
      "f1-score": 0.8228571428571428,
      "support": 88.0
    },
    "Revenge Porn": {
      "precision": 0.84,
      "recall": 0.8289473684210527,
      "f1-score": 0.8344370860927153,
      "support": 76.0
    },
    "Sexual Harassment": {
      "precision": 0.8557692307692307,
      "recall": 0.898989898989899,
      "f1-score": 0.8768472906403941,
      "support": 99.0
    },
    "Slut Shaming": {
      "precision": 0.9456521739130435,
      "recall": 0.8787878787878788,
      "f1-score": 0.9109947643979057,
      "support": 99.0
    }
  },
  "weighted_avg": {
    "precision": 0.8442139935318523,
    "recall": 0.8412322274881516,
    "f1-score": 0.842193496977623,
    "support": 422.0
  },
  "micro_avg": {
    "precision": 0.8412322274881516,
    "recall": 0.8412322274881516,
    "f1-score": 0.8412322274881516,
    "support": 422
  },
  "macro_avg": {
    "precision": 0.8313015223157653,
    "recall": 0.8316480595427963,
    "f1-score": 0.8309627406685992,
    "support": 422.0
  },
  "accuracy": 0.8412322274881516,
  "inference_time_seconds": 0.1842801570892334,
  "energy_kwh": 6.435661811174419e-06,
  "num_test_samples": 422
}