{
  "per_class": {
    "Cyberstalking": {
      "precision": 0.78,
      "recall": 0.6842105263157895,
      "f1-score": 0.7289719626168224,
      "support": 57.0
    },
    "Doxing": {
      "precision": 0.8,
      "recall": 0.7088607594936709,
      "f1-score": 0.7516778523489933,
      "support": 79.0
    },
    "Revenge Porn": {
      "precision": 0.691358024691358,
      "recall": 0.7887323943661971,
      "f1-score": 0.7368421052631579,
      "support": 71.0
    },
    "Sexual Harassment": {
      "precision": 0.7692307692307693,
      "recall": 0.8641975308641975,
      "f1-score": 0.813953488372093,
      "support": 81.0
    },
    "Slut Shaming": {
      "precision": 0.8928571428571429,
      "recall": 0.8522727272727273,
      "f1-score": 0.872093023255814,
      "support": 88.0
    }
  },
  "weighted_avg": {
    "precision": 0.7915572889154449,
    "recall": 0.7872340425531915,
    "f1-score": 0.7870323411783636,
    "support": 376.0
  },
  "micro_avg": {
    "precision": 0.7872340425531915,
    "recall": 0.7872340425531915,
    "f1-score": 0.7872340425531915,
    "support": 376
  },
  "macro_avg": {
    "precision": 0.786689187355854,
    "recall": 0.7796547876625164,
    "f1-score": 0.7807076863713762,
    "support": 376.0
  },
  "accuracy": 0.7872340425531915,
  "inference_time_seconds": 0.3616170883178711,
  "energy_kwh": 3.990777770517198e-05,
  "num_test_samples": 376
}