{
  "per_class": {
    "Cyberstalking": {
      "precision": 0.6111111111111112,
      "recall": 0.7333333333333333,
      "f1-score": 0.6666666666666666,
      "support": 60.0
    },
    "Doxing": {
      "precision": 0.8148148148148148,
      "recall": 0.75,
      "f1-score": 0.7810650887573964,
      "support": 88.0
    },
    "Revenge Porn": {
      "precision": 0.7261904761904762,
      "recall": 0.8026315789473685,
      "f1-score": 0.7625,
      "support": 76.0
    },
    "Sexual Harassment": {
      "precision": 0.9204545454545454,
      "recall": 0.8181818181818182,
      "f1-score": 0.8663101604278075,
      "support": 99.0
    },
    "Slut Shaming": {
      "precision": 0.9072164948453608,
      "recall": 0.8888888888888888,
      "f1-score": 0.8979591836734694,
      "support": 99.0
    }
  },
  "weighted_avg": {
    "precision": 0.8163513733425053,
    "recall": 0.8056872037914692,
    "f1-score": 0.8088777082385719,
    "support": 422.0
  },
  "micro_avg": {
    "precision": 0.8056872037914692,
    "recall": 0.8056872037914692,
    "f1-score": 0.8056872037914692,
    "support": 422
  },
  "macro_avg": {
    "precision": 0.7959574884832616,
    "recall": 0.7986071238702819,
    "f1-score": 0.794900219905068,
    "support": 422.0
  },
  "accuracy": 0.8056872037914692,
  "inference_time_seconds": 0.3199591636657715,
  "energy_kwh": 3.9928570737660455e-05,
  "num_test_samples": 422
}