{
  "per_class": {
    "age": {
      "precision": 0.9858338699291693,
      "recall": 0.9795265515035189,
      "f1-score": 0.9826700898587933,
      "support": 1563.0
    },
    "ethnicity": {
      "precision": 0.9798792756539235,
      "recall": 0.9845013477088949,
      "f1-score": 0.9821848739495799,
      "support": 1484.0
    },
    "gender": {
      "precision": 0.8850102669404517,
      "recall": 0.8874399450926561,
      "f1-score": 0.886223440712817,
      "support": 1457.0
    },
    "not_cyberbullying": {
      "precision": 0.6431838975297347,
      "recall": 0.5805119735755574,
      "f1-score": 0.6102430555555556,
      "support": 1211.0
    },
    "other_cyberbullying": {
      "precision": 0.5900735294117647,
      "recall": 0.6537678207739308,
      "f1-score": 0.6202898550724638,
      "support": 982.0
    },
    "religion": {
      "precision": 0.9510971786833856,
      "recall": 0.9577020202020202,
      "f1-score": 0.954388172381252,
      "support": 1584.0
    }
  },
  "weighted_avg": {
    "precision": 0.8633431927940222,
    "recall": 0.8630600169061707,
    "f1-score": 0.8627681559618264,
    "support": 8281.0
  },
  "micro_avg": {
    "precision": 0.8630600169061707,
    "recall": 0.8630600169061707,
    "f1-score": 0.8630600169061707,
    "support": 8281
  },
  "macro_avg": {
    "precision": 0.8391796696914048,
    "recall": 0.840574943142763,
    "f1-score": 0.8393332479217436,
    "support": 8281.0
  },
  "accuracy": 0.8630600169061707,
  "inference_time_seconds": 3.442100763320923,
  "energy_kwh": 0.0001908703891943573,
  "num_test_samples": 8281
}