{
  "per_class": {
    "age": {
      "precision": 0.9875853507138423,
      "recall": 0.994375,
      "f1-score": 0.990968545624416,
      "support": 1600.0
    },
    "ethnicity": {
      "precision": 0.9917825537294563,
      "recall": 0.980625,
      "f1-score": 0.9861722187303583,
      "support": 1600.0
    },
    "gender": {
      "precision": 0.9249211356466877,
      "recall": 0.9156777014366021,
      "f1-score": 0.9202762084118016,
      "support": 1601.0
    },
    "other_cyberbullying": {
      "precision": 0.8995660260384377,
      "recall": 0.9063085571517802,
      "f1-score": 0.9029247044181705,
      "support": 1601.0
    },
    "religion": {
      "precision": 0.9807572936064556,
      "recall": 0.9875,
      "f1-score": 0.9841170974774214,
      "support": 1600.0
    }
  },
  "weighted_avg": {
    "precision": 0.9569113050159326,
    "recall": 0.9568857785553612,
    "f1-score": 0.9568804349378028,
    "support": 8002.0
  },
  "micro_avg": {
    "precision": 0.9568857785553612,
    "recall": 0.9568857785553612,
    "f1-score": 0.9568857785553612,
    "support": 8002
  },
  "macro_avg": {
    "precision": 0.9569224719469759,
    "recall": 0.9568972517176764,
    "f1-score": 0.9568917549324336,
    "support": 8002.0
  },
  "accuracy": 0.9568857785553612,
  "inference_time_seconds": 13.279287338256836,
  "energy_kwh": 0.0008254294367279161,
  "num_test_samples": 8002
}