{
  "per_class": {
    "Cyberstalking": {
      "precision": 0.6142857142857143,
      "recall": 0.7543859649122807,
      "f1-score": 0.6771653543307087,
      "support": 57.0
    },
    "Doxing": {
      "precision": 0.8714285714285714,
      "recall": 0.7625,
      "f1-score": 0.8133333333333334,
      "support": 80.0
    },
    "Revenge Porn": {
      "precision": 0.7283950617283951,
      "recall": 0.8428571428571429,
      "f1-score": 0.7814569536423841,
      "support": 70.0
    },
    "Sexual Harassment": {
      "precision": 0.8783783783783784,
      "recall": 0.8024691358024691,
      "f1-score": 0.8387096774193549,
      "support": 81.0
    },
    "Slut Shaming": {
      "precision": 0.925,
      "recall": 0.8505747126436781,
      "f1-score": 0.8862275449101796,
      "support": 87.0
    }
  },
  "weighted_avg": {
    "precision": 0.8195729983952207,
    "recall": 0.8053333333333333,
    "f1-score": 0.809078290391033,
    "support": 375.0
  },
  "micro_avg": {
    "precision": 0.8053333333333333,
    "recall": 0.8053333333333333,
    "f1-score": 0.8053333333333333,
    "support": 375
  },
  "macro_avg": {
    "precision": 0.8034975451642119,
    "recall": 0.8025573912431142,
    "f1-score": 0.799378572727192,
    "support": 375.0
  },
  "accuracy": 0.8053333333333333,
  "inference_time_seconds": 0.1493968963623047,
  "energy_kwh": 5.284699374733124e-06,
  "num_test_samples": 375
}