{
  "per_class": {
    "emotion": {
      "precision": 0.8640256959314775,
      "recall": 0.8021868787276342,
      "f1-score": 0.831958762886598,
      "support": 1006.0
    },
    "hate": {
      "precision": 0.9510288065843622,
      "recall": 0.9123568890643505,
      "f1-score": 0.9312915575256902,
      "support": 2533.0
    },
    "offensive": {
      "precision": 0.878950907868191,
      "recall": 0.9309116809116809,
      "f1-score": 0.9041854029747493,
      "support": 2808.0
    },
    "religion": {
      "precision": 0.9937679769894535,
      "recall": 0.9995178399228544,
      "f1-score": 0.9966346153846154,
      "support": 2074.0
    },
    "spiritual": {
      "precision": 1.0,
      "recall": 0.9982668977469671,
      "f1-score": 0.9991326973113617,
      "support": 1731.0
    }
  },
  "weighted_avg": {
    "precision": 0.9395522804132449,
    "recall": 0.939026792750197,
    "f1-score": 0.9388675663498076,
    "support": 10152.0
  },
  "micro_avg": {
    "precision": 0.939026792750197,
    "recall": 0.939026792750197,
    "f1-score": 0.939026792750197,
    "support": 10152
  },
  "macro_avg": {
    "precision": 0.9375546774746969,
    "recall": 0.9286480372746974,
    "f1-score": 0.9326406072166028,
    "support": 10152.0
  },
  "accuracy": 0.939026792750197,
  "inference_time_seconds": 10.19052243232727,
  "energy_kwh": 0.0006114627067602058,
  "num_test_samples": 10152
}