{
  "per_class": {
    "age": {
      "precision": 0.9923809523809524,
      "recall": 0.9898670044331855,
      "f1-score": 0.9911223842739378,
      "support": 1579.0
    },
    "ethnicity": {
      "precision": 0.9959404600811907,
      "recall": 0.9806795469686875,
      "f1-score": 0.9882510909701242,
      "support": 1501.0
    },
    "gender": {
      "precision": 0.9156545209176788,
      "recall": 0.9082998661311914,
      "f1-score": 0.9119623655913979,
      "support": 1494.0
    },
    "other_cyberbullying": {
      "precision": 0.8598629093678599,
      "recall": 0.892490118577075,
      "f1-score": 0.8758727695888285,
      "support": 1265.0
    },
    "religion": {
      "precision": 0.9829329962073325,
      "recall": 0.9773727215587681,
      "f1-score": 0.9801449732114718,
      "support": 1591.0
    }
  },
  "weighted_avg": {
    "precision": 0.9530870775179827,
    "recall": 0.9523553162853298,
    "f1-score": 0.9526525723307634,
    "support": 7430.0
  },
  "micro_avg": {
    "precision": 0.9523553162853298,
    "recall": 0.9523553162853298,
    "f1-score": 0.9523553162853298,
    "support": 7430
  },
  "macro_avg": {
    "precision": 0.9493543677910029,
    "recall": 0.9497418515337814,
    "f1-score": 0.9494707167271521,
    "support": 7430.0
  },
  "accuracy": 0.9523553162853298,
  "inference_time_seconds": 6.294416189193726,
  "energy_kwh": 0.00031676249759841327,
  "num_test_samples": 7430
}