{
  "per_class": {
    "age": {
      "precision": 0.9881619937694704,
      "recall": 0.99125,
      "f1-score": 0.9897035881435258,
      "support": 1600.0
    },
    "ethnicity": {
      "precision": 0.9855799373040752,
      "recall": 0.9825,
      "f1-score": 0.984037558685446,
      "support": 1600.0
    },
    "gender": {
      "precision": 0.9288461538461539,
      "recall": 0.9050593379138039,
      "f1-score": 0.9167984814931983,
      "support": 1601.0
    },
    "other_cyberbullying": {
      "precision": 0.8942189421894219,
      "recall": 0.9081823860087446,
      "f1-score": 0.9011465757669662,
      "support": 1601.0
    },
    "religion": {
      "precision": 0.9789603960396039,
      "recall": 0.98875,
      "f1-score": 0.9838308457711443,
      "support": 1600.0
    }
  },
  "weighted_avg": {
    "precision": 0.9551425821212192,
    "recall": 0.9551362159460135,
    "f1-score": 0.95509188013418,
    "support": 8002.0
  },
  "micro_avg": {
    "precision": 0.9551362159460135,
    "recall": 0.9551362159460135,
    "f1-score": 0.9551362159460135,
    "support": 8002
  },
  "macro_avg": {
    "precision": 0.955153484629745,
    "recall": 0.9551483447845097,
    "f1-score": 0.955103409972056,
    "support": 8002.0
  },
  "accuracy": 0.9551362159460135,
  "inference_time_seconds": 2.992337942123413,
  "energy_kwh": 0.00020071964660578462,
  "num_test_samples": 8002
}