{
  "per_class": {
    "age": {
      "precision": 0.9869321717485999,
      "recall": 0.99125,
      "f1-score": 0.9890863735578422,
      "support": 1600.0
    },
    "ethnicity": {
      "precision": 0.9800623052959502,
      "recall": 0.983125,
      "f1-score": 0.981591263650546,
      "support": 1600.0
    },
    "gender": {
      "precision": 0.9137931034482759,
      "recall": 0.8938163647720175,
      "f1-score": 0.9036943479633722,
      "support": 1601.0
    },
    "other_cyberbullying": {
      "precision": 0.8786585365853659,
      "recall": 0.9000624609618988,
      "f1-score": 0.8892317186053688,
      "support": 1601.0
    },
    "religion": {
      "precision": 0.9917929292929293,
      "recall": 0.981875,
      "f1-score": 0.9868090452261307,
      "support": 1600.0
    }
  },
  "weighted_avg": {
    "precision": 0.9502343071524404,
    "recall": 0.950012496875781,
    "f1-score": 0.950069148271905,
    "support": 8002.0
  },
  "micro_avg": {
    "precision": 0.950012496875781,
    "recall": 0.950012496875781,
    "f1-score": 0.950012496875781,
    "support": 8002
  },
  "macro_avg": {
    "precision": 0.9502478092742243,
    "recall": 0.9500257651467834,
    "f1-score": 0.950082549800652,
    "support": 8002.0
  },
  "accuracy": 0.950012496875781,
  "inference_time_seconds": 1.4078803062438965,
  "energy_kwh": 8.437113074752494e-05,
  "num_test_samples": 8002
}