{
  "per_class": {
    "emotion": {
      "precision": 0.8916500994035785,
      "recall": 0.8916500994035785,
      "f1-score": 0.8916500994035785,
      "support": 1006.0
    },
    "hate": {
      "precision": 0.9630952380952381,
      "recall": 0.9581523884721674,
      "f1-score": 0.9606174549772413,
      "support": 2533.0
    },
    "offensive": {
      "precision": 0.9573863636363636,
      "recall": 0.9601139601139601,
      "f1-score": 0.9587482219061166,
      "support": 2808.0
    },
    "religion": {
      "precision": 0.9956772334293948,
      "recall": 0.9995178399228544,
      "f1-score": 0.9975938402309913,
      "support": 2074.0
    },
    "spiritual": {
      "precision": 1.0,
      "recall": 0.9982668977469671,
      "f1-score": 0.9991326973113617,
      "support": 1731.0
    }
  },
  "weighted_avg": {
    "precision": 0.9673853161267447,
    "recall": 0.9673955870764381,
    "f1-score": 0.9673874452575622,
    "support": 10152.0
  },
  "micro_avg": {
    "precision": 0.9673955870764381,
    "recall": 0.9673955870764381,
    "f1-score": 0.9673955870764381,
    "support": 10152
  },
  "macro_avg": {
    "precision": 0.9615617869129152,
    "recall": 0.9615402371319055,
    "f1-score": 0.9615484627658578,
    "support": 10152.0
  },
  "accuracy": 0.9673955870764381,
  "inference_time_seconds": 8.785391807556152,
  "energy_kwh": 0.0004615755539963023,
  "num_test_samples": 10152
}