{
  "per_class": {
    "Cyberstalking": {
      "precision": 0.7391304347826086,
      "recall": 0.6538461538461539,
      "f1-score": 0.6938775510204082,
      "support": 52.0
    },
    "Doxing": {
      "precision": 0.8157894736842105,
      "recall": 0.8378378378378378,
      "f1-score": 0.8266666666666667,
      "support": 74.0
    },
    "Revenge Porn": {
      "precision": 0.875,
      "recall": 0.8,
      "f1-score": 0.835820895522388,
      "support": 70.0
    },
    "Sexual Harassment": {
      "precision": 0.7640449438202247,
      "recall": 0.8717948717948718,
      "f1-score": 0.8143712574850299,
      "support": 78.0
    },
    "Slut Shaming": {
      "precision": 0.8863636363636364,
      "recall": 0.8764044943820225,
      "f1-score": 0.8813559322033898,
      "support": 89.0
    }
  },
  "weighted_avg": {
    "precision": 0.822410669189169,
    "recall": 0.8209366391184573,
    "f1-score": 0.8201764868399332,
    "support": 363.0
  },
  "micro_avg": {
    "precision": 0.8209366391184573,
    "recall": 0.8209366391184573,
    "f1-score": 0.8209366391184573,
    "support": 363
  },
  "macro_avg": {
    "precision": 0.8160656977301362,
    "recall": 0.8079766715721772,
    "f1-score": 0.8104184605795766,
    "support": 363.0
  },
  "accuracy": 0.8209366391184573,
  "inference_time_seconds": 0.07845234870910645,
  "energy_kwh": 2.9890284516294544e-06,
  "num_test_samples": 363
}