{
  "per_class": {
    "emotion": {
      "precision": 0.8548559231590181,
      "recall": 0.8622174381054898,
      "f1-score": 0.8585209003215434,
      "support": 929.0
    },
    "hate": {
      "precision": 0.9289772727272727,
      "recall": 0.9439175257731959,
      "f1-score": 0.936387809367969,
      "support": 2425.0
    },
    "offensive": {
      "precision": 0.9153484395040615,
      "recall": 0.8961908748430305,
      "f1-score": 0.9056683587140439,
      "support": 2389.0
    },
    "religion": {
      "precision": 0.9941002949852508,
      "recall": 0.9965500246426812,
      "f1-score": 0.9953236524735417,
      "support": 2029.0
    },
    "spiritual": {
      "precision": 0.9988283538371412,
      "recall": 0.9976594499707431,
      "f1-score": 0.9982435597189696,
      "support": 1709.0
    }
  },
  "weighted_avg": {
    "precision": 0.9448081021185861,
    "recall": 0.9448370425060647,
    "f1-score": 0.9447798752781801,
    "support": 9481.0
  },
  "micro_avg": {
    "precision": 0.9448370425060647,
    "recall": 0.9448370425060647,
    "f1-score": 0.9448370425060647,
    "support": 9481
  },
  "macro_avg": {
    "precision": 0.9384220568425489,
    "recall": 0.9393070626670281,
    "f1-score": 0.9388288561192135,
    "support": 9481.0
  },
  "accuracy": 0.9448370425060647,
  "inference_time_seconds": 7.1175243854522705,
  "energy_kwh": 0.0004374122823838388,
  "num_test_samples": 9481
}