{
  "per_class": {
    "emotion": {
      "precision": 0.8842696629213483,
      "recall": 0.838125665601704,
      "f1-score": 0.8605795516675779,
      "support": 939.0
    },
    "hate": {
      "precision": 0.95578231292517,
      "recall": 0.9323931978432186,
      "f1-score": 0.943942893134579,
      "support": 2411.0
    },
    "offensive": {
      "precision": 0.8977272727272727,
      "recall": 0.9345162653147444,
      "f1-score": 0.9157524322086524,
      "support": 2367.0
    },
    "religion": {
      "precision": 0.9931707317073171,
      "recall": 0.9995090819833088,
      "f1-score": 0.9963298262784438,
      "support": 2037.0
    },
    "spiritual": {
      "precision": 1.0,
      "recall": 0.9988324576765908,
      "f1-score": 0.9994158878504673,
      "support": 1713.0
    }
  },
  "weighted_avg": {
    "precision": 0.9502196688474692,
    "recall": 0.9500369705292068,
    "f1-score": 0.949935543827849,
    "support": 9467.0
  },
  "micro_avg": {
    "precision": 0.9500369705292068,
    "recall": 0.9500369705292068,
    "f1-score": 0.9500369705292068,
    "support": 9467
  },
  "macro_avg": {
    "precision": 0.9461899960562217,
    "recall": 0.9406753336839133,
    "f1-score": 0.9432041182279441,
    "support": 9467.0
  },
  "accuracy": 0.9500369705292068,
  "inference_time_seconds": 4.549600601196289,
  "energy_kwh": 0.00025652941828479625,
  "num_test_samples": 9467
}