{
  "per_class": {
    "age": {
      "precision": 0.9892200380469245,
      "recall": 0.9885931558935361,
      "f1-score": 0.9889064976228209,
      "support": 1578.0
    },
    "ethnicity": {
      "precision": 0.9939271255060729,
      "recall": 0.9826551034022681,
      "f1-score": 0.9882589734988259,
      "support": 1499.0
    },
    "gender": {
      "precision": 0.9274755927475593,
      "recall": 0.8938172043010753,
      "f1-score": 0.9103353867214237,
      "support": 1488.0
    },
    "other_cyberbullying": {
      "precision": 0.8539493293591655,
      "recall": 0.9052132701421801,
      "f1-score": 0.8788343558282209,
      "support": 1266.0
    },
    "religion": {
      "precision": 0.9855163727959698,
      "recall": 0.9830402010050251,
      "f1-score": 0.9842767295597484,
      "support": 1592.0
    }
  },
  "weighted_avg": {
    "precision": 0.9539285436669682,
    "recall": 0.9529839687457902,
    "f1-score": 0.953259673703715,
    "support": 7423.0
  },
  "micro_avg": {
    "precision": 0.9529839687457902,
    "recall": 0.9529839687457902,
    "f1-score": 0.9529839687457902,
    "support": 7423
  },
  "macro_avg": {
    "precision": 0.9500176916911384,
    "recall": 0.950663786948817,
    "f1-score": 0.950122388646208,
    "support": 7423.0
  },
  "accuracy": 0.9529839687457902,
  "inference_time_seconds": 3.135495662689209,
  "energy_kwh": 0.00017977762831736566,
  "num_test_samples": 7423
}