{
  "per_class": {
    "Cyberstalking": {
      "precision": 0.7666666666666667,
      "recall": 0.7666666666666667,
      "f1-score": 0.7666666666666667,
      "support": 60.0
    },
    "Doxing": {
      "precision": 0.7931034482758621,
      "recall": 0.7840909090909091,
      "f1-score": 0.7885714285714286,
      "support": 88.0
    },
    "Revenge Porn": {
      "precision": 0.7894736842105263,
      "recall": 0.7894736842105263,
      "f1-score": 0.7894736842105263,
      "support": 76.0
    },
    "Sexual Harassment": {
      "precision": 0.8365384615384616,
      "recall": 0.8787878787878788,
      "f1-score": 0.8571428571428571,
      "support": 99.0
    },
    "Slut Shaming": {
      "precision": 0.8842105263157894,
      "recall": 0.8484848484848485,
      "f1-score": 0.865979381443299,
      "support": 99.0
    }
  },
  "weighted_avg": {
    "precision": 0.8202541546110113,
    "recall": 0.8199052132701422,
    "f1-score": 0.81986584676378,
    "support": 422.0
  },
  "micro_avg": {
    "precision": 0.8199052132701422,
    "recall": 0.8199052132701422,
    "f1-score": 0.8199052132701422,
    "support": 422
  },
  "macro_avg": {
    "precision": 0.8139985574014613,
    "recall": 0.813500797448166,
    "f1-score": 0.8135668036069555,
    "support": 422.0
  },
  "accuracy": 0.8199052132701422,
  "inference_time_seconds": 0.15692710876464844,
  "energy_kwh": 7.1030699462486955e-06,
  "num_test_samples": 422
}