{
  "per_class": {
    "emotion": {
      "precision": 0.9278350515463918,
      "recall": 0.8946322067594433,
      "f1-score": 0.9109311740890689,
      "support": 1006.0
    },
    "hate": {
      "precision": 0.955494289090193,
      "recall": 0.957757599684169,
      "f1-score": 0.9566246056782335,
      "support": 2533.0
    },
    "offensive": {
      "precision": 0.9520620373634121,
      "recall": 0.9618945868945868,
      "f1-score": 0.9569530558015943,
      "support": 2808.0
    },
    "religion": {
      "precision": 0.9975949975949976,
      "recall": 1.0,
      "f1-score": 0.9987960510474356,
      "support": 2074.0
    },
    "spiritual": {
      "precision": 1.0,
      "recall": 0.997689196995956,
      "f1-score": 0.9988432620011567,
      "support": 1731.0
    }
  },
  "weighted_avg": {
    "precision": 0.9679936290435003,
    "recall": 0.9680851063829787,
    "f1-score": 0.9680015528372568,
    "support": 10152.0
  },
  "micro_avg": {
    "precision": 0.9680851063829787,
    "recall": 0.9680851063829787,
    "f1-score": 0.9680851063829787,
    "support": 10152
  },
  "macro_avg": {
    "precision": 0.9665972751189991,
    "recall": 0.962394718066831,
    "f1-score": 0.9644296297234977,
    "support": 10152.0
  },
  "accuracy": 0.9680851063829787,
  "inference_time_seconds": 6.10762619972229,
  "energy_kwh": 0.00041256262943257914,
  "num_test_samples": 10152
}