{
  "per_class": {
    "emotion": {
      "precision": 0.8239583333333333,
      "recall": 0.8514531754574811,
      "f1-score": 0.8374801482265749,
      "support": 929.0
    },
    "hate": {
      "precision": 0.9434351775392238,
      "recall": 0.9434351775392238,
      "f1-score": 0.9434351775392238,
      "support": 2422.0
    },
    "offensive": {
      "precision": 0.9134697357203752,
      "recall": 0.8974036850921273,
      "f1-score": 0.9053654414871145,
      "support": 2388.0
    },
    "religion": {
      "precision": 0.9912066438690766,
      "recall": 0.9995073891625615,
      "f1-score": 0.9953397105714986,
      "support": 2030.0
    },
    "spiritual": {
      "precision": 1.0,
      "recall": 0.9964891749561147,
      "f1-score": 0.9982415005861665,
      "support": 1709.0
    }
  },
  "weighted_avg": {
    "precision": 0.9446056665563565,
    "recall": 0.944397552226208,
    "f1-score": 0.9444572767393563,
    "support": 9478.0
  },
  "micro_avg": {
    "precision": 0.944397552226208,
    "recall": 0.944397552226208,
    "f1-score": 0.944397552226208,
    "support": 9478
  },
  "macro_avg": {
    "precision": 0.9344139780924017,
    "recall": 0.9376577204415018,
    "f1-score": 0.9359723956821157,
    "support": 9478.0
  },
  "accuracy": 0.944397552226208,
  "inference_time_seconds": 3.3734493255615234,
  "energy_kwh": 0.0002077881405460705,
  "num_test_samples": 9478
}