{
  "per_class": {
    "Cyberstalking": {
      "precision": 0.7096774193548387,
      "recall": 0.7333333333333333,
      "f1-score": 0.7213114754098361,
      "support": 60.0
    },
    "Doxing": {
      "precision": 0.8375,
      "recall": 0.7613636363636364,
      "f1-score": 0.7976190476190477,
      "support": 88.0
    },
    "Revenge Porn": {
      "precision": 0.6808510638297872,
      "recall": 0.8421052631578947,
      "f1-score": 0.7529411764705882,
      "support": 76.0
    },
    "Sexual Harassment": {
      "precision": 0.8854166666666666,
      "recall": 0.8585858585858586,
      "f1-score": 0.8717948717948718,
      "support": 99.0
    },
    "Slut Shaming": {
      "precision": 0.9444444444444444,
      "recall": 0.8585858585858586,
      "f1-score": 0.8994708994708994,
      "support": 99.0
    }
  },
  "weighted_avg": {
    "precision": 0.8274444929202706,
    "recall": 0.8175355450236966,
    "f1-score": 0.8200189703368304,
    "support": 422.0
  },
  "micro_avg": {
    "precision": 0.8175355450236966,
    "recall": 0.8175355450236966,
    "f1-score": 0.8175355450236966,
    "support": 422
  },
  "macro_avg": {
    "precision": 0.8115779188591474,
    "recall": 0.8107947900053162,
    "f1-score": 0.8086274941530487,
    "support": 422.0
  },
  "accuracy": 0.8175355450236966,
  "inference_time_seconds": 0.1839134693145752,
  "energy_kwh": 2.743777139084383e-05,
  "num_test_samples": 422
}