{
  "per_class": {
    "age": {
      "precision": 0.9849246231155779,
      "recall": 0.981226533166458,
      "f1-score": 0.9830721003134796,
      "support": 1598.0
    },
    "ethnicity": {
      "precision": 0.9885568976478067,
      "recall": 0.9767587939698492,
      "f1-score": 0.9826224328593997,
      "support": 1592.0
    },
    "gender": {
      "precision": 0.8898678414096917,
      "recall": 0.889308176100629,
      "f1-score": 0.8895879207297892,
      "support": 1590.0
    },
    "not_cyberbullying": {
      "precision": 0.6957153231663036,
      "recall": 0.6036546943919344,
      "f1-score": 0.6464237516869096,
      "support": 1587.0
    },
    "other_cyberbullying": {
      "precision": 0.6822589845978323,
      "recall": 0.7642172523961661,
      "f1-score": 0.7209162145871006,
      "support": 1565.0
    },
    "religion": {
      "precision": 0.9466019417475728,
      "recall": 0.975,
      "f1-score": 0.9605911330049262,
      "support": 1600.0
    }
  },
  "weighted_avg": {
    "precision": 0.8653987234779751,
    "recall": 0.8656105749055812,
    "f1-score": 0.8645387228217887,
    "support": 9532.0
  },
  "micro_avg": {
    "precision": 0.8656105749055812,
    "recall": 0.8656105749055812,
    "f1-score": 0.8656105749055812,
    "support": 9532
  },
  "macro_avg": {
    "precision": 0.8646542686141309,
    "recall": 0.8650275750041727,
    "f1-score": 0.8638689255302675,
    "support": 9532.0
  },
  "accuracy": 0.8656105749055812,
  "inference_time_seconds": 1.8449759483337402,
  "energy_kwh": 0.00011090549216946895,
  "num_test_samples": 9532
}