{
  "per_class": {
    "emotion": {
      "precision": 0.8410087719298246,
      "recall": 0.8265086206896551,
      "f1-score": 0.8336956521739131,
      "support": 928.0
    },
    "hate": {
      "precision": 0.9361009361009361,
      "recall": 0.9500206526228832,
      "f1-score": 0.9430094300943009,
      "support": 2421.0
    },
    "offensive": {
      "precision": 0.9102075391783143,
      "recall": 0.8995395562997069,
      "f1-score": 0.9048421052631579,
      "support": 2389.0
    },
    "religion": {
      "precision": 0.9936274509803922,
      "recall": 0.9985221674876847,
      "f1-score": 0.9960687960687961,
      "support": 2030.0
    },
    "spiritual": {
      "precision": 0.9988290398126464,
      "recall": 0.9976608187134502,
      "f1-score": 0.9982445874780573,
      "support": 1710.0
    }
  },
  "weighted_avg": {
    "precision": 0.9439020575351401,
    "recall": 0.9441865372441444,
    "f1-score": 0.9440157296430166,
    "support": 9478.0
  },
  "micro_avg": {
    "precision": 0.9441865372441444,
    "recall": 0.9441865372441444,
    "f1-score": 0.9441865372441444,
    "support": 9478
  },
  "macro_avg": {
    "precision": 0.9359547476004227,
    "recall": 0.9344503631626762,
    "f1-score": 0.935172114215645,
    "support": 9478.0
  },
  "accuracy": 0.9441865372441444,
  "inference_time_seconds": 3.361306667327881,
  "energy_kwh": 0.00020944284815816187,
  "num_test_samples": 9478
}