{
  "per_class": {
    "Cyberstalking": {
      "precision": 0.7413793103448276,
      "recall": 0.7166666666666667,
      "f1-score": 0.7288135593220338,
      "support": 60.0
    },
    "Doxing": {
      "precision": 0.8414634146341463,
      "recall": 0.7840909090909091,
      "f1-score": 0.8117647058823529,
      "support": 88.0
    },
    "Revenge Porn": {
      "precision": 0.7241379310344828,
      "recall": 0.8289473684210527,
      "f1-score": 0.7730061349693251,
      "support": 76.0
    },
    "Sexual Harassment": {
      "precision": 0.85,
      "recall": 0.8585858585858586,
      "f1-score": 0.8542713567839196,
      "support": 99.0
    },
    "Slut Shaming": {
      "precision": 0.8947368421052632,
      "recall": 0.8585858585858586,
      "f1-score": 0.8762886597938144,
      "support": 99.0
    }
  },
  "weighted_avg": {
    "precision": 0.8206041925012707,
    "recall": 0.8175355450236966,
    "f1-score": 0.8180995629759088,
    "support": 422.0
  },
  "micro_avg": {
    "precision": 0.8175355450236966,
    "recall": 0.8175355450236966,
    "f1-score": 0.8175355450236966,
    "support": 422
  },
  "macro_avg": {
    "precision": 0.810343499623744,
    "recall": 0.8093753322700691,
    "f1-score": 0.8088288833502892,
    "support": 422.0
  },
  "accuracy": 0.8175355450236966,
  "inference_time_seconds": 0.1199350357055664,
  "energy_kwh": 1.9270621204735228e-05,
  "num_test_samples": 422
}