{
  "per_class": {
    "Cyberstalking": {
      "precision": 0.8103448275862069,
      "recall": 0.7833333333333333,
      "f1-score": 0.7966101694915254,
      "support": 60.0
    },
    "Doxing": {
      "precision": 0.7027027027027027,
      "recall": 0.8863636363636364,
      "f1-score": 0.7839195979899497,
      "support": 88.0
    },
    "Revenge Porn": {
      "precision": 0.921875,
      "recall": 0.7763157894736842,
      "f1-score": 0.8428571428571429,
      "support": 76.0
    },
    "Sexual Harassment": {
      "precision": 0.9166666666666666,
      "recall": 0.8888888888888888,
      "f1-score": 0.9025641025641026,
      "support": 99.0
    },
    "Slut Shaming": {
      "precision": 0.9354838709677419,
      "recall": 0.8787878787878788,
      "f1-score": 0.90625,
      "support": 99.0
    }
  },
  "weighted_avg": {
    "precision": 0.8622841960161534,
    "recall": 0.8507109004739336,
    "f1-score": 0.852870317070133,
    "support": 422.0
  },
  "micro_avg": {
    "precision": 0.8507109004739336,
    "recall": 0.8507109004739336,
    "f1-score": 0.8507109004739336,
    "support": 422
  },
  "macro_avg": {
    "precision": 0.8574146135846636,
    "recall": 0.8427379053694842,
    "f1-score": 0.8464402025805441,
    "support": 422.0
  },
  "accuracy": 0.8507109004739336,
  "inference_time_seconds": 0.2588653564453125,
  "energy_kwh": 1.0640720048501861e-05,
  "num_test_samples": 422
}