{
  "per_class": {
    "Cyberstalking": {
      "precision": 0.8372093023255814,
      "recall": 0.6923076923076923,
      "f1-score": 0.7578947368421053,
      "support": 52.0
    },
    "Doxing": {
      "precision": 0.8571428571428571,
      "recall": 0.8108108108108109,
      "f1-score": 0.8333333333333334,
      "support": 74.0
    },
    "Revenge Porn": {
      "precision": 0.8695652173913043,
      "recall": 0.8571428571428571,
      "f1-score": 0.8633093525179856,
      "support": 70.0
    },
    "Sexual Harassment": {
      "precision": 0.7528089887640449,
      "recall": 0.8701298701298701,
      "f1-score": 0.8072289156626506,
      "support": 77.0
    },
    "Slut Shaming": {
      "precision": 0.9130434782608695,
      "recall": 0.9333333333333333,
      "f1-score": 0.9230769230769231,
      "support": 90.0
    }
  },
  "weighted_avg": {
    "precision": 0.8484110896562058,
    "recall": 0.8457300275482094,
    "f1-score": 0.8450203780762048,
    "support": 363.0
  },
  "micro_avg": {
    "precision": 0.8457300275482094,
    "recall": 0.8457300275482094,
    "f1-score": 0.8457300275482094,
    "support": 363
  },
  "macro_avg": {
    "precision": 0.8459539687769315,
    "recall": 0.8327449127449128,
    "f1-score": 0.8369686522865998,
    "support": 363.0
  },
  "accuracy": 0.8457300275482094,
  "inference_time_seconds": 0.13606834411621094,
  "energy_kwh": 6.264967850149928e-06,
  "num_test_samples": 363
}