{
  "per_class": {
    "Cyberstalking": {
      "precision": 0.82,
      "recall": 0.6833333333333333,
      "f1-score": 0.7454545454545455,
      "support": 60.0
    },
    "Doxing": {
      "precision": 0.8518518518518519,
      "recall": 0.7840909090909091,
      "f1-score": 0.8165680473372781,
      "support": 88.0
    },
    "Revenge Porn": {
      "precision": 0.6565656565656566,
      "recall": 0.8552631578947368,
      "f1-score": 0.7428571428571429,
      "support": 76.0
    },
    "Sexual Harassment": {
      "precision": 0.8349514563106796,
      "recall": 0.8686868686868687,
      "f1-score": 0.8514851485148515,
      "support": 99.0
    },
    "Slut Shaming": {
      "precision": 0.9550561797752809,
      "recall": 0.8585858585858586,
      "f1-score": 0.9042553191489362,
      "support": 99.0
    }
  },
  "weighted_avg": {
    "precision": 0.8323997839679217,
    "recall": 0.8199052132701422,
    "f1-score": 0.8219448105422063,
    "support": 422.0
  },
  "micro_avg": {
    "precision": 0.8199052132701422,
    "recall": 0.8199052132701422,
    "f1-score": 0.8199052132701422,
    "support": 422
  },
  "macro_avg": {
    "precision": 0.8236850289006938,
    "recall": 0.8099920255183413,
    "f1-score": 0.8121240406625507,
    "support": 422.0
  },
  "accuracy": 0.8199052132701422,
  "inference_time_seconds": 0.31830501556396484,
  "energy_kwh": 1.2260164436682833e-05,
  "num_test_samples": 422
}