{
  "per_class": {
    "Cyberstalking": {
      "precision": 0.7659574468085106,
      "recall": 0.631578947368421,
      "f1-score": 0.6923076923076923,
      "support": 57.0
    },
    "Doxing": {
      "precision": 0.9322033898305084,
      "recall": 0.6962025316455697,
      "f1-score": 0.7971014492753623,
      "support": 79.0
    },
    "Revenge Porn": {
      "precision": 0.6,
      "recall": 0.8571428571428571,
      "f1-score": 0.7058823529411765,
      "support": 70.0
    },
    "Sexual Harassment": {
      "precision": 0.9230769230769231,
      "recall": 0.7317073170731707,
      "f1-score": 0.8163265306122449,
      "support": 82.0
    },
    "Slut Shaming": {
      "precision": 0.7757009345794392,
      "recall": 0.9222222222222223,
      "f1-score": 0.8426395939086294,
      "support": 90.0
    }
  },
  "weighted_avg": {
    "precision": 0.8063731060030488,
    "recall": 0.7777777777777778,
    "f1-score": 0.7794197265136379,
    "support": 378.0
  },
  "micro_avg": {
    "precision": 0.7777777777777778,
    "recall": 0.7777777777777778,
    "f1-score": 0.7777777777777778,
    "support": 378
  },
  "macro_avg": {
    "precision": 0.7993877388590762,
    "recall": 0.7677707750904481,
    "f1-score": 0.7708515238090211,
    "support": 378.0
  },
  "accuracy": 0.7777777777777778,
  "inference_time_seconds": 0.36009883880615234,
  "energy_kwh": 3.901475456269265e-05,
  "num_test_samples": 378
}