{
  "per_class": {
    "emotion": {
      "precision": 0.8380434782608696,
      "recall": 0.8219616204690832,
      "f1-score": 0.829924650161464,
      "support": 938.0
    },
    "hate": {
      "precision": 0.9383022774327122,
      "recall": 0.9406392694063926,
      "f1-score": 0.939469320066335,
      "support": 2409.0
    },
    "offensive": {
      "precision": 0.9040574809805579,
      "recall": 0.9052052475666525,
      "f1-score": 0.9046310002114611,
      "support": 2363.0
    },
    "religion": {
      "precision": 0.995114802149487,
      "recall": 0.9995093228655545,
      "f1-score": 0.9973072215422276,
      "support": 2038.0
    },
    "spiritual": {
      "precision": 0.9988317757009346,
      "recall": 0.9988317757009346,
      "f1-score": 0.9988317757009346,
      "support": 1712.0
    }
  },
  "weighted_avg": {
    "precision": 0.9430007149346524,
    "recall": 0.9432346723044397,
    "f1-score": 0.9431084656336148,
    "support": 9460.0
  },
  "micro_avg": {
    "precision": 0.9432346723044397,
    "recall": 0.9432346723044397,
    "f1-score": 0.9432346723044397,
    "support": 9460
  },
  "macro_avg": {
    "precision": 0.9348699629049122,
    "recall": 0.9332294472017235,
    "f1-score": 0.9340327935364845,
    "support": 9460.0
  },
  "accuracy": 0.9432346723044397,
  "inference_time_seconds": 4.008985757827759,
  "energy_kwh": 0.0002201628563553921,
  "num_test_samples": 9460
}