{
  "per_class": {
    "age": {
      "precision": 0.9856787048567871,
      "recall": 0.989375,
      "f1-score": 0.9875233936369308,
      "support": 1600.0
    },
    "ethnicity": {
      "precision": 0.9930335655478151,
      "recall": 0.98,
      "f1-score": 0.9864737338785782,
      "support": 1600.0
    },
    "gender": {
      "precision": 0.9279336734693877,
      "recall": 0.9088069956277327,
      "f1-score": 0.9182707478699905,
      "support": 1601.0
    },
    "other_cyberbullying": {
      "precision": 0.8929219600725953,
      "recall": 0.9219237976264835,
      "f1-score": 0.9071911493546404,
      "support": 1601.0
    },
    "religion": {
      "precision": 0.9924812030075187,
      "recall": 0.99,
      "f1-score": 0.9912390488110138,
      "support": 1600.0
    }
  },
  "weighted_avg": {
    "precision": 0.9583978288877917,
    "recall": 0.9580104973756561,
    "f1-score": 0.9581282653810386,
    "support": 8002.0
  },
  "micro_avg": {
    "precision": 0.9580104973756561,
    "recall": 0.9580104973756561,
    "f1-score": 0.9580104973756561,
    "support": 8002
  },
  "macro_avg": {
    "precision": 0.9584098213908208,
    "recall": 0.9580211586508434,
    "f1-score": 0.9581396147102307,
    "support": 8002.0
  },
  "accuracy": 0.9580104973756561,
  "inference_time_seconds": 5.874990701675415,
  "energy_kwh": 0.00039040490858586405,
  "num_test_samples": 8002
}