{
  "per_class": {
    "emotion": {
      "precision": 0.8483870967741935,
      "recall": 0.8411513859275054,
      "f1-score": 0.8447537473233405,
      "support": 938.0
    },
    "hate": {
      "precision": 0.9434910004185851,
      "recall": 0.9337199668599834,
      "f1-score": 0.9385800541328336,
      "support": 2414.0
    },
    "offensive": {
      "precision": 0.8984473352916492,
      "recall": 0.9068191444303262,
      "f1-score": 0.9026138279932546,
      "support": 2361.0
    },
    "religion": {
      "precision": 0.9941434846266471,
      "recall": 0.9995093228655545,
      "f1-score": 0.9968191827746513,
      "support": 2038.0
    },
    "spiritual": {
      "precision": 0.9994162288382954,
      "recall": 0.9994162288382954,
      "f1-score": 0.9994162288382954,
      "support": 1713.0
    }
  },
  "weighted_avg": {
    "precision": 0.9438580887655695,
    "recall": 0.9438926458157227,
    "f1-score": 0.9438609475964462,
    "support": 9464.0
  },
  "micro_avg": {
    "precision": 0.9438926458157227,
    "recall": 0.9438926458157227,
    "f1-score": 0.9438926458157227,
    "support": 9464
  },
  "macro_avg": {
    "precision": 0.936777029189874,
    "recall": 0.9361232097843329,
    "f1-score": 0.936436608212475,
    "support": 9464.0
  },
  "accuracy": 0.9438926458157227,
  "inference_time_seconds": 6.770456314086914,
  "energy_kwh": 0.0003856451825472549,
  "num_test_samples": 9464
}