{
  "per_class": {
    "Cyberstalking": {
      "precision": 0.8275862068965517,
      "recall": 0.8,
      "f1-score": 0.8135593220338984,
      "support": 60.0
    },
    "Doxing": {
      "precision": 0.7777777777777778,
      "recall": 0.7954545454545454,
      "f1-score": 0.7865168539325843,
      "support": 88.0
    },
    "Revenge Porn": {
      "precision": 0.775,
      "recall": 0.8157894736842105,
      "f1-score": 0.7948717948717948,
      "support": 76.0
    },
    "Sexual Harassment": {
      "precision": 0.9081632653061225,
      "recall": 0.898989898989899,
      "f1-score": 0.9035532994923858,
      "support": 99.0
    },
    "Slut Shaming": {
      "precision": 0.9375,
      "recall": 0.9090909090909091,
      "f1-score": 0.9230769230769231,
      "support": 99.0
    }
  },
  "weighted_avg": {
    "precision": 0.852417725411241,
    "recall": 0.8507109004739336,
    "f1-score": 0.8513594571391453,
    "support": 422.0
  },
  "micro_avg": {
    "precision": 0.8507109004739336,
    "recall": 0.8507109004739336,
    "f1-score": 0.8507109004739336,
    "support": 422
  },
  "macro_avg": {
    "precision": 0.8452054499960905,
    "recall": 0.8438649654439129,
    "f1-score": 0.8443156386815174,
    "support": 422.0
  },
  "accuracy": 0.8507109004739336,
  "inference_time_seconds": 0.3152201175689697,
  "energy_kwh": 1.9353702945866933e-05,
  "num_test_samples": 422
}