{
  "per_class": {
    "age": {
      "precision": 0.98801261829653,
      "recall": 0.9799749687108886,
      "f1-score": 0.9839773798303487,
      "support": 1598.0
    },
    "ethnicity": {
      "precision": 0.9942047649710238,
      "recall": 0.9698492462311558,
      "f1-score": 0.9818759936406996,
      "support": 1592.0
    },
    "gender": {
      "precision": 0.8932655654383735,
      "recall": 0.8842767295597485,
      "f1-score": 0.888748419721871,
      "support": 1590.0
    },
    "not_cyberbullying": {
      "precision": 0.6745602165087957,
      "recall": 0.62822936357908,
      "f1-score": 0.6505709624796084,
      "support": 1587.0
    },
    "other_cyberbullying": {
      "precision": 0.6816834617664493,
      "recall": 0.7348242811501597,
      "f1-score": 0.7072570725707257,
      "support": 1565.0
    },
    "religion": {
      "precision": 0.9450151057401812,
      "recall": 0.9775,
      "f1-score": 0.9609831029185868,
      "support": 1600.0
    }
  },
  "weighted_avg": {
    "precision": 0.8635434588089572,
    "recall": 0.8630927402433907,
    "f1-score": 0.8629394484788846,
    "support": 9532.0
  },
  "micro_avg": {
    "precision": 0.8630927402433907,
    "recall": 0.8630927402433907,
    "f1-score": 0.8630927402433907,
    "support": 9532
  },
  "macro_avg": {
    "precision": 0.8627902887868922,
    "recall": 0.8624424315385054,
    "f1-score": 0.8622354885269735,
    "support": 9532.0
  },
  "accuracy": 0.8630927402433907,
  "inference_time_seconds": 1.8472387790679932,
  "energy_kwh": 0.000112202487141904,
  "num_test_samples": 9532
}