{
  "per_class": {
    "age": {
      "precision": 0.9892200380469245,
      "recall": 0.9885931558935361,
      "f1-score": 0.9889064976228209,
      "support": 1578.0
    },
    "ethnicity": {
      "precision": 0.9925925925925926,
      "recall": 0.9813581890812251,
      "f1-score": 0.986943421493137,
      "support": 1502.0
    },
    "gender": {
      "precision": 0.9191026512576479,
      "recall": 0.9067739771965124,
      "f1-score": 0.9128966914247131,
      "support": 1491.0
    },
    "other_cyberbullying": {
      "precision": 0.8636015325670499,
      "recall": 0.893026941362916,
      "f1-score": 0.8780677834047527,
      "support": 1262.0
    },
    "religion": {
      "precision": 0.9867674858223062,
      "recall": 0.9836683417085427,
      "f1-score": 0.9852154765649576,
      "support": 1592.0
    }
  },
  "weighted_avg": {
    "precision": 0.9539453627832999,
    "recall": 0.9534006734006734,
    "f1-score": 0.9536157603493549,
    "support": 7425.0
  },
  "micro_avg": {
    "precision": 0.9534006734006734,
    "recall": 0.9534006734006734,
    "f1-score": 0.9534006734006734,
    "support": 7425
  },
  "macro_avg": {
    "precision": 0.9502568600573043,
    "recall": 0.9506841210485465,
    "f1-score": 0.9504059741020763,
    "support": 7425.0
  },
  "accuracy": 0.9534006734006734,
  "inference_time_seconds": 2.571765422821045,
  "energy_kwh": 0.00017918175529378332,
  "num_test_samples": 7425
}