{
  "per_class": {
    "Cyberstalking": {
      "precision": 0.6716417910447762,
      "recall": 0.75,
      "f1-score": 0.7086614173228346,
      "support": 60.0
    },
    "Doxing": {
      "precision": 0.8,
      "recall": 0.7727272727272727,
      "f1-score": 0.7861271676300579,
      "support": 88.0
    },
    "Revenge Porn": {
      "precision": 0.7972972972972973,
      "recall": 0.7763157894736842,
      "f1-score": 0.7866666666666666,
      "support": 76.0
    },
    "Sexual Harassment": {
      "precision": 0.8842105263157894,
      "recall": 0.8484848484848485,
      "f1-score": 0.865979381443299,
      "support": 99.0
    },
    "Slut Shaming": {
      "precision": 0.8514851485148515,
      "recall": 0.8686868686868687,
      "f1-score": 0.86,
      "support": 99.0
    }
  },
  "weighted_avg": {
    "precision": 0.8130970944680441,
    "recall": 0.8104265402843602,
    "f1-score": 0.8112736995743327,
    "support": 422.0
  },
  "micro_avg": {
    "precision": 0.8104265402843602,
    "recall": 0.8104265402843602,
    "f1-score": 0.8104265402843602,
    "support": 422
  },
  "macro_avg": {
    "precision": 0.8009269526345429,
    "recall": 0.8032429558745349,
    "f1-score": 0.8014869266125716,
    "support": 422.0
  },
  "accuracy": 0.8104265402843602,
  "inference_time_seconds": 0.45291996002197266,
  "energy_kwh": 3.4745305655110245e-05,
  "num_test_samples": 422
}