{
  "per_class": {
    "age": {
      "precision": 0.9806733167082294,
      "recall": 0.9843554443053817,
      "f1-score": 0.9825109306683323,
      "support": 1598.0
    },
    "ethnicity": {
      "precision": 0.9898477157360406,
      "recall": 0.9798994974874372,
      "f1-score": 0.9848484848484849,
      "support": 1592.0
    },
    "gender": {
      "precision": 0.8997445721583652,
      "recall": 0.8861635220125786,
      "f1-score": 0.8929024081115335,
      "support": 1590.0
    },
    "not_cyberbullying": {
      "precision": 0.719482619240097,
      "recall": 0.5608065532451165,
      "f1-score": 0.6303116147308782,
      "support": 1587.0
    },
    "other_cyberbullying": {
      "precision": 0.656641604010025,
      "recall": 0.8370607028753994,
      "f1-score": 0.7359550561797753,
      "support": 1565.0
    },
    "religion": {
      "precision": 0.9671814671814671,
      "recall": 0.939375,
      "f1-score": 0.9530754597336716,
      "support": 1600.0
    }
  },
  "weighted_avg": {
    "precision": 0.869754591668422,
    "recall": 0.8649811162400336,
    "f1-score": 0.8638943574336182,
    "support": 9532.0
  },
  "micro_avg": {
    "precision": 0.8649811162400336,
    "recall": 0.8649811162400336,
    "f1-score": 0.8649811162400336,
    "support": 9532
  },
  "macro_avg": {
    "precision": 0.8689285491723707,
    "recall": 0.8646101199876522,
    "f1-score": 0.8632673257121127,
    "support": 9532.0
  },
  "accuracy": 0.8649811162400336,
  "inference_time_seconds": 7.828593969345093,
  "energy_kwh": 0.0004829835703753239,
  "num_test_samples": 9532
}