{
  "per_class": {
    "age": {
      "precision": 0.9698870765370138,
      "recall": 0.9891234804862444,
      "f1-score": 0.9794108330693696,
      "support": 1563.0
    },
    "ethnicity": {
      "precision": 0.9778968519758875,
      "recall": 0.9858203916272789,
      "f1-score": 0.9818426361802286,
      "support": 1481.0
    },
    "gender": {
      "precision": 0.8922198429693077,
      "recall": 0.8579272477693891,
      "f1-score": 0.8747375787263821,
      "support": 1457.0
    },
    "not_cyberbullying": {
      "precision": 0.6315315315315315,
      "recall": 0.5769547325102881,
      "f1-score": 0.6030107526881721,
      "support": 1215.0
    },
    "other_cyberbullying": {
      "precision": 0.6028301886792453,
      "recall": 0.6507128309572301,
      "f1-score": 0.6258570029382958,
      "support": 982.0
    },
    "religion": {
      "precision": 0.9532019704433498,
      "recall": 0.9772727272727273,
      "f1-score": 0.9650872817955112,
      "support": 1584.0
    }
  },
  "weighted_avg": {
    "precision": 0.8613046398075367,
    "recall": 0.8625935764308138,
    "f1-score": 0.8615513914803559,
    "support": 8282.0
  },
  "micro_avg": {
    "precision": 0.8625935764308138,
    "recall": 0.8625935764308138,
    "f1-score": 0.8625935764308138,
    "support": 8282
  },
  "macro_avg": {
    "precision": 0.837927910356056,
    "recall": 0.8396352351038597,
    "f1-score": 0.8383243475663266,
    "support": 8282.0
  },
  "accuracy": 0.8625935764308138,
  "inference_time_seconds": 10.079666376113892,
  "energy_kwh": 0.0005908523309225039,
  "num_test_samples": 8282
}