{
  "per_class": {
    "emotion": {
      "precision": 0.8992172211350293,
      "recall": 0.9135188866799204,
      "f1-score": 0.9063116370808678,
      "support": 1006.0
    },
    "hate": {
      "precision": 0.9699879951980792,
      "recall": 0.9569680221081721,
      "f1-score": 0.9634340222575517,
      "support": 2533.0
    },
    "offensive": {
      "precision": 0.9606801275239107,
      "recall": 0.9658119658119658,
      "f1-score": 0.9632392115077251,
      "support": 2808.0
    },
    "religion": {
      "precision": 0.9966362325804902,
      "recall": 1.0,
      "f1-score": 0.9983152827918171,
      "support": 2074.0
    },
    "spiritual": {
      "precision": 0.9994209612044007,
      "recall": 0.9971114962449451,
      "f1-score": 0.9982648930017352,
      "support": 1731.0
    }
  },
  "weighted_avg": {
    "precision": 0.9708631939127729,
    "recall": 0.9707446808510638,
    "f1-score": 0.9707846746938196,
    "support": 10152.0
  },
  "micro_avg": {
    "precision": 0.9707446808510638,
    "recall": 0.9707446808510638,
    "f1-score": 0.9707446808510638,
    "support": 10152
  },
  "macro_avg": {
    "precision": 0.965188507528382,
    "recall": 0.9666820741690006,
    "f1-score": 0.9659130093279394,
    "support": 10152.0
  },
  "accuracy": 0.9707446808510638,
  "inference_time_seconds": 7.7185986042022705,
  "energy_kwh": 0.00047995654478681426,
  "num_test_samples": 10152
}