{
  "per_class": {
    "age": {
      "precision": 0.9668711656441717,
      "recall": 0.986232790988736,
      "f1-score": 0.976456009913259,
      "support": 1598.0
    },
    "ethnicity": {
      "precision": 0.9835443037974684,
      "recall": 0.9761306532663316,
      "f1-score": 0.9798234552332913,
      "support": 1592.0
    },
    "gender": {
      "precision": 0.8862238622386224,
      "recall": 0.9062893081761006,
      "f1-score": 0.8961442786069652,
      "support": 1590.0
    },
    "not_cyberbullying": {
      "precision": 0.7132018209408194,
      "recall": 0.5923125393824826,
      "f1-score": 0.6471600688468159,
      "support": 1587.0
    },
    "other_cyberbullying": {
      "precision": 0.6858937749857225,
      "recall": 0.7674121405750799,
      "f1-score": 0.7243667068757539,
      "support": 1565.0
    },
    "religion": {
      "precision": 0.9508297480024586,
      "recall": 0.966875,
      "f1-score": 0.9587852494577006,
      "support": 1600.0
    }
  },
  "weighted_avg": {
    "precision": 0.8651449055595926,
    "recall": 0.8664498531263114,
    "f1-score": 0.8644417092121943,
    "support": 9532.0
  },
  "micro_avg": {
    "precision": 0.8664498531263114,
    "recall": 0.8664498531263114,
    "f1-score": 0.8664498531263114,
    "support": 9532
  },
  "macro_avg": {
    "precision": 0.8644274459348772,
    "recall": 0.8658754053981218,
    "f1-score": 0.8637892948222977,
    "support": 9532.0
  },
  "accuracy": 0.8664498531263114,
  "inference_time_seconds": 7.785710096359253,
  "energy_kwh": 0.00044987674861044375,
  "num_test_samples": 9532
}