{
  "per_class": {
    "age": {
      "precision": 0.9766153846153847,
      "recall": 0.991875,
      "f1-score": 0.9841860465116279,
      "support": 1600.0
    },
    "ethnicity": {
      "precision": 0.9867924528301887,
      "recall": 0.980625,
      "f1-score": 0.9836990595611286,
      "support": 1600.0
    },
    "gender": {
      "precision": 0.9160969546302051,
      "recall": 0.9206745783885072,
      "f1-score": 0.9183800623052959,
      "support": 1601.0
    },
    "other_cyberbullying": {
      "precision": 0.9003154574132493,
      "recall": 0.891317926296065,
      "f1-score": 0.8957940991839297,
      "support": 1601.0
    },
    "religion": {
      "precision": 0.9893283113622097,
      "recall": 0.985,
      "f1-score": 0.9871594112120263,
      "support": 1600.0
    }
  },
  "weighted_avg": {
    "precision": 0.9538183091444667,
    "recall": 0.953886528367908,
    "f1-score": 0.9538320495126098,
    "support": 8002.0
  },
  "micro_avg": {
    "precision": 0.953886528367908,
    "recall": 0.953886528367908,
    "f1-score": 0.953886528367908,
    "support": 8002
  },
  "macro_avg": {
    "precision": 0.9538297121702474,
    "recall": 0.9538985009369144,
    "f1-score": 0.9538437357548016,
    "support": 8002.0
  },
  "accuracy": 0.953886528367908,
  "inference_time_seconds": 6.396879196166992,
  "energy_kwh": 0.0003348384758496772,
  "num_test_samples": 8002
}