{
  "per_class": {
    "emotion": {
      "precision": 0.8201219512195121,
      "recall": 0.8603411513859275,
      "f1-score": 0.8397502601456815,
      "support": 938.0
    },
    "hate": {
      "precision": 0.961139896373057,
      "recall": 0.9240348692403487,
      "f1-score": 0.9422222222222222,
      "support": 2409.0
    },
    "offensive": {
      "precision": 0.8982060909470171,
      "recall": 0.9115156646909399,
      "f1-score": 0.9048119352805211,
      "support": 2362.0
    },
    "religion": {
      "precision": 0.9926900584795322,
      "recall": 0.9990191270230505,
      "f1-score": 0.9958445367880714,
      "support": 2039.0
    },
    "spiritual": {
      "precision": 0.9994158878504673,
      "recall": 0.9988324576765908,
      "f1-score": 0.9991240875912408,
      "support": 1713.0
    }
  },
  "weighted_avg": {
    "precision": 0.9451767923634995,
    "recall": 0.9442976429552902,
    "f1-score": 0.9445821203929019,
    "support": 9461.0
  },
  "micro_avg": {
    "precision": 0.9442976429552902,
    "recall": 0.9442976429552902,
    "f1-score": 0.9442976429552902,
    "support": 9461
  },
  "macro_avg": {
    "precision": 0.9343147769739172,
    "recall": 0.9387486540033715,
    "f1-score": 0.9363506084055473,
    "support": 9461.0
  },
  "accuracy": 0.9442976429552902,
  "inference_time_seconds": 5.652026891708374,
  "energy_kwh": 0.0003845547320234516,
  "num_test_samples": 9461
}