{
  "per_class": {
    "emotion": {
      "precision": 0.8283730158730159,
      "recall": 0.8300198807157058,
      "f1-score": 0.8291956305858987,
      "support": 1006.0
    },
    "hate": {
      "precision": 0.9222879684418146,
      "recall": 0.9230161863403079,
      "f1-score": 0.9226519337016574,
      "support": 2533.0
    },
    "offensive": {
      "precision": 0.9204301075268817,
      "recall": 0.9145299145299145,
      "f1-score": 0.917470525187567,
      "support": 2808.0
    },
    "religion": {
      "precision": 0.9932950191570882,
      "recall": 1.0,
      "f1-score": 0.9966362325804902,
      "support": 2074.0
    },
    "spiritual": {
      "precision": 0.9982668977469671,
      "recall": 0.9982668977469671,
      "f1-score": 0.9982668977469671,
      "support": 1731.0
    }
  },
  "weighted_avg": {
    "precision": 0.9399291065503009,
    "recall": 0.9400118203309693,
    "f1-score": 0.9399654189848637,
    "support": 10152.0
  },
  "micro_avg": {
    "precision": 0.9400118203309693,
    "recall": 0.9400118203309693,
    "f1-score": 0.9400118203309693,
    "support": 10152
  },
  "macro_avg": {
    "precision": 0.9325306017491535,
    "recall": 0.933166575866579,
    "f1-score": 0.932844243960516,
    "support": 10152.0
  },
  "accuracy": 0.9400118203309693,
  "inference_time_seconds": 1.0427782535552979,
  "energy_kwh": 6.105250141441671e-05,
  "num_test_samples": 10152
}