{
  "per_class": {
    "emotion": {
      "precision": 0.8276199804113614,
      "recall": 0.8399602385685885,
      "f1-score": 0.833744449925999,
      "support": 1006.0
    },
    "hate": {
      "precision": 0.946078431372549,
      "recall": 0.9143308330043427,
      "f1-score": 0.9299337482433246,
      "support": 2533.0
    },
    "offensive": {
      "precision": 0.9069362147089578,
      "recall": 0.9266381766381766,
      "f1-score": 0.9166813457812225,
      "support": 2808.0
    },
    "religion": {
      "precision": 0.9932918064206996,
      "recall": 0.9995178399228544,
      "f1-score": 0.996395097332372,
      "support": 2074.0
    },
    "spiritual": {
      "precision": 1.0,
      "recall": 0.997689196995956,
      "f1-score": 0.9988432620011567,
      "support": 1731.0
    }
  },
  "weighted_avg": {
    "precision": 0.9423528826221219,
    "recall": 0.9419818754925138,
    "f1-score": 0.9420637744553694,
    "support": 10152.0
  },
  "micro_avg": {
    "precision": 0.9419818754925138,
    "recall": 0.9419818754925138,
    "f1-score": 0.9419818754925138,
    "support": 10152
  },
  "macro_avg": {
    "precision": 0.9347852865827135,
    "recall": 0.9356272570259836,
    "f1-score": 0.935119580656815,
    "support": 10152.0
  },
  "accuracy": 0.9419818754925138,
  "inference_time_seconds": 3.3271539211273193,
  "energy_kwh": 0.00020681904990624793,
  "num_test_samples": 10152
}