{
  "per_class": {
    "age": {
      "precision": 0.9879974731522426,
      "recall": 0.9917564996829423,
      "f1-score": 0.9898734177215189,
      "support": 1577.0
    },
    "ethnicity": {
      "precision": 0.9892400806993947,
      "recall": 0.9839464882943144,
      "f1-score": 0.9865861837692823,
      "support": 1495.0
    },
    "gender": {
      "precision": 0.919047619047619,
      "recall": 0.9067114093959732,
      "f1-score": 0.9128378378378378,
      "support": 1490.0
    },
    "other_cyberbullying": {
      "precision": 0.8650732459521974,
      "recall": 0.8883610451306413,
      "f1-score": 0.8765625,
      "support": 1263.0
    },
    "religion": {
      "precision": 0.9873497786211258,
      "recall": 0.9799121155053359,
      "f1-score": 0.9836168872085697,
      "support": 1593.0
    }
  },
  "weighted_avg": {
    "precision": 0.9533300883214767,
    "recall": 0.9529522782421138,
    "f1-score": 0.953101272807164,
    "support": 7418.0
  },
  "micro_avg": {
    "precision": 0.9529522782421138,
    "recall": 0.9529522782421138,
    "f1-score": 0.9529522782421138,
    "support": 7418
  },
  "macro_avg": {
    "precision": 0.9497416394945158,
    "recall": 0.9501375116018413,
    "f1-score": 0.9498953653074418,
    "support": 7418.0
  },
  "accuracy": 0.9529522782421138,
  "inference_time_seconds": 5.832824468612671,
  "energy_kwh": 0.00038678157920479805,
  "num_test_samples": 7418
}