{
  "per_class": {
    "age": {
      "precision": 0.98801261829653,
      "recall": 0.9923954372623575,
      "f1-score": 0.9901991779955738,
      "support": 1578.0
    },
    "ethnicity": {
      "precision": 0.9878542510121457,
      "recall": 0.9838709677419355,
      "f1-score": 0.9858585858585859,
      "support": 1488.0
    },
    "gender": {
      "precision": 0.9367448471926084,
      "recall": 0.8851578240429818,
      "f1-score": 0.9102209944751382,
      "support": 1489.0
    },
    "other_cyberbullying": {
      "precision": 0.8530947054436987,
      "recall": 0.9064976228209192,
      "f1-score": 0.8789857856319632,
      "support": 1262.0
    },
    "religion": {
      "precision": 0.9824120603015075,
      "recall": 0.9836477987421384,
      "f1-score": 0.983029541169076,
      "support": 1590.0
    }
  },
  "weighted_avg": {
    "precision": 0.9534851908731113,
    "recall": 0.9526123936816525,
    "f1-score": 0.9527619780389415,
    "support": 7407.0
  },
  "micro_avg": {
    "precision": 0.9526123936816525,
    "recall": 0.9526123936816525,
    "f1-score": 0.9526123936816525,
    "support": 7407
  },
  "macro_avg": {
    "precision": 0.9496236964492981,
    "recall": 0.9503139301220666,
    "f1-score": 0.9496588170260674,
    "support": 7407.0
  },
  "accuracy": 0.9526123936816525,
  "inference_time_seconds": 2.3720946311950684,
  "energy_kwh": 9.511129284936982e-07,
  "num_test_samples": 7407
}