{
  "per_class": {
    "age": {
      "precision": 0.9820544554455446,
      "recall": 0.991875,
      "f1-score": 0.9869402985074627,
      "support": 1600.0
    },
    "ethnicity": {
      "precision": 0.9856160100062539,
      "recall": 0.985,
      "f1-score": 0.9853079087214754,
      "support": 1600.0
    },
    "gender": {
      "precision": 0.9262187088274044,
      "recall": 0.8782011242973142,
      "f1-score": 0.9015710163513947,
      "support": 1601.0
    },
    "other_cyberbullying": {
      "precision": 0.8689903846153846,
      "recall": 0.9031855090568395,
      "f1-score": 0.8857580398162328,
      "support": 1601.0
    },
    "religion": {
      "precision": 0.9800623052959502,
      "recall": 0.983125,
      "f1-score": 0.981591263650546,
      "support": 1600.0
    }
  },
  "weighted_avg": {
    "precision": 0.9485756300672711,
    "recall": 0.9482629342664334,
    "f1-score": 0.948220066524812,
    "support": 8002.0
  },
  "micro_avg": {
    "precision": 0.9482629342664334,
    "recall": 0.9482629342664334,
    "f1-score": 0.9482629342664334,
    "support": 8002
  },
  "macro_avg": {
    "precision": 0.9485883728381076,
    "recall": 0.9482773266708306,
    "f1-score": 0.9482337054094222,
    "support": 8002.0
  },
  "accuracy": 0.9482629342664334,
  "inference_time_seconds": 2.523141622543335,
  "energy_kwh": 0.0001831579530940784,
  "num_test_samples": 8002
}