{
  "per_class": {
    "age": {
      "precision": 0.9910083493898523,
      "recall": 0.9790609137055838,
      "f1-score": 0.9849984040855411,
      "support": 1576.0
    },
    "ethnicity": {
      "precision": 0.9911504424778761,
      "recall": 0.9798115746971736,
      "f1-score": 0.9854483925549915,
      "support": 1486.0
    },
    "gender": {
      "precision": 0.9006944444444445,
      "recall": 0.8841172460804363,
      "f1-score": 0.892328861369109,
      "support": 1467.0
    },
    "not_cyberbullying": {
      "precision": 0.6185258964143426,
      "recall": 0.5153526970954356,
      "f1-score": 0.5622453598913536,
      "support": 1205.0
    },
    "other_cyberbullying": {
      "precision": 0.6117969821673526,
      "recall": 0.7390223695111847,
      "f1-score": 0.6694183864915573,
      "support": 1207.0
    },
    "religion": {
      "precision": 0.956359102244389,
      "recall": 0.9641734758013828,
      "f1-score": 0.9602503912363067,
      "support": 1591.0
    }
  },
  "weighted_avg": {
    "precision": 0.8627903727715226,
    "recall": 0.8606422878574778,
    "f1-score": 0.8601772455960346,
    "support": 8532.0
  },
  "micro_avg": {
    "precision": 0.8606422878574778,
    "recall": 0.8606422878574778,
    "f1-score": 0.8606422878574778,
    "support": 8532
  },
  "macro_avg": {
    "precision": 0.8449225361897095,
    "recall": 0.8435897128151995,
    "f1-score": 0.8424482992714766,
    "support": 8532.0
  },
  "accuracy": 0.8606422878574778,
  "inference_time_seconds": 2.067441940307617,
  "energy_kwh": 0.00010684792991704001,
  "num_test_samples": 8532
}