{
  "per_class": {
    "Cyberstalking": {
      "precision": 0.6935483870967742,
      "recall": 0.7166666666666667,
      "f1-score": 0.7049180327868853,
      "support": 60.0
    },
    "Doxing": {
      "precision": 0.6296296296296297,
      "recall": 0.7727272727272727,
      "f1-score": 0.6938775510204082,
      "support": 88.0
    },
    "Revenge Porn": {
      "precision": 0.7763157894736842,
      "recall": 0.7763157894736842,
      "f1-score": 0.7763157894736842,
      "support": 76.0
    },
    "Sexual Harassment": {
      "precision": 0.9318181818181818,
      "recall": 0.8282828282828283,
      "f1-score": 0.8770053475935828,
      "support": 99.0
    },
    "Slut Shaming": {
      "precision": 0.8863636363636364,
      "recall": 0.7878787878787878,
      "f1-score": 0.8342245989304813,
      "support": 99.0
    }
  },
  "weighted_avg": {
    "precision": 0.7962566602682792,
    "recall": 0.7819905213270142,
    "f1-score": 0.7861802634191739,
    "support": 422.0
  },
  "micro_avg": {
    "precision": 0.7819905213270142,
    "recall": 0.7819905213270142,
    "f1-score": 0.7819905213270142,
    "support": 422
  },
  "macro_avg": {
    "precision": 0.7835351248763811,
    "recall": 0.7763742690058478,
    "f1-score": 0.7772682639610083,
    "support": 422.0
  },
  "accuracy": 0.7819905213270142,
  "inference_time_seconds": 0.40613389015197754,
  "energy_kwh": 1.5893891080112125e-05,
  "num_test_samples": 422
}