{
  "per_class": {
    "Cyberstalking": {
      "precision": 0.75,
      "recall": 0.75,
      "f1-score": 0.75,
      "support": 60.0
    },
    "Doxing": {
      "precision": 0.825,
      "recall": 0.75,
      "f1-score": 0.7857142857142857,
      "support": 88.0
    },
    "Revenge Porn": {
      "precision": 0.8,
      "recall": 0.8421052631578947,
      "f1-score": 0.8205128205128205,
      "support": 76.0
    },
    "Sexual Harassment": {
      "precision": 0.8712871287128713,
      "recall": 0.8888888888888888,
      "f1-score": 0.88,
      "support": 99.0
    },
    "Slut Shaming": {
      "precision": 0.8910891089108911,
      "recall": 0.9090909090909091,
      "f1-score": 0.9,
      "support": 99.0
    }
  },
  "weighted_avg": {
    "precision": 0.8361972690160011,
    "recall": 0.8364928909952607,
    "f1-score": 0.8358337239379894,
    "support": 422.0
  },
  "micro_avg": {
    "precision": 0.8364928909952607,
    "recall": 0.8364928909952607,
    "f1-score": 0.8364928909952607,
    "support": 422
  },
  "macro_avg": {
    "precision": 0.8274752475247524,
    "recall": 0.8280170122275384,
    "f1-score": 0.8272454212454212,
    "support": 422.0
  },
  "accuracy": 0.8364928909952607,
  "inference_time_seconds": 0.2864217758178711,
  "energy_kwh": 4.043545784115234e-05,
  "num_test_samples": 422
}