{
  "per_class": {
    "age": {
      "precision": 0.978247358607831,
      "recall": 0.9849812265331664,
      "f1-score": 0.9816027439975055,
      "support": 1598.0
    },
    "ethnicity": {
      "precision": 0.9861286254728878,
      "recall": 0.9824120603015075,
      "f1-score": 0.9842668344870988,
      "support": 1592.0
    },
    "gender": {
      "precision": 0.8922003804692454,
      "recall": 0.8849056603773585,
      "f1-score": 0.8885380486264604,
      "support": 1590.0
    },
    "not_cyberbullying": {
      "precision": 0.669296987087518,
      "recall": 0.5879017013232514,
      "f1-score": 0.6259644414625964,
      "support": 1587.0
    },
    "other_cyberbullying": {
      "precision": 0.6653318077803204,
      "recall": 0.7431309904153355,
      "f1-score": 0.7020827044974344,
      "support": 1565.0
    },
    "religion": {
      "precision": 0.9542645241038319,
      "recall": 0.965,
      "f1-score": 0.9596022374145432,
      "support": 1600.0
    }
  },
  "weighted_avg": {
    "precision": 0.8583714322287532,
    "recall": 0.8586865295845573,
    "f1-score": 0.8577274510837644,
    "support": 9532.0
  },
  "micro_avg": {
    "precision": 0.8586865295845573,
    "recall": 0.8586865295845573,
    "f1-score": 0.8586865295845573,
    "support": 9532
  },
  "macro_avg": {
    "precision": 0.8575782805869391,
    "recall": 0.8580552731584365,
    "f1-score": 0.8570095017476064,
    "support": 9532.0
  },
  "accuracy": 0.8586865295845573,
  "inference_time_seconds": 7.777865648269653,
  "energy_kwh": 0.0004422919661788917,
  "num_test_samples": 9532
}