{
  "per_class": {
    "Cyberstalking": {
      "precision": 0.8863636363636364,
      "recall": 0.7358490566037735,
      "f1-score": 0.8041237113402062,
      "support": 53.0
    },
    "Doxing": {
      "precision": 0.775,
      "recall": 0.8378378378378378,
      "f1-score": 0.8051948051948052,
      "support": 74.0
    },
    "Revenge Porn": {
      "precision": 0.7333333333333333,
      "recall": 0.7857142857142857,
      "f1-score": 0.7586206896551724,
      "support": 70.0
    },
    "Sexual Harassment": {
      "precision": 0.8289473684210527,
      "recall": 0.8181818181818182,
      "f1-score": 0.8235294117647058,
      "support": 77.0
    },
    "Slut Shaming": {
      "precision": 0.8764044943820225,
      "recall": 0.8666666666666667,
      "f1-score": 0.8715083798882681,
      "support": 90.0
    }
  },
  "weighted_avg": {
    "precision": 0.8196866975917834,
    "recall": 0.8159340659340659,
    "f1-score": 0.8163569765305908,
    "support": 364.0
  },
  "micro_avg": {
    "precision": 0.8159340659340659,
    "recall": 0.8159340659340659,
    "f1-score": 0.8159340659340659,
    "support": 364
  },
  "macro_avg": {
    "precision": 0.820009766500009,
    "recall": 0.8088499330008764,
    "f1-score": 0.8125953995686315,
    "support": 364.0
  },
  "accuracy": 0.8159340659340659,
  "inference_time_seconds": 0.1437668800354004,
  "energy_kwh": 5.789968658083719e-06,
  "num_test_samples": 364
}