{
  "per_class": {
    "Cyberstalking": {
      "precision": 0.8032786885245902,
      "recall": 0.8166666666666667,
      "f1-score": 0.8099173553719008,
      "support": 60.0
    },
    "Doxing": {
      "precision": 0.7692307692307693,
      "recall": 0.7954545454545454,
      "f1-score": 0.7821229050279329,
      "support": 88.0
    },
    "Revenge Porn": {
      "precision": 0.8356164383561644,
      "recall": 0.8026315789473685,
      "f1-score": 0.8187919463087249,
      "support": 76.0
    },
    "Sexual Harassment": {
      "precision": 0.86,
      "recall": 0.8686868686868687,
      "f1-score": 0.864321608040201,
      "support": 99.0
    },
    "Slut Shaming": {
      "precision": 0.9175257731958762,
      "recall": 0.898989898989899,
      "f1-score": 0.9081632653061225,
      "support": 99.0
    }
  },
  "weighted_avg": {
    "precision": 0.8421112082114771,
    "recall": 0.8412322274881516,
    "f1-score": 0.8415309178803821,
    "support": 422.0
  },
  "micro_avg": {
    "precision": 0.8412322274881516,
    "recall": 0.8412322274881516,
    "f1-score": 0.8412322274881516,
    "support": 422
  },
  "macro_avg": {
    "precision": 0.83713033386148,
    "recall": 0.8364859117490695,
    "f1-score": 0.8366634160109765,
    "support": 422.0
  },
  "accuracy": 0.8412322274881516,
  "inference_time_seconds": 0.261547327041626,
  "energy_kwh": 1.329822548346925e-05,
  "num_test_samples": 422
}