{
  "per_class": {
    "Cyberstalking": {
      "precision": 0.75,
      "recall": 0.75,
      "f1-score": 0.75,
      "support": 52.0
    },
    "Doxing": {
      "precision": 0.855072463768116,
      "recall": 0.7972972972972973,
      "f1-score": 0.8251748251748252,
      "support": 74.0
    },
    "Revenge Porn": {
      "precision": 0.7916666666666666,
      "recall": 0.8142857142857143,
      "f1-score": 0.8028169014084507,
      "support": 70.0
    },
    "Sexual Harassment": {
      "precision": 0.8354430379746836,
      "recall": 0.8461538461538461,
      "f1-score": 0.8407643312101911,
      "support": 78.0
    },
    "Slut Shaming": {
      "precision": 0.9130434782608695,
      "recall": 0.9333333333333333,
      "f1-score": 0.9230769230769231,
      "support": 90.0
    }
  },
  "weighted_avg": {
    "precision": 0.8379958763489308,
    "recall": 0.8379120879120879,
    "f1-score": 0.8376831348155127,
    "support": 364.0
  },
  "micro_avg": {
    "precision": 0.8379120879120879,
    "recall": 0.8379120879120879,
    "f1-score": 0.8379120879120879,
    "support": 364
  },
  "macro_avg": {
    "precision": 0.8290451293340672,
    "recall": 0.8282140382140382,
    "f1-score": 0.828366596174078,
    "support": 364.0
  },
  "accuracy": 0.8379120879120879,
  "inference_time_seconds": 0.09978246688842773,
  "energy_kwh": 2.911079009437278e-06,
  "num_test_samples": 364
}