{
  "per_class": {
    "emotion": {
      "precision": 0.8801169590643275,
      "recall": 0.8976143141153081,
      "f1-score": 0.8887795275590551,
      "support": 1006.0
    },
    "hate": {
      "precision": 0.9644994016753091,
      "recall": 0.9545992893801816,
      "f1-score": 0.9595238095238096,
      "support": 2533.0
    },
    "offensive": {
      "precision": 0.9576361694553222,
      "recall": 0.957977207977208,
      "f1-score": 0.9578066583585544,
      "support": 2808.0
    },
    "religion": {
      "precision": 0.9956751561749159,
      "recall": 0.9990356798457087,
      "f1-score": 0.997352587244284,
      "support": 2074.0
    },
    "spiritual": {
      "precision": 1.0,
      "recall": 0.998844598497978,
      "f1-score": 0.999421965317919,
      "support": 1731.0
    }
  },
  "weighted_avg": {
    "precision": 0.966661473896729,
    "recall": 0.9665090622537431,
    "f1-score": 0.9665697201368206,
    "support": 10152.0
  },
  "micro_avg": {
    "precision": 0.9665090622537431,
    "recall": 0.9665090622537431,
    "f1-score": 0.9665090622537431,
    "support": 10152
  },
  "macro_avg": {
    "precision": 0.9595855372739749,
    "recall": 0.961614217963277,
    "f1-score": 0.9605769096007245,
    "support": 10152.0
  },
  "accuracy": 0.9665090622537431,
  "inference_time_seconds": 8.914386749267578,
  "energy_kwh": 0.00044546476793927637,
  "num_test_samples": 10152
}