{
  "per_class": {
    "Cyberstalking": {
      "precision": 0.7735849056603774,
      "recall": 0.6833333333333333,
      "f1-score": 0.7256637168141593,
      "support": 60.0
    },
    "Doxing": {
      "precision": 0.7553191489361702,
      "recall": 0.8068181818181818,
      "f1-score": 0.7802197802197802,
      "support": 88.0
    },
    "Revenge Porn": {
      "precision": 0.8676470588235294,
      "recall": 0.7763157894736842,
      "f1-score": 0.8194444444444444,
      "support": 76.0
    },
    "Sexual Harassment": {
      "precision": 0.8207547169811321,
      "recall": 0.8787878787878788,
      "f1-score": 0.848780487804878,
      "support": 99.0
    },
    "Slut Shaming": {
      "precision": 0.8811881188118812,
      "recall": 0.898989898989899,
      "f1-score": 0.89,
      "support": 99.0
    }
  },
  "weighted_avg": {
    "precision": 0.8230253475357872,
    "recall": 0.8222748815165877,
    "f1-score": 0.8213654259209737,
    "support": 422.0
  },
  "micro_avg": {
    "precision": 0.8222748815165877,
    "recall": 0.8222748815165877,
    "f1-score": 0.8222748815165877,
    "support": 422
  },
  "macro_avg": {
    "precision": 0.8196987898426181,
    "recall": 0.8088490164805954,
    "f1-score": 0.8128216858566523,
    "support": 422.0
  },
  "accuracy": 0.8222748815165877,
  "inference_time_seconds": 0.09125614166259766,
  "energy_kwh": 4.865319027246782e-06,
  "num_test_samples": 422
}