{
  "per_class": {
    "age": {
      "precision": 0.9886003799873337,
      "recall": 0.9892268694550064,
      "f1-score": 0.9889135254988913,
      "support": 1578.0
    },
    "ethnicity": {
      "precision": 0.993906567366283,
      "recall": 0.9793195463642428,
      "f1-score": 0.9865591397849462,
      "support": 1499.0
    },
    "gender": {
      "precision": 0.919233401779603,
      "recall": 0.9049865229110512,
      "f1-score": 0.9120543293718166,
      "support": 1484.0
    },
    "other_cyberbullying": {
      "precision": 0.8592085235920852,
      "recall": 0.8939034045922407,
      "f1-score": 0.8762126503686457,
      "support": 1263.0
    },
    "religion": {
      "precision": 0.983575489576753,
      "recall": 0.9792452830188679,
      "f1-score": 0.9814056098329657,
      "support": 1590.0
    }
  },
  "weighted_avg": {
    "precision": 0.9526686142523393,
    "recall": 0.9519827353655247,
    "f1-score": 0.9522441078517232,
    "support": 7414.0
  },
  "micro_avg": {
    "precision": 0.9519827353655247,
    "recall": 0.9519827353655247,
    "f1-score": 0.9519827353655247,
    "support": 7414
  },
  "macro_avg": {
    "precision": 0.9489048724604118,
    "recall": 0.9493363252682817,
    "f1-score": 0.9490290509714532,
    "support": 7414.0
  },
  "accuracy": 0.9519827353655247,
  "inference_time_seconds": 3.7079763412475586,
  "energy_kwh": 0.00022483632333399224,
  "num_test_samples": 7414
}