{
  "per_class": {
    "age": {
      "precision": 0.983790523690773,
      "recall": 0.98625,
      "f1-score": 0.9850187265917603,
      "support": 1600.0
    },
    "ethnicity": {
      "precision": 0.9911336288790373,
      "recall": 0.978125,
      "f1-score": 0.9845863479081473,
      "support": 1600.0
    },
    "gender": {
      "precision": 0.9101486748545572,
      "recall": 0.8794503435352904,
      "f1-score": 0.8945362134688691,
      "support": 1601.0
    },
    "other_cyberbullying": {
      "precision": 0.8568019093078759,
      "recall": 0.8969394128669581,
      "f1-score": 0.8764113518462008,
      "support": 1601.0
    },
    "religion": {
      "precision": 0.9824561403508771,
      "recall": 0.98,
      "f1-score": 0.981226533166458,
      "support": 1600.0
    }
  },
  "weighted_avg": {
    "precision": 0.9448508315317614,
    "recall": 0.9441389652586853,
    "f1-score": 0.9443411177625107,
    "support": 8002.0
  },
  "micro_avg": {
    "precision": 0.9441389652586853,
    "recall": 0.9441389652586853,
    "f1-score": 0.9441389652586853,
    "support": 8002
  },
  "macro_avg": {
    "precision": 0.9448661754166242,
    "recall": 0.9441529512804496,
    "f1-score": 0.944355834596287,
    "support": 8002.0
  },
  "accuracy": 0.9441389652586853,
  "inference_time_seconds": 8.075909614562988,
  "energy_kwh": 0.0004764638818928167,
  "num_test_samples": 8002
}