{
  "per_class": {
    "emotion": {
      "precision": 0.9207317073170732,
      "recall": 0.9005964214711729,
      "f1-score": 0.9105527638190954,
      "support": 1006.0
    },
    "hate": {
      "precision": 0.9605005866249511,
      "recall": 0.9696012633241216,
      "f1-score": 0.9650294695481336,
      "support": 2533.0
    },
    "offensive": {
      "precision": 0.9664405569439486,
      "recall": 0.9640313390313391,
      "f1-score": 0.9652344446425388,
      "support": 2808.0
    },
    "religion": {
      "precision": 0.9956751561749159,
      "recall": 0.9990356798457087,
      "f1-score": 0.997352587244284,
      "support": 2074.0
    },
    "spiritual": {
      "precision": 0.9988432620011567,
      "recall": 0.997689196995956,
      "f1-score": 0.9982658959537573,
      "support": 1731.0
    }
  },
  "weighted_avg": {
    "precision": 0.9719264310294881,
    "recall": 0.9720252167060678,
    "f1-score": 0.9719583903826124,
    "support": 10152.0
  },
  "micro_avg": {
    "precision": 0.9720252167060678,
    "recall": 0.9720252167060678,
    "f1-score": 0.9720252167060678,
    "support": 10152
  },
  "macro_avg": {
    "precision": 0.968438253812409,
    "recall": 0.9661907801336597,
    "f1-score": 0.9672870322415619,
    "support": 10152.0
  },
  "accuracy": 0.9720252167060678,
  "inference_time_seconds": 8.335527896881104,
  "energy_kwh": 0.0005069278519812838,
  "num_test_samples": 10152
}