{
  "per_class": {
    "emotion": {
      "precision": 0.9193548387096774,
      "recall": 0.9065606361829026,
      "f1-score": 0.9129129129129129,
      "support": 1006.0
    },
    "hate": {
      "precision": 0.9686632288774296,
      "recall": 0.9640742202921437,
      "f1-score": 0.9663632766125841,
      "support": 2533.0
    },
    "offensive": {
      "precision": 0.9622175141242938,
      "recall": 0.9704415954415955,
      "f1-score": 0.9663120567375887,
      "support": 2808.0
    },
    "religion": {
      "precision": 0.9971153846153846,
      "recall": 1.0,
      "f1-score": 0.9985556090515166,
      "support": 2074.0
    },
    "spiritual": {
      "precision": 1.0,
      "recall": 0.997689196995956,
      "f1-score": 0.9988432620011567,
      "support": 1731.0
    }
  },
  "weighted_avg": {
    "precision": 0.973150021064006,
    "recall": 0.9732072498029944,
    "f1-score": 0.9731673409245529,
    "support": 10152.0
  },
  "micro_avg": {
    "precision": 0.9732072498029944,
    "recall": 0.9732072498029944,
    "f1-score": 0.9732072498029944,
    "support": 10152
  },
  "macro_avg": {
    "precision": 0.9694701932653571,
    "recall": 0.9677531297825196,
    "f1-score": 0.9685974234631518,
    "support": 10152.0
  },
  "accuracy": 0.9732072498029944,
  "inference_time_seconds": 7.907822132110596,
  "energy_kwh": 0.0005154600482931459,
  "num_test_samples": 10152
}