{
  "per_class": {
    "age": {
      "precision": 0.975796178343949,
      "recall": 0.979539641943734,
      "f1-score": 0.9776643267389917,
      "support": 1564.0
    },
    "ethnicity": {
      "precision": 0.9838926174496644,
      "recall": 0.9898717083051992,
      "f1-score": 0.9868731066980815,
      "support": 1481.0
    },
    "gender": {
      "precision": 0.8944860449285228,
      "recall": 0.9037138927097662,
      "f1-score": 0.8990762914813548,
      "support": 1454.0
    },
    "not_cyberbullying": {
      "precision": 0.6461011139674379,
      "recall": 0.6221122112211221,
      "f1-score": 0.6338797814207651,
      "support": 1212.0
    },
    "other_cyberbullying": {
      "precision": 0.6408668730650154,
      "recall": 0.6310975609756098,
      "f1-score": 0.6359447004608295,
      "support": 984.0
    },
    "religion": {
      "precision": 0.9504029758214507,
      "recall": 0.9684144030322173,
      "f1-score": 0.9593241551939925,
      "support": 1583.0
    }
  },
  "weighted_avg": {
    "precision": 0.8700227546084595,
    "recall": 0.87219135056777,
    "f1-score": 0.8710467533052725,
    "support": 8278.0
  },
  "micro_avg": {
    "precision": 0.87219135056777,
    "recall": 0.87219135056777,
    "f1-score": 0.87219135056777,
    "support": 8278
  },
  "macro_avg": {
    "precision": 0.8485909672626734,
    "recall": 0.8491249030312747,
    "f1-score": 0.8487937269990025,
    "support": 8278.0
  },
  "accuracy": 0.87219135056777,
  "inference_time_seconds": 10.353764057159424,
  "energy_kwh": 0.0006238759114583376,
  "num_test_samples": 8278
}