{
  "per_class": {
    "Cyberstalking": {
      "precision": 0.84,
      "recall": 0.7924528301886793,
      "f1-score": 0.8155339805825242,
      "support": 53.0
    },
    "Doxing": {
      "precision": 0.8805970149253731,
      "recall": 0.7972972972972973,
      "f1-score": 0.8368794326241135,
      "support": 74.0
    },
    "Revenge Porn": {
      "precision": 0.7333333333333333,
      "recall": 0.7857142857142857,
      "f1-score": 0.7586206896551724,
      "support": 70.0
    },
    "Sexual Harassment": {
      "precision": 0.8,
      "recall": 0.8831168831168831,
      "f1-score": 0.8395061728395061,
      "support": 77.0
    },
    "Slut Shaming": {
      "precision": 0.9069767441860465,
      "recall": 0.8764044943820225,
      "f1-score": 0.8914285714285715,
      "support": 89.0
    }
  },
  "weighted_avg": {
    "precision": 0.8356430927558376,
    "recall": 0.8319559228650137,
    "f1-score": 0.8326031554454686,
    "support": 363.0
  },
  "micro_avg": {
    "precision": 0.8319559228650137,
    "recall": 0.8319559228650137,
    "f1-score": 0.8319559228650137,
    "support": 363
  },
  "macro_avg": {
    "precision": 0.8321814184889507,
    "recall": 0.8269971581398335,
    "f1-score": 0.8283937694259775,
    "support": 363.0
  },
  "accuracy": 0.8319559228650137,
  "inference_time_seconds": 0.28372907638549805,
  "energy_kwh": 1.6722810541539316e-05,
  "num_test_samples": 363
}