{
  "per_class": {
    "emotion": {
      "precision": 0.835,
      "recall": 0.8300198807157058,
      "f1-score": 0.8325024925224327,
      "support": 1006.0
    },
    "hate": {
      "precision": 0.9349658771577679,
      "recall": 0.9194630872483222,
      "f1-score": 0.9271496815286624,
      "support": 2533.0
    },
    "offensive": {
      "precision": 0.9153792134831461,
      "recall": 0.9284188034188035,
      "f1-score": 0.9218528995756718,
      "support": 2808.0
    },
    "religion": {
      "precision": 0.9947242206235012,
      "recall": 1.0,
      "f1-score": 0.9973551334455398,
      "support": 2074.0
    },
    "spiritual": {
      "precision": 1.0,
      "recall": 0.9982668977469671,
      "f1-score": 0.9991326973113617,
      "support": 1731.0
    }
  },
  "weighted_avg": {
    "precision": 0.9429394633446061,
    "recall": 0.942966903073286,
    "f1-score": 0.9429219699182597,
    "support": 10152.0
  },
  "micro_avg": {
    "precision": 0.942966903073286,
    "recall": 0.942966903073286,
    "f1-score": 0.942966903073286,
    "support": 10152
  },
  "macro_avg": {
    "precision": 0.936013862252883,
    "recall": 0.9352337338259599,
    "f1-score": 0.9355985808767336,
    "support": 10152.0
  },
  "accuracy": 0.942966903073286,
  "inference_time_seconds": 19.85957360267639,
  "energy_kwh": 0.0011488662764595394,
  "num_test_samples": 10152
}