{
  "per_class": {
    "age": {
      "precision": 0.9757763975155279,
      "recall": 0.9831038798498123,
      "f1-score": 0.979426433915212,
      "support": 1598.0
    },
    "ethnicity": {
      "precision": 0.9923518164435946,
      "recall": 0.9780150753768844,
      "f1-score": 0.9851312875672256,
      "support": 1592.0
    },
    "gender": {
      "precision": 0.898371335504886,
      "recall": 0.8672955974842768,
      "f1-score": 0.88256,
      "support": 1590.0
    },
    "not_cyberbullying": {
      "precision": 0.7214876033057851,
      "recall": 0.5500945179584121,
      "f1-score": 0.6242402574186628,
      "support": 1587.0
    },
    "other_cyberbullying": {
      "precision": 0.6490872210953347,
      "recall": 0.8178913738019169,
      "f1-score": 0.7237772123268307,
      "support": 1565.0
    },
    "religion": {
      "precision": 0.9462102689486552,
      "recall": 0.9675,
      "f1-score": 0.9567367119901112,
      "support": 1600.0
    }
  },
  "weighted_avg": {
    "precision": 0.8646961766931507,
    "recall": 0.8610994544691565,
    "f1-score": 0.8593036315781176,
    "support": 9532.0
  },
  "micro_avg": {
    "precision": 0.8610994544691565,
    "recall": 0.8610994544691565,
    "f1-score": 0.8610994544691565,
    "support": 9532
  },
  "macro_avg": {
    "precision": 0.8638807738022973,
    "recall": 0.8606500740785505,
    "f1-score": 0.8586453172030071,
    "support": 9532.0
  },
  "accuracy": 0.8610994544691565,
  "inference_time_seconds": 4.9778547286987305,
  "energy_kwh": 0.0002817278659963455,
  "num_test_samples": 9532
}