{
  "per_class": {
    "age": {
      "precision": 0.9887076537013801,
      "recall": 0.985,
      "f1-score": 0.986850344395742,
      "support": 1600.0
    },
    "ethnicity": {
      "precision": 0.994256541161455,
      "recall": 0.97375,
      "f1-score": 0.9838964319545311,
      "support": 1600.0
    },
    "gender": {
      "precision": 0.9336801040312094,
      "recall": 0.8969394128669581,
      "f1-score": 0.9149410640331316,
      "support": 1601.0
    },
    "other_cyberbullying": {
      "precision": 0.8693877551020408,
      "recall": 0.9312929419113054,
      "f1-score": 0.8992762364294331,
      "support": 1601.0
    },
    "religion": {
      "precision": 0.993073047858942,
      "recall": 0.985625,
      "f1-score": 0.9893350062735258,
      "support": 1600.0
    }
  },
  "weighted_avg": {
    "precision": 0.9558074519903995,
    "recall": 0.9545113721569608,
    "f1-score": 0.9548478818093782,
    "support": 8002.0
  },
  "micro_avg": {
    "precision": 0.9545113721569608,
    "recall": 0.9545113721569608,
    "f1-score": 0.9545113721569608,
    "support": 8002
  },
  "macro_avg": {
    "precision": 0.9558210203710054,
    "recall": 0.9545214709556527,
    "f1-score": 0.9548598166172727,
    "support": 8002.0
  },
  "accuracy": 0.9545113721569608,
  "inference_time_seconds": 3.3976337909698486,
  "energy_kwh": 0.00019060631266424862,
  "num_test_samples": 8002
}