{
  "per_class": {
    "age": {
      "precision": 0.9849056603773585,
      "recall": 0.9923954372623575,
      "f1-score": 0.9886363636363636,
      "support": 1578.0
    },
    "ethnicity": {
      "precision": 0.9932065217391305,
      "recall": 0.9812080536912752,
      "f1-score": 0.9871708305199189,
      "support": 1490.0
    },
    "gender": {
      "precision": 0.9348739495798319,
      "recall": 0.8965748824714573,
      "f1-score": 0.9153239629756599,
      "support": 1489.0
    },
    "other_cyberbullying": {
      "precision": 0.8577810871183916,
      "recall": 0.9106719367588932,
      "f1-score": 0.8834355828220859,
      "support": 1265.0
    },
    "religion": {
      "precision": 0.9898798228969007,
      "recall": 0.9830402010050251,
      "f1-score": 0.9864481563189411,
      "support": 1592.0
    }
  },
  "weighted_avg": {
    "precision": 0.9559034143037196,
    "recall": 0.9549500944159698,
    "f1-score": 0.9551984862818063,
    "support": 7414.0
  },
  "micro_avg": {
    "precision": 0.9549500944159698,
    "recall": 0.9549500944159698,
    "f1-score": 0.9549500944159698,
    "support": 7414
  },
  "macro_avg": {
    "precision": 0.9521294083423226,
    "recall": 0.9527781022378017,
    "f1-score": 0.952202979254594,
    "support": 7414.0
  },
  "accuracy": 0.9549500944159698,
  "inference_time_seconds": 5.788044452667236,
  "energy_kwh": 0.0004046474010237468,
  "num_test_samples": 7414
}