{
  "per_class": {
    "age": {
      "precision": 0.989247311827957,
      "recall": 0.991128010139417,
      "f1-score": 0.9901867679645457,
      "support": 1578.0
    },
    "ethnicity": {
      "precision": 0.9885290148448043,
      "recall": 0.9779706275033377,
      "f1-score": 0.9832214765100671,
      "support": 1498.0
    },
    "gender": {
      "precision": 0.9051782111634162,
      "recall": 0.9039623908663532,
      "f1-score": 0.9045698924731183,
      "support": 1489.0
    },
    "other_cyberbullying": {
      "precision": 0.8692913385826772,
      "recall": 0.8727272727272727,
      "f1-score": 0.8710059171597633,
      "support": 1265.0
    },
    "religion": {
      "precision": 0.976889444097439,
      "recall": 0.983029541169076,
      "f1-score": 0.9799498746867168,
      "support": 1591.0
    }
  },
  "weighted_avg": {
    "precision": 0.9491367373117466,
    "recall": 0.9490634685352378,
    "f1-score": 0.9490914698000639,
    "support": 7421.0
  },
  "micro_avg": {
    "precision": 0.9490634685352378,
    "recall": 0.9490634685352378,
    "f1-score": 0.9490634685352378,
    "support": 7421
  },
  "macro_avg": {
    "precision": 0.9458270641032588,
    "recall": 0.9457635684810913,
    "f1-score": 0.9457867857588422,
    "support": 7421.0
  },
  "accuracy": 0.9490634685352378,
  "inference_time_seconds": 6.753593683242798,
  "energy_kwh": 0.0003341333435900628,
  "num_test_samples": 7421
}