{
  "per_class": {
    "Cyberstalking": {
      "precision": 0.8717948717948718,
      "recall": 0.6538461538461539,
      "f1-score": 0.7472527472527473,
      "support": 52.0
    },
    "Doxing": {
      "precision": 0.6363636363636364,
      "recall": 0.8513513513513513,
      "f1-score": 0.7283236994219653,
      "support": 74.0
    },
    "Revenge Porn": {
      "precision": 0.8833333333333333,
      "recall": 0.7571428571428571,
      "f1-score": 0.8153846153846154,
      "support": 70.0
    },
    "Sexual Harassment": {
      "precision": 0.7638888888888888,
      "recall": 0.7142857142857143,
      "f1-score": 0.738255033557047,
      "support": 77.0
    },
    "Slut Shaming": {
      "precision": 0.8913043478260869,
      "recall": 0.9213483146067416,
      "f1-score": 0.9060773480662984,
      "support": 89.0
    }
  },
  "weighted_avg": {
    "precision": 0.8077433899407236,
    "recall": 0.7928176795580111,
    "f1-score": 0.7936921029090733,
    "support": 362.0
  },
  "micro_avg": {
    "precision": 0.7928176795580111,
    "recall": 0.7928176795580111,
    "f1-score": 0.7928176795580111,
    "support": 362
  },
  "macro_avg": {
    "precision": 0.8093370156413634,
    "recall": 0.7795948782465636,
    "f1-score": 0.7870586887365346,
    "support": 362.0
  },
  "accuracy": 0.7928176795580111,
  "inference_time_seconds": 0.3438589572906494,
  "energy_kwh": 1.2320235244604828e-05,
  "num_test_samples": 362
}