{
  "per_class": {
    "Cyberstalking": {
      "precision": 0.7592592592592593,
      "recall": 0.7192982456140351,
      "f1-score": 0.7387387387387387,
      "support": 57.0
    },
    "Doxing": {
      "precision": 0.828125,
      "recall": 0.6708860759493671,
      "f1-score": 0.7412587412587412,
      "support": 79.0
    },
    "Revenge Porn": {
      "precision": 0.7073170731707317,
      "recall": 0.8285714285714286,
      "f1-score": 0.7631578947368421,
      "support": 70.0
    },
    "Sexual Harassment": {
      "precision": 0.797752808988764,
      "recall": 0.8658536585365854,
      "f1-score": 0.8304093567251462,
      "support": 82.0
    },
    "Slut Shaming": {
      "precision": 0.8735632183908046,
      "recall": 0.8636363636363636,
      "f1-score": 0.8685714285714285,
      "support": 88.0
    }
  },
  "weighted_avg": {
    "precision": 0.7992051634446766,
    "recall": 0.7952127659574468,
    "f1-score": 0.7941926975129662,
    "support": 376.0
  },
  "micro_avg": {
    "precision": 0.7952127659574468,
    "recall": 0.7952127659574468,
    "f1-score": 0.7952127659574468,
    "support": 376
  },
  "macro_avg": {
    "precision": 0.793203471961912,
    "recall": 0.789649154461556,
    "f1-score": 0.7884272320061794,
    "support": 376.0
  },
  "accuracy": 0.7952127659574468,
  "inference_time_seconds": 0.3661458492279053,
  "energy_kwh": 1.5866016699081215e-05,
  "num_test_samples": 376
}