{
  "per_class": {
    "Cyberstalking": {
      "precision": 0.7419354838709677,
      "recall": 0.7666666666666667,
      "f1-score": 0.7540983606557377,
      "support": 60.0
    },
    "Doxing": {
      "precision": 0.8433734939759037,
      "recall": 0.7954545454545454,
      "f1-score": 0.8187134502923976,
      "support": 88.0
    },
    "Revenge Porn": {
      "precision": 0.8266666666666667,
      "recall": 0.8157894736842105,
      "f1-score": 0.8211920529801324,
      "support": 76.0
    },
    "Sexual Harassment": {
      "precision": 0.8673469387755102,
      "recall": 0.8585858585858586,
      "f1-score": 0.8629441624365483,
      "support": 99.0
    },
    "Slut Shaming": {
      "precision": 0.9038461538461539,
      "recall": 0.9494949494949495,
      "f1-score": 0.9261083743842364,
      "support": 99.0
    }
  },
  "weighted_avg": {
    "precision": 0.8457530316074622,
    "recall": 0.8459715639810427,
    "f1-score": 0.8455437972436564,
    "support": 422.0
  },
  "micro_avg": {
    "precision": 0.8459715639810427,
    "recall": 0.8459715639810427,
    "f1-score": 0.8459715639810427,
    "support": 422
  },
  "macro_avg": {
    "precision": 0.8366337474270404,
    "recall": 0.8371982987772462,
    "f1-score": 0.8366112801498105,
    "support": 422.0
  },
  "accuracy": 0.8459715639810427,
  "inference_time_seconds": 0.33835387229919434,
  "energy_kwh": 1.6732611467521468e-05,
  "num_test_samples": 422
}