{
  "per_class": {
    "Cyberstalking": {
      "precision": 0.6666666666666666,
      "recall": 0.7,
      "f1-score": 0.6829268292682927,
      "support": 60.0
    },
    "Doxing": {
      "precision": 0.8666666666666667,
      "recall": 0.7386363636363636,
      "f1-score": 0.7975460122699386,
      "support": 88.0
    },
    "Revenge Porn": {
      "precision": 0.8076923076923077,
      "recall": 0.8289473684210527,
      "f1-score": 0.8181818181818182,
      "support": 76.0
    },
    "Sexual Harassment": {
      "precision": 0.8,
      "recall": 0.8888888888888888,
      "f1-score": 0.8421052631578947,
      "support": 99.0
    },
    "Slut Shaming": {
      "precision": 0.8958333333333334,
      "recall": 0.8686868686868687,
      "f1-score": 0.882051282051282,
      "support": 99.0
    }
  },
  "weighted_avg": {
    "precision": 0.8188122797423746,
    "recall": 0.8151658767772512,
    "f1-score": 0.8152440165719878,
    "support": 422.0
  },
  "micro_avg": {
    "precision": 0.8151658767772512,
    "recall": 0.8151658767772512,
    "f1-score": 0.8151658767772512,
    "support": 422
  },
  "macro_avg": {
    "precision": 0.8073717948717947,
    "recall": 0.8050318979266347,
    "f1-score": 0.8045622409858453,
    "support": 422.0
  },
  "accuracy": 0.8151658767772512,
  "inference_time_seconds": 0.36091041564941406,
  "energy_kwh": 3.063748123643028e-05,
  "num_test_samples": 422
}