{
  "per_class": {
    "age": {
      "precision": 0.9769900497512438,
      "recall": 0.9831038798498123,
      "f1-score": 0.9800374298190893,
      "support": 1598.0
    },
    "ethnicity": {
      "precision": 0.9885859226379201,
      "recall": 0.9792713567839196,
      "f1-score": 0.9839065951404229,
      "support": 1592.0
    },
    "gender": {
      "precision": 0.8849009900990099,
      "recall": 0.89937106918239,
      "f1-score": 0.8920773549594511,
      "support": 1590.0
    },
    "not_cyberbullying": {
      "precision": 0.7207465900933238,
      "recall": 0.6326402016383113,
      "f1-score": 0.6738255033557047,
      "support": 1587.0
    },
    "other_cyberbullying": {
      "precision": 0.6991150442477876,
      "recall": 0.7571884984025559,
      "f1-score": 0.7269938650306749,
      "support": 1565.0
    },
    "religion": {
      "precision": 0.9506999391357274,
      "recall": 0.97625,
      "f1-score": 0.9633055812519272,
      "support": 1600.0
    }
  },
  "weighted_avg": {
    "precision": 0.8708677347820538,
    "recall": 0.8719051615610575,
    "f1-score": 0.8706753576690702,
    "support": 9532.0
  },
  "micro_avg": {
    "precision": 0.8719051615610575,
    "recall": 0.8719051615610575,
    "f1-score": 0.8719051615610575,
    "support": 9532
  },
  "macro_avg": {
    "precision": 0.8701730893275021,
    "recall": 0.8713041676428315,
    "f1-score": 0.870024388259545,
    "support": 9532.0
  },
  "accuracy": 0.8719051615610575,
  "inference_time_seconds": 7.766515731811523,
  "energy_kwh": 0.000495501939055839,
  "num_test_samples": 9532
}