{
  "per_class": {
    "Cyberstalking": {
      "precision": 0.734375,
      "recall": 0.7833333333333333,
      "f1-score": 0.7580645161290323,
      "support": 60.0
    },
    "Doxing": {
      "precision": 0.7872340425531915,
      "recall": 0.8409090909090909,
      "f1-score": 0.8131868131868132,
      "support": 88.0
    },
    "Revenge Porn": {
      "precision": 0.8428571428571429,
      "recall": 0.7763157894736842,
      "f1-score": 0.8082191780821918,
      "support": 76.0
    },
    "Sexual Harassment": {
      "precision": 0.8571428571428571,
      "recall": 0.9090909090909091,
      "f1-score": 0.8823529411764706,
      "support": 99.0
    },
    "Slut Shaming": {
      "precision": 0.9550561797752809,
      "recall": 0.8585858585858586,
      "f1-score": 0.9042553191489362,
      "support": 99.0
    }
  },
  "weighted_avg": {
    "precision": 0.8455069745419889,
    "recall": 0.8412322274881516,
    "f1-score": 0.8420454640631359,
    "support": 422.0
  },
  "micro_avg": {
    "precision": 0.8412322274881516,
    "recall": 0.8412322274881516,
    "f1-score": 0.8412322274881516,
    "support": 422
  },
  "macro_avg": {
    "precision": 0.8353330444656946,
    "recall": 0.8336469962785753,
    "f1-score": 0.8332157535446889,
    "support": 422.0
  },
  "accuracy": 0.8412322274881516,
  "inference_time_seconds": 0.26239776611328125,
  "energy_kwh": 1.1626479662142184e-05,
  "num_test_samples": 422
}