{
  "per_class": {
    "Cyberstalking": {
      "precision": 0.7457627118644068,
      "recall": 0.7333333333333333,
      "f1-score": 0.7394957983193278,
      "support": 60.0
    },
    "Doxing": {
      "precision": 0.8275862068965517,
      "recall": 0.8181818181818182,
      "f1-score": 0.8228571428571428,
      "support": 88.0
    },
    "Revenge Porn": {
      "precision": 0.8,
      "recall": 0.8421052631578947,
      "f1-score": 0.8205128205128205,
      "support": 76.0
    },
    "Sexual Harassment": {
      "precision": 0.8854166666666666,
      "recall": 0.8585858585858586,
      "f1-score": 0.8717948717948718,
      "support": 99.0
    },
    "Slut Shaming": {
      "precision": 0.9,
      "recall": 0.9090909090909091,
      "f1-score": 0.9045226130653267,
      "support": 99.0
    }
  },
  "weighted_avg": {
    "precision": 0.8415393339307132,
    "recall": 0.8412322274881516,
    "f1-score": 0.8412217578927067,
    "support": 422.0
  },
  "micro_avg": {
    "precision": 0.8412322274881516,
    "recall": 0.8412322274881516,
    "f1-score": 0.8412322274881516,
    "support": 422
  },
  "macro_avg": {
    "precision": 0.831753117085525,
    "recall": 0.8322594364699627,
    "f1-score": 0.831836649309898,
    "support": 422.0
  },
  "accuracy": 0.8412322274881516,
  "inference_time_seconds": 0.4222879409790039,
  "energy_kwh": 2.583857514590186e-05,
  "num_test_samples": 422
}