{
  "per_class": {
    "age": {
      "precision": 0.9905956112852664,
      "recall": 0.9875,
      "f1-score": 0.9890453834115805,
      "support": 1600.0
    },
    "ethnicity": {
      "precision": 0.9923566878980892,
      "recall": 0.97375,
      "f1-score": 0.9829652996845426,
      "support": 1600.0
    },
    "gender": {
      "precision": 0.9253636938646427,
      "recall": 0.9138038725796377,
      "f1-score": 0.9195474544311754,
      "support": 1601.0
    },
    "other_cyberbullying": {
      "precision": 0.8943188759926696,
      "recall": 0.9144284821986258,
      "f1-score": 0.9042618900555899,
      "support": 1601.0
    },
    "religion": {
      "precision": 0.9777640518838789,
      "recall": 0.989375,
      "f1-score": 0.9835352593973283,
      "support": 1600.0
    }
  },
  "weighted_avg": {
    "precision": 0.9560682274492793,
    "recall": 0.9557610597350662,
    "f1-score": 0.9558600685469674,
    "support": 8002.0
  },
  "micro_avg": {
    "precision": 0.9557610597350662,
    "recall": 0.9557610597350662,
    "f1-score": 0.9557610597350662,
    "support": 8002
  },
  "macro_avg": {
    "precision": 0.9560797841849092,
    "recall": 0.9557714709556528,
    "f1-score": 0.9558710573960434,
    "support": 8002.0
  },
  "accuracy": 0.9557610597350662,
  "inference_time_seconds": 2.986490249633789,
  "energy_kwh": 0.00020267823800612924,
  "num_test_samples": 8002
}