{
  "per_class": {
    "age": {
      "precision": 0.9863098942128189,
      "recall": 0.990625,
      "f1-score": 0.9884627377611475,
      "support": 1600.0
    },
    "ethnicity": {
      "precision": 0.9917825537294563,
      "recall": 0.980625,
      "f1-score": 0.9861722187303583,
      "support": 1600.0
    },
    "gender": {
      "precision": 0.9040050858232677,
      "recall": 0.8881948782011243,
      "f1-score": 0.8960302457466919,
      "support": 1601.0
    },
    "other_cyberbullying": {
      "precision": 0.8659049909801564,
      "recall": 0.8994378513429107,
      "f1-score": 0.8823529411764706,
      "support": 1601.0
    },
    "religion": {
      "precision": 0.9955611921369689,
      "recall": 0.98125,
      "f1-score": 0.9883537928863708,
      "support": 1600.0
    }
  },
  "weighted_avg": {
    "precision": 0.9486968079341506,
    "recall": 0.9480129967508123,
    "f1-score": 0.9482596202535098,
    "support": 8002.0
  },
  "micro_avg": {
    "precision": 0.9480129967508123,
    "recall": 0.9480129967508123,
    "f1-score": 0.9480129967508123,
    "support": 8002
  },
  "macro_avg": {
    "precision": 0.9487127433765336,
    "recall": 0.948026545908807,
    "f1-score": 0.9482743872602079,
    "support": 8002.0
  },
  "accuracy": 0.9480129967508123,
  "inference_time_seconds": 9.263143062591553,
  "energy_kwh": 0.0005568138170766045,
  "num_test_samples": 8002
}