{
  "per_class": {
    "Cyberstalking": {
      "precision": 0.7254901960784313,
      "recall": 0.7115384615384616,
      "f1-score": 0.7184466019417476,
      "support": 52.0
    },
    "Doxing": {
      "precision": 0.8939393939393939,
      "recall": 0.7972972972972973,
      "f1-score": 0.8428571428571429,
      "support": 74.0
    },
    "Revenge Porn": {
      "precision": 0.873015873015873,
      "recall": 0.7857142857142857,
      "f1-score": 0.8270676691729323,
      "support": 70.0
    },
    "Sexual Harassment": {
      "precision": 0.7954545454545454,
      "recall": 0.8974358974358975,
      "f1-score": 0.8433734939759037,
      "support": 78.0
    },
    "Slut Shaming": {
      "precision": 0.8736842105263158,
      "recall": 0.9325842696629213,
      "f1-score": 0.9021739130434783,
      "support": 89.0
    }
  },
  "weighted_avg": {
    "precision": 0.8396459111322351,
    "recall": 0.837465564738292,
    "f1-score": 0.8366446267369002,
    "support": 363.0
  },
  "micro_avg": {
    "precision": 0.837465564738292,
    "recall": 0.837465564738292,
    "f1-score": 0.837465564738292,
    "support": 363
  },
  "macro_avg": {
    "precision": 0.8323168438029119,
    "recall": 0.8249140423297726,
    "f1-score": 0.8267837641982411,
    "support": 363.0
  },
  "accuracy": 0.837465564738292,
  "inference_time_seconds": 0.3075675964355469,
  "energy_kwh": 1.2847308073571703e-05,
  "num_test_samples": 363
}