{
  "per_class": {
    "age": {
      "precision": 0.980806142034549,
      "recall": 0.9801790281329923,
      "f1-score": 0.9804924848097217,
      "support": 1564.0
    },
    "ethnicity": {
      "precision": 0.989851150202977,
      "recall": 0.9845222072678331,
      "f1-score": 0.9871794871794872,
      "support": 1486.0
    },
    "gender": {
      "precision": 0.8865153538050734,
      "recall": 0.911461908030199,
      "f1-score": 0.8988155668358714,
      "support": 1457.0
    },
    "not_cyberbullying": {
      "precision": 0.6605042016806723,
      "recall": 0.6474464579901154,
      "f1-score": 0.653910149750416,
      "support": 1214.0
    },
    "other_cyberbullying": {
      "precision": 0.656670113753878,
      "recall": 0.6466395112016293,
      "f1-score": 0.6516162134427912,
      "support": 982.0
    },
    "religion": {
      "precision": 0.9629164047768699,
      "recall": 0.9671717171717171,
      "f1-score": 0.9650393700787402,
      "support": 1584.0
    }
  },
  "weighted_avg": {
    "precision": 0.8770983737843437,
    "recall": 0.8781223603233981,
    "f1-score": 0.8775636117622226,
    "support": 8287.0
  },
  "micro_avg": {
    "precision": 0.8781223603233981,
    "recall": 0.8781223603233981,
    "f1-score": 0.8781223603233981,
    "support": 8287
  },
  "macro_avg": {
    "precision": 0.8562105610423365,
    "recall": 0.8562368049657477,
    "f1-score": 0.8561755453495046,
    "support": 8287.0
  },
  "accuracy": 0.8781223603233981,
  "inference_time_seconds": 6.226621627807617,
  "energy_kwh": 0.00038540162544033695,
  "num_test_samples": 8287
}