{
  "per_class": {
    "age": {
      "precision": 0.9845105328376704,
      "recall": 0.993125,
      "f1-score": 0.9887990043559427,
      "support": 1600.0
    },
    "ethnicity": {
      "precision": 0.9886649874055415,
      "recall": 0.98125,
      "f1-score": 0.9849435382685069,
      "support": 1600.0
    },
    "gender": {
      "precision": 0.9016906700062617,
      "recall": 0.8994378513429107,
      "f1-score": 0.900562851782364,
      "support": 1601.0
    },
    "other_cyberbullying": {
      "precision": 0.8830445544554455,
      "recall": 0.891317926296065,
      "f1-score": 0.887161952129313,
      "support": 1601.0
    },
    "religion": {
      "precision": 0.9930686830497795,
      "recall": 0.985,
      "f1-score": 0.9890178851584562,
      "support": 1600.0
    }
  },
  "weighted_avg": {
    "precision": 0.9501814320959733,
    "recall": 0.950012496875781,
    "f1-score": 0.9500829911916074,
    "support": 8002.0
  },
  "micro_avg": {
    "precision": 0.950012496875781,
    "recall": 0.950012496875781,
    "f1-score": 0.950012496875781,
    "support": 8002
  },
  "macro_avg": {
    "precision": 0.9501958855509397,
    "recall": 0.9500261555277951,
    "f1-score": 0.9500970463389166,
    "support": 8002.0
  },
  "accuracy": 0.950012496875781,
  "inference_time_seconds": 1.8213927745819092,
  "energy_kwh": 0.00011003983342981871,
  "num_test_samples": 8002
}