{
  "per_class": {
    "Cyberstalking": {
      "precision": 0.6455696202531646,
      "recall": 0.85,
      "f1-score": 0.7338129496402878,
      "support": 60.0
    },
    "Doxing": {
      "precision": 0.8591549295774648,
      "recall": 0.6931818181818182,
      "f1-score": 0.7672955974842768,
      "support": 88.0
    },
    "Revenge Porn": {
      "precision": 0.7209302325581395,
      "recall": 0.8157894736842105,
      "f1-score": 0.7654320987654321,
      "support": 76.0
    },
    "Sexual Harassment": {
      "precision": 0.8673469387755102,
      "recall": 0.8585858585858586,
      "f1-score": 0.8629441624365483,
      "support": 99.0
    },
    "Slut Shaming": {
      "precision": 0.9772727272727273,
      "recall": 0.8686868686868687,
      "f1-score": 0.9197860962566845,
      "support": 99.0
    }
  },
  "weighted_avg": {
    "precision": 0.8335257242445518,
    "recall": 0.8175355450236966,
    "f1-score": 0.8204121437768638,
    "support": 422.0
  },
  "micro_avg": {
    "precision": 0.8175355450236966,
    "recall": 0.8175355450236966,
    "f1-score": 0.8175355450236966,
    "support": 422
  },
  "macro_avg": {
    "precision": 0.8140548896874013,
    "recall": 0.8172488038277512,
    "f1-score": 0.809854180916646,
    "support": 422.0
  },
  "accuracy": 0.8175355450236966,
  "inference_time_seconds": 0.31749963760375977,
  "energy_kwh": 2.1089293054131107e-05,
  "num_test_samples": 422
}