{
  "per_class": {
    "Cyberstalking": {
      "precision": 0.8076923076923077,
      "recall": 0.7,
      "f1-score": 0.75,
      "support": 60.0
    },
    "Doxing": {
      "precision": 0.8227848101265823,
      "recall": 0.7386363636363636,
      "f1-score": 0.7784431137724551,
      "support": 88.0
    },
    "Revenge Porn": {
      "precision": 0.7032967032967034,
      "recall": 0.8421052631578947,
      "f1-score": 0.7664670658682635,
      "support": 76.0
    },
    "Sexual Harassment": {
      "precision": 0.8148148148148148,
      "recall": 0.8888888888888888,
      "f1-score": 0.8502415458937198,
      "support": 99.0
    },
    "Slut Shaming": {
      "precision": 0.9347826086956522,
      "recall": 0.8686868686868687,
      "f1-score": 0.900523560209424,
      "support": 99.0
    }
  },
  "weighted_avg": {
    "precision": 0.8235243984141313,
    "recall": 0.8175355450236966,
    "f1-score": 0.8177256789625007,
    "support": 422.0
  },
  "micro_avg": {
    "precision": 0.8175355450236966,
    "recall": 0.8175355450236966,
    "f1-score": 0.8175355450236966,
    "support": 422
  },
  "macro_avg": {
    "precision": 0.8166742489252121,
    "recall": 0.8076634768740032,
    "f1-score": 0.8091350571487727,
    "support": 422.0
  },
  "accuracy": 0.8175355450236966,
  "inference_time_seconds": 0.40414857864379883,
  "energy_kwh": 4.41850161647978e-05,
  "num_test_samples": 422
}