{
  "per_class": {
    "Cyberstalking": {
      "precision": 0.6338028169014085,
      "recall": 0.75,
      "f1-score": 0.6870229007633588,
      "support": 60.0
    },
    "Doxing": {
      "precision": 0.7395833333333334,
      "recall": 0.8068181818181818,
      "f1-score": 0.7717391304347826,
      "support": 88.0
    },
    "Revenge Porn": {
      "precision": 0.8,
      "recall": 0.7894736842105263,
      "f1-score": 0.7947019867549668,
      "support": 76.0
    },
    "Sexual Harassment": {
      "precision": 0.8936170212765957,
      "recall": 0.8484848484848485,
      "f1-score": 0.8704663212435233,
      "support": 99.0
    },
    "Slut Shaming": {
      "precision": 0.9767441860465116,
      "recall": 0.8484848484848485,
      "f1-score": 0.9081081081081082,
      "support": 99.0
    }
  },
  "weighted_avg": {
    "precision": 0.8271973030151788,
    "recall": 0.8151658767772512,
    "f1-score": 0.8189825521877995,
    "support": 422.0
  },
  "micro_avg": {
    "precision": 0.8151658767772512,
    "recall": 0.8151658767772512,
    "f1-score": 0.8151658767772512,
    "support": 422
  },
  "macro_avg": {
    "precision": 0.8087494715115697,
    "recall": 0.8086523125996811,
    "f1-score": 0.806407689460948,
    "support": 422.0
  },
  "accuracy": 0.8151658767772512,
  "inference_time_seconds": 0.6680576801300049,
  "energy_kwh": 6.324561591784413e-05,
  "num_test_samples": 422
}