{
  "per_class": {
    "Cyberstalking": {
      "precision": 0.8260869565217391,
      "recall": 0.6666666666666666,
      "f1-score": 0.7378640776699029,
      "support": 57.0
    },
    "Doxing": {
      "precision": 0.782051282051282,
      "recall": 0.7721518987341772,
      "f1-score": 0.7770700636942676,
      "support": 79.0
    },
    "Revenge Porn": {
      "precision": 0.7792207792207793,
      "recall": 0.8450704225352113,
      "f1-score": 0.8108108108108109,
      "support": 71.0
    },
    "Sexual Harassment": {
      "precision": 0.7628865979381443,
      "recall": 0.9024390243902439,
      "f1-score": 0.8268156424581006,
      "support": 82.0
    },
    "Slut Shaming": {
      "precision": 0.9493670886075949,
      "recall": 0.8522727272727273,
      "f1-score": 0.8982035928143712,
      "support": 88.0
    }
  },
  "weighted_avg": {
    "precision": 0.8230628327768221,
    "recall": 0.8169761273209549,
    "f1-score": 0.8165919200950349,
    "support": 377.0
  },
  "micro_avg": {
    "precision": 0.8169761273209549,
    "recall": 0.8169761273209549,
    "f1-score": 0.8169761273209549,
    "support": 377
  },
  "macro_avg": {
    "precision": 0.8199225408679078,
    "recall": 0.8077201479198053,
    "f1-score": 0.8101528374894906,
    "support": 377.0
  },
  "accuracy": 0.8169761273209549,
  "inference_time_seconds": 0.16887664794921875,
  "energy_kwh": 1.5406211290035318e-05,
  "num_test_samples": 377
}