{
  "per_class": {
    "age": {
      "precision": 0.9911054637865311,
      "recall": 0.9879670677644079,
      "f1-score": 0.9895337773549001,
      "support": 1579.0
    },
    "ethnicity": {
      "precision": 0.9925876010781671,
      "recall": 0.9800399201596807,
      "f1-score": 0.9862738533645798,
      "support": 1503.0
    },
    "gender": {
      "precision": 0.9240246406570842,
      "recall": 0.907258064516129,
      "f1-score": 0.9155645981688708,
      "support": 1488.0
    },
    "other_cyberbullying": {
      "precision": 0.8627748294162244,
      "recall": 0.8988941548183255,
      "f1-score": 0.8804642166344294,
      "support": 1266.0
    },
    "religion": {
      "precision": 0.9849056603773585,
      "recall": 0.9836683417085427,
      "f1-score": 0.9842866121935889,
      "support": 1592.0
    }
  },
  "weighted_avg": {
    "precision": 0.9547665727515957,
    "recall": 0.9540926225094238,
    "f1-score": 0.9543424263593178,
    "support": 7428.0
  },
  "micro_avg": {
    "precision": 0.9540926225094238,
    "recall": 0.9540926225094238,
    "f1-score": 0.9540926225094238,
    "support": 7428
  },
  "macro_avg": {
    "precision": 0.951079639063073,
    "recall": 0.9515655097934171,
    "f1-score": 0.9512246115432739,
    "support": 7428.0
  },
  "accuracy": 0.9540926225094238,
  "inference_time_seconds": 12.381372690200806,
  "energy_kwh": 0.0007701454606500528,
  "num_test_samples": 7428
}