{
  "per_class": {
    "emotion": {
      "precision": 0.7842364532019704,
      "recall": 0.8486140724946695,
      "f1-score": 0.8151561699948797,
      "support": 938.0
    },
    "hate": {
      "precision": 0.9685957828622701,
      "recall": 0.8954790543343011,
      "f1-score": 0.930603448275862,
      "support": 2411.0
    },
    "offensive": {
      "precision": 0.8730675345809601,
      "recall": 0.9081675835801947,
      "f1-score": 0.890271727857291,
      "support": 2363.0
    },
    "religion": {
      "precision": 0.9936616284739151,
      "recall": 0.9995095635115253,
      "f1-score": 0.9965770171149144,
      "support": 2039.0
    },
    "spiritual": {
      "precision": 1.0,
      "recall": 0.9988324576765908,
      "f1-score": 0.9994158878504673,
      "support": 1713.0
    }
  },
  "weighted_avg": {
    "precision": 0.9375563049722636,
    "recall": 0.9351225697379544,
    "f1-score": 0.9357600853719612,
    "support": 9464.0
  },
  "micro_avg": {
    "precision": 0.9351225697379544,
    "recall": 0.9351225697379544,
    "f1-score": 0.9351225697379544,
    "support": 9464
  },
  "macro_avg": {
    "precision": 0.9239122798238231,
    "recall": 0.9301205463194563,
    "f1-score": 0.9264048502186828,
    "support": 9464.0
  },
  "accuracy": 0.9351225697379544,
  "inference_time_seconds": 8.447047472000122,
  "energy_kwh": 0.0004192860084690059,
  "num_test_samples": 9464
}