{
  "per_class": {
    "age": {
      "precision": 0.9819587628865979,
      "recall": 0.9756722151088348,
      "f1-score": 0.9788053949903661,
      "support": 1562.0
    },
    "ethnicity": {
      "precision": 0.980510752688172,
      "recall": 0.9838165879973028,
      "f1-score": 0.9821608885897004,
      "support": 1483.0
    },
    "gender": {
      "precision": 0.875,
      "recall": 0.8894230769230769,
      "f1-score": 0.8821525885558583,
      "support": 1456.0
    },
    "not_cyberbullying": {
      "precision": 0.6604938271604939,
      "recall": 0.6169686985172982,
      "f1-score": 0.6379897785349233,
      "support": 1214.0
    },
    "other_cyberbullying": {
      "precision": 0.6363636363636364,
      "recall": 0.6415478615071283,
      "f1-score": 0.6389452332657201,
      "support": 982.0
    },
    "religion": {
      "precision": 0.9443765281173594,
      "recall": 0.9759949463044851,
      "f1-score": 0.9599254426840633,
      "support": 1583.0
    }
  },
  "weighted_avg": {
    "precision": 0.8675861926276734,
    "recall": 0.8698067632850242,
    "f1-score": 0.8685239830516924,
    "support": 8280.0
  },
  "micro_avg": {
    "precision": 0.8698067632850242,
    "recall": 0.8698067632850242,
    "f1-score": 0.8698067632850242,
    "support": 8280
  },
  "macro_avg": {
    "precision": 0.8464505845360434,
    "recall": 0.8472372310596876,
    "f1-score": 0.8466632211034385,
    "support": 8280.0
  },
  "accuracy": 0.8698067632850242,
  "inference_time_seconds": 6.724364757537842,
  "energy_kwh": 0.00043340777307229815,
  "num_test_samples": 8280
}