{
  "per_class": {
    "emotion": {
      "precision": 0.9171779141104295,
      "recall": 0.8916500994035785,
      "f1-score": 0.9042338709677419,
      "support": 1006.0
    },
    "hate": {
      "precision": 0.9688747007182761,
      "recall": 0.9585471772601658,
      "f1-score": 0.9636832704901767,
      "support": 2533.0
    },
    "offensive": {
      "precision": 0.9523475823405746,
      "recall": 0.967948717948718,
      "f1-score": 0.9600847756976334,
      "support": 2808.0
    },
    "religion": {
      "precision": 0.9956793086893903,
      "recall": 1.0,
      "f1-score": 0.997834977146981,
      "support": 2074.0
    },
    "spiritual": {
      "precision": 0.997689196995956,
      "recall": 0.997689196995956,
      "f1-score": 0.997689196995956,
      "support": 1731.0
    }
  },
  "weighted_avg": {
    "precision": 0.9695696903022669,
    "recall": 0.9696611505122144,
    "f1-score": 0.9695721819451298,
    "support": 10152.0
  },
  "micro_avg": {
    "precision": 0.9696611505122144,
    "recall": 0.9696611505122144,
    "f1-score": 0.9696611505122144,
    "support": 10152
  },
  "macro_avg": {
    "precision": 0.9663537405709253,
    "recall": 0.9631670383216837,
    "f1-score": 0.9647052182596978,
    "support": 10152.0
  },
  "accuracy": 0.9696611505122144,
  "inference_time_seconds": 8.156950950622559,
  "energy_kwh": 0.0004726563254907663,
  "num_test_samples": 10152
}