{
  "per_class": {
    "age": {
      "precision": 0.9881175734834271,
      "recall": 0.9875,
      "f1-score": 0.9878086902156924,
      "support": 1600.0
    },
    "ethnicity": {
      "precision": 0.9836888331242158,
      "recall": 0.98,
      "f1-score": 0.9818409517845961,
      "support": 1600.0
    },
    "gender": {
      "precision": 0.9393939393939394,
      "recall": 0.8519675202998126,
      "f1-score": 0.8935473304945954,
      "support": 1601.0
    },
    "other_cyberbullying": {
      "precision": 0.8436965202509983,
      "recall": 0.9237976264834479,
      "f1-score": 0.8819320214669052,
      "support": 1601.0
    },
    "religion": {
      "precision": 0.9800498753117207,
      "recall": 0.9825,
      "f1-score": 0.9812734082397003,
      "support": 1600.0
    }
  },
  "weighted_avg": {
    "precision": 0.946975490747629,
    "recall": 0.9451387153211697,
    "f1-score": 0.9452660988345845,
    "support": 8002.0
  },
  "micro_avg": {
    "precision": 0.9451387153211697,
    "recall": 0.9451387153211697,
    "f1-score": 0.9451387153211697,
    "support": 8002
  },
  "macro_avg": {
    "precision": 0.9469893483128603,
    "recall": 0.945153029356652,
    "f1-score": 0.9452804804402979,
    "support": 8002.0
  },
  "accuracy": 0.9451387153211697,
  "inference_time_seconds": 4.846086025238037,
  "energy_kwh": 0.0003090217309601994,
  "num_test_samples": 8002
}