{
  "per_class": {
    "age": {
      "precision": 0.9937027707808564,
      "recall": 0.98625,
      "f1-score": 0.9899623588456713,
      "support": 1600.0
    },
    "ethnicity": {
      "precision": 0.9936507936507937,
      "recall": 0.978125,
      "f1-score": 0.9858267716535433,
      "support": 1600.0
    },
    "gender": {
      "precision": 0.9143214509068167,
      "recall": 0.9131792629606496,
      "f1-score": 0.91375,
      "support": 1601.0
    },
    "other_cyberbullying": {
      "precision": 0.884406983744732,
      "recall": 0.9175515302935665,
      "f1-score": 0.9006744328632741,
      "support": 1601.0
    },
    "religion": {
      "precision": 0.9911336288790373,
      "recall": 0.978125,
      "f1-score": 0.9845863479081473,
      "support": 1600.0
    }
  },
  "weighted_avg": {
    "precision": 0.9554291093694364,
    "recall": 0.9546363409147713,
    "f1-score": 0.9549480482961611,
    "support": 8002.0
  },
  "micro_avg": {
    "precision": 0.9546363409147713,
    "recall": 0.9546363409147713,
    "f1-score": 0.9546363409147713,
    "support": 8002
  },
  "macro_avg": {
    "precision": 0.9554431255924472,
    "recall": 0.9546461586508432,
    "f1-score": 0.9549599822541271,
    "support": 8002.0
  },
  "accuracy": 0.9546363409147713,
  "inference_time_seconds": 2.7654573917388916,
  "energy_kwh": 0.00019085739404018178,
  "num_test_samples": 8002
}