{
  "per_class": {
    "Cyberstalking": {
      "precision": 0.7413793103448276,
      "recall": 0.7166666666666667,
      "f1-score": 0.7288135593220338,
      "support": 60.0
    },
    "Doxing": {
      "precision": 0.7865168539325843,
      "recall": 0.7954545454545454,
      "f1-score": 0.7909604519774012,
      "support": 88.0
    },
    "Revenge Porn": {
      "precision": 0.8,
      "recall": 0.8421052631578947,
      "f1-score": 0.8205128205128205,
      "support": 76.0
    },
    "Sexual Harassment": {
      "precision": 0.8461538461538461,
      "recall": 0.8888888888888888,
      "f1-score": 0.8669950738916257,
      "support": 99.0
    },
    "Slut Shaming": {
      "precision": 0.967032967032967,
      "recall": 0.8888888888888888,
      "f1-score": 0.9263157894736842,
      "support": 99.0
    }
  },
  "weighted_avg": {
    "precision": 0.8388666736309279,
    "recall": 0.8364928909952607,
    "f1-score": 0.8370381117665247,
    "support": 422.0
  },
  "micro_avg": {
    "precision": 0.8364928909952607,
    "recall": 0.8364928909952607,
    "f1-score": 0.8364928909952607,
    "support": 422
  },
  "macro_avg": {
    "precision": 0.828216595492845,
    "recall": 0.8264008506113768,
    "f1-score": 0.8267195390355131,
    "support": 422.0
  },
  "accuracy": 0.8364928909952607,
  "inference_time_seconds": 0.3245069980621338,
  "energy_kwh": 4.098237127888686e-05,
  "num_test_samples": 422
}