{
  "per_class": {
    "emotion": {
      "precision": 0.9064327485380117,
      "recall": 0.9244532803180915,
      "f1-score": 0.9153543307086615,
      "support": 1006.0
    },
    "hate": {
      "precision": 0.9652448657187994,
      "recall": 0.9648637978681406,
      "f1-score": 0.9650542941757156,
      "support": 2533.0
    },
    "offensive": {
      "precision": 0.9648493543758967,
      "recall": 0.957977207977208,
      "f1-score": 0.9614010007147963,
      "support": 2808.0
    },
    "religion": {
      "precision": 0.9975926817525277,
      "recall": 0.9990356798457087,
      "f1-score": 0.9983136593591906,
      "support": 2074.0
    },
    "spiritual": {
      "precision": 0.9982648930017352,
      "recall": 0.9971114962449451,
      "f1-score": 0.9976878612716763,
      "support": 1731.0
    }
  },
  "weighted_avg": {
    "precision": 0.9715462301736822,
    "recall": 0.9714342001576044,
    "f1-score": 0.9714778576851244,
    "support": 10152.0
  },
  "micro_avg": {
    "precision": 0.9714342001576044,
    "recall": 0.9714342001576044,
    "f1-score": 0.9714342001576044,
    "support": 10152
  },
  "macro_avg": {
    "precision": 0.9664769086773942,
    "recall": 0.9686882924508188,
    "f1-score": 0.967562229246008,
    "support": 10152.0
  },
  "accuracy": 0.9714342001576044,
  "inference_time_seconds": 4.832628488540649,
  "energy_kwh": 0.00028039683233641906,
  "num_test_samples": 10152
}