{
  "per_class": {
    "age": {
      "precision": 0.9961190168175937,
      "recall": 0.9759188846641318,
      "f1-score": 0.9859154929577465,
      "support": 1578.0
    },
    "ethnicity": {
      "precision": 0.9965729952021933,
      "recall": 0.9751844399731724,
      "f1-score": 0.9857627118644068,
      "support": 1491.0
    },
    "gender": {
      "precision": 0.9293078055964654,
      "recall": 0.8614334470989761,
      "f1-score": 0.8940843074743181,
      "support": 1465.0
    },
    "not_cyberbullying": {
      "precision": 0.5910493827160493,
      "recall": 0.6351575456053068,
      "f1-score": 0.6123101518784972,
      "support": 1206.0
    },
    "other_cyberbullying": {
      "precision": 0.6521418020679468,
      "recall": 0.7267489711934156,
      "f1-score": 0.6874270144024912,
      "support": 1215.0
    },
    "religion": {
      "precision": 0.9719687092568449,
      "recall": 0.9365577889447236,
      "f1-score": 0.9539347408829175,
      "support": 1592.0
    }
  },
  "weighted_avg": {
    "precision": 0.8741937650390151,
    "recall": 0.8653328653328654,
    "f1-score": 0.8690434462240704,
    "support": 8547.0
  },
  "micro_avg": {
    "precision": 0.8653328653328654,
    "recall": 0.8653328653328654,
    "f1-score": 0.8653328653328654,
    "support": 8547
  },
  "macro_avg": {
    "precision": 0.8561932852761823,
    "recall": 0.8518335129132876,
    "f1-score": 0.8532390699100629,
    "support": 8547.0
  },
  "accuracy": 0.8653328653328654,
  "inference_time_seconds": 6.382534503936768,
  "energy_kwh": 0.0004071252920133375,
  "num_test_samples": 8547
}