{
  "per_class": {
    "Cyberstalking": {
      "precision": 0.7096774193548387,
      "recall": 0.7333333333333333,
      "f1-score": 0.7213114754098361,
      "support": 60.0
    },
    "Doxing": {
      "precision": 0.8701298701298701,
      "recall": 0.7613636363636364,
      "f1-score": 0.8121212121212121,
      "support": 88.0
    },
    "Revenge Porn": {
      "precision": 0.7294117647058823,
      "recall": 0.8157894736842105,
      "f1-score": 0.7701863354037267,
      "support": 76.0
    },
    "Sexual Harassment": {
      "precision": 0.8736842105263158,
      "recall": 0.8383838383838383,
      "f1-score": 0.8556701030927835,
      "support": 99.0
    },
    "Slut Shaming": {
      "precision": 0.8349514563106796,
      "recall": 0.8686868686868687,
      "f1-score": 0.8514851485148515,
      "support": 99.0
    }
  },
  "weighted_avg": {
    "precision": 0.8145552105858496,
    "recall": 0.8104265402843602,
    "f1-score": 0.8111087359978576,
    "support": 422.0
  },
  "micro_avg": {
    "precision": 0.8104265402843602,
    "recall": 0.8104265402843602,
    "f1-score": 0.8104265402843602,
    "support": 422
  },
  "macro_avg": {
    "precision": 0.8035709442055173,
    "recall": 0.8035114300903775,
    "f1-score": 0.8021548549084819,
    "support": 422.0
  },
  "accuracy": 0.8104265402843602,
  "inference_time_seconds": 0.20336699485778809,
  "energy_kwh": 2.436430449869115e-05,
  "num_test_samples": 422
}