{
  "per_class": {
    "age": {
      "precision": 0.9773013871374527,
      "recall": 0.983502538071066,
      "f1-score": 0.9803921568627451,
      "support": 1576.0
    },
    "ethnicity": {
      "precision": 0.9917298414886285,
      "recall": 0.9670698924731183,
      "f1-score": 0.9792446410343655,
      "support": 1488.0
    },
    "gender": {
      "precision": 0.8995786516853933,
      "recall": 0.8690637720488467,
      "f1-score": 0.8840579710144928,
      "support": 1474.0
    },
    "not_cyberbullying": {
      "precision": 0.611764705882353,
      "recall": 0.560530679933665,
      "f1-score": 0.5850281263522285,
      "support": 1206.0
    },
    "other_cyberbullying": {
      "precision": 0.6152141802067946,
      "recall": 0.68559670781893,
      "f1-score": 0.6485013623978202,
      "support": 1215.0
    },
    "religion": {
      "precision": 0.9460122699386503,
      "recall": 0.9692017598994344,
      "f1-score": 0.9574666252716547,
      "support": 1591.0
    }
  },
  "weighted_avg": {
    "precision": 0.8575764805340048,
    "recall": 0.8562573099415205,
    "f1-score": 0.8563880691054416,
    "support": 8550.0
  },
  "micro_avg": {
    "precision": 0.8562573099415205,
    "recall": 0.8562573099415205,
    "f1-score": 0.8562573099415205,
    "support": 8550
  },
  "macro_avg": {
    "precision": 0.8402668393898788,
    "recall": 0.8391608917075098,
    "f1-score": 0.8391151471555512,
    "support": 8550.0
  },
  "accuracy": 0.8562573099415205,
  "inference_time_seconds": 8.610488891601562,
  "energy_kwh": 0.0005369921318684012,
  "num_test_samples": 8550
}