{
  "per_class": {
    "Cyberstalking": {
      "precision": 0.7903225806451613,
      "recall": 0.8166666666666667,
      "f1-score": 0.8032786885245902,
      "support": 60.0
    },
    "Doxing": {
      "precision": 0.8333333333333334,
      "recall": 0.7954545454545454,
      "f1-score": 0.813953488372093,
      "support": 88.0
    },
    "Revenge Porn": {
      "precision": 0.7558139534883721,
      "recall": 0.8552631578947368,
      "f1-score": 0.8024691358024691,
      "support": 76.0
    },
    "Sexual Harassment": {
      "precision": 0.9042553191489362,
      "recall": 0.8585858585858586,
      "f1-score": 0.8808290155440415,
      "support": 99.0
    },
    "Slut Shaming": {
      "precision": 0.9583333333333334,
      "recall": 0.9292929292929293,
      "f1-score": 0.9435897435897436,
      "support": 99.0
    }
  },
  "weighted_avg": {
    "precision": 0.8592199650068815,
    "recall": 0.8554502369668247,
    "f1-score": 0.8564685776385117,
    "support": 422.0
  },
  "micro_avg": {
    "precision": 0.8554502369668247,
    "recall": 0.8554502369668247,
    "f1-score": 0.8554502369668247,
    "support": 422
  },
  "macro_avg": {
    "precision": 0.8484117039898272,
    "recall": 0.8510526315789473,
    "f1-score": 0.8488240143665875,
    "support": 422.0
  },
  "accuracy": 0.8554502369668247,
  "inference_time_seconds": 0.32228755950927734,
  "energy_kwh": 1.556651253891856e-05,
  "num_test_samples": 422
}