{
  "per_class": {
    "Cyberstalking": {
      "precision": 0.6857142857142857,
      "recall": 0.8,
      "f1-score": 0.7384615384615385,
      "support": 60.0
    },
    "Doxing": {
      "precision": 0.8170731707317073,
      "recall": 0.7613636363636364,
      "f1-score": 0.788235294117647,
      "support": 88.0
    },
    "Revenge Porn": {
      "precision": 0.7894736842105263,
      "recall": 0.7894736842105263,
      "f1-score": 0.7894736842105263,
      "support": 76.0
    },
    "Sexual Harassment": {
      "precision": 0.8854166666666666,
      "recall": 0.8585858585858586,
      "f1-score": 0.8717948717948718,
      "support": 99.0
    },
    "Slut Shaming": {
      "precision": 0.9387755102040817,
      "recall": 0.9292929292929293,
      "f1-score": 0.934010152284264,
      "support": 99.0
    }
  },
  "weighted_avg": {
    "precision": 0.8380102409418282,
    "recall": 0.8341232227488151,
    "f1-score": 0.8351826909333642,
    "support": 422.0
  },
  "micro_avg": {
    "precision": 0.8341232227488151,
    "recall": 0.8341232227488151,
    "f1-score": 0.8341232227488151,
    "support": 422
  },
  "macro_avg": {
    "precision": 0.8232906635054535,
    "recall": 0.8277432216905902,
    "f1-score": 0.8243951081737695,
    "support": 422.0
  },
  "accuracy": 0.8341232227488151,
  "inference_time_seconds": 0.33875370025634766,
  "energy_kwh": 1.6853593504663492e-05,
  "num_test_samples": 422
}