{
  "per_class": {
    "age": {
      "precision": 0.9709876543209877,
      "recall": 0.9843554443053817,
      "f1-score": 0.9776258545680547,
      "support": 1598.0
    },
    "ethnicity": {
      "precision": 0.9811794228356336,
      "recall": 0.9824120603015075,
      "f1-score": 0.9817953546767106,
      "support": 1592.0
    },
    "gender": {
      "precision": 0.9016602809706258,
      "recall": 0.8880503144654088,
      "f1-score": 0.8948035487959443,
      "support": 1590.0
    },
    "not_cyberbullying": {
      "precision": 0.692154255319149,
      "recall": 0.6559546313799622,
      "f1-score": 0.6735684244581042,
      "support": 1587.0
    },
    "other_cyberbullying": {
      "precision": 0.7254150702426565,
      "recall": 0.7258785942492013,
      "f1-score": 0.7256467582242095,
      "support": 1565.0
    },
    "religion": {
      "precision": 0.9334126040428062,
      "recall": 0.98125,
      "f1-score": 0.9567336989640464,
      "support": 1600.0
    }
  },
  "weighted_avg": {
    "precision": 0.8680758827205518,
    "recall": 0.8703315148971884,
    "f1-score": 0.8690061002317455,
    "support": 9532.0
  },
  "micro_avg": {
    "precision": 0.8703315148971884,
    "recall": 0.8703315148971884,
    "f1-score": 0.8703315148971884,
    "support": 9532
  },
  "macro_avg": {
    "precision": 0.8674682146219764,
    "recall": 0.8696501741169103,
    "f1-score": 0.8683622732811783,
    "support": 9532.0
  },
  "accuracy": 0.8703315148971884,
  "inference_time_seconds": 7.332698106765747,
  "energy_kwh": 0.00043958179259552814,
  "num_test_samples": 9532
}