{
  "per_class": {
    "age": {
      "precision": 0.9867507886435332,
      "recall": 0.9787234042553191,
      "f1-score": 0.9827207037386114,
      "support": 1598.0
    },
    "ethnicity": {
      "precision": 0.9854522454142948,
      "recall": 0.9786432160804021,
      "f1-score": 0.9820359281437125,
      "support": 1592.0
    },
    "gender": {
      "precision": 0.8827501534683855,
      "recall": 0.9044025157232705,
      "f1-score": 0.8934451693072383,
      "support": 1590.0
    },
    "not_cyberbullying": {
      "precision": 0.6801393728222996,
      "recall": 0.6149968494013862,
      "f1-score": 0.6459298477829252,
      "support": 1587.0
    },
    "other_cyberbullying": {
      "precision": 0.6731220657276995,
      "recall": 0.7329073482428115,
      "f1-score": 0.7017436524931172,
      "support": 1565.0
    },
    "religion": {
      "precision": 0.9655819774718398,
      "recall": 0.964375,
      "f1-score": 0.9649781113195748,
      "support": 1600.0
    }
  },
  "weighted_avg": {
    "precision": 0.8630915715961435,
    "recall": 0.8629878304657994,
    "f1-score": 0.8625315950558279,
    "support": 9532.0
  },
  "micro_avg": {
    "precision": 0.8629878304657994,
    "recall": 0.8629878304657994,
    "f1-score": 0.8629878304657994,
    "support": 9532
  },
  "macro_avg": {
    "precision": 0.8622994339246755,
    "recall": 0.8623413889505315,
    "f1-score": 0.8618089021308633,
    "support": 9532.0
  },
  "accuracy": 0.8629878304657994,
  "inference_time_seconds": 3.7423837184906006,
  "energy_kwh": 0.00022021595735903174,
  "num_test_samples": 9532
}