{
  "per_class": {
    "Cyberstalking": {
      "precision": 0.6764705882352942,
      "recall": 0.7666666666666667,
      "f1-score": 0.71875,
      "support": 60.0
    },
    "Doxing": {
      "precision": 0.825,
      "recall": 0.75,
      "f1-score": 0.7857142857142857,
      "support": 88.0
    },
    "Revenge Porn": {
      "precision": 0.7894736842105263,
      "recall": 0.7894736842105263,
      "f1-score": 0.7894736842105263,
      "support": 76.0
    },
    "Sexual Harassment": {
      "precision": 0.9157894736842105,
      "recall": 0.8787878787878788,
      "f1-score": 0.8969072164948454,
      "support": 99.0
    },
    "Slut Shaming": {
      "precision": 0.8737864077669902,
      "recall": 0.9090909090909091,
      "f1-score": 0.8910891089108911,
      "support": 99.0
    }
  },
  "weighted_avg": {
    "precision": 0.8302280747814847,
    "recall": 0.8270142180094787,
    "f1-score": 0.8276765245450831,
    "support": 422.0
  },
  "micro_avg": {
    "precision": 0.8270142180094787,
    "recall": 0.8270142180094787,
    "f1-score": 0.8270142180094787,
    "support": 422
  },
  "macro_avg": {
    "precision": 0.8161040307794041,
    "recall": 0.8188038277511962,
    "f1-score": 0.8163868590661097,
    "support": 422.0
  },
  "accuracy": 0.8270142180094787,
  "inference_time_seconds": 0.3597710132598877,
  "energy_kwh": 1.357883316197806e-05,
  "num_test_samples": 422
}