{
  "per_class": {
    "age": {
      "precision": 0.989240506329114,
      "recall": 0.9780976220275344,
      "f1-score": 0.9836375078665828,
      "support": 1598.0
    },
    "ethnicity": {
      "precision": 0.9955470737913485,
      "recall": 0.9830402010050251,
      "f1-score": 0.9892541087231352,
      "support": 1592.0
    },
    "gender": {
      "precision": 0.8740061162079511,
      "recall": 0.8987421383647799,
      "f1-score": 0.8862015503875968,
      "support": 1590.0
    },
    "not_cyberbullying": {
      "precision": 0.6835260115606936,
      "recall": 0.5960932577189666,
      "f1-score": 0.6368226186469202,
      "support": 1587.0
    },
    "other_cyberbullying": {
      "precision": 0.6800465386852821,
      "recall": 0.746964856230032,
      "f1-score": 0.7119366626065774,
      "support": 1565.0
    },
    "religion": {
      "precision": 0.9482338611449452,
      "recall": 0.973125,
      "f1-score": 0.9605181986428131,
      "support": 1600.0
    }
  },
  "weighted_avg": {
    "precision": 0.8625251559569443,
    "recall": 0.8633025597985732,
    "f1-score": 0.8620911911849315,
    "support": 9532.0
  },
  "micro_avg": {
    "precision": 0.8633025597985732,
    "recall": 0.8633025597985732,
    "f1-score": 0.8633025597985732,
    "support": 9532
  },
  "macro_avg": {
    "precision": 0.861766684619889,
    "recall": 0.8626771792243897,
    "f1-score": 0.861395107812271,
    "support": 9532.0
  },
  "accuracy": 0.8633025597985732,
  "inference_time_seconds": 8.482540369033813,
  "energy_kwh": 0.000422724897962751,
  "num_test_samples": 9532
}