{
  "per_class": {
    "emotion": {
      "precision": 0.8614318706697459,
      "recall": 0.7961579509071505,
      "f1-score": 0.8275097060454798,
      "support": 937.0
    },
    "hate": {
      "precision": 0.951735817104149,
      "recall": 0.9320066334991708,
      "f1-score": 0.941767909509845,
      "support": 2412.0
    },
    "offensive": {
      "precision": 0.8823767178658044,
      "recall": 0.9234348561759729,
      "f1-score": 0.9024390243902439,
      "support": 2364.0
    },
    "religion": {
      "precision": 0.9931807111544082,
      "recall": 0.9995098039215686,
      "f1-score": 0.9963352064500367,
      "support": 2040.0
    },
    "spiritual": {
      "precision": 0.9994152046783625,
      "recall": 0.9982476635514018,
      "f1-score": 0.9988310929281122,
      "support": 1712.0
    }
  },
  "weighted_avg": {
    "precision": 0.9430295294106572,
    "recall": 0.9429477020602218,
    "f1-score": 0.9427162491507554,
    "support": 9465.0
  },
  "micro_avg": {
    "precision": 0.9429477020602218,
    "recall": 0.9429477020602218,
    "f1-score": 0.9429477020602218,
    "support": 9465
  },
  "macro_avg": {
    "precision": 0.937628064294494,
    "recall": 0.929871381611053,
    "f1-score": 0.9333765878647435,
    "support": 9465.0
  },
  "accuracy": 0.9429477020602218,
  "inference_time_seconds": 9.232805252075195,
  "energy_kwh": 0.0005796571234215831,
  "num_test_samples": 9465
}