{
  "per_class": {
    "age": {
      "precision": 0.9849056603773585,
      "recall": 0.9923954372623575,
      "f1-score": 0.9886363636363636,
      "support": 1578.0
    },
    "ethnicity": {
      "precision": 0.9959211420802175,
      "recall": 0.9760159893404398,
      "f1-score": 0.9858681022880216,
      "support": 1501.0
    },
    "gender": {
      "precision": 0.9498546511627907,
      "recall": 0.8783602150537635,
      "f1-score": 0.9127094972067039,
      "support": 1488.0
    },
    "other_cyberbullying": {
      "precision": 0.8397389412617839,
      "recall": 0.9161392405063291,
      "f1-score": 0.8762769580022701,
      "support": 1264.0
    },
    "religion": {
      "precision": 0.9757160647571607,
      "recall": 0.9849151477058454,
      "f1-score": 0.980294025649046,
      "support": 1591.0
    }
  },
  "weighted_avg": {
    "precision": 0.9534137386218874,
    "recall": 0.951630288331986,
    "f1-score": 0.9519307201453219,
    "support": 7422.0
  },
  "micro_avg": {
    "precision": 0.951630288331986,
    "recall": 0.951630288331986,
    "f1-score": 0.951630288331986,
    "support": 7422
  },
  "macro_avg": {
    "precision": 0.9492272919278623,
    "recall": 0.9495652059737472,
    "f1-score": 0.948756989356481,
    "support": 7422.0
  },
  "accuracy": 0.951630288331986,
  "inference_time_seconds": 2.8398237228393555,
  "energy_kwh": 0.00019293838076764701,
  "num_test_samples": 7422
}