{
  "per_class": {
    "Cyberstalking": {
      "precision": 0.71875,
      "recall": 0.7666666666666667,
      "f1-score": 0.7419354838709677,
      "support": 60.0
    },
    "Doxing": {
      "precision": 0.7816091954022989,
      "recall": 0.7727272727272727,
      "f1-score": 0.7771428571428571,
      "support": 88.0
    },
    "Revenge Porn": {
      "precision": 0.7692307692307693,
      "recall": 0.7894736842105263,
      "f1-score": 0.7792207792207793,
      "support": 76.0
    },
    "Sexual Harassment": {
      "precision": 0.8723404255319149,
      "recall": 0.8282828282828283,
      "f1-score": 0.8497409326424871,
      "support": 99.0
    },
    "Slut Shaming": {
      "precision": 0.9090909090909091,
      "recall": 0.9090909090909091,
      "f1-score": 0.9090909090909091,
      "support": 99.0
    }
  },
  "weighted_avg": {
    "precision": 0.8216347151293847,
    "recall": 0.8199052132701422,
    "f1-score": 0.8204972322588031,
    "support": 422.0
  },
  "micro_avg": {
    "precision": 0.8199052132701422,
    "recall": 0.8199052132701422,
    "f1-score": 0.8199052132701422,
    "support": 422
  },
  "macro_avg": {
    "precision": 0.8102042598511783,
    "recall": 0.8132482721956406,
    "f1-score": 0.8114261923936,
    "support": 422.0
  },
  "accuracy": 0.8199052132701422,
  "inference_time_seconds": 0.30682992935180664,
  "energy_kwh": 1.7597528558341404e-05,
  "num_test_samples": 422
}