{
  "per_class": {
    "Cyberstalking": {
      "precision": 0.8461538461538461,
      "recall": 0.7333333333333333,
      "f1-score": 0.7857142857142857,
      "support": 60.0
    },
    "Doxing": {
      "precision": 0.8571428571428571,
      "recall": 0.75,
      "f1-score": 0.8,
      "support": 88.0
    },
    "Revenge Porn": {
      "precision": 0.7032967032967034,
      "recall": 0.8421052631578947,
      "f1-score": 0.7664670658682635,
      "support": 76.0
    },
    "Sexual Harassment": {
      "precision": 0.8468468468468469,
      "recall": 0.9494949494949495,
      "f1-score": 0.8952380952380953,
      "support": 99.0
    },
    "Slut Shaming": {
      "precision": 0.9560439560439561,
      "recall": 0.8787878787878788,
      "f1-score": 0.9157894736842105,
      "support": 99.0
    }
  },
  "weighted_avg": {
    "precision": 0.848660050081851,
    "recall": 0.8412322274881516,
    "f1-score": 0.8414362167586575,
    "support": 422.0
  },
  "micro_avg": {
    "precision": 0.8412322274881516,
    "recall": 0.8412322274881516,
    "f1-score": 0.8412322274881516,
    "support": 422
  },
  "macro_avg": {
    "precision": 0.8418968418968419,
    "recall": 0.8307442849548112,
    "f1-score": 0.8326417841009711,
    "support": 422.0
  },
  "accuracy": 0.8412322274881516,
  "inference_time_seconds": 0.30886268615722656,
  "energy_kwh": 1.299973455172556e-05,
  "num_test_samples": 422
}