{
  "per_class": {
    "age": {
      "precision": 0.9802347127856702,
      "recall": 0.991875,
      "f1-score": 0.9860205032618826,
      "support": 1600.0
    },
    "ethnicity": {
      "precision": 0.9899180844360429,
      "recall": 0.981875,
      "f1-score": 0.9858801380608723,
      "support": 1600.0
    },
    "gender": {
      "precision": 0.9189857761286333,
      "recall": 0.9281698938163647,
      "f1-score": 0.9235550031075201,
      "support": 1601.0
    },
    "other_cyberbullying": {
      "precision": 0.9127943984723106,
      "recall": 0.8956901936289818,
      "f1-score": 0.9041614123581336,
      "support": 1601.0
    },
    "religion": {
      "precision": 0.986318407960199,
      "recall": 0.99125,
      "f1-score": 0.9887780548628429,
      "support": 1600.0
    }
  },
  "weighted_avg": {
    "precision": 0.9576398385187667,
    "recall": 0.9577605598600349,
    "f1-score": 0.9576680698647174,
    "support": 8002.0
  },
  "micro_avg": {
    "precision": 0.9577605598600349,
    "recall": 0.9577605598600349,
    "f1-score": 0.9577605598600349,
    "support": 8002
  },
  "macro_avg": {
    "precision": 0.9576502759565713,
    "recall": 0.9577720174890694,
    "f1-score": 0.9576790223302503,
    "support": 8002.0
  },
  "accuracy": 0.9577605598600349,
  "inference_time_seconds": 5.893712282180786,
  "energy_kwh": 0.0003894927578661939,
  "num_test_samples": 8002
}