{
  "per_class": {
    "age": {
      "precision": 0.9848675914249685,
      "recall": 0.9904882688649335,
      "f1-score": 0.9876699336073348,
      "support": 1577.0
    },
    "ethnicity": {
      "precision": 0.9932432432432432,
      "recall": 0.982620320855615,
      "f1-score": 0.9879032258064516,
      "support": 1496.0
    },
    "gender": {
      "precision": 0.9319298245614035,
      "recall": 0.8930733019502354,
      "f1-score": 0.9120879120879121,
      "support": 1487.0
    },
    "other_cyberbullying": {
      "precision": 0.8487084870848709,
      "recall": 0.9098101265822784,
      "f1-score": 0.8781977854142803,
      "support": 1264.0
    },
    "religion": {
      "precision": 0.9917144678138942,
      "recall": 0.9780012570710245,
      "f1-score": 0.9848101265822785,
      "support": 1591.0
    }
  },
  "weighted_avg": {
    "precision": 0.9541999971219227,
    "recall": 0.9529332434254889,
    "f1-score": 0.9532850099171948,
    "support": 7415.0
  },
  "micro_avg": {
    "precision": 0.9529332434254889,
    "recall": 0.9529332434254889,
    "f1-score": 0.9529332434254889,
    "support": 7415
  },
  "macro_avg": {
    "precision": 0.950092722825676,
    "recall": 0.9507986550648175,
    "f1-score": 0.9501337966996515,
    "support": 7415.0
  },
  "accuracy": 0.9529332434254889,
  "inference_time_seconds": 12.280869483947754,
  "energy_kwh": 0.0007760156164659217,
  "num_test_samples": 7415
}