{
  "per_class": {
    "emotion": {
      "precision": 0.9223300970873787,
      "recall": 0.9443339960238568,
      "f1-score": 0.9332023575638507,
      "support": 1006.0
    },
    "hate": {
      "precision": 0.9614779874213837,
      "recall": 0.9656533754441374,
      "f1-score": 0.9635611581642702,
      "support": 2533.0
    },
    "offensive": {
      "precision": 0.9704077950198484,
      "recall": 0.9576210826210826,
      "f1-score": 0.9639720379996415,
      "support": 2808.0
    },
    "religion": {
      "precision": 0.9995173745173745,
      "recall": 0.9985535197685632,
      "f1-score": 0.9990352146647371,
      "support": 2074.0
    },
    "spiritual": {
      "precision": 0.9976945244956772,
      "recall": 1.0,
      "f1-score": 0.9988459319099827,
      "support": 1731.0
    }
  },
  "weighted_avg": {
    "precision": 0.9740150871626334,
    "recall": 0.973896769109535,
    "f1-score": 0.973929945960714,
    "support": 10152.0
  },
  "micro_avg": {
    "precision": 0.973896769109535,
    "recall": 0.973896769109535,
    "f1-score": 0.973896769109535,
    "support": 10152
  },
  "macro_avg": {
    "precision": 0.9702855557083325,
    "recall": 0.973232394771528,
    "f1-score": 0.9717233400604964,
    "support": 10152.0
  },
  "accuracy": 0.973896769109535,
  "inference_time_seconds": 8.014228582382202,
  "energy_kwh": 0.00046896520925318895,
  "num_test_samples": 10152
}