{
  "per_class": {
    "age": {
      "precision": 0.9836272040302267,
      "recall": 0.9904882688649335,
      "f1-score": 0.987045813586098,
      "support": 1577.0
    },
    "ethnicity": {
      "precision": 0.9884823848238482,
      "recall": 0.9824915824915825,
      "f1-score": 0.9854778790949004,
      "support": 1485.0
    },
    "gender": {
      "precision": 0.9225496915695682,
      "recall": 0.9063973063973064,
      "f1-score": 0.9144021739130435,
      "support": 1485.0
    },
    "other_cyberbullying": {
      "precision": 0.8625192012288786,
      "recall": 0.8891528107680127,
      "f1-score": 0.8756335282651072,
      "support": 1263.0
    },
    "religion": {
      "precision": 0.9892200380469245,
      "recall": 0.9798994974874372,
      "f1-score": 0.9845377090564847,
      "support": 1592.0
    }
  },
  "weighted_avg": {
    "precision": 0.9528860829401066,
    "recall": 0.9524452850580925,
    "f1-score": 0.9526077149093256,
    "support": 7402.0
  },
  "micro_avg": {
    "precision": 0.9524452850580925,
    "recall": 0.9524452850580925,
    "f1-score": 0.9524452850580925,
    "support": 7402
  },
  "macro_avg": {
    "precision": 0.9492797039398893,
    "recall": 0.9496858932018546,
    "f1-score": 0.9494194207831267,
    "support": 7402.0
  },
  "accuracy": 0.9524452850580925,
  "inference_time_seconds": 7.293408155441284,
  "energy_kwh": 0.0004254014797796427,
  "num_test_samples": 7402
}