{
  "per_class": {
    "age": {
      "precision": 0.9899874843554443,
      "recall": 0.98875,
      "f1-score": 0.9893683552220137,
      "support": 1600.0
    },
    "ethnicity": {
      "precision": 0.9905243209096652,
      "recall": 0.98,
      "f1-score": 0.9852340559220861,
      "support": 1600.0
    },
    "gender": {
      "precision": 0.930111038536904,
      "recall": 0.8894440974391006,
      "f1-score": 0.909323116219668,
      "support": 1601.0
    },
    "other_cyberbullying": {
      "precision": 0.8682811577082102,
      "recall": 0.9181761399125546,
      "f1-score": 0.8925318761384335,
      "support": 1601.0
    },
    "religion": {
      "precision": 0.989355040701315,
      "recall": 0.9875,
      "f1-score": 0.9884266499843604,
      "support": 1600.0
    }
  },
  "weighted_avg": {
    "precision": 0.9536381979173593,
    "recall": 0.9527618095476131,
    "f1-score": 0.9529638016209518,
    "support": 8002.0
  },
  "micro_avg": {
    "precision": 0.9527618095476131,
    "recall": 0.9527618095476131,
    "f1-score": 0.9527618095476131,
    "support": 8002
  },
  "macro_avg": {
    "precision": 0.9536518084423078,
    "recall": 0.9527740474703311,
    "f1-score": 0.9529768106973122,
    "support": 8002.0
  },
  "accuracy": 0.9527618095476131,
  "inference_time_seconds": 6.854670524597168,
  "energy_kwh": 0.00034392624596258926,
  "num_test_samples": 8002
}