{
  "per_class": {
    "age": {
      "precision": 0.9867424242424242,
      "recall": 0.9911223842739378,
      "f1-score": 0.9889275545713382,
      "support": 1577.0
    },
    "ethnicity": {
      "precision": 0.9879598662207358,
      "recall": 0.9879598662207358,
      "f1-score": 0.9879598662207358,
      "support": 1495.0
    },
    "gender": {
      "precision": 0.9289617486338798,
      "recall": 0.9133646742780389,
      "f1-score": 0.921097189299018,
      "support": 1489.0
    },
    "other_cyberbullying": {
      "precision": 0.8798751950078003,
      "recall": 0.891699604743083,
      "f1-score": 0.8857479387514723,
      "support": 1265.0
    },
    "religion": {
      "precision": 0.9868255959849436,
      "recall": 0.9874450721908349,
      "f1-score": 0.9871352368999059,
      "support": 1593.0
    }
  },
  "weighted_avg": {
    "precision": 0.9571872412501728,
    "recall": 0.9571370804690659,
    "f1-score": 0.9571411299807792,
    "support": 7419.0
  },
  "micro_avg": {
    "precision": 0.9571370804690659,
    "recall": 0.9571370804690659,
    "f1-score": 0.9571370804690659,
    "support": 7419
  },
  "macro_avg": {
    "precision": 0.9540729660179567,
    "recall": 0.954318320341326,
    "f1-score": 0.9541735571484941,
    "support": 7419.0
  },
  "accuracy": 0.9571370804690659,
  "inference_time_seconds": 3.8805811405181885,
  "energy_kwh": 0.0002238517775157866,
  "num_test_samples": 7419
}