{
  "per_class": {
    "emotion": {
      "precision": 0.9290123456790124,
      "recall": 0.8976143141153081,
      "f1-score": 0.9130434782608695,
      "support": 1006.0
    },
    "hate": {
      "precision": 0.9613869188337274,
      "recall": 0.9632846427161469,
      "f1-score": 0.9623348451981858,
      "support": 2533.0
    },
    "offensive": {
      "precision": 0.9597883597883597,
      "recall": 0.969017094017094,
      "f1-score": 0.9643806485911749,
      "support": 2808.0
    },
    "religion": {
      "precision": 0.9975938402309913,
      "recall": 0.9995178399228544,
      "f1-score": 0.9985549132947977,
      "support": 2074.0
    },
    "spiritual": {
      "precision": 0.9994216310005783,
      "recall": 0.9982668977469671,
      "f1-score": 0.9988439306358381,
      "support": 1731.0
    }
  },
  "weighted_avg": {
    "precision": 0.971618761558876,
    "recall": 0.971729708431836,
    "f1-score": 0.9716409079359244,
    "support": 10152.0
  },
  "micro_avg": {
    "precision": 0.971729708431836,
    "recall": 0.971729708431836,
    "f1-score": 0.971729708431836,
    "support": 10152
  },
  "macro_avg": {
    "precision": 0.9694406191065337,
    "recall": 0.9655401577036742,
    "f1-score": 0.9674315631961733,
    "support": 10152.0
  },
  "accuracy": 0.971729708431836,
  "inference_time_seconds": 8.298885583877563,
  "energy_kwh": 0.0005037149506845892,
  "num_test_samples": 10152
}