{
  "per_class": {
    "age": {
      "precision": 0.9812382739212008,
      "recall": 0.9818523153942428,
      "f1-score": 0.9815451986237097,
      "support": 1598.0
    },
    "ethnicity": {
      "precision": 0.991725015913431,
      "recall": 0.9786432160804021,
      "f1-score": 0.9851406892190958,
      "support": 1592.0
    },
    "gender": {
      "precision": 0.8991703892788768,
      "recall": 0.8861635220125786,
      "f1-score": 0.8926195755464048,
      "support": 1590.0
    },
    "not_cyberbullying": {
      "precision": 0.6995175740868367,
      "recall": 0.6395715185885318,
      "f1-score": 0.6682027649769585,
      "support": 1587.0
    },
    "other_cyberbullying": {
      "precision": 0.6894923258559622,
      "recall": 0.7463258785942491,
      "f1-score": 0.7167842896594048,
      "support": 1565.0
    },
    "religion": {
      "precision": 0.9472727272727273,
      "recall": 0.976875,
      "f1-score": 0.9618461538461538,
      "support": 1600.0
    }
  },
  "weighted_avg": {
    "precision": 0.8687948121790212,
    "recall": 0.8688627780109106,
    "f1-score": 0.8683673287080906,
    "support": 9532.0
  },
  "micro_avg": {
    "precision": 0.8688627780109106,
    "recall": 0.8688627780109106,
    "f1-score": 0.8688627780109106,
    "support": 9532
  },
  "macro_avg": {
    "precision": 0.8680693843881725,
    "recall": 0.8682385751116674,
    "f1-score": 0.8676897786452881,
    "support": 9532.0
  },
  "accuracy": 0.8688627780109106,
  "inference_time_seconds": 3.3737292289733887,
  "energy_kwh": 0.00020838209307967926,
  "num_test_samples": 9532
}