{
  "per_class": {
    "emotion": {
      "precision": 0.8316733067729084,
      "recall": 0.8300198807157058,
      "f1-score": 0.8308457711442786,
      "support": 1006.0
    },
    "hate": {
      "precision": 0.9436846339501207,
      "recall": 0.9261744966442953,
      "f1-score": 0.9348475791990436,
      "support": 2533.0
    },
    "offensive": {
      "precision": 0.8995433789954338,
      "recall": 0.9120370370370371,
      "f1-score": 0.9057471264367816,
      "support": 2808.0
    },
    "religion": {
      "precision": 0.9932885906040269,
      "recall": 0.9990356798457087,
      "f1-score": 0.9961538461538462,
      "support": 2074.0
    },
    "spiritual": {
      "precision": 1.0,
      "recall": 0.998844598497978,
      "f1-score": 0.999421965317919,
      "support": 1731.0
    }
  },
  "weighted_avg": {
    "precision": 0.9401117877798593,
    "recall": 0.9400118203309693,
    "f1-score": 0.9400275998626083,
    "support": 10152.0
  },
  "micro_avg": {
    "precision": 0.9400118203309693,
    "recall": 0.9400118203309693,
    "f1-score": 0.9400118203309693,
    "support": 10152
  },
  "macro_avg": {
    "precision": 0.9336379820644979,
    "recall": 0.9332223385481451,
    "f1-score": 0.9334032576503738,
    "support": 10152.0
  },
  "accuracy": 0.9400118203309693,
  "inference_time_seconds": 6.244966506958008,
  "energy_kwh": 0.00038515493814975213,
  "num_test_samples": 10152
}