{
  "per_class": {
    "emotion": {
      "precision": 0.9208333333333333,
      "recall": 0.878727634194831,
      "f1-score": 0.8992878942014242,
      "support": 1006.0
    },
    "hate": {
      "precision": 0.94679186228482,
      "recall": 0.9553888669561784,
      "f1-score": 0.9510709373157792,
      "support": 2533.0
    },
    "offensive": {
      "precision": 0.9416135881104034,
      "recall": 0.9476495726495726,
      "f1-score": 0.9446219382321619,
      "support": 2808.0
    },
    "religion": {
      "precision": 0.9956772334293948,
      "recall": 0.9995178399228544,
      "f1-score": 0.9975938402309913,
      "support": 2074.0
    },
    "spiritual": {
      "precision": 0.9994212962962963,
      "recall": 0.997689196995956,
      "f1-score": 0.9985544955189362,
      "support": 1731.0
    }
  },
  "weighted_avg": {
    "precision": 0.9617480222553436,
    "recall": 0.9618794326241135,
    "f1-score": 0.9617565174079753,
    "support": 10152.0
  },
  "micro_avg": {
    "precision": 0.9618794326241135,
    "recall": 0.9618794326241135,
    "f1-score": 0.9618794326241135,
    "support": 10152
  },
  "macro_avg": {
    "precision": 0.9608674626908495,
    "recall": 0.9557946221438784,
    "f1-score": 0.9582258210998585,
    "support": 10152.0
  },
  "accuracy": 0.9618794326241135,
  "inference_time_seconds": 5.530831575393677,
  "energy_kwh": 0.00030148108525054966,
  "num_test_samples": 10152
}