{
  "per_class": {
    "age": {
      "precision": 0.985065339141257,
      "recall": 0.989375,
      "f1-score": 0.987215466167758,
      "support": 1600.0
    },
    "ethnicity": {
      "precision": 0.9949077021005729,
      "recall": 0.976875,
      "f1-score": 0.9858088930936613,
      "support": 1600.0
    },
    "gender": {
      "precision": 0.92488860598345,
      "recall": 0.9075577763897564,
      "f1-score": 0.9161412358133669,
      "support": 1601.0
    },
    "other_cyberbullying": {
      "precision": 0.8883495145631068,
      "recall": 0.9144284821986258,
      "f1-score": 0.9012003693444137,
      "support": 1601.0
    },
    "religion": {
      "precision": 0.9838006230529595,
      "recall": 0.986875,
      "f1-score": 0.9853354134165366,
      "support": 1600.0
    }
  },
  "weighted_avg": {
    "precision": 0.9553901641922895,
    "recall": 0.955011247188203,
    "f1-score": 0.9551286611025163,
    "support": 8002.0
  },
  "micro_avg": {
    "precision": 0.955011247188203,
    "recall": 0.955011247188203,
    "f1-score": 0.955011247188203,
    "support": 8002
  },
  "macro_avg": {
    "precision": 0.9554023569682691,
    "recall": 0.9550222517176763,
    "f1-score": 0.9551402755671473,
    "support": 8002.0
  },
  "accuracy": 0.955011247188203,
  "inference_time_seconds": 4.003609657287598,
  "energy_kwh": 1.4217867724952743e-06,
  "num_test_samples": 8002
}