{
  "per_class": {
    "emotion": {
      "precision": 0.9388164493480441,
      "recall": 0.9304174950298211,
      "f1-score": 0.9345981028457314,
      "support": 1006.0
    },
    "hate": {
      "precision": 0.9758032526775089,
      "recall": 0.9711804184761152,
      "f1-score": 0.9734863474475662,
      "support": 2533.0
    },
    "offensive": {
      "precision": 0.9642857142857143,
      "recall": 0.9711538461538461,
      "f1-score": 0.9677075940383251,
      "support": 2808.0
    },
    "religion": {
      "precision": 0.9980750721847931,
      "recall": 1.0,
      "f1-score": 0.9990366088631984,
      "support": 2074.0
    },
    "spiritual": {
      "precision": 1.0,
      "recall": 0.9982668977469671,
      "f1-score": 0.9991326973113617,
      "support": 1731.0
    }
  },
  "weighted_avg": {
    "precision": 0.9776281493796108,
    "recall": 0.9776398739164697,
    "f1-score": 0.9776270842627413,
    "support": 10152.0
  },
  "micro_avg": {
    "precision": 0.9776398739164697,
    "recall": 0.9776398739164697,
    "f1-score": 0.9776398739164697,
    "support": 10152
  },
  "macro_avg": {
    "precision": 0.975396097699212,
    "recall": 0.97420373148135,
    "f1-score": 0.9747922701012366,
    "support": 10152.0
  },
  "accuracy": 0.9776398739164697,
  "inference_time_seconds": 7.547600746154785,
  "energy_kwh": 0.0004922790100614214,
  "num_test_samples": 10152
}