{
  "per_class": {
    "age": {
      "precision": 0.9820099255583127,
      "recall": 0.989375,
      "f1-score": 0.9856787048567871,
      "support": 1600.0
    },
    "ethnicity": {
      "precision": 0.9842866121935889,
      "recall": 0.97875,
      "f1-score": 0.9815104982764024,
      "support": 1600.0
    },
    "gender": {
      "precision": 0.9383983572895277,
      "recall": 0.8563397876327296,
      "f1-score": 0.8954931417374266,
      "support": 1601.0
    },
    "other_cyberbullying": {
      "precision": 0.8477011494252874,
      "recall": 0.9212991880074953,
      "f1-score": 0.8829691709069141,
      "support": 1601.0
    },
    "religion": {
      "precision": 0.9856070087609512,
      "recall": 0.984375,
      "f1-score": 0.9849906191369606,
      "support": 1600.0
    }
  },
  "weighted_avg": {
    "precision": 0.9475869763397878,
    "recall": 0.9460134966258436,
    "f1-score": 0.9461142062204236,
    "support": 8002.0
  },
  "micro_avg": {
    "precision": 0.9460134966258436,
    "recall": 0.9460134966258436,
    "f1-score": 0.9460134966258436,
    "support": 8002
  },
  "macro_avg": {
    "precision": 0.9476006106455335,
    "recall": 0.9460277951280449,
    "f1-score": 0.9461284269828981,
    "support": 8002.0
  },
  "accuracy": 0.9460134966258436,
  "inference_time_seconds": 4.850703954696655,
  "energy_kwh": 0.000304362897652377,
  "num_test_samples": 8002
}