{
  "per_class": {
    "age": {
      "precision": 0.9891581632653061,
      "recall": 0.9835129993658845,
      "f1-score": 0.9863275039745628,
      "support": 1577.0
    },
    "ethnicity": {
      "precision": 0.9945689069925322,
      "recall": 0.9766666666666667,
      "f1-score": 0.9855364951227716,
      "support": 1500.0
    },
    "gender": {
      "precision": 0.9373239436619718,
      "recall": 0.8926894701542589,
      "f1-score": 0.9144623840604603,
      "support": 1491.0
    },
    "other_cyberbullying": {
      "precision": 0.8419144307469181,
      "recall": 0.9221604447974583,
      "f1-score": 0.8802122820318423,
      "support": 1259.0
    },
    "religion": {
      "precision": 0.9892336922102597,
      "recall": 0.9811557788944724,
      "f1-score": 0.9851781772311574,
      "support": 1592.0
    }
  },
  "weighted_avg": {
    "precision": 0.9548640100104178,
    "recall": 0.9529586197600755,
    "f1-score": 0.953470488248589,
    "support": 7419.0
  },
  "micro_avg": {
    "precision": 0.9529586197600755,
    "recall": 0.9529586197600755,
    "f1-score": 0.9529586197600755,
    "support": 7419
  },
  "macro_avg": {
    "precision": 0.9504398273753976,
    "recall": 0.9512370719757482,
    "f1-score": 0.9503433684841589,
    "support": 7419.0
  },
  "accuracy": 0.9529586197600755,
  "inference_time_seconds": 3.0525879859924316,
  "energy_kwh": 0.00017058803517799648,
  "num_test_samples": 7419
}