{
  "per_class": {
    "Cyberstalking": {
      "precision": 0.7333333333333333,
      "recall": 0.7333333333333333,
      "f1-score": 0.7333333333333333,
      "support": 60.0
    },
    "Doxing": {
      "precision": 0.868421052631579,
      "recall": 0.75,
      "f1-score": 0.8048780487804879,
      "support": 88.0
    },
    "Revenge Porn": {
      "precision": 0.7261904761904762,
      "recall": 0.8026315789473685,
      "f1-score": 0.7625,
      "support": 76.0
    },
    "Sexual Harassment": {
      "precision": 0.7981651376146789,
      "recall": 0.8787878787878788,
      "f1-score": 0.8365384615384616,
      "support": 99.0
    },
    "Slut Shaming": {
      "precision": 0.9247311827956989,
      "recall": 0.8686868686868687,
      "f1-score": 0.8958333333333334,
      "support": 99.0
    }
  },
  "weighted_avg": {
    "precision": 0.8203276410964041,
    "recall": 0.8151658767772512,
    "f1-score": 0.8158390426184612,
    "support": 422.0
  },
  "micro_avg": {
    "precision": 0.8151658767772512,
    "recall": 0.8151658767772512,
    "f1-score": 0.8151658767772512,
    "support": 422
  },
  "macro_avg": {
    "precision": 0.8101682365131533,
    "recall": 0.80668793195109,
    "f1-score": 0.8066166353971231,
    "support": 422.0
  },
  "accuracy": 0.8151658767772512,
  "inference_time_seconds": 0.1123509407043457,
  "energy_kwh": 2.4354575980241845e-05,
  "num_test_samples": 422
}