{
  "per_class": {
    "emotion": {
      "precision": 0.9269311064718163,
      "recall": 0.882703777335984,
      "f1-score": 0.9042769857433809,
      "support": 1006.0
    },
    "hate": {
      "precision": 0.9635354736424891,
      "recall": 0.959731543624161,
      "f1-score": 0.961629746835443,
      "support": 2533.0
    },
    "offensive": {
      "precision": 0.9500174764068507,
      "recall": 0.967948717948718,
      "f1-score": 0.9588992767683895,
      "support": 2808.0
    },
    "religion": {
      "precision": 0.9956793086893903,
      "recall": 1.0,
      "f1-score": 0.997834977146981,
      "support": 2074.0
    },
    "spiritual": {
      "precision": 1.0,
      "recall": 0.997689196995956,
      "f1-score": 0.9988432620011567,
      "support": 1731.0
    }
  },
  "weighted_avg": {
    "precision": 0.9689535074684107,
    "recall": 0.969070133963751,
    "f1-score": 0.968932958499261,
    "support": 10152.0
  },
  "micro_avg": {
    "precision": 0.969070133963751,
    "recall": 0.969070133963751,
    "f1-score": 0.969070133963751,
    "support": 10152
  },
  "macro_avg": {
    "precision": 0.9672326730421092,
    "recall": 0.9616146471809639,
    "f1-score": 0.9642968496990703,
    "support": 10152.0
  },
  "accuracy": 0.969070133963751,
  "inference_time_seconds": 4.311939716339111,
  "energy_kwh": 0.00023003926221735053,
  "num_test_samples": 10152
}