{
  "per_class": {
    "age": {
      "precision": 0.9904822335025381,
      "recall": 0.9904822335025381,
      "f1-score": 0.9904822335025381,
      "support": 1576.0
    },
    "ethnicity": {
      "precision": 0.9899125756556826,
      "recall": 0.9832999331997327,
      "f1-score": 0.9865951742627346,
      "support": 1497.0
    },
    "gender": {
      "precision": 0.9492857142857143,
      "recall": 0.8931451612903226,
      "f1-score": 0.9203601108033241,
      "support": 1488.0
    },
    "other_cyberbullying": {
      "precision": 0.8548387096774194,
      "recall": 0.9239302694136292,
      "f1-score": 0.8880426504188881,
      "support": 1262.0
    },
    "religion": {
      "precision": 0.9873976055450535,
      "recall": 0.9849151477058454,
      "f1-score": 0.9861548143486469,
      "support": 1591.0
    }
  },
  "weighted_avg": {
    "precision": 0.9583480321889375,
    "recall": 0.956973293768546,
    "f1-score": 0.9572580193153485,
    "support": 7414.0
  },
  "micro_avg": {
    "precision": 0.956973293768546,
    "recall": 0.956973293768546,
    "f1-score": 0.956973293768546,
    "support": 7414
  },
  "macro_avg": {
    "precision": 0.9543833677332815,
    "recall": 0.9551545490224136,
    "f1-score": 0.9543269966672264,
    "support": 7414.0
  },
  "accuracy": 0.956973293768546,
  "inference_time_seconds": 3.871358871459961,
  "energy_kwh": 0.00022377872655260258,
  "num_test_samples": 7414
}