{
  "per_class": {
    "Cyberstalking": {
      "precision": 0.7358490566037735,
      "recall": 0.6842105263157895,
      "f1-score": 0.7090909090909091,
      "support": 57.0
    },
    "Doxing": {
      "precision": 0.7294117647058823,
      "recall": 0.775,
      "f1-score": 0.7515151515151515,
      "support": 80.0
    },
    "Revenge Porn": {
      "precision": 0.7466666666666667,
      "recall": 0.7887323943661971,
      "f1-score": 0.7671232876712328,
      "support": 71.0
    },
    "Sexual Harassment": {
      "precision": 0.8072289156626506,
      "recall": 0.8170731707317073,
      "f1-score": 0.8121212121212121,
      "support": 82.0
    },
    "Slut Shaming": {
      "precision": 0.9135802469135802,
      "recall": 0.8505747126436781,
      "f1-score": 0.8809523809523809,
      "support": 87.0
    }
  },
  "weighted_avg": {
    "precision": 0.7930608045146893,
    "recall": 0.7904509283819628,
    "f1-score": 0.7910926893921698,
    "support": 377.0
  },
  "micro_avg": {
    "precision": 0.7904509283819628,
    "recall": 0.7904509283819628,
    "f1-score": 0.7904509283819628,
    "support": 377
  },
  "macro_avg": {
    "precision": 0.7865473301105108,
    "recall": 0.7831181608114745,
    "f1-score": 0.7841605882701772,
    "support": 377.0
  },
  "accuracy": 0.7904509283819628,
  "inference_time_seconds": 0.6003115177154541,
  "energy_kwh": 5.713837000495159e-05,
  "num_test_samples": 377
}