{
  "per_class": {
    "Cyberstalking": {
      "precision": 0.8571428571428571,
      "recall": 0.8076923076923077,
      "f1-score": 0.8316831683168316,
      "support": 52.0
    },
    "Doxing": {
      "precision": 0.859375,
      "recall": 0.7432432432432432,
      "f1-score": 0.7971014492753623,
      "support": 74.0
    },
    "Revenge Porn": {
      "precision": 0.828125,
      "recall": 0.7571428571428571,
      "f1-score": 0.7910447761194029,
      "support": 70.0
    },
    "Sexual Harassment": {
      "precision": 0.7790697674418605,
      "recall": 0.8589743589743589,
      "f1-score": 0.8170731707317073,
      "support": 78.0
    },
    "Slut Shaming": {
      "precision": 0.8415841584158416,
      "recall": 0.9444444444444444,
      "f1-score": 0.8900523560209425,
      "support": 90.0
    }
  },
  "weighted_avg": {
    "precision": 0.8314394084871413,
    "recall": 0.8296703296703297,
    "f1-score": 0.8281389716652974,
    "support": 364.0
  },
  "micro_avg": {
    "precision": 0.8296703296703297,
    "recall": 0.8296703296703297,
    "f1-score": 0.8296703296703297,
    "support": 364
  },
  "macro_avg": {
    "precision": 0.8330593566001119,
    "recall": 0.8222994422994423,
    "f1-score": 0.8253909840928493,
    "support": 364.0
  },
  "accuracy": 0.8296703296703297,
  "inference_time_seconds": 0.4425318241119385,
  "energy_kwh": 2.6337451883056024e-05,
  "num_test_samples": 364
}