{
  "per_class": {
    "age": {
      "precision": 0.9794648413192284,
      "recall": 0.9849812265331664,
      "f1-score": 0.9822152886115445,
      "support": 1598.0
    },
    "ethnicity": {
      "precision": 0.9917091836734694,
      "recall": 0.9767587939698492,
      "f1-score": 0.9841772151898734,
      "support": 1592.0
    },
    "gender": {
      "precision": 0.9028391167192429,
      "recall": 0.9,
      "f1-score": 0.9014173228346457,
      "support": 1590.0
    },
    "not_cyberbullying": {
      "precision": 0.7225806451612903,
      "recall": 0.6351606805293005,
      "f1-score": 0.676056338028169,
      "support": 1587.0
    },
    "other_cyberbullying": {
      "precision": 0.6977676016027475,
      "recall": 0.7789137380191693,
      "f1-score": 0.7361111111111112,
      "support": 1565.0
    },
    "religion": {
      "precision": 0.9539877300613497,
      "recall": 0.971875,
      "f1-score": 0.9628482972136223,
      "support": 1600.0
    }
  },
  "weighted_avg": {
    "precision": 0.8754324570811282,
    "recall": 0.8751573646663869,
    "f1-score": 0.8744351944997903,
    "support": 9532.0
  },
  "micro_avg": {
    "precision": 0.8751573646663869,
    "recall": 0.8751573646663869,
    "f1-score": 0.8751573646663869,
    "support": 9532
  },
  "macro_avg": {
    "precision": 0.8747248530895547,
    "recall": 0.8746149065085809,
    "f1-score": 0.8738042621648278,
    "support": 9532.0
  },
  "accuracy": 0.8751573646663869,
  "inference_time_seconds": 7.851088047027588,
  "energy_kwh": 0.0004690777547767767,
  "num_test_samples": 9532
}