{
  "per_class": {
    "age": {
      "precision": 0.9851208927464352,
      "recall": 0.993125,
      "f1-score": 0.9891067538126361,
      "support": 1600.0
    },
    "ethnicity": {
      "precision": 0.9893081761006289,
      "recall": 0.983125,
      "f1-score": 0.9862068965517241,
      "support": 1600.0
    },
    "gender": {
      "precision": 0.9354422207876049,
      "recall": 0.9050593379138039,
      "f1-score": 0.92,
      "support": 1601.0
    },
    "other_cyberbullying": {
      "precision": 0.8941318814277072,
      "recall": 0.9231730168644597,
      "f1-score": 0.9084204056545789,
      "support": 1601.0
    },
    "religion": {
      "precision": 0.989355040701315,
      "recall": 0.9875,
      "f1-score": 0.9884266499843604,
      "support": 1600.0
    }
  },
  "weighted_avg": {
    "precision": 0.9586606739470285,
    "recall": 0.9583854036490878,
    "f1-score": 0.9584210884792469,
    "support": 8002.0
  },
  "micro_avg": {
    "precision": 0.9583854036490878,
    "recall": 0.9583854036490878,
    "f1-score": 0.9583854036490878,
    "support": 8002
  },
  "macro_avg": {
    "precision": 0.9586716423527382,
    "recall": 0.9583964709556527,
    "f1-score": 0.9584321412006599,
    "support": 8002.0
  },
  "accuracy": 0.9583854036490878,
  "inference_time_seconds": 3.4718854427337646,
  "energy_kwh": 0.00018912066982706277,
  "num_test_samples": 8002
}