{
  "per_class": {
    "Cyberstalking": {
      "precision": 0.7586206896551724,
      "recall": 0.7719298245614035,
      "f1-score": 0.7652173913043478,
      "support": 57.0
    },
    "Doxing": {
      "precision": 0.9193548387096774,
      "recall": 0.7215189873417721,
      "f1-score": 0.8085106382978723,
      "support": 79.0
    },
    "Revenge Porn": {
      "precision": 0.6956521739130435,
      "recall": 0.9014084507042254,
      "f1-score": 0.7852760736196319,
      "support": 71.0
    },
    "Sexual Harassment": {
      "precision": 0.8518518518518519,
      "recall": 0.8414634146341463,
      "f1-score": 0.8466257668711656,
      "support": 82.0
    },
    "Slut Shaming": {
      "precision": 0.9285714285714286,
      "recall": 0.8863636363636364,
      "f1-score": 0.9069767441860465,
      "support": 88.0
    }
  },
  "weighted_avg": {
    "precision": 0.8403921843033767,
    "recall": 0.8275862068965517,
    "f1-score": 0.8288636586967674,
    "support": 377.0
  },
  "micro_avg": {
    "precision": 0.8275862068965517,
    "recall": 0.8275862068965517,
    "f1-score": 0.8275862068965517,
    "support": 377
  },
  "macro_avg": {
    "precision": 0.8308101965402347,
    "recall": 0.8245368627210368,
    "f1-score": 0.8225213228558129,
    "support": 377.0
  },
  "accuracy": 0.8275862068965517,
  "inference_time_seconds": 0.09735822677612305,
  "energy_kwh": 1.602765742399111e-08,
  "num_test_samples": 377
}