{
  "per_class": {
    "emotion": {
      "precision": 0.9145473041709054,
      "recall": 0.8936381709741551,
      "f1-score": 0.9039718451483157,
      "support": 1006.0
    },
    "hate": {
      "precision": 0.9639603960396039,
      "recall": 0.9609159099881563,
      "f1-score": 0.9624357453538949,
      "support": 2533.0
    },
    "offensive": {
      "precision": 0.9604240282685512,
      "recall": 0.967948717948718,
      "f1-score": 0.9641716920893934,
      "support": 2808.0
    },
    "religion": {
      "precision": 0.9956772334293948,
      "recall": 0.9995178399228544,
      "f1-score": 0.9975938402309913,
      "support": 2074.0
    },
    "spiritual": {
      "precision": 0.9971131639722863,
      "recall": 0.997689196995956,
      "f1-score": 0.9974010973144672,
      "support": 1731.0
    }
  },
  "weighted_avg": {
    "precision": 0.9702181256413448,
    "recall": 0.970350669818755,
    "f1-score": 0.9702669872614319,
    "support": 10152.0
  },
  "micro_avg": {
    "precision": 0.970350669818755,
    "recall": 0.970350669818755,
    "f1-score": 0.970350669818755,
    "support": 10152
  },
  "macro_avg": {
    "precision": 0.9663444251761483,
    "recall": 0.9639419671659679,
    "f1-score": 0.9651148440274125,
    "support": 10152.0
  },
  "accuracy": 0.970350669818755,
  "inference_time_seconds": 8.079908847808838,
  "energy_kwh": 0.00046849615958800627,
  "num_test_samples": 10152
}