{
  "per_class": {
    "Cyberstalking": {
      "precision": 0.76,
      "recall": 0.7169811320754716,
      "f1-score": 0.7378640776699029,
      "support": 53.0
    },
    "Doxing": {
      "precision": 0.6129032258064516,
      "recall": 0.7702702702702703,
      "f1-score": 0.6826347305389222,
      "support": 74.0
    },
    "Revenge Porn": {
      "precision": 0.875,
      "recall": 0.7,
      "f1-score": 0.7777777777777778,
      "support": 70.0
    },
    "Sexual Harassment": {
      "precision": 0.8243243243243243,
      "recall": 0.7922077922077922,
      "f1-score": 0.8079470198675497,
      "support": 77.0
    },
    "Slut Shaming": {
      "precision": 0.8901098901098901,
      "recall": 0.9,
      "f1-score": 0.8950276243093923,
      "support": 90.0
    }
  },
  "weighted_avg": {
    "precision": 0.7979881917377486,
    "recall": 0.7857142857142857,
    "f1-score": 0.78799620147933,
    "support": 364.0
  },
  "micro_avg": {
    "precision": 0.7857142857142857,
    "recall": 0.7857142857142857,
    "f1-score": 0.7857142857142857,
    "support": 364
  },
  "macro_avg": {
    "precision": 0.7924674880481333,
    "recall": 0.7758918389107068,
    "f1-score": 0.780250246032709,
    "support": 364.0
  },
  "accuracy": 0.7857142857142857,
  "inference_time_seconds": 0.42099738121032715,
  "energy_kwh": 2.2532627341444157e-05,
  "num_test_samples": 364
}