{
  "per_class": {
    "Cyberstalking": {
      "precision": 0.7121212121212122,
      "recall": 0.7833333333333333,
      "f1-score": 0.746031746031746,
      "support": 60.0
    },
    "Doxing": {
      "precision": 0.8681318681318682,
      "recall": 0.8977272727272727,
      "f1-score": 0.88268156424581,
      "support": 88.0
    },
    "Revenge Porn": {
      "precision": 0.75,
      "recall": 0.7894736842105263,
      "f1-score": 0.7692307692307693,
      "support": 76.0
    },
    "Sexual Harassment": {
      "precision": 0.8854166666666666,
      "recall": 0.8585858585858586,
      "f1-score": 0.8717948717948718,
      "support": 99.0
    },
    "Slut Shaming": {
      "precision": 0.9662921348314607,
      "recall": 0.8686868686868687,
      "f1-score": 0.9148936170212766,
      "support": 99.0
    }
  },
  "weighted_avg": {
    "precision": 0.8517584086995065,
    "recall": 0.8459715639810427,
    "f1-score": 0.8478236522982777,
    "support": 422.0
  },
  "micro_avg": {
    "precision": 0.8459715639810427,
    "recall": 0.8459715639810427,
    "f1-score": 0.8459715639810427,
    "support": 422
  },
  "macro_avg": {
    "precision": 0.8363923763502414,
    "recall": 0.839561403508772,
    "f1-score": 0.8369265136648947,
    "support": 422.0
  },
  "accuracy": 0.8459715639810427,
  "inference_time_seconds": 0.3122849464416504,
  "energy_kwh": 1.6646330005732518e-05,
  "num_test_samples": 422
}