{
  "per_class": {
    "Cyberstalking": {
      "precision": 0.7166666666666667,
      "recall": 0.7166666666666667,
      "f1-score": 0.7166666666666667,
      "support": 60.0
    },
    "Doxing": {
      "precision": 0.7906976744186046,
      "recall": 0.7727272727272727,
      "f1-score": 0.7816091954022989,
      "support": 88.0
    },
    "Revenge Porn": {
      "precision": 0.7283950617283951,
      "recall": 0.7763157894736842,
      "f1-score": 0.7515923566878981,
      "support": 76.0
    },
    "Sexual Harassment": {
      "precision": 0.85,
      "recall": 0.8585858585858586,
      "f1-score": 0.8542713567839196,
      "support": 99.0
    },
    "Slut Shaming": {
      "precision": 0.9052631578947369,
      "recall": 0.8686868686868687,
      "f1-score": 0.8865979381443299,
      "support": 99.0
    }
  },
  "weighted_avg": {
    "precision": 0.8097404565681852,
    "recall": 0.8080568720379147,
    "f1-score": 0.8086461812833631,
    "support": 422.0
  },
  "micro_avg": {
    "precision": 0.8080568720379147,
    "recall": 0.8080568720379147,
    "f1-score": 0.8080568720379147,
    "support": 422
  },
  "macro_avg": {
    "precision": 0.7982045121416806,
    "recall": 0.7985964912280702,
    "f1-score": 0.7981475027370226,
    "support": 422.0
  },
  "accuracy": 0.8080568720379147,
  "inference_time_seconds": 0.18767952919006348,
  "energy_kwh": 7.0123260997825344e-06,
  "num_test_samples": 422
}