{
  "per_class": {
    "emotion": {
      "precision": 0.8938938938938938,
      "recall": 0.8876739562624254,
      "f1-score": 0.8907730673316708,
      "support": 1006.0
    },
    "hate": {
      "precision": 0.9668377418081326,
      "recall": 0.9668377418081326,
      "f1-score": 0.9668377418081326,
      "support": 2533.0
    },
    "offensive": {
      "precision": 0.9587628865979382,
      "recall": 0.9604700854700855,
      "f1-score": 0.9596157267390144,
      "support": 2808.0
    },
    "religion": {
      "precision": 0.9975949975949976,
      "recall": 1.0,
      "f1-score": 0.9987960510474356,
      "support": 2074.0
    },
    "spiritual": {
      "precision": 1.0,
      "recall": 0.9982668977469671,
      "f1-score": 0.9991326973113617,
      "support": 1731.0
    }
  },
  "weighted_avg": {
    "precision": 0.9693139743731574,
    "recall": 0.9693656422379827,
    "f1-score": 0.9693380984374669,
    "support": 10152.0
  },
  "micro_avg": {
    "precision": 0.9693656422379827,
    "recall": 0.9693656422379827,
    "f1-score": 0.9693656422379827,
    "support": 10152
  },
  "macro_avg": {
    "precision": 0.9634179039789924,
    "recall": 0.9626497362575221,
    "f1-score": 0.9630310568475229,
    "support": 10152.0
  },
  "accuracy": 0.9693656422379827,
  "inference_time_seconds": 1.3811354637145996,
  "energy_kwh": 9.203866435261295e-05,
  "num_test_samples": 10152
}