{
  "per_class": {
    "emotion": {
      "precision": 0.8747609942638623,
      "recall": 0.9095427435387674,
      "f1-score": 0.8918128654970761,
      "support": 1006.0
    },
    "hate": {
      "precision": 0.9674344718030182,
      "recall": 0.9617054875641532,
      "f1-score": 0.9645614729756484,
      "support": 2533.0
    },
    "offensive": {
      "precision": 0.9640287769784173,
      "recall": 0.9544159544159544,
      "f1-score": 0.9591982820329277,
      "support": 2808.0
    },
    "religion": {
      "precision": 0.9971153846153846,
      "recall": 1.0,
      "f1-score": 0.9985556090515166,
      "support": 2074.0
    },
    "spiritual": {
      "precision": 1.0,
      "recall": 0.9982668977469671,
      "f1-score": 0.9991326973113617,
      "support": 1731.0
    }
  },
  "weighted_avg": {
    "precision": 0.9689254522019498,
    "recall": 0.9685776201733649,
    "f1-score": 0.9687086053885589,
    "support": 10152.0
  },
  "micro_avg": {
    "precision": 0.9685776201733649,
    "recall": 0.9685776201733649,
    "f1-score": 0.9685776201733649,
    "support": 10152
  },
  "macro_avg": {
    "precision": 0.9606679255321365,
    "recall": 0.9647862166531684,
    "f1-score": 0.9626521853737062,
    "support": 10152.0
  },
  "accuracy": 0.9685776201733649,
  "inference_time_seconds": 1.9680607318878174,
  "energy_kwh": 0.00011777154555839137,
  "num_test_samples": 10152
}