{
  "per_class": {
    "Cyberstalking": {
      "precision": 0.8113207547169812,
      "recall": 0.7166666666666667,
      "f1-score": 0.7610619469026548,
      "support": 60.0
    },
    "Doxing": {
      "precision": 0.88,
      "recall": 0.75,
      "f1-score": 0.8098159509202454,
      "support": 88.0
    },
    "Revenge Porn": {
      "precision": 0.8157894736842105,
      "recall": 0.8157894736842105,
      "f1-score": 0.8157894736842105,
      "support": 76.0
    },
    "Sexual Harassment": {
      "precision": 0.7931034482758621,
      "recall": 0.9292929292929293,
      "f1-score": 0.8558139534883721,
      "support": 99.0
    },
    "Slut Shaming": {
      "precision": 0.9313725490196079,
      "recall": 0.9595959595959596,
      "f1-score": 0.945273631840796,
      "support": 99.0
    }
  },
  "weighted_avg": {
    "precision": 0.850337367334764,
    "recall": 0.8483412322274881,
    "f1-score": 0.8465288896747122,
    "support": 422.0
  },
  "micro_avg": {
    "precision": 0.8483412322274881,
    "recall": 0.8483412322274881,
    "f1-score": 0.8483412322274881,
    "support": 422
  },
  "macro_avg": {
    "precision": 0.8463172451393323,
    "recall": 0.8342690058479532,
    "f1-score": 0.8375509913672559,
    "support": 422.0
  },
  "accuracy": 0.8483412322274881,
  "inference_time_seconds": 0.21849608421325684,
  "energy_kwh": 1.0078549647732074e-05,
  "num_test_samples": 422
}