{
  "per_class": {
    "age": {
      "precision": 0.9864077669902913,
      "recall": 0.9744245524296675,
      "f1-score": 0.9803795432614989,
      "support": 1564.0
    },
    "ethnicity": {
      "precision": 0.9785666443402545,
      "recall": 0.9851652056641942,
      "f1-score": 0.9818548387096774,
      "support": 1483.0
    },
    "gender": {
      "precision": 0.8915325402379286,
      "recall": 0.8737997256515775,
      "f1-score": 0.8825770696224454,
      "support": 1458.0
    },
    "not_cyberbullying": {
      "precision": 0.6473175021987687,
      "recall": 0.6062602965403624,
      "f1-score": 0.6261165461505742,
      "support": 1214.0
    },
    "other_cyberbullying": {
      "precision": 0.6049495875343721,
      "recall": 0.672782874617737,
      "f1-score": 0.637065637065637,
      "support": 981.0
    },
    "religion": {
      "precision": 0.9615869017632241,
      "recall": 0.9646241313960834,
      "f1-score": 0.9631031220435194,
      "support": 1583.0
    }
  },
  "weighted_avg": {
    "precision": 0.8686830355339878,
    "recall": 0.8670771459616081,
    "f1-score": 0.8675432594663817,
    "support": 8283.0
  },
  "micro_avg": {
    "precision": 0.8670771459616081,
    "recall": 0.8670771459616081,
    "f1-score": 0.8670771459616081,
    "support": 8283
  },
  "macro_avg": {
    "precision": 0.8450601571774733,
    "recall": 0.8461761310499369,
    "f1-score": 0.8451827928088921,
    "support": 8283.0
  },
  "accuracy": 0.8670771459616081,
  "inference_time_seconds": 1.6041512489318848,
  "energy_kwh": 9.303436248833735e-05,
  "num_test_samples": 8283
}