{
  "per_class": {
    "age": {
      "precision": 0.9881472239550843,
      "recall": 0.99,
      "f1-score": 0.9890727443022167,
      "support": 1600.0
    },
    "ethnicity": {
      "precision": 0.9899307740717432,
      "recall": 0.983125,
      "f1-score": 0.9865161492630918,
      "support": 1600.0
    },
    "gender": {
      "precision": 0.9231253938248267,
      "recall": 0.915053091817614,
      "f1-score": 0.9190715181932246,
      "support": 1601.0
    },
    "other_cyberbullying": {
      "precision": 0.9006172839506172,
      "recall": 0.9113054341036851,
      "f1-score": 0.9059298354548277,
      "support": 1601.0
    },
    "religion": {
      "precision": 0.9875233936369308,
      "recall": 0.989375,
      "f1-score": 0.9884483296909148,
      "support": 1600.0
    }
  },
  "weighted_avg": {
    "precision": 0.957857317393214,
    "recall": 0.9577605598600349,
    "f1-score": 0.9577963914521982,
    "support": 8002.0
  },
  "micro_avg": {
    "precision": 0.9577605598600349,
    "recall": 0.9577605598600349,
    "f1-score": 0.9577605598600349,
    "support": 8002
  },
  "macro_avg": {
    "precision": 0.9578688138878404,
    "recall": 0.9577717051842598,
    "f1-score": 0.9578077153808551,
    "support": 8002.0
  },
  "accuracy": 0.9577605598600349,
  "inference_time_seconds": 6.246532678604126,
  "energy_kwh": 0.0004304419332317411,
  "num_test_samples": 8002
}