{
  "per_class": {
    "emotion": {
      "precision": 0.9314928425357873,
      "recall": 0.9055666003976143,
      "f1-score": 0.9183467741935484,
      "support": 1006.0
    },
    "hate": {
      "precision": 0.960546875,
      "recall": 0.9707856296881169,
      "f1-score": 0.965639112507363,
      "support": 2533.0
    },
    "offensive": {
      "precision": 0.9651121395514418,
      "recall": 0.9654558404558404,
      "f1-score": 0.9652839594089372,
      "support": 2808.0
    },
    "religion": {
      "precision": 0.9971153846153846,
      "recall": 1.0,
      "f1-score": 0.9985556090515166,
      "support": 2074.0
    },
    "spiritual": {
      "precision": 1.0,
      "recall": 0.9965337954939342,
      "f1-score": 0.9982638888888888,
      "support": 1731.0
    }
  },
  "weighted_avg": {
    "precision": 0.9731283717020054,
    "recall": 0.9732072498029944,
    "f1-score": 0.9731419631284149,
    "support": 10152.0
  },
  "micro_avg": {
    "precision": 0.9732072498029944,
    "recall": 0.9732072498029944,
    "f1-score": 0.9732072498029944,
    "support": 10152
  },
  "macro_avg": {
    "precision": 0.9708534483405227,
    "recall": 0.9676683732071012,
    "f1-score": 0.9692178688100508,
    "support": 10152.0
  },
  "accuracy": 0.9732072498029944,
  "inference_time_seconds": 4.8260886669158936,
  "energy_kwh": 0.0002804744612461244,
  "num_test_samples": 10152
}