{
  "per_class": {
    "emotion": {
      "precision": 0.878001921229587,
      "recall": 0.9085487077534792,
      "f1-score": 0.8930141670737665,
      "support": 1006.0
    },
    "hate": {
      "precision": 0.9703763010408326,
      "recall": 0.9569680221081721,
      "f1-score": 0.9636255217650567,
      "support": 2533.0
    },
    "offensive": {
      "precision": 0.959045584045584,
      "recall": 0.959045584045584,
      "f1-score": 0.959045584045584,
      "support": 2808.0
    },
    "religion": {
      "precision": 0.9980741454020221,
      "recall": 0.9995178399228544,
      "f1-score": 0.9987954709708504,
      "support": 2074.0
    },
    "spiritual": {
      "precision": 1.0,
      "recall": 0.9982668977469671,
      "f1-score": 0.9991326973113617,
      "support": 1731.0
    }
  },
  "weighted_avg": {
    "precision": 0.9687981561128041,
    "recall": 0.9684791174152876,
    "f1-score": 0.9686008869726762,
    "support": 10152.0
  },
  "micro_avg": {
    "precision": 0.9684791174152876,
    "recall": 0.9684791174152876,
    "f1-score": 0.9684791174152876,
    "support": 10152
  },
  "macro_avg": {
    "precision": 0.9610995903436053,
    "recall": 0.9644694103154114,
    "f1-score": 0.962722688233324,
    "support": 10152.0
  },
  "accuracy": 0.9684791174152876,
  "inference_time_seconds": 1.3790457248687744,
  "energy_kwh": 9.327410570267546e-05,
  "num_test_samples": 10152
}