{
  "per_class": {
    "emotion": {
      "precision": 0.8415637860082305,
      "recall": 0.8131212723658051,
      "f1-score": 0.8270980788675429,
      "support": 1006.0
    },
    "hate": {
      "precision": 0.9450060655074808,
      "recall": 0.9226213975523095,
      "f1-score": 0.9336795844986017,
      "support": 2533.0
    },
    "offensive": {
      "precision": 0.8886583679114799,
      "recall": 0.9152421652421653,
      "f1-score": 0.9017543859649123,
      "support": 2808.0
    },
    "religion": {
      "precision": 0.9937709631049353,
      "recall": 1.0,
      "f1-score": 0.996875751021389,
      "support": 2074.0
    },
    "spiritual": {
      "precision": 1.0,
      "recall": 0.9982668977469671,
      "f1-score": 0.9991326973113617,
      "support": 1731.0
    }
  },
  "weighted_avg": {
    "precision": 0.9385093781747242,
    "recall": 0.9384357762017337,
    "f1-score": 0.9383585872073984,
    "support": 10152.0
  },
  "micro_avg": {
    "precision": 0.9384357762017337,
    "recall": 0.9384357762017337,
    "f1-score": 0.9384357762017337,
    "support": 10152
  },
  "macro_avg": {
    "precision": 0.9337998365064253,
    "recall": 0.9298503465814495,
    "f1-score": 0.9317080995327617,
    "support": 10152.0
  },
  "accuracy": 0.9384357762017337,
  "inference_time_seconds": 6.156511545181274,
  "energy_kwh": 0.0003794872799330161,
  "num_test_samples": 10152
}