{
  "per_class": {
    "Cyberstalking": {
      "precision": 0.7301587301587301,
      "recall": 0.7666666666666667,
      "f1-score": 0.7479674796747967,
      "support": 60.0
    },
    "Doxing": {
      "precision": 0.8021978021978022,
      "recall": 0.8295454545454546,
      "f1-score": 0.8156424581005587,
      "support": 88.0
    },
    "Revenge Porn": {
      "precision": 0.8169014084507042,
      "recall": 0.7631578947368421,
      "f1-score": 0.7891156462585034,
      "support": 76.0
    },
    "Sexual Harassment": {
      "precision": 0.8936170212765957,
      "recall": 0.8484848484848485,
      "f1-score": 0.8704663212435233,
      "support": 99.0
    },
    "Slut Shaming": {
      "precision": 0.9029126213592233,
      "recall": 0.9393939393939394,
      "f1-score": 0.9207920792079208,
      "support": 99.0
    }
  },
  "weighted_avg": {
    "precision": 0.839677421957654,
    "recall": 0.8388625592417062,
    "f1-score": 0.8387724072361994,
    "support": 422.0
  },
  "micro_avg": {
    "precision": 0.8388625592417062,
    "recall": 0.8388625592417062,
    "f1-score": 0.8388625592417062,
    "support": 422
  },
  "macro_avg": {
    "precision": 0.829157516688611,
    "recall": 0.8294497607655502,
    "f1-score": 0.8287967968970607,
    "support": 422.0
  },
  "accuracy": 0.8388625592417062,
  "inference_time_seconds": 0.33600592613220215,
  "energy_kwh": 2.043834159245924e-05,
  "num_test_samples": 422
}