{
  "per_class": {
    "emotion": {
      "precision": 0.9207818930041153,
      "recall": 0.889662027833002,
      "f1-score": 0.9049544994944388,
      "support": 1006.0
    },
    "hate": {
      "precision": 0.9627702161729383,
      "recall": 0.9494670351362021,
      "f1-score": 0.9560723514211886,
      "support": 2533.0
    },
    "offensive": {
      "precision": 0.9355176019518996,
      "recall": 0.9558404558404558,
      "f1-score": 0.9455698432270565,
      "support": 2808.0
    },
    "religion": {
      "precision": 0.9937619961612284,
      "recall": 0.9985535197685632,
      "f1-score": 0.9961519961519961,
      "support": 2074.0
    },
    "spiritual": {
      "precision": 0.9994216310005783,
      "recall": 0.9982668977469671,
      "f1-score": 0.9988439306358381,
      "support": 1731.0
    }
  },
  "weighted_avg": {
    "precision": 0.9636523041282029,
    "recall": 0.9636524822695035,
    "f1-score": 0.9635829094141771,
    "support": 10152.0
  },
  "micro_avg": {
    "precision": 0.9636524822695035,
    "recall": 0.9636524822695035,
    "f1-score": 0.9636524822695035,
    "support": 10152
  },
  "macro_avg": {
    "precision": 0.9624506676581518,
    "recall": 0.9583579872650381,
    "f1-score": 0.9603185241861038,
    "support": 10152.0
  },
  "accuracy": 0.9636524822695035,
  "inference_time_seconds": 5.3155927658081055,
  "energy_kwh": 0.0002994878048198729,
  "num_test_samples": 10152
}