{
  "per_class": {
    "Cyberstalking": {
      "precision": 0.7540983606557377,
      "recall": 0.7666666666666667,
      "f1-score": 0.7603305785123967,
      "support": 60.0
    },
    "Doxing": {
      "precision": 0.8,
      "recall": 0.8181818181818182,
      "f1-score": 0.8089887640449438,
      "support": 88.0
    },
    "Revenge Porn": {
      "precision": 0.8493150684931506,
      "recall": 0.8157894736842105,
      "f1-score": 0.8322147651006712,
      "support": 76.0
    },
    "Sexual Harassment": {
      "precision": 0.7798165137614679,
      "recall": 0.8585858585858586,
      "f1-score": 0.8173076923076923,
      "support": 99.0
    },
    "Slut Shaming": {
      "precision": 0.9438202247191011,
      "recall": 0.8484848484848485,
      "f1-score": 0.8936170212765957,
      "support": 99.0
    }
  },
  "weighted_avg": {
    "precision": 0.8313599145838865,
    "recall": 0.8270142180094787,
    "f1-score": 0.8280585657326881,
    "support": 422.0
  },
  "micro_avg": {
    "precision": 0.8270142180094787,
    "recall": 0.8270142180094787,
    "f1-score": 0.8270142180094787,
    "support": 422
  },
  "macro_avg": {
    "precision": 0.8254100335258915,
    "recall": 0.8215417331206805,
    "f1-score": 0.8224917642484598,
    "support": 422.0
  },
  "accuracy": 0.8270142180094787,
  "inference_time_seconds": 0.10809803009033203,
  "energy_kwh": 2.0950179043495222e-06,
  "num_test_samples": 422
}