{
  "per_class": {
    "Cyberstalking": {
      "precision": 0.8260869565217391,
      "recall": 0.6666666666666666,
      "f1-score": 0.7378640776699029,
      "support": 57.0
    },
    "Doxing": {
      "precision": 0.6538461538461539,
      "recall": 0.8607594936708861,
      "f1-score": 0.7431693989071039,
      "support": 79.0
    },
    "Revenge Porn": {
      "precision": 0.8461538461538461,
      "recall": 0.7746478873239436,
      "f1-score": 0.8088235294117647,
      "support": 71.0
    },
    "Sexual Harassment": {
      "precision": 0.8354430379746836,
      "recall": 0.8048780487804879,
      "f1-score": 0.8198757763975155,
      "support": 82.0
    },
    "Slut Shaming": {
      "precision": 0.9156626506024096,
      "recall": 0.8636363636363636,
      "f1-score": 0.8888888888888888,
      "support": 88.0
    }
  },
  "weighted_avg": {
    "precision": 0.8167171568155024,
    "recall": 0.8037135278514589,
    "f1-score": 0.8054300833312983,
    "support": 377.0
  },
  "micro_avg": {
    "precision": 0.8037135278514589,
    "recall": 0.8037135278514589,
    "f1-score": 0.8037135278514589,
    "support": 377
  },
  "macro_avg": {
    "precision": 0.8154385290197664,
    "recall": 0.7941176920156695,
    "f1-score": 0.7997243342550353,
    "support": 377.0
  },
  "accuracy": 0.8037135278514589,
  "inference_time_seconds": 0.27996039390563965,
  "energy_kwh": 1.5130951876450062e-05,
  "num_test_samples": 377
}