{
  "per_class": {
    "Cyberstalking": {
      "precision": 0.8163265306122449,
      "recall": 0.7692307692307693,
      "f1-score": 0.7920792079207921,
      "support": 52.0
    },
    "Doxing": {
      "precision": 0.8356164383561644,
      "recall": 0.8356164383561644,
      "f1-score": 0.8356164383561644,
      "support": 73.0
    },
    "Revenge Porn": {
      "precision": 0.8529411764705882,
      "recall": 0.8285714285714286,
      "f1-score": 0.8405797101449275,
      "support": 70.0
    },
    "Sexual Harassment": {
      "precision": 0.8372093023255814,
      "recall": 0.9230769230769231,
      "f1-score": 0.8780487804878049,
      "support": 78.0
    },
    "Slut Shaming": {
      "precision": 0.9425287356321839,
      "recall": 0.9111111111111111,
      "f1-score": 0.9265536723163842,
      "support": 90.0
    }
  },
  "weighted_avg": {
    "precision": 0.8630434538101095,
    "recall": 0.8622589531680441,
    "f1-score": 0.862000919858263,
    "support": 363.0
  },
  "micro_avg": {
    "precision": 0.8622589531680441,
    "recall": 0.8622589531680441,
    "f1-score": 0.8622589531680441,
    "support": 363
  },
  "macro_avg": {
    "precision": 0.8569244366793527,
    "recall": 0.8535213340692793,
    "f1-score": 0.8545755618452147,
    "support": 363.0
  },
  "accuracy": 0.8622589531680441,
  "inference_time_seconds": 0.13027691841125488,
  "energy_kwh": 2.770332302413161e-06,
  "num_test_samples": 363
}