{
  "per_class": {
    "Cyberstalking": {
      "precision": 0.6896551724137931,
      "recall": 0.7017543859649122,
      "f1-score": 0.6956521739130435,
      "support": 57.0
    },
    "Doxing": {
      "precision": 0.7349397590361446,
      "recall": 0.7721518987341772,
      "f1-score": 0.7530864197530864,
      "support": 79.0
    },
    "Revenge Porn": {
      "precision": 0.7733333333333333,
      "recall": 0.8169014084507042,
      "f1-score": 0.7945205479452054,
      "support": 71.0
    },
    "Sexual Harassment": {
      "precision": 0.8354430379746836,
      "recall": 0.8048780487804879,
      "f1-score": 0.8198757763975155,
      "support": 82.0
    },
    "Slut Shaming": {
      "precision": 0.9156626506024096,
      "recall": 0.8539325842696629,
      "f1-score": 0.8837209302325582,
      "support": 89.0
    }
  },
  "weighted_avg": {
    "precision": 0.7996760779779016,
    "recall": 0.7962962962962963,
    "f1-score": 0.7974548582882034,
    "support": 378.0
  },
  "micro_avg": {
    "precision": 0.7962962962962963,
    "recall": 0.7962962962962963,
    "f1-score": 0.7962962962962963,
    "support": 378
  },
  "macro_avg": {
    "precision": 0.7898067906720728,
    "recall": 0.7899236652399888,
    "f1-score": 0.7893711696482818,
    "support": 378.0
  },
  "accuracy": 0.7962962962962963,
  "inference_time_seconds": 0.1965954303741455,
  "energy_kwh": 7.1227156177459605e-06,
  "num_test_samples": 378
}