{
  "per_class": {
    "emotion": {
      "precision": 0.9132947976878613,
      "recall": 0.9423459244532804,
      "f1-score": 0.9275929549902152,
      "support": 1006.0
    },
    "hate": {
      "precision": 0.9721780604133545,
      "recall": 0.9656533754441374,
      "f1-score": 0.9689047336106159,
      "support": 2533.0
    },
    "offensive": {
      "precision": 0.9688395415472779,
      "recall": 0.9633190883190883,
      "f1-score": 0.9660714285714286,
      "support": 2808.0
    },
    "religion": {
      "precision": 0.9985549132947977,
      "recall": 0.9995178399228544,
      "f1-score": 0.9990361445783132,
      "support": 2074.0
    },
    "spiritual": {
      "precision": 0.999421965317919,
      "recall": 0.998844598497978,
      "f1-score": 0.9991331984975441,
      "support": 1731.0
    }
  },
  "weighted_avg": {
    "precision": 0.9754536385248719,
    "recall": 0.9752758077226162,
    "f1-score": 0.9753372049683893,
    "support": 10152.0
  },
  "micro_avg": {
    "precision": 0.9752758077226162,
    "recall": 0.9752758077226162,
    "f1-score": 0.9752758077226162,
    "support": 10152
  },
  "macro_avg": {
    "precision": 0.9704578556522421,
    "recall": 0.9739361653274677,
    "f1-score": 0.9721476920496233,
    "support": 10152.0
  },
  "accuracy": 0.9752758077226162,
  "inference_time_seconds": 6.173875093460083,
  "energy_kwh": 0.0004028375586971832,
  "num_test_samples": 10152
}