{
  "per_class": {
    "Cyberstalking": {
      "precision": 0.7843137254901961,
      "recall": 0.7547169811320755,
      "f1-score": 0.7692307692307693,
      "support": 53.0
    },
    "Doxing": {
      "precision": 0.8055555555555556,
      "recall": 0.7837837837837838,
      "f1-score": 0.7945205479452054,
      "support": 74.0
    },
    "Revenge Porn": {
      "precision": 0.7341772151898734,
      "recall": 0.8405797101449275,
      "f1-score": 0.7837837837837838,
      "support": 69.0
    },
    "Sexual Harassment": {
      "precision": 0.8873239436619719,
      "recall": 0.8181818181818182,
      "f1-score": 0.8513513513513513,
      "support": 77.0
    },
    "Slut Shaming": {
      "precision": 0.9444444444444444,
      "recall": 0.9444444444444444,
      "f1-score": 0.9444444444444444,
      "support": 90.0
    }
  },
  "weighted_avg": {
    "precision": 0.8406664189315829,
    "recall": 0.837465564738292,
    "f1-score": 0.8380134613011325,
    "support": 363.0
  },
  "micro_avg": {
    "precision": 0.837465564738292,
    "recall": 0.837465564738292,
    "f1-score": 0.837465564738292,
    "support": 363
  },
  "macro_avg": {
    "precision": 0.8311629768684083,
    "recall": 0.8283413475374098,
    "f1-score": 0.8286661793511108,
    "support": 363.0
  },
  "accuracy": 0.837465564738292,
  "inference_time_seconds": 0.28798961639404297,
  "energy_kwh": 1.7914729051722484e-05,
  "num_test_samples": 363
}