{
  "per_class": {
    "Cyberstalking": {
      "precision": 0.6515151515151515,
      "recall": 0.7543859649122807,
      "f1-score": 0.6991869918699187,
      "support": 57.0
    },
    "Doxing": {
      "precision": 0.9076923076923077,
      "recall": 0.7468354430379747,
      "f1-score": 0.8194444444444444,
      "support": 79.0
    },
    "Revenge Porn": {
      "precision": 0.8108108108108109,
      "recall": 0.8571428571428571,
      "f1-score": 0.8333333333333334,
      "support": 70.0
    },
    "Sexual Harassment": {
      "precision": 0.7931034482758621,
      "recall": 0.8414634146341463,
      "f1-score": 0.8165680473372781,
      "support": 82.0
    },
    "Slut Shaming": {
      "precision": 0.9302325581395349,
      "recall": 0.8888888888888888,
      "f1-score": 0.9090909090909091,
      "support": 90.0
    }
  },
  "weighted_avg": {
    "precision": 0.8316302266983903,
    "recall": 0.8227513227513228,
    "f1-score": 0.8246028166160541,
    "support": 378.0
  },
  "micro_avg": {
    "precision": 0.8227513227513228,
    "recall": 0.8227513227513228,
    "f1-score": 0.8227513227513228,
    "support": 378
  },
  "macro_avg": {
    "precision": 0.8186708552867333,
    "recall": 0.8177433137232295,
    "f1-score": 0.8155247452151768,
    "support": 378.0
  },
  "accuracy": 0.8227513227513228,
  "inference_time_seconds": 0.05902695655822754,
  "energy_kwh": 9.521090241084173e-07,
  "num_test_samples": 378
}