{
  "per_class": {
    "emotion": {
      "precision": 0.8425624321389794,
      "recall": 0.8362068965517241,
      "f1-score": 0.8393726338561385,
      "support": 928.0
    },
    "hate": {
      "precision": 0.9257907542579076,
      "recall": 0.9422203879488238,
      "f1-score": 0.9339333196972797,
      "support": 2423.0
    },
    "offensive": {
      "precision": 0.907967618236046,
      "recall": 0.8923785594639866,
      "f1-score": 0.9001055966209082,
      "support": 2388.0
    },
    "religion": {
      "precision": 0.9945999018163967,
      "recall": 0.9980295566502463,
      "f1-score": 0.9963117777231374,
      "support": 2030.0
    },
    "spiritual": {
      "precision": 1.0,
      "recall": 0.9988290398126464,
      "f1-score": 0.9994141769185706,
      "support": 1708.0
    }
  },
  "weighted_avg": {
    "precision": 0.9412634174978206,
    "recall": 0.9414371636593859,
    "f1-score": 0.9413129392772631,
    "support": 9477.0
  },
  "micro_avg": {
    "precision": 0.9414371636593859,
    "recall": 0.9414371636593859,
    "f1-score": 0.9414371636593859,
    "support": 9477
  },
  "macro_avg": {
    "precision": 0.9341841412898659,
    "recall": 0.9335328880854854,
    "f1-score": 0.9338275009632069,
    "support": 9477.0
  },
  "accuracy": 0.9414371636593859,
  "inference_time_seconds": 3.7421133518218994,
  "energy_kwh": 0.0002204830852052535,
  "num_test_samples": 9477
}