{
  "per_class": {
    "emotion": {
      "precision": 0.9229979466119097,
      "recall": 0.8936381709741551,
      "f1-score": 0.908080808080808,
      "support": 1006.0
    },
    "hate": {
      "precision": 0.9653406853091768,
      "recall": 0.9676273193841295,
      "f1-score": 0.9664826498422713,
      "support": 2533.0
    },
    "offensive": {
      "precision": 0.96004243281471,
      "recall": 0.9668803418803419,
      "f1-score": 0.9634492547906317,
      "support": 2808.0
    },
    "religion": {
      "precision": 0.9956793086893903,
      "recall": 1.0,
      "f1-score": 0.997834977146981,
      "support": 2074.0
    },
    "spiritual": {
      "precision": 1.0,
      "recall": 0.9982668977469671,
      "f1-score": 0.9991326973113617,
      "support": 1731.0
    }
  },
  "weighted_avg": {
    "precision": 0.9717870299197428,
    "recall": 0.9719267139479906,
    "f1-score": 0.9718285849173232,
    "support": 10152.0
  },
  "micro_avg": {
    "precision": 0.9719267139479906,
    "recall": 0.9719267139479906,
    "f1-score": 0.9719267139479906,
    "support": 10152
  },
  "macro_avg": {
    "precision": 0.9688120746850373,
    "recall": 0.9652825459971186,
    "f1-score": 0.9669960774344109,
    "support": 10152.0
  },
  "accuracy": 0.9719267139479906,
  "inference_time_seconds": 4.233470439910889,
  "energy_kwh": 0.00024160071386927382,
  "num_test_samples": 10152
}