{
  "per_class": {
    "emotion": {
      "precision": 0.8785648574057038,
      "recall": 0.9493041749502982,
      "f1-score": 0.9125656951743908,
      "support": 1006.0
    },
    "hate": {
      "precision": 0.9694041867954911,
      "recall": 0.9506514015001974,
      "f1-score": 0.959936216862667,
      "support": 2533.0
    },
    "offensive": {
      "precision": 0.9686599423631124,
      "recall": 0.9576210826210826,
      "f1-score": 0.96310888252149,
      "support": 2808.0
    },
    "religion": {
      "precision": 0.9975938402309913,
      "recall": 0.9995178399228544,
      "f1-score": 0.9985549132947977,
      "support": 2074.0
    },
    "spiritual": {
      "precision": 1.0,
      "recall": 0.997689196995956,
      "f1-score": 0.9988432620011567,
      "support": 1731.0
    }
  },
  "weighted_avg": {
    "precision": 0.971172556589619,
    "recall": 0.9704491725768322,
    "f1-score": 0.9706432077892365,
    "support": 10152.0
  },
  "micro_avg": {
    "precision": 0.9704491725768322,
    "recall": 0.9704491725768322,
    "f1-score": 0.9704491725768322,
    "support": 10152
  },
  "macro_avg": {
    "precision": 0.9628445653590596,
    "recall": 0.9709567391980777,
    "f1-score": 0.9666017939709004,
    "support": 10152.0
  },
  "accuracy": 0.9704491725768322,
  "inference_time_seconds": 12.412899732589722,
  "energy_kwh": 0.0007119343134430188,
  "num_test_samples": 10152
}