{
  "per_class": {
    "age": {
      "precision": 0.9879898862199747,
      "recall": 0.9904942965779467,
      "f1-score": 0.989240506329114,
      "support": 1578.0
    },
    "ethnicity": {
      "precision": 0.9912457912457913,
      "recall": 0.9800266311584553,
      "f1-score": 0.9856042852360227,
      "support": 1502.0
    },
    "gender": {
      "precision": 0.9350558659217877,
      "recall": 0.8986577181208054,
      "f1-score": 0.9164955509924709,
      "support": 1490.0
    },
    "other_cyberbullying": {
      "precision": 0.8527653213751868,
      "recall": 0.9034045922406968,
      "f1-score": 0.877354863514033,
      "support": 1263.0
    },
    "religion": {
      "precision": 0.9842569269521411,
      "recall": 0.9817839195979899,
      "f1-score": 0.9830188679245283,
      "support": 1592.0
    }
  },
  "weighted_avg": {
    "precision": 0.9542238501999234,
    "recall": 0.9532659932659933,
    "f1-score": 0.9535411120194885,
    "support": 7425.0
  },
  "micro_avg": {
    "precision": 0.9532659932659933,
    "recall": 0.9532659932659933,
    "f1-score": 0.9532659932659933,
    "support": 7425
  },
  "macro_avg": {
    "precision": 0.9502627583429764,
    "recall": 0.9508734315391788,
    "f1-score": 0.9503428147992338,
    "support": 7425.0
  },
  "accuracy": 0.9532659932659933,
  "inference_time_seconds": 2.7471635341644287,
  "energy_kwh": 0.00019174772329667928,
  "num_test_samples": 7425
}