{
  "per_class": {
    "age": {
      "precision": 0.9766441303011678,
      "recall": 0.993125,
      "f1-score": 0.9848156182212582,
      "support": 1600.0
    },
    "ethnicity": {
      "precision": 0.9942820838627701,
      "recall": 0.978125,
      "f1-score": 0.9861373660995589,
      "support": 1600.0
    },
    "gender": {
      "precision": 0.8874538745387454,
      "recall": 0.9013116801998751,
      "f1-score": 0.8943290982336536,
      "support": 1601.0
    },
    "other_cyberbullying": {
      "precision": 0.8789209535759097,
      "recall": 0.8750780762023735,
      "f1-score": 0.8769953051643192,
      "support": 1601.0
    },
    "religion": {
      "precision": 0.9905123339658444,
      "recall": 0.97875,
      "f1-score": 0.9845960389814524,
      "support": 1600.0
    }
  },
  "weighted_avg": {
    "precision": 0.9455470853310691,
    "recall": 0.9452636840789802,
    "f1-score": 0.9453597609502358,
    "support": 8002.0
  },
  "micro_avg": {
    "precision": 0.9452636840789802,
    "recall": 0.9452636840789802,
    "f1-score": 0.9452636840789802,
    "support": 8002
  },
  "macro_avg": {
    "precision": 0.9455626752488875,
    "recall": 0.9452779512804497,
    "f1-score": 0.9453746853400483,
    "support": 8002.0
  },
  "accuracy": 0.9452636840789802,
  "inference_time_seconds": 9.257584810256958,
  "energy_kwh": 0.0005572537178651742,
  "num_test_samples": 8002
}