{
  "per_class": {
    "emotion": {
      "precision": 0.9179179179179179,
      "recall": 0.911530815109344,
      "f1-score": 0.914713216957606,
      "support": 1006.0
    },
    "hate": {
      "precision": 0.9625836943678614,
      "recall": 0.9648637978681406,
      "f1-score": 0.9637223974763407,
      "support": 2533.0
    },
    "offensive": {
      "precision": 0.9633190883190883,
      "recall": 0.9633190883190883,
      "f1-score": 0.9633190883190883,
      "support": 2808.0
    },
    "religion": {
      "precision": 0.9975938402309913,
      "recall": 0.9995178399228544,
      "f1-score": 0.9985549132947977,
      "support": 2074.0
    },
    "spiritual": {
      "precision": 0.9988425925925926,
      "recall": 0.9971114962449451,
      "f1-score": 0.9979762937265105,
      "support": 1731.0
    }
  },
  "weighted_avg": {
    "precision": 0.9716958309373593,
    "recall": 0.971729708431836,
    "f1-score": 0.9717110110008789,
    "support": 10152.0
  },
  "micro_avg": {
    "precision": 0.971729708431836,
    "recall": 0.971729708431836,
    "f1-score": 0.971729708431836,
    "support": 10152
  },
  "macro_avg": {
    "precision": 0.9680514266856903,
    "recall": 0.9672686074928745,
    "f1-score": 0.9676571819548686,
    "support": 10152.0
  },
  "accuracy": 0.971729708431836,
  "inference_time_seconds": 4.825090169906616,
  "energy_kwh": 0.0002811324687252297,
  "num_test_samples": 10152
}