{
  "per_class": {
    "Cyberstalking": {
      "precision": 0.78,
      "recall": 0.75,
      "f1-score": 0.7647058823529411,
      "support": 52.0
    },
    "Doxing": {
      "precision": 0.7349397590361446,
      "recall": 0.8133333333333334,
      "f1-score": 0.7721518987341772,
      "support": 75.0
    },
    "Revenge Porn": {
      "precision": 0.8771929824561403,
      "recall": 0.7142857142857143,
      "f1-score": 0.7874015748031497,
      "support": 70.0
    },
    "Sexual Harassment": {
      "precision": 0.7640449438202247,
      "recall": 0.8831168831168831,
      "f1-score": 0.8192771084337349,
      "support": 77.0
    },
    "Slut Shaming": {
      "precision": 0.9404761904761905,
      "recall": 0.8876404494382022,
      "f1-score": 0.9132947976878613,
      "support": 89.0
    }
  },
  "weighted_avg": {
    "precision": 0.8253934774825866,
    "recall": 0.8181818181818182,
    "f1-score": 0.8186275010117188,
    "support": 363.0
  },
  "micro_avg": {
    "precision": 0.8181818181818182,
    "recall": 0.8181818181818182,
    "f1-score": 0.8181818181818182,
    "support": 363
  },
  "macro_avg": {
    "precision": 0.81933077515774,
    "recall": 0.8096752760348267,
    "f1-score": 0.8113662524023729,
    "support": 363.0
  },
  "accuracy": 0.8181818181818182,
  "inference_time_seconds": 0.3427920341491699,
  "energy_kwh": 1.2219779620169938e-05,
  "num_test_samples": 363
}