{
  "per_class": {
    "Cyberstalking": {
      "precision": 0.7301587301587301,
      "recall": 0.8070175438596491,
      "f1-score": 0.7666666666666667,
      "support": 57.0
    },
    "Doxing": {
      "precision": 0.75,
      "recall": 0.8354430379746836,
      "f1-score": 0.7904191616766467,
      "support": 79.0
    },
    "Revenge Porn": {
      "precision": 0.84375,
      "recall": 0.7714285714285715,
      "f1-score": 0.8059701492537313,
      "support": 70.0
    },
    "Sexual Harassment": {
      "precision": 0.8831168831168831,
      "recall": 0.8292682926829268,
      "f1-score": 0.8553459119496856,
      "support": 82.0
    },
    "Slut Shaming": {
      "precision": 0.9418604651162791,
      "recall": 0.9,
      "f1-score": 0.9204545454545454,
      "support": 90.0
    }
  },
  "weighted_avg": {
    "precision": 0.8389274441669236,
    "recall": 0.8333333333333334,
    "f1-score": 0.8347626933624328,
    "support": 378.0
  },
  "micro_avg": {
    "precision": 0.8333333333333334,
    "recall": 0.8333333333333334,
    "f1-score": 0.8333333333333334,
    "support": 378
  },
  "macro_avg": {
    "precision": 0.8297772156783785,
    "recall": 0.8286314891891662,
    "f1-score": 0.8277712870002553,
    "support": 378.0
  },
  "accuracy": 0.8333333333333334,
  "inference_time_seconds": 0.28241658210754395,
  "energy_kwh": 1.9000472576929925e-05,
  "num_test_samples": 378
}