{
  "per_class": {
    "Cyberstalking": {
      "precision": 0.7692307692307693,
      "recall": 0.5769230769230769,
      "f1-score": 0.6593406593406593,
      "support": 52.0
    },
    "Doxing": {
      "precision": 0.8026315789473685,
      "recall": 0.8243243243243243,
      "f1-score": 0.8133333333333334,
      "support": 74.0
    },
    "Revenge Porn": {
      "precision": 0.7887323943661971,
      "recall": 0.8,
      "f1-score": 0.7943262411347518,
      "support": 70.0
    },
    "Sexual Harassment": {
      "precision": 0.8192771084337349,
      "recall": 0.8717948717948718,
      "f1-score": 0.84472049689441,
      "support": 78.0
    },
    "Slut Shaming": {
      "precision": 0.9052631578947369,
      "recall": 0.9555555555555556,
      "f1-score": 0.9297297297297298,
      "support": 90.0
    }
  },
  "weighted_avg": {
    "precision": 0.8241299536156502,
    "recall": 0.8269230769230769,
    "f1-score": 0.8231843194100363,
    "support": 364.0
  },
  "micro_avg": {
    "precision": 0.8269230769230769,
    "recall": 0.8269230769230769,
    "f1-score": 0.8269230769230769,
    "support": 364
  },
  "macro_avg": {
    "precision": 0.8170270017745613,
    "recall": 0.8057195657195656,
    "f1-score": 0.8082900920865768,
    "support": 364.0
  },
  "accuracy": 0.8269230769230769,
  "inference_time_seconds": 0.2853384017944336,
  "energy_kwh": 1.9089337251895715e-05,
  "num_test_samples": 364
}