{
  "per_class": {
    "age": {
      "precision": 0.9806612601372426,
      "recall": 0.983729662077597,
      "f1-score": 0.9821930646672915,
      "support": 1598.0
    },
    "ethnicity": {
      "precision": 0.9910884786760026,
      "recall": 0.9780150753768844,
      "f1-score": 0.9845083781220361,
      "support": 1592.0
    },
    "gender": {
      "precision": 0.8894440974391006,
      "recall": 0.8955974842767296,
      "f1-score": 0.8925101848950172,
      "support": 1590.0
    },
    "not_cyberbullying": {
      "precision": 0.7166788055353241,
      "recall": 0.6200378071833649,
      "f1-score": 0.6648648648648648,
      "support": 1587.0
    },
    "other_cyberbullying": {
      "precision": 0.6904078116025273,
      "recall": 0.7680511182108626,
      "f1-score": 0.7271627344222625,
      "support": 1565.0
    },
    "religion": {
      "precision": 0.9494826536822885,
      "recall": 0.975,
      "f1-score": 0.9620721554116559,
      "support": 1600.0
    }
  },
  "weighted_avg": {
    "precision": 0.8703478180983903,
    "recall": 0.8706462442299623,
    "f1-score": 0.8695382624697567,
    "support": 9532.0
  },
  "micro_avg": {
    "precision": 0.8706462442299623,
    "recall": 0.8706462442299623,
    "f1-score": 0.8706462442299623,
    "support": 9532
  },
  "macro_avg": {
    "precision": 0.869627184512081,
    "recall": 0.8700718578542398,
    "f1-score": 0.868885230397188,
    "support": 9532.0
  },
  "accuracy": 0.8706462442299623,
  "inference_time_seconds": 3.373440742492676,
  "energy_kwh": 0.0002100000058793608,
  "num_test_samples": 9532
}