{
  "per_class": {
    "age": {
      "precision": 0.978247358607831,
      "recall": 0.9849812265331664,
      "f1-score": 0.9816027439975055,
      "support": 1598.0
    },
    "ethnicity": {
      "precision": 0.9898348157560356,
      "recall": 0.9786432160804021,
      "f1-score": 0.9842072015161086,
      "support": 1592.0
    },
    "gender": {
      "precision": 0.8911392405063291,
      "recall": 0.8855345911949686,
      "f1-score": 0.8883280757097792,
      "support": 1590.0
    },
    "not_cyberbullying": {
      "precision": 0.6579120157583717,
      "recall": 0.6313799621928167,
      "f1-score": 0.6443729903536978,
      "support": 1587.0
    },
    "other_cyberbullying": {
      "precision": 0.671604938271605,
      "recall": 0.6952076677316293,
      "f1-score": 0.6832025117739403,
      "support": 1565.0
    },
    "religion": {
      "precision": 0.9526445264452644,
      "recall": 0.968125,
      "f1-score": 0.9603223806571606,
      "support": 1600.0
    }
  },
  "weighted_avg": {
    "precision": 0.8576759376689054,
    "recall": 0.8580570709190096,
    "f1-score": 0.8577683975838439,
    "support": 9532.0
  },
  "micro_avg": {
    "precision": 0.8580570709190096,
    "recall": 0.8580570709190096,
    "f1-score": 0.8580570709190096,
    "support": 9532
  },
  "macro_avg": {
    "precision": 0.8568971492242395,
    "recall": 0.857311943955497,
    "f1-score": 0.8570059840013654,
    "support": 9532.0
  },
  "accuracy": 0.8580570709190096,
  "inference_time_seconds": 3.9821159839630127,
  "energy_kwh": 0.0002261004578023833,
  "num_test_samples": 9532
}