{
  "per_class": {
    "age": {
      "precision": 0.9844623990055935,
      "recall": 0.99,
      "f1-score": 0.9872234340916173,
      "support": 1600.0
    },
    "ethnicity": {
      "precision": 0.9893350062735258,
      "recall": 0.985625,
      "f1-score": 0.9874765184721352,
      "support": 1600.0
    },
    "gender": {
      "precision": 0.9028391167192429,
      "recall": 0.8938163647720175,
      "f1-score": 0.8983050847457628,
      "support": 1601.0
    },
    "other_cyberbullying": {
      "precision": 0.880272952853598,
      "recall": 0.8863210493441599,
      "f1-score": 0.8832866479925303,
      "support": 1601.0
    },
    "religion": {
      "precision": 0.980649188514357,
      "recall": 0.981875,
      "f1-score": 0.981261711430356,
      "support": 1600.0
    }
  },
  "weighted_avg": {
    "precision": 0.9474977472451487,
    "recall": 0.9475131217195701,
    "f1-score": 0.9474965041870258,
    "support": 8002.0
  },
  "micro_avg": {
    "precision": 0.9475131217195701,
    "recall": 0.9475131217195701,
    "f1-score": 0.9475131217195701,
    "support": 8002
  },
  "macro_avg": {
    "precision": 0.9475117326732635,
    "recall": 0.9475274828232354,
    "f1-score": 0.9475106793464804,
    "support": 8002.0
  },
  "accuracy": 0.9475131217195701,
  "inference_time_seconds": 2.097698211669922,
  "energy_kwh": 0.0001320888099896028,
  "num_test_samples": 8002
}