{
  "per_class": {
    "Cyberstalking": {
      "precision": 0.7619047619047619,
      "recall": 0.8,
      "f1-score": 0.7804878048780488,
      "support": 60.0
    },
    "Doxing": {
      "precision": 0.7872340425531915,
      "recall": 0.8409090909090909,
      "f1-score": 0.8131868131868132,
      "support": 88.0
    },
    "Revenge Porn": {
      "precision": 0.8591549295774648,
      "recall": 0.8026315789473685,
      "f1-score": 0.8299319727891157,
      "support": 76.0
    },
    "Sexual Harassment": {
      "precision": 0.8240740740740741,
      "recall": 0.898989898989899,
      "f1-score": 0.8599033816425121,
      "support": 99.0
    },
    "Slut Shaming": {
      "precision": 0.9767441860465116,
      "recall": 0.8484848484848485,
      "f1-score": 0.9081081081081082,
      "support": 99.0
    }
  },
  "weighted_avg": {
    "precision": 0.849686407248322,
    "recall": 0.8436018957345972,
    "f1-score": 0.844781221019921,
    "support": 422.0
  },
  "micro_avg": {
    "precision": 0.8436018957345972,
    "recall": 0.8436018957345972,
    "f1-score": 0.8436018957345972,
    "support": 422
  },
  "macro_avg": {
    "precision": 0.8418223988312008,
    "recall": 0.8382030834662414,
    "f1-score": 0.8383236161209198,
    "support": 422.0
  },
  "accuracy": 0.8436018957345972,
  "inference_time_seconds": 0.1826622486114502,
  "energy_kwh": 7.427375169962115e-06,
  "num_test_samples": 422
}