{
  "per_class": {
    "emotion": {
      "precision": 0.8306709265175719,
      "recall": 0.8396124865446717,
      "f1-score": 0.8351177730192719,
      "support": 929.0
    },
    "hate": {
      "precision": 0.9423953584749275,
      "recall": 0.9392812887236679,
      "f1-score": 0.9408357467935458,
      "support": 2421.0
    },
    "offensive": {
      "precision": 0.9088222878851836,
      "recall": 0.9015912897822446,
      "f1-score": 0.9051923481185621,
      "support": 2388.0
    },
    "religion": {
      "precision": 0.9892735251097026,
      "recall": 1.0,
      "f1-score": 0.9946078431372549,
      "support": 2029.0
    },
    "spiritual": {
      "precision": 0.9994131455399061,
      "recall": 0.9964891749561147,
      "f1-score": 0.9979490184588339,
      "support": 1709.0
    }
  },
  "weighted_avg": {
    "precision": 0.943302355978021,
    "recall": 0.9433305192064162,
    "f1-score": 0.9433032152491391,
    "support": 9476.0
  },
  "micro_avg": {
    "precision": 0.9433305192064162,
    "recall": 0.9433305192064162,
    "f1-score": 0.9433305192064162,
    "support": 9476
  },
  "macro_avg": {
    "precision": 0.9341150487054584,
    "recall": 0.9353948480013397,
    "f1-score": 0.9347405459054936,
    "support": 9476.0
  },
  "accuracy": 0.9433305192064162,
  "inference_time_seconds": 7.633083343505859,
  "energy_kwh": 0.00049864698657943,
  "num_test_samples": 9476
}