{
  "per_class": {
    "Cyberstalking": {
      "precision": 0.71875,
      "recall": 0.7666666666666667,
      "f1-score": 0.7419354838709677,
      "support": 60.0
    },
    "Doxing": {
      "precision": 0.8271604938271605,
      "recall": 0.7613636363636364,
      "f1-score": 0.7928994082840237,
      "support": 88.0
    },
    "Revenge Porn": {
      "precision": 0.8732394366197183,
      "recall": 0.8157894736842105,
      "f1-score": 0.8435374149659864,
      "support": 76.0
    },
    "Sexual Harassment": {
      "precision": 0.7982456140350878,
      "recall": 0.9191919191919192,
      "f1-score": 0.8544600938967136,
      "support": 99.0
    },
    "Slut Shaming": {
      "precision": 0.967391304347826,
      "recall": 0.898989898989899,
      "f1-score": 0.9319371727748691,
      "support": 99.0
    }
  },
  "weighted_avg": {
    "precision": 0.8461596577246379,
    "recall": 0.8412322274881516,
    "f1-score": 0.8418328196662413,
    "support": 422.0
  },
  "micro_avg": {
    "precision": 0.8412322274881516,
    "recall": 0.8412322274881516,
    "f1-score": 0.8412322274881516,
    "support": 422
  },
  "macro_avg": {
    "precision": 0.8369573697659585,
    "recall": 0.8324003189792663,
    "f1-score": 0.8329539147585121,
    "support": 422.0
  },
  "accuracy": 0.8412322274881516,
  "inference_time_seconds": 0.11004281044006348,
  "energy_kwh": 1.1198498391966776e-05,
  "num_test_samples": 422
}