{
  "per_class": {
    "Cyberstalking": {
      "precision": 0.6911764705882353,
      "recall": 0.7833333333333333,
      "f1-score": 0.734375,
      "support": 60.0
    },
    "Doxing": {
      "precision": 0.825,
      "recall": 0.75,
      "f1-score": 0.7857142857142857,
      "support": 88.0
    },
    "Revenge Porn": {
      "precision": 0.7721518987341772,
      "recall": 0.8026315789473685,
      "f1-score": 0.7870967741935484,
      "support": 76.0
    },
    "Sexual Harassment": {
      "precision": 0.8543689320388349,
      "recall": 0.8888888888888888,
      "f1-score": 0.8712871287128713,
      "support": 99.0
    },
    "Slut Shaming": {
      "precision": 0.9239130434782609,
      "recall": 0.8585858585858586,
      "f1-score": 0.8900523560209425,
      "support": 99.0
    }
  },
  "weighted_avg": {
    "precision": 0.8265498770504361,
    "recall": 0.8222748815165877,
    "f1-score": 0.8232164004033515,
    "support": 422.0
  },
  "micro_avg": {
    "precision": 0.8222748815165877,
    "recall": 0.8222748815165877,
    "f1-score": 0.8222748815165877,
    "support": 422
  },
  "macro_avg": {
    "precision": 0.8133220689679017,
    "recall": 0.8166879319510898,
    "f1-score": 0.8137051089283295,
    "support": 422.0
  },
  "accuracy": 0.8222748815165877,
  "inference_time_seconds": 0.3900766372680664,
  "energy_kwh": 4.800132624697156e-05,
  "num_test_samples": 422
}