{
  "per_class": {
    "Cyberstalking": {
      "precision": 0.8360655737704918,
      "recall": 0.85,
      "f1-score": 0.8429752066115702,
      "support": 60.0
    },
    "Doxing": {
      "precision": 0.8494623655913979,
      "recall": 0.8977272727272727,
      "f1-score": 0.8729281767955801,
      "support": 88.0
    },
    "Revenge Porn": {
      "precision": 0.7349397590361446,
      "recall": 0.8026315789473685,
      "f1-score": 0.7672955974842768,
      "support": 76.0
    },
    "Sexual Harassment": {
      "precision": 0.8842105263157894,
      "recall": 0.8484848484848485,
      "f1-score": 0.865979381443299,
      "support": 99.0
    },
    "Slut Shaming": {
      "precision": 0.9444444444444444,
      "recall": 0.8585858585858586,
      "f1-score": 0.8994708994708994,
      "support": 99.0
    }
  },
  "weighted_avg": {
    "precision": 0.8573670293608593,
    "recall": 0.8530805687203792,
    "f1-score": 0.8542422634455354,
    "support": 422.0
  },
  "micro_avg": {
    "precision": 0.8530805687203792,
    "recall": 0.8530805687203792,
    "f1-score": 0.8530805687203792,
    "support": 422
  },
  "macro_avg": {
    "precision": 0.8498245338316537,
    "recall": 0.8514859117490697,
    "f1-score": 0.8497298523611251,
    "support": 422.0
  },
  "accuracy": 0.8530805687203792,
  "inference_time_seconds": 0.31511783599853516,
  "energy_kwh": 1.5187102565346946e-05,
  "num_test_samples": 422
}