{
  "per_class": {
    "emotion": {
      "precision": 0.8178294573643411,
      "recall": 0.8389662027833003,
      "f1-score": 0.8282630029440629,
      "support": 1006.0
    },
    "hate": {
      "precision": 0.9413419043792688,
      "recall": 0.9249901302803001,
      "f1-score": 0.9330943847072879,
      "support": 2533.0
    },
    "offensive": {
      "precision": 0.904626334519573,
      "recall": 0.9052706552706553,
      "f1-score": 0.9049483802064792,
      "support": 2808.0
    },
    "religion": {
      "precision": 0.9913957934990439,
      "recall": 1.0,
      "f1-score": 0.9956793086893903,
      "support": 2074.0
    },
    "spiritual": {
      "precision": 0.9994216310005783,
      "recall": 0.9982668977469671,
      "f1-score": 0.9988439306358381,
      "support": 1731.0
    }
  },
  "weighted_avg": {
    "precision": 0.9390760386338844,
    "recall": 0.9388297872340425,
    "f1-score": 0.9389177934591718,
    "support": 10152.0
  },
  "micro_avg": {
    "precision": 0.9388297872340425,
    "recall": 0.9388297872340425,
    "f1-score": 0.9388297872340425,
    "support": 10152
  },
  "macro_avg": {
    "precision": 0.9309230241525611,
    "recall": 0.9334987772162446,
    "f1-score": 0.9321658014366119,
    "support": 10152.0
  },
  "accuracy": 0.9388297872340425,
  "inference_time_seconds": 6.2198615074157715,
  "energy_kwh": 0.00038274888399449905,
  "num_test_samples": 10152
}