{
  "per_class": {
    "age": {
      "precision": 0.9883040935672515,
      "recall": 0.9725063938618926,
      "f1-score": 0.9803416048984853,
      "support": 1564.0
    },
    "ethnicity": {
      "precision": 0.9806020066889632,
      "recall": 0.9898717083051992,
      "f1-score": 0.9852150537634409,
      "support": 1481.0
    },
    "gender": {
      "precision": 0.8903269754768393,
      "recall": 0.8976648351648352,
      "f1-score": 0.8939808481532148,
      "support": 1456.0
    },
    "not_cyberbullying": {
      "precision": 0.6652136006974717,
      "recall": 0.6290189612530915,
      "f1-score": 0.6466101694915254,
      "support": 1213.0
    },
    "other_cyberbullying": {
      "precision": 0.6382556987115956,
      "recall": 0.6564729867482161,
      "f1-score": 0.6472361809045226,
      "support": 981.0
    },
    "religion": {
      "precision": 0.9512345679012346,
      "recall": 0.9734680985470625,
      "f1-score": 0.9622229160162348,
      "support": 1583.0
    }
  },
  "weighted_avg": {
    "precision": 0.8737777856498641,
    "recall": 0.8748489973423532,
    "f1-score": 0.8741809114170361,
    "support": 8278.0
  },
  "micro_avg": {
    "precision": 0.8748489973423532,
    "recall": 0.8748489973423532,
    "f1-score": 0.8748489973423532,
    "support": 8278
  },
  "macro_avg": {
    "precision": 0.8523228238405594,
    "recall": 0.8531671639800495,
    "f1-score": 0.8526011288712373,
    "support": 8278.0
  },
  "accuracy": 0.8748489973423532,
  "inference_time_seconds": 1.597198486328125,
  "energy_kwh": 9.110181455335326e-05,
  "num_test_samples": 8278
}