{
  "per_class": {
    "age": {
      "precision": 0.9854889589905362,
      "recall": 0.9774718397997497,
      "f1-score": 0.981464027646874,
      "support": 1598.0
    },
    "ethnicity": {
      "precision": 0.991128010139417,
      "recall": 0.9824120603015075,
      "f1-score": 0.9867507886435332,
      "support": 1592.0
    },
    "gender": {
      "precision": 0.8703030303030304,
      "recall": 0.9031446540880503,
      "f1-score": 0.8864197530864197,
      "support": 1590.0
    },
    "not_cyberbullying": {
      "precision": 0.7098360655737705,
      "recall": 0.5456836798991809,
      "f1-score": 0.6170288564303527,
      "support": 1587.0
    },
    "other_cyberbullying": {
      "precision": 0.6542155816435432,
      "recall": 0.7833865814696486,
      "f1-score": 0.7129979645245711,
      "support": 1565.0
    },
    "religion": {
      "precision": 0.952,
      "recall": 0.966875,
      "f1-score": 0.9593798449612403,
      "support": 1600.0
    }
  },
  "weighted_avg": {
    "precision": 0.8613120214150615,
    "recall": 0.8603650860260176,
    "f1-score": 0.858032788573387,
    "support": 9532.0
  },
  "micro_avg": {
    "precision": 0.8603650860260176,
    "recall": 0.8603650860260176,
    "f1-score": 0.8603650860260176,
    "support": 9532
  },
  "macro_avg": {
    "precision": 0.8604952744417161,
    "recall": 0.8598289692596895,
    "f1-score": 0.8573402058821653,
    "support": 9532.0
  },
  "accuracy": 0.8603650860260176,
  "inference_time_seconds": 8.355540752410889,
  "energy_kwh": 0.00041933583377008553,
  "num_test_samples": 9532
}