{
  "per_class": {
    "age": {
      "precision": 0.9802169751116784,
      "recall": 0.982725527831094,
      "f1-score": 0.9814696485623003,
      "support": 1563.0
    },
    "ethnicity": {
      "precision": 0.9850644942294636,
      "recall": 0.9790823211875843,
      "f1-score": 0.9820642978003384,
      "support": 1482.0
    },
    "gender": {
      "precision": 0.890485968514716,
      "recall": 0.8929306794783802,
      "f1-score": 0.8917066483893078,
      "support": 1457.0
    },
    "not_cyberbullying": {
      "precision": 0.6344712739383847,
      "recall": 0.6287128712871287,
      "f1-score": 0.631578947368421,
      "support": 1212.0
    },
    "other_cyberbullying": {
      "precision": 0.6321243523316062,
      "recall": 0.6218144750254841,
      "f1-score": 0.6269270298047277,
      "support": 981.0
    },
    "religion": {
      "precision": 0.9547146401985112,
      "recall": 0.9715909090909091,
      "f1-score": 0.9630788485607009,
      "support": 1584.0
    }
  },
  "weighted_avg": {
    "precision": 0.8685522324433662,
    "recall": 0.8695494624954705,
    "f1-score": 0.8690275315032385,
    "support": 8279.0
  },
  "micro_avg": {
    "precision": 0.8695494624954705,
    "recall": 0.8695494624954705,
    "f1-score": 0.8695494624954705,
    "support": 8279
  },
  "macro_avg": {
    "precision": 0.8461796173873934,
    "recall": 0.8461427973167636,
    "f1-score": 0.8461375700809661,
    "support": 8279.0
  },
  "accuracy": 0.8695494624954705,
  "inference_time_seconds": 3.2376742362976074,
  "energy_kwh": 0.00019421476813407656,
  "num_test_samples": 8279
}