{
  "per_class": {
    "Cyberstalking": {
      "precision": 0.8301886792452831,
      "recall": 0.7333333333333333,
      "f1-score": 0.7787610619469026,
      "support": 60.0
    },
    "Doxing": {
      "precision": 0.7802197802197802,
      "recall": 0.8068181818181818,
      "f1-score": 0.7932960893854749,
      "support": 88.0
    },
    "Revenge Porn": {
      "precision": 0.8611111111111112,
      "recall": 0.8157894736842105,
      "f1-score": 0.8378378378378378,
      "support": 76.0
    },
    "Sexual Harassment": {
      "precision": 0.8256880733944955,
      "recall": 0.9090909090909091,
      "f1-score": 0.8653846153846154,
      "support": 99.0
    },
    "Slut Shaming": {
      "precision": 0.9278350515463918,
      "recall": 0.9090909090909091,
      "f1-score": 0.9183673469387755,
      "support": 99.0
    }
  },
  "weighted_avg": {
    "precision": 0.8471893251840046,
    "recall": 0.8459715639810427,
    "f1-score": 0.8455043590721028,
    "support": 422.0
  },
  "micro_avg": {
    "precision": 0.8459715639810427,
    "recall": 0.8459715639810427,
    "f1-score": 0.8459715639810427,
    "support": 422
  },
  "macro_avg": {
    "precision": 0.8450085391034123,
    "recall": 0.8348245614035088,
    "f1-score": 0.8387293902987214,
    "support": 422.0
  },
  "accuracy": 0.8459715639810427,
  "inference_time_seconds": 0.33312559127807617,
  "energy_kwh": 2.01875292728103e-05,
  "num_test_samples": 422
}