{
  "per_class": {
    "age": {
      "precision": 0.9826625386996904,
      "recall": 0.991875,
      "f1-score": 0.9872472783825816,
      "support": 1600.0
    },
    "ethnicity": {
      "precision": 0.9880277252678009,
      "recall": 0.98,
      "f1-score": 0.9839974898023219,
      "support": 1600.0
    },
    "gender": {
      "precision": 0.9016602809706258,
      "recall": 0.8819487820112429,
      "f1-score": 0.8916956109883171,
      "support": 1601.0
    },
    "other_cyberbullying": {
      "precision": 0.8655717761557178,
      "recall": 0.8888194878201124,
      "f1-score": 0.8770416024653312,
      "support": 1601.0
    },
    "religion": {
      "precision": 0.9867924528301887,
      "recall": 0.980625,
      "f1-score": 0.9836990595611286,
      "support": 1600.0
    }
  },
  "weighted_avg": {
    "precision": 0.9449276268852242,
    "recall": 0.9446388402899275,
    "f1-score": 0.9447211201115897,
    "support": 8002.0
  },
  "micro_avg": {
    "precision": 0.9446388402899275,
    "recall": 0.9446388402899275,
    "f1-score": 0.9446388402899275,
    "support": 8002
  },
  "macro_avg": {
    "precision": 0.9449429547848046,
    "recall": 0.9446536539662711,
    "f1-score": 0.9447362082399362,
    "support": 8002.0
  },
  "accuracy": 0.9446388402899275,
  "inference_time_seconds": 1.0983631610870361,
  "energy_kwh": 9.102588535373792e-05,
  "num_test_samples": 8002
}