{
  "per_class": {
    "Cyberstalking": {
      "precision": 0.7333333333333333,
      "recall": 0.7333333333333333,
      "f1-score": 0.7333333333333333,
      "support": 60.0
    },
    "Doxing": {
      "precision": 0.7684210526315789,
      "recall": 0.8295454545454546,
      "f1-score": 0.7978142076502732,
      "support": 88.0
    },
    "Revenge Porn": {
      "precision": 0.775,
      "recall": 0.8157894736842105,
      "f1-score": 0.7948717948717948,
      "support": 76.0
    },
    "Sexual Harassment": {
      "precision": 0.8645833333333334,
      "recall": 0.8383838383838383,
      "f1-score": 0.8512820512820513,
      "support": 99.0
    },
    "Slut Shaming": {
      "precision": 0.9340659340659341,
      "recall": 0.8585858585858586,
      "f1-score": 0.8947368421052632,
      "support": 99.0
    }
  },
  "weighted_avg": {
    "precision": 0.8260363272609158,
    "recall": 0.8222748815165877,
    "f1-score": 0.8233975761346554,
    "support": 422.0
  },
  "micro_avg": {
    "precision": 0.8222748815165877,
    "recall": 0.8222748815165877,
    "f1-score": 0.8222748815165877,
    "support": 422
  },
  "macro_avg": {
    "precision": 0.8150807306728358,
    "recall": 0.815127591706539,
    "f1-score": 0.8144076458485431,
    "support": 422.0
  },
  "accuracy": 0.8222748815165877,
  "inference_time_seconds": 0.3082389831542969,
  "energy_kwh": 1.5791897038443392e-05,
  "num_test_samples": 422
}