{
  "per_class": {
    "age": {
      "precision": 0.9898477157360406,
      "recall": 0.9885931558935361,
      "f1-score": 0.9892200380469245,
      "support": 1578.0
    },
    "ethnicity": {
      "precision": 0.9846461949265688,
      "recall": 0.9820239680426098,
      "f1-score": 0.9833333333333333,
      "support": 1502.0
    },
    "gender": {
      "precision": 0.9307958477508651,
      "recall": 0.9038978494623656,
      "f1-score": 0.9171496760995568,
      "support": 1488.0
    },
    "other_cyberbullying": {
      "precision": 0.8615969581749049,
      "recall": 0.897070467141726,
      "f1-score": 0.8789759503491078,
      "support": 1263.0
    },
    "religion": {
      "precision": 0.980466288594833,
      "recall": 0.9786163522012579,
      "f1-score": 0.9795404469625433,
      "support": 1590.0
    }
  },
  "weighted_avg": {
    "precision": 0.9531169463286828,
    "recall": 0.9525670394825495,
    "f1-score": 0.9527409433637274,
    "support": 7421.0
  },
  "micro_avg": {
    "precision": 0.9525670394825495,
    "recall": 0.9525670394825495,
    "f1-score": 0.9525670394825495,
    "support": 7421
  },
  "macro_avg": {
    "precision": 0.9494706010366425,
    "recall": 0.950040358548299,
    "f1-score": 0.9496438889582931,
    "support": 7421.0
  },
  "accuracy": 0.9525670394825495,
  "inference_time_seconds": 12.301531076431274,
  "energy_kwh": 0.0007727747882369778,
  "num_test_samples": 7421
}