{
  "per_class": {
    "Cyberstalking": {
      "precision": 0.7424242424242424,
      "recall": 0.8166666666666667,
      "f1-score": 0.7777777777777778,
      "support": 60.0
    },
    "Doxing": {
      "precision": 0.8313253012048193,
      "recall": 0.7840909090909091,
      "f1-score": 0.8070175438596491,
      "support": 88.0
    },
    "Revenge Porn": {
      "precision": 0.7721518987341772,
      "recall": 0.8026315789473685,
      "f1-score": 0.7870967741935484,
      "support": 76.0
    },
    "Sexual Harassment": {
      "precision": 0.8947368421052632,
      "recall": 0.8585858585858586,
      "f1-score": 0.8762886597938144,
      "support": 99.0
    },
    "Slut Shaming": {
      "precision": 0.9393939393939394,
      "recall": 0.9393939393939394,
      "f1-score": 0.9393939393939394,
      "support": 99.0
    }
  },
  "weighted_avg": {
    "precision": 0.8482572813357754,
    "recall": 0.8459715639810427,
    "f1-score": 0.8465785371673297,
    "support": 422.0
  },
  "micro_avg": {
    "precision": 0.8459715639810427,
    "recall": 0.8459715639810427,
    "f1-score": 0.8459715639810427,
    "support": 422
  },
  "macro_avg": {
    "precision": 0.8360064447724884,
    "recall": 0.8402737905369484,
    "f1-score": 0.8375149390037457,
    "support": 422.0
  },
  "accuracy": 0.8459715639810427,
  "inference_time_seconds": 0.33115458488464355,
  "energy_kwh": 1.1419850620116078e-07,
  "num_test_samples": 422
}