{
  "per_class": {
    "emotion": {
      "precision": 0.868663594470046,
      "recall": 0.8021276595744681,
      "f1-score": 0.834070796460177,
      "support": 940.0
    },
    "hate": {
      "precision": 0.9479210415791685,
      "recall": 0.9369032793690328,
      "f1-score": 0.9423799582463466,
      "support": 2409.0
    },
    "offensive": {
      "precision": 0.8893425888117599,
      "recall": 0.9228813559322034,
      "f1-score": 0.9058016219588272,
      "support": 2360.0
    },
    "religion": {
      "precision": 0.9931673987310884,
      "recall": 0.99950884086444,
      "f1-score": 0.996328029375765,
      "support": 2036.0
    },
    "spiritual": {
      "precision": 1.0,
      "recall": 0.9988310929281122,
      "f1-score": 0.9994152046783625,
      "support": 1711.0
    }
  },
  "weighted_avg": {
    "precision": 0.9445878702811241,
    "recall": 0.9446912013536379,
    "f1-score": 0.9444199427796727,
    "support": 9456.0
  },
  "micro_avg": {
    "precision": 0.9446912013536379,
    "recall": 0.9446912013536379,
    "f1-score": 0.9446912013536379,
    "support": 9456
  },
  "macro_avg": {
    "precision": 0.9398189247184124,
    "recall": 0.9320504457336514,
    "f1-score": 0.9355991221438955,
    "support": 9456.0
  },
  "accuracy": 0.9446912013536379,
  "inference_time_seconds": 5.73066782951355,
  "energy_kwh": 0.00037433350067502447,
  "num_test_samples": 9456
}