{
  "per_class": {
    "emotion": {
      "precision": 0.7865796831314072,
      "recall": 0.8389662027833003,
      "f1-score": 0.8119288119288119,
      "support": 1006.0
    },
    "hate": {
      "precision": 0.962367864693446,
      "recall": 0.8985392814844059,
      "f1-score": 0.9293589220089833,
      "support": 2533.0
    },
    "offensive": {
      "precision": 0.8814201999310582,
      "recall": 0.9106125356125356,
      "f1-score": 0.8957785952005605,
      "support": 2808.0
    },
    "religion": {
      "precision": 0.9932821497120922,
      "recall": 0.9980713596914176,
      "f1-score": 0.9956709956709957,
      "support": 2074.0
    },
    "spiritual": {
      "precision": 1.0,
      "recall": 0.998844598497978,
      "f1-score": 0.999421965317919,
      "support": 1731.0
    }
  },
  "weighted_avg": {
    "precision": 0.9352907862892027,
    "recall": 0.9334121355397951,
    "f1-score": 0.9339276887863747,
    "support": 10152.0
  },
  "micro_avg": {
    "precision": 0.9334121355397951,
    "recall": 0.9334121355397951,
    "f1-score": 0.9334121355397951,
    "support": 10152
  },
  "macro_avg": {
    "precision": 0.9247299794936008,
    "recall": 0.9290067956139275,
    "f1-score": 0.926431858025454,
    "support": 10152.0
  },
  "accuracy": 0.9334121355397951,
  "inference_time_seconds": 10.256841897964478,
  "energy_kwh": 0.0005879168991805812,
  "num_test_samples": 10152
}