{
  "per_class": {
    "Cyberstalking": {
      "precision": 0.7857142857142857,
      "recall": 0.7333333333333333,
      "f1-score": 0.7586206896551724,
      "support": 60.0
    },
    "Doxing": {
      "precision": 0.7865168539325843,
      "recall": 0.7954545454545454,
      "f1-score": 0.7909604519774012,
      "support": 88.0
    },
    "Revenge Porn": {
      "precision": 0.6818181818181818,
      "recall": 0.7894736842105263,
      "f1-score": 0.7317073170731707,
      "support": 76.0
    },
    "Sexual Harassment": {
      "precision": 0.8514851485148515,
      "recall": 0.8686868686868687,
      "f1-score": 0.86,
      "support": 99.0
    },
    "Slut Shaming": {
      "precision": 0.9431818181818182,
      "recall": 0.8383838383838383,
      "f1-score": 0.8877005347593583,
      "support": 99.0
    }
  },
  "weighted_avg": {
    "precision": 0.8195415919670064,
    "recall": 0.8127962085308057,
    "f1-score": 0.8145826307868699,
    "support": 422.0
  },
  "micro_avg": {
    "precision": 0.8127962085308057,
    "recall": 0.8127962085308057,
    "f1-score": 0.8127962085308057,
    "support": 422
  },
  "macro_avg": {
    "precision": 0.8097432576323442,
    "recall": 0.8050664540138224,
    "f1-score": 0.8057977986930205,
    "support": 422.0
  },
  "accuracy": 0.8127962085308057,
  "inference_time_seconds": 0.22965645790100098,
  "energy_kwh": 1.0062394410966385e-05,
  "num_test_samples": 422
}