{
  "per_class": {
    "age": {
      "precision": 0.9887710542732376,
      "recall": 0.990625,
      "f1-score": 0.9896971589135186,
      "support": 1600.0
    },
    "ethnicity": {
      "precision": 0.9905183312262958,
      "recall": 0.979375,
      "f1-score": 0.9849151477058454,
      "support": 1600.0
    },
    "gender": {
      "precision": 0.9303959131545338,
      "recall": 0.910056214865709,
      "f1-score": 0.9201136722450268,
      "support": 1601.0
    },
    "other_cyberbullying": {
      "precision": 0.8888888888888888,
      "recall": 0.929419113054341,
      "f1-score": 0.9087022900763359,
      "support": 1601.0
    },
    "religion": {
      "precision": 0.9961953075459734,
      "recall": 0.981875,
      "f1-score": 0.9889833175952156,
      "support": 1600.0
    }
  },
  "weighted_avg": {
    "precision": 0.9589415742244852,
    "recall": 0.9582604348912772,
    "f1-score": 0.9584713014771095,
    "support": 8002.0
  },
  "micro_avg": {
    "precision": 0.9582604348912772,
    "recall": 0.9582604348912772,
    "f1-score": 0.9582604348912772,
    "support": 8002
  },
  "macro_avg": {
    "precision": 0.9589538990177859,
    "recall": 0.95827006558401,
    "f1-score": 0.9584823173071886,
    "support": 8002.0
  },
  "accuracy": 0.9582604348912772,
  "inference_time_seconds": 3.2961502075195312,
  "energy_kwh": 0.00018250192815226035,
  "num_test_samples": 8002
}