{
  "per_class": {
    "age": {
      "precision": 0.9800249687890137,
      "recall": 0.9824780976220275,
      "f1-score": 0.98125,
      "support": 1598.0
    },
    "ethnicity": {
      "precision": 0.9824890556597874,
      "recall": 0.9868090452261307,
      "f1-score": 0.9846443121278596,
      "support": 1592.0
    },
    "gender": {
      "precision": 0.8711031175059952,
      "recall": 0.9138364779874214,
      "f1-score": 0.8919582565991406,
      "support": 1590.0
    },
    "not_cyberbullying": {
      "precision": 0.7223858615611193,
      "recall": 0.6181474480151229,
      "f1-score": 0.6662139219015281,
      "support": 1587.0
    },
    "other_cyberbullying": {
      "precision": 0.6993006993006993,
      "recall": 0.7667731629392971,
      "f1-score": 0.7314843035659859,
      "support": 1565.0
    },
    "religion": {
      "precision": 0.9647577092511013,
      "recall": 0.958125,
      "f1-score": 0.9614299153339605,
      "support": 1600.0
    }
  },
  "weighted_avg": {
    "precision": 0.8707197571416923,
    "recall": 0.8715904322282837,
    "f1-score": 0.8701371345544497,
    "support": 9532.0
  },
  "micro_avg": {
    "precision": 0.8715904322282837,
    "recall": 0.8715904322282837,
    "f1-score": 0.8715904322282837,
    "support": 9532
  },
  "macro_avg": {
    "precision": 0.8700102353446194,
    "recall": 0.8710282052983332,
    "f1-score": 0.8694967849214125,
    "support": 9532.0
  },
  "accuracy": 0.8715904322282837,
  "inference_time_seconds": 7.623507738113403,
  "energy_kwh": 0.0005050755598537031,
  "num_test_samples": 9532
}