{
  "per_class": {
    "emotion": {
      "precision": 0.9093655589123867,
      "recall": 0.8976143141153081,
      "f1-score": 0.9034517258629314,
      "support": 1006.0
    },
    "hate": {
      "precision": 0.955859375,
      "recall": 0.9660481642321358,
      "f1-score": 0.9609267622226586,
      "support": 2533.0
    },
    "offensive": {
      "precision": 0.9613041920458617,
      "recall": 0.9554843304843305,
      "f1-score": 0.9583854259689231,
      "support": 2808.0
    },
    "religion": {
      "precision": 0.9956793086893903,
      "recall": 1.0,
      "f1-score": 0.997834977146981,
      "support": 2074.0
    },
    "spiritual": {
      "precision": 1.0,
      "recall": 0.9965337954939342,
      "f1-score": 0.9982638888888888,
      "support": 1731.0
    }
  },
  "weighted_avg": {
    "precision": 0.9684194844983685,
    "recall": 0.9684791174152876,
    "f1-score": 0.9684348636050378,
    "support": 10152.0
  },
  "micro_avg": {
    "precision": 0.9684791174152876,
    "recall": 0.9684791174152876,
    "f1-score": 0.9684791174152876,
    "support": 10152
  },
  "macro_avg": {
    "precision": 0.9644416869295277,
    "recall": 0.9631361208651417,
    "f1-score": 0.9637725560180765,
    "support": 10152.0
  },
  "accuracy": 0.9684791174152876,
  "inference_time_seconds": 7.689714193344116,
  "energy_kwh": 0.00047598973116225407,
  "num_test_samples": 10152
}