{
  "per_class": {
    "emotion": {
      "precision": 0.8206465067778936,
      "recall": 0.83991462113127,
      "f1-score": 0.830168776371308,
      "support": 937.0
    },
    "hate": {
      "precision": 0.945424013434089,
      "recall": 0.9340522604728329,
      "f1-score": 0.9397037346129773,
      "support": 2411.0
    },
    "offensive": {
      "precision": 0.9025010597710894,
      "recall": 0.901354784081287,
      "f1-score": 0.9019275577208219,
      "support": 2362.0
    },
    "religion": {
      "precision": 0.9941491955143832,
      "recall": 1.0,
      "f1-score": 0.9970660146699266,
      "support": 2039.0
    },
    "spiritual": {
      "precision": 1.0,
      "recall": 0.9988331388564761,
      "f1-score": 0.9994162288382954,
      "support": 1714.0
    }
  },
  "weighted_avg": {
    "precision": 0.9427391721519195,
    "recall": 0.9425129451548134,
    "f1-score": 0.9426042226660893,
    "support": 9463.0
  },
  "micro_avg": {
    "precision": 0.9425129451548134,
    "recall": 0.9425129451548134,
    "f1-score": 0.9425129451548134,
    "support": 9463
  },
  "macro_avg": {
    "precision": 0.932544155099491,
    "recall": 0.9348309609083731,
    "f1-score": 0.9336564624426659,
    "support": 9463.0
  },
  "accuracy": 0.9425129451548134,
  "inference_time_seconds": 1.2761006355285645,
  "energy_kwh": 5.203489516143093e-07,
  "num_test_samples": 9463
}