{
  "per_class": {
    "emotion": {
      "precision": 0.8026315789473685,
      "recall": 0.8545258620689655,
      "f1-score": 0.8277661795407099,
      "support": 928.0
    },
    "hate": {
      "precision": 0.9305331179321487,
      "recall": 0.9508873297565003,
      "f1-score": 0.9406001224739743,
      "support": 2423.0
    },
    "offensive": {
      "precision": 0.9214474845542807,
      "recall": 0.8743718592964824,
      "f1-score": 0.8972926514825956,
      "support": 2388.0
    },
    "religion": {
      "precision": 0.9941147621383031,
      "recall": 0.9990142927550517,
      "f1-score": 0.9965585054080629,
      "support": 2029.0
    },
    "spiritual": {
      "precision": 0.9994148624926857,
      "recall": 0.9988304093567252,
      "f1-score": 0.999122550453349,
      "support": 1710.0
    }
  },
  "weighted_avg": {
    "precision": 0.9417597288847316,
    "recall": 0.9411268200042203,
    "f1-score": 0.9411788069061873,
    "support": 9478.0
  },
  "micro_avg": {
    "precision": 0.9411268200042203,
    "recall": 0.9411268200042203,
    "f1-score": 0.9411268200042203,
    "support": 9478
  },
  "macro_avg": {
    "precision": 0.9296283612129574,
    "recall": 0.9355259506467449,
    "f1-score": 0.9322680018717383,
    "support": 9478.0
  },
  "accuracy": 0.9411268200042203,
  "inference_time_seconds": 1.82999587059021,
  "energy_kwh": 0.00010669563750275774,
  "num_test_samples": 9478
}