{
  "per_class": {
    "age": {
      "precision": 0.9859604339502234,
      "recall": 0.9790874524714829,
      "f1-score": 0.9825119236883942,
      "support": 1578.0
    },
    "ethnicity": {
      "precision": 0.9938398357289527,
      "recall": 0.974496644295302,
      "f1-score": 0.9840731955269401,
      "support": 1490.0
    },
    "gender": {
      "precision": 0.9132947976878613,
      "recall": 0.8610354223433242,
      "f1-score": 0.8863955119214586,
      "support": 1468.0
    },
    "not_cyberbullying": {
      "precision": 0.5990950226244344,
      "recall": 0.5484672742336372,
      "f1-score": 0.5726643598615917,
      "support": 1207.0
    },
    "other_cyberbullying": {
      "precision": 0.6065459610027855,
      "recall": 0.7198347107438017,
      "f1-score": 0.6583522297808012,
      "support": 1210.0
    },
    "religion": {
      "precision": 0.9585166561910748,
      "recall": 0.9585166561910748,
      "f1-score": 0.9585166561910748,
      "support": 1591.0
    }
  },
  "weighted_avg": {
    "precision": 0.8613543993605378,
    "recall": 0.856624531835206,
    "f1-score": 0.8579955019667415,
    "support": 8544.0
  },
  "micro_avg": {
    "precision": 0.856624531835206,
    "recall": 0.856624531835206,
    "f1-score": 0.856624531835206,
    "support": 8544
  },
  "macro_avg": {
    "precision": 0.8428754511975555,
    "recall": 0.8402396933797704,
    "f1-score": 0.8404189794950435,
    "support": 8544.0
  },
  "accuracy": 0.856624531835206,
  "inference_time_seconds": 8.61264181137085,
  "energy_kwh": 0.0005348829082135708,
  "num_test_samples": 8544
}