{
  "per_class": {
    "Cyberstalking": {
      "precision": 0.8205128205128205,
      "recall": 0.6153846153846154,
      "f1-score": 0.7032967032967034,
      "support": 52.0
    },
    "Doxing": {
      "precision": 0.8026315789473685,
      "recall": 0.8243243243243243,
      "f1-score": 0.8133333333333334,
      "support": 74.0
    },
    "Revenge Porn": {
      "precision": 0.8194444444444444,
      "recall": 0.8428571428571429,
      "f1-score": 0.8309859154929577,
      "support": 70.0
    },
    "Sexual Harassment": {
      "precision": 0.7738095238095238,
      "recall": 0.8441558441558441,
      "f1-score": 0.8074534161490683,
      "support": 77.0
    },
    "Slut Shaming": {
      "precision": 0.9130434782608695,
      "recall": 0.9333333333333333,
      "f1-score": 0.9230769230769231,
      "support": 90.0
    }
  },
  "weighted_avg": {
    "precision": 0.8296963112856602,
    "recall": 0.8292011019283747,
    "f1-score": 0.8269364888237015,
    "support": 363.0
  },
  "micro_avg": {
    "precision": 0.8292011019283747,
    "recall": 0.8292011019283747,
    "f1-score": 0.8292011019283747,
    "support": 363
  },
  "macro_avg": {
    "precision": 0.8258883691950052,
    "recall": 0.8120110520110521,
    "f1-score": 0.8156292582697973,
    "support": 363.0
  },
  "accuracy": 0.8292011019283747,
  "inference_time_seconds": 0.13623595237731934,
  "energy_kwh": 8.317904186507053e-06,
  "num_test_samples": 363
}