{
  "per_class": {
    "age": {
      "precision": 0.9758064516129032,
      "recall": 0.9843554443053817,
      "f1-score": 0.9800623052959502,
      "support": 1598.0
    },
    "ethnicity": {
      "precision": 0.9891788669637174,
      "recall": 0.9761306532663316,
      "f1-score": 0.9826114448308568,
      "support": 1592.0
    },
    "gender": {
      "precision": 0.890452876376989,
      "recall": 0.9150943396226415,
      "f1-score": 0.902605459057072,
      "support": 1590.0
    },
    "not_cyberbullying": {
      "precision": 0.726890756302521,
      "recall": 0.6540642722117203,
      "f1-score": 0.6885572139303483,
      "support": 1587.0
    },
    "other_cyberbullying": {
      "precision": 0.7154078549848942,
      "recall": 0.7565495207667732,
      "f1-score": 0.7354037267080745,
      "support": 1565.0
    },
    "religion": {
      "precision": 0.9546568627450981,
      "recall": 0.97375,
      "f1-score": 0.9641089108910891,
      "support": 1600.0
    }
  },
  "weighted_avg": {
    "precision": 0.8760565928471137,
    "recall": 0.8772555602182124,
    "f1-score": 0.8761876890648068,
    "support": 9532.0
  },
  "micro_avg": {
    "precision": 0.8772555602182124,
    "recall": 0.8772555602182124,
    "f1-score": 0.8772555602182124,
    "support": 9532
  },
  "macro_avg": {
    "precision": 0.8753989448310205,
    "recall": 0.8766573716954746,
    "f1-score": 0.8755581767855652,
    "support": 9532.0
  },
  "accuracy": 0.8772555602182124,
  "inference_time_seconds": 7.250732421875,
  "energy_kwh": 0.0004402848191031021,
  "num_test_samples": 9532
}