{
  "per_class": {
    "age": {
      "precision": 0.9869077306733167,
      "recall": 0.989375,
      "f1-score": 0.9881398252184769,
      "support": 1600.0
    },
    "ethnicity": {
      "precision": 0.9911616161616161,
      "recall": 0.98125,
      "f1-score": 0.9861809045226131,
      "support": 1600.0
    },
    "gender": {
      "precision": 0.9324866310160428,
      "recall": 0.8713304184884447,
      "f1-score": 0.9008718114304165,
      "support": 1601.0
    },
    "other_cyberbullying": {
      "precision": 0.8518731988472622,
      "recall": 0.9231730168644597,
      "f1-score": 0.8860911270983214,
      "support": 1601.0
    },
    "religion": {
      "precision": 0.9879974731522426,
      "recall": 0.9775,
      "f1-score": 0.9827207037386114,
      "support": 1600.0
    }
  },
  "weighted_avg": {
    "precision": 0.9500708572345206,
    "recall": 0.9485128717820545,
    "f1-score": 0.9487870480070022,
    "support": 8002.0
  },
  "micro_avg": {
    "precision": 0.9485128717820545,
    "recall": 0.9485128717820545,
    "f1-score": 0.9485128717820545,
    "support": 8002
  },
  "macro_avg": {
    "precision": 0.950085329970096,
    "recall": 0.9485256870705809,
    "f1-score": 0.9488008744016877,
    "support": 8002.0
  },
  "accuracy": 0.9485128717820545,
  "inference_time_seconds": 7.98396897315979,
  "energy_kwh": 0.0004941328482654016,
  "num_test_samples": 8002
}