{
  "per_class": {
    "age": {
      "precision": 0.9904882688649335,
      "recall": 0.9904882688649335,
      "f1-score": 0.9904882688649335,
      "support": 1577.0
    },
    "ethnicity": {
      "precision": 0.9965916837082481,
      "recall": 0.9785809906291834,
      "f1-score": 0.9875042215467748,
      "support": 1494.0
    },
    "gender": {
      "precision": 0.9150102810143934,
      "recall": 0.8971774193548387,
      "f1-score": 0.9060061079063454,
      "support": 1488.0
    },
    "other_cyberbullying": {
      "precision": 0.8500749625187406,
      "recall": 0.8971518987341772,
      "f1-score": 0.8729792147806005,
      "support": 1264.0
    },
    "religion": {
      "precision": 0.9879518072289156,
      "recall": 0.9792583280955374,
      "f1-score": 0.9835858585858586,
      "support": 1591.0
    }
  },
  "weighted_avg": {
    "precision": 0.9520865054672827,
    "recall": 0.9510385756676558,
    "f1-score": 0.951416134886472,
    "support": 7414.0
  },
  "micro_avg": {
    "precision": 0.9510385756676558,
    "recall": 0.9510385756676558,
    "f1-score": 0.9510385756676558,
    "support": 7414
  },
  "macro_avg": {
    "precision": 0.9480234006670463,
    "recall": 0.948531381135734,
    "f1-score": 0.9481127343369025,
    "support": 7414.0
  },
  "accuracy": 0.9510385756676558,
  "inference_time_seconds": 6.279997825622559,
  "energy_kwh": 0.0003139053362393253,
  "num_test_samples": 7414
}