{
  "per_class": {
    "emotion": {
      "precision": 0.9101123595505618,
      "recall": 0.885685884691849,
      "f1-score": 0.8977329974811084,
      "support": 1006.0
    },
    "hate": {
      "precision": 0.9681274900398407,
      "recall": 0.9593367548361627,
      "f1-score": 0.9637120761451516,
      "support": 2533.0
    },
    "offensive": {
      "precision": 0.9541316526610645,
      "recall": 0.9704415954415955,
      "f1-score": 0.9622175141242938,
      "support": 2808.0
    },
    "religion": {
      "precision": 0.9975949975949976,
      "recall": 1.0,
      "f1-score": 0.9987960510474356,
      "support": 2074.0
    },
    "spiritual": {
      "precision": 1.0,
      "recall": 0.9982668977469671,
      "f1-score": 0.9991326973113617,
      "support": 1731.0
    }
  },
  "weighted_avg": {
    "precision": 0.9699619455932896,
    "recall": 0.9700551615445232,
    "f1-score": 0.9699675505241362,
    "support": 10152.0
  },
  "micro_avg": {
    "precision": 0.9700551615445232,
    "recall": 0.9700551615445232,
    "f1-score": 0.9700551615445232,
    "support": 10152
  },
  "macro_avg": {
    "precision": 0.9659932999692928,
    "recall": 0.9627462265433149,
    "f1-score": 0.9643182672218702,
    "support": 10152.0
  },
  "accuracy": 0.9700551615445232,
  "inference_time_seconds": 5.321919918060303,
  "energy_kwh": 0.0002991008799028012,
  "num_test_samples": 10152
}