{
  "per_class": {
    "emotion": {
      "precision": 0.8323293172690763,
      "recall": 0.8240556660039762,
      "f1-score": 0.8281718281718282,
      "support": 1006.0
    },
    "hate": {
      "precision": 0.9293456443195504,
      "recall": 0.9139360442163442,
      "f1-score": 0.9215764331210191,
      "support": 2533.0
    },
    "offensive": {
      "precision": 0.9066011235955056,
      "recall": 0.9195156695156695,
      "f1-score": 0.9130127298444131,
      "support": 2808.0
    },
    "religion": {
      "precision": 0.9932885906040269,
      "recall": 0.9990356798457087,
      "f1-score": 0.9961538461538462,
      "support": 2074.0
    },
    "spiritual": {
      "precision": 0.998844598497978,
      "recall": 0.998844598497978,
      "f1-score": 0.998844598497978,
      "support": 1731.0
    }
  },
  "weighted_avg": {
    "precision": 0.938354245685879,
    "recall": 0.9384357762017337,
    "f1-score": 0.9383625676283087,
    "support": 10152.0
  },
  "micro_avg": {
    "precision": 0.9384357762017337,
    "recall": 0.9384357762017337,
    "f1-score": 0.9384357762017337,
    "support": 10152
  },
  "macro_avg": {
    "precision": 0.9320818548572275,
    "recall": 0.9310775316159354,
    "f1-score": 0.9315518871578169,
    "support": 10152.0
  },
  "accuracy": 0.9384357762017337,
  "inference_time_seconds": 3.3649847507476807,
  "energy_kwh": 0.00020531214594134698,
  "num_test_samples": 10152
}