{
  "per_class": {
    "age": {
      "precision": 0.9769182782283219,
      "recall": 0.9799749687108886,
      "f1-score": 0.9784442361761949,
      "support": 1598.0
    },
    "ethnicity": {
      "precision": 0.9854430379746836,
      "recall": 0.9780150753768844,
      "f1-score": 0.9817150063051703,
      "support": 1592.0
    },
    "gender": {
      "precision": 0.8790726817042607,
      "recall": 0.8823899371069183,
      "f1-score": 0.8807281858129316,
      "support": 1590.0
    },
    "not_cyberbullying": {
      "precision": 0.6816901408450704,
      "recall": 0.6099558916194077,
      "f1-score": 0.643831060857998,
      "support": 1587.0
    },
    "other_cyberbullying": {
      "precision": 0.6909413854351687,
      "recall": 0.7456869009584665,
      "f1-score": 0.7172710510141365,
      "support": 1565.0
    },
    "religion": {
      "precision": 0.9452554744525548,
      "recall": 0.97125,
      "f1-score": 0.9580764488286067,
      "support": 1600.0
    }
  },
  "weighted_avg": {
    "precision": 0.8606001437080972,
    "recall": 0.8618338229122954,
    "f1-score": 0.8606812213003031,
    "support": 9532.0
  },
  "micro_avg": {
    "precision": 0.8618338229122954,
    "recall": 0.8618338229122954,
    "f1-score": 0.8618338229122954,
    "support": 9532
  },
  "macro_avg": {
    "precision": 0.8598868331066768,
    "recall": 0.8612121289620941,
    "f1-score": 0.8600109981658396,
    "support": 9532.0
  },
  "accuracy": 0.8618338229122954,
  "inference_time_seconds": 11.915751457214355,
  "energy_kwh": 0.0006778313314907301,
  "num_test_samples": 9532
}