{
  "per_class": {
    "emotion": {
      "precision": 0.8613861386138614,
      "recall": 0.8428417653390743,
      "f1-score": 0.8520130576713819,
      "support": 929.0
    },
    "hate": {
      "precision": 0.9333607568901686,
      "recall": 0.9372160264353573,
      "f1-score": 0.9352844187963726,
      "support": 2421.0
    },
    "offensive": {
      "precision": 0.9021830394626364,
      "recall": 0.9006705783738475,
      "f1-score": 0.9014261744966443,
      "support": 2386.0
    },
    "religion": {
      "precision": 0.9921722113502935,
      "recall": 1.0,
      "f1-score": 0.9960707269155207,
      "support": 2028.0
    },
    "spiritual": {
      "precision": 0.9994145199063232,
      "recall": 0.9982456140350877,
      "f1-score": 0.9988297249853716,
      "support": 1710.0
    }
  },
  "weighted_avg": {
    "precision": 0.9429625206902505,
    "recall": 0.9432130040109774,
    "f1-score": 0.9430733401669185,
    "support": 9474.0
  },
  "micro_avg": {
    "precision": 0.9432130040109774,
    "recall": 0.9432130040109774,
    "f1-score": 0.9432130040109774,
    "support": 9474
  },
  "macro_avg": {
    "precision": 0.9377033332446567,
    "recall": 0.9357947968366733,
    "f1-score": 0.9367248205730583,
    "support": 9474.0
  },
  "accuracy": 0.9432130040109774,
  "inference_time_seconds": 3.9537014961242676,
  "energy_kwh": 0.00022718441108626113,
  "num_test_samples": 9474
}