{
  "per_class": {
    "emotion": {
      "precision": 0.8477103301384451,
      "recall": 0.8495197438633938,
      "f1-score": 0.8486140724946695,
      "support": 937.0
    },
    "hate": {
      "precision": 0.9483043837882548,
      "recall": 0.9494824016563147,
      "f1-score": 0.9488930271053176,
      "support": 2415.0
    },
    "offensive": {
      "precision": 0.9163126593033135,
      "recall": 0.911665257819104,
      "f1-score": 0.9139830508474577,
      "support": 2366.0
    },
    "religion": {
      "precision": 0.9951100244498777,
      "recall": 1.0,
      "f1-score": 0.9975490196078431,
      "support": 2035.0
    },
    "spiritual": {
      "precision": 1.0,
      "recall": 0.9982497082847142,
      "f1-score": 0.9991240875912408,
      "support": 1714.0
    }
  },
  "weighted_avg": {
    "precision": 0.9497733514160239,
    "recall": 0.9498257103623112,
    "f1-score": 0.9497964387583478,
    "support": 9467.0
  },
  "micro_avg": {
    "precision": 0.9498257103623112,
    "recall": 0.9498257103623112,
    "f1-score": 0.9498257103623112,
    "support": 9467
  },
  "macro_avg": {
    "precision": 0.9414874795359782,
    "recall": 0.9417834223247054,
    "f1-score": 0.9416326515293058,
    "support": 9467.0
  },
  "accuracy": 0.9498257103623112,
  "inference_time_seconds": 3.7814693450927734,
  "energy_kwh": 0.0002280304470849482,
  "num_test_samples": 9467
}