{
  "per_class": {
    "emotion": {
      "precision": 0.8389121338912134,
      "recall": 0.855923159018143,
      "f1-score": 0.8473322768092975,
      "support": 937.0
    },
    "hate": {
      "precision": 0.9498117942283564,
      "recall": 0.9411520928305015,
      "f1-score": 0.9454621149042465,
      "support": 2413.0
    },
    "offensive": {
      "precision": 0.9100932994062765,
      "recall": 0.9066328686100549,
      "f1-score": 0.9083597883597884,
      "support": 2367.0
    },
    "religion": {
      "precision": 0.9931707317073171,
      "recall": 1.0,
      "f1-score": 0.9965736661771905,
      "support": 2036.0
    },
    "spiritual": {
      "precision": 1.0,
      "recall": 0.9988331388564761,
      "f1-score": 0.9994162288382954,
      "support": 1714.0
    }
  },
  "weighted_avg": {
    "precision": 0.9473162541861039,
    "recall": 0.947184958276117,
    "f1-score": 0.9472337008817446,
    "support": 9467.0
  },
  "micro_avg": {
    "precision": 0.947184958276117,
    "recall": 0.947184958276117,
    "f1-score": 0.947184958276117,
    "support": 9467
  },
  "macro_avg": {
    "precision": 0.9383975918466326,
    "recall": 0.9405082518630351,
    "f1-score": 0.9394288150177637,
    "support": 9467.0
  },
  "accuracy": 0.947184958276117,
  "inference_time_seconds": 5.730945587158203,
  "energy_kwh": 0.0003744238829838646,
  "num_test_samples": 9467
}