{
  "per_class": {
    "age": {
      "precision": 0.9847036328871893,
      "recall": 0.9884836852207294,
      "f1-score": 0.9865900383141762,
      "support": 1563.0
    },
    "ethnicity": {
      "precision": 0.9799465240641712,
      "recall": 0.984553391537945,
      "f1-score": 0.9822445561139028,
      "support": 1489.0
    },
    "gender": {
      "precision": 0.9042995839112344,
      "recall": 0.8949897048730268,
      "f1-score": 0.8996205588133839,
      "support": 1457.0
    },
    "not_cyberbullying": {
      "precision": 0.6542597187758478,
      "recall": 0.6504934210526315,
      "f1-score": 0.6523711340206185,
      "support": 1216.0
    },
    "other_cyberbullying": {
      "precision": 0.6367305751765893,
      "recall": 0.6438775510204081,
      "f1-score": 0.6402841197361745,
      "support": 980.0
    },
    "religion": {
      "precision": 0.9601518026565465,
      "recall": 0.9589387239418825,
      "f1-score": 0.9595448798988622,
      "support": 1583.0
    }
  },
  "weighted_avg": {
    "precision": 0.875397289044727,
    "recall": 0.8753619691119691,
    "f1-score": 0.875370512707551,
    "support": 8288.0
  },
  "micro_avg": {
    "precision": 0.8753619691119691,
    "recall": 0.8753619691119691,
    "f1-score": 0.8753619691119691,
    "support": 8288
  },
  "macro_avg": {
    "precision": 0.8533486395785964,
    "recall": 0.8535560796077705,
    "f1-score": 0.8534425478161864,
    "support": 8288.0
  },
  "accuracy": 0.8753619691119691,
  "inference_time_seconds": 6.213576078414917,
  "energy_kwh": 0.0003808492598496287,
  "num_test_samples": 8288
}