{
  "per_class": {
    "Cyberstalking": {
      "precision": 0.7636363636363637,
      "recall": 0.7,
      "f1-score": 0.7304347826086957,
      "support": 60.0
    },
    "Doxing": {
      "precision": 0.9178082191780822,
      "recall": 0.7613636363636364,
      "f1-score": 0.8322981366459627,
      "support": 88.0
    },
    "Revenge Porn": {
      "precision": 0.7303370786516854,
      "recall": 0.8552631578947368,
      "f1-score": 0.7878787878787878,
      "support": 76.0
    },
    "Sexual Harassment": {
      "precision": 0.7857142857142857,
      "recall": 0.8888888888888888,
      "f1-score": 0.8341232227488151,
      "support": 99.0
    },
    "Slut Shaming": {
      "precision": 0.9139784946236559,
      "recall": 0.8585858585858586,
      "f1-score": 0.8854166666666666,
      "support": 99.0
    }
  },
  "weighted_avg": {
    "precision": 0.8302381714143066,
    "recall": 0.8222748815165877,
    "f1-score": 0.8227051182755618,
    "support": 422.0
  },
  "micro_avg": {
    "precision": 0.8222748815165877,
    "recall": 0.8222748815165877,
    "f1-score": 0.8222748815165877,
    "support": 422
  },
  "macro_avg": {
    "precision": 0.8222948883608145,
    "recall": 0.8128203083466241,
    "f1-score": 0.8140303193097858,
    "support": 422.0
  },
  "accuracy": 0.8222748815165877,
  "inference_time_seconds": 0.25353431701660156,
  "energy_kwh": 3.478447986164157e-05,
  "num_test_samples": 422
}