{
  "per_class": {
    "Cyberstalking": {
      "precision": 0.8392857142857143,
      "recall": 0.7833333333333333,
      "f1-score": 0.8103448275862069,
      "support": 60.0
    },
    "Doxing": {
      "precision": 0.5581395348837209,
      "recall": 0.8181818181818182,
      "f1-score": 0.663594470046083,
      "support": 88.0
    },
    "Revenge Porn": {
      "precision": 0.9473684210526315,
      "recall": 0.7105263157894737,
      "f1-score": 0.8120300751879699,
      "support": 76.0
    },
    "Sexual Harassment": {
      "precision": 0.9058823529411765,
      "recall": 0.7777777777777778,
      "f1-score": 0.8369565217391305,
      "support": 99.0
    },
    "Slut Shaming": {
      "precision": 0.8947368421052632,
      "recall": 0.8585858585858586,
      "f1-score": 0.8762886597938144,
      "support": 99.0
    }
  },
  "weighted_avg": {
    "precision": 0.8287552659632886,
    "recall": 0.7938388625592417,
    "f1-score": 0.8017596248940165,
    "support": 422.0
  },
  "micro_avg": {
    "precision": 0.7938388625592417,
    "recall": 0.7938388625592417,
    "f1-score": 0.7938388625592417,
    "support": 422
  },
  "macro_avg": {
    "precision": 0.8290825730537013,
    "recall": 0.7896810207336522,
    "f1-score": 0.7998429108706409,
    "support": 422.0
  },
  "accuracy": 0.7938388625592417,
  "inference_time_seconds": 0.4866149425506592,
  "energy_kwh": 2.9397542018628463e-05,
  "num_test_samples": 422
}