{
  "per_class": {
    "age": {
      "precision": 0.9967595593000648,
      "recall": 0.9746514575411914,
      "f1-score": 0.9855815443768023,
      "support": 1578.0
    },
    "ethnicity": {
      "precision": 0.994579945799458,
      "recall": 0.976063829787234,
      "f1-score": 0.9852348993288591,
      "support": 1504.0
    },
    "gender": {
      "precision": 0.9372325249643366,
      "recall": 0.8836583725622058,
      "f1-score": 0.9096573208722741,
      "support": 1487.0
    },
    "other_cyberbullying": {
      "precision": 0.8262108262108262,
      "recall": 0.9206349206349206,
      "f1-score": 0.8708708708708709,
      "support": 1260.0
    },
    "religion": {
      "precision": 0.9824451410658307,
      "recall": 0.9849151477058454,
      "f1-score": 0.9836785938480854,
      "support": 1591.0
    }
  },
  "weighted_avg": {
    "precision": 0.9523578771079829,
    "recall": 0.9497304582210243,
    "f1-score": 0.9504085366393357,
    "support": 7420.0
  },
  "micro_avg": {
    "precision": 0.9497304582210243,
    "recall": 0.9497304582210243,
    "f1-score": 0.9497304582210243,
    "support": 7420
  },
  "macro_avg": {
    "precision": 0.9474455994681031,
    "recall": 0.9479847456462794,
    "f1-score": 0.9470046458593784,
    "support": 7420.0
  },
  "accuracy": 0.9497304582210243,
  "inference_time_seconds": 5.439182996749878,
  "energy_kwh": 0.0003578633919339207,
  "num_test_samples": 7420
}