{
  "per_class": {
    "age": {
      "precision": 0.9820322180916976,
      "recall": 0.990625,
      "f1-score": 0.9863098942128189,
      "support": 1600.0
    },
    "ethnicity": {
      "precision": 0.989281210592686,
      "recall": 0.980625,
      "f1-score": 0.9849340866290018,
      "support": 1600.0
    },
    "gender": {
      "precision": 0.9326287978863936,
      "recall": 0.8819487820112429,
      "f1-score": 0.9065810593900482,
      "support": 1601.0
    },
    "other_cyberbullying": {
      "precision": 0.8608338226658837,
      "recall": 0.9156777014366021,
      "f1-score": 0.887409200968523,
      "support": 1601.0
    },
    "religion": {
      "precision": 0.9892744479495268,
      "recall": 0.98,
      "f1-score": 0.9846153846153847,
      "support": 1600.0
    }
  },
  "weighted_avg": {
    "precision": 0.9507965831190268,
    "recall": 0.94976255936016,
    "f1-score": 0.9499566847745066,
    "support": 8002.0
  },
  "micro_avg": {
    "precision": 0.94976255936016,
    "recall": 0.94976255936016,
    "f1-score": 0.94976255936016,
    "support": 8002
  },
  "macro_avg": {
    "precision": 0.9508100994372375,
    "recall": 0.949775296689569,
    "f1-score": 0.9499699251631555,
    "support": 8002.0
  },
  "accuracy": 0.94976255936016,
  "inference_time_seconds": 7.03902006149292,
  "energy_kwh": 0.00045087200027623135,
  "num_test_samples": 8002
}