{
  "per_class": {
    "Cyberstalking": {
      "precision": 0.8103448275862069,
      "recall": 0.7833333333333333,
      "f1-score": 0.7966101694915254,
      "support": 60.0
    },
    "Doxing": {
      "precision": 0.7831325301204819,
      "recall": 0.7386363636363636,
      "f1-score": 0.7602339181286549,
      "support": 88.0
    },
    "Revenge Porn": {
      "precision": 0.7471264367816092,
      "recall": 0.8552631578947368,
      "f1-score": 0.7975460122699386,
      "support": 76.0
    },
    "Sexual Harassment": {
      "precision": 0.8854166666666666,
      "recall": 0.8585858585858586,
      "f1-score": 0.8717948717948718,
      "support": 99.0
    },
    "Slut Shaming": {
      "precision": 0.9183673469387755,
      "recall": 0.9090909090909091,
      "f1-score": 0.9137055837563451,
      "support": 99.0
    }
  },
  "weighted_avg": {
    "precision": 0.8362383385026444,
    "recall": 0.8341232227488151,
    "f1-score": 0.8343015094713246,
    "support": 422.0
  },
  "micro_avg": {
    "precision": 0.8341232227488151,
    "recall": 0.8341232227488151,
    "f1-score": 0.8341232227488151,
    "support": 422
  },
  "macro_avg": {
    "precision": 0.828877561618748,
    "recall": 0.8289819245082402,
    "f1-score": 0.8279781110882671,
    "support": 422.0
  },
  "accuracy": 0.8341232227488151,
  "inference_time_seconds": 0.4031028747558594,
  "energy_kwh": 4.457442063233133e-05,
  "num_test_samples": 422
}