{
  "per_class": {
    "Cyberstalking": {
      "precision": 0.7796610169491526,
      "recall": 0.7666666666666667,
      "f1-score": 0.773109243697479,
      "support": 60.0
    },
    "Doxing": {
      "precision": 0.7777777777777778,
      "recall": 0.7954545454545454,
      "f1-score": 0.7865168539325843,
      "support": 88.0
    },
    "Revenge Porn": {
      "precision": 0.8309859154929577,
      "recall": 0.7763157894736842,
      "f1-score": 0.8027210884353742,
      "support": 76.0
    },
    "Sexual Harassment": {
      "precision": 0.8518518518518519,
      "recall": 0.9292929292929293,
      "f1-score": 0.8888888888888888,
      "support": 99.0
    },
    "Slut Shaming": {
      "precision": 0.9361702127659575,
      "recall": 0.8888888888888888,
      "f1-score": 0.9119170984455959,
      "support": 99.0
    }
  },
  "weighted_avg": {
    "precision": 0.842164027099577,
    "recall": 0.8412322274881516,
    "f1-score": 0.8409635858652098,
    "support": 422.0
  },
  "micro_avg": {
    "precision": 0.8412322274881516,
    "recall": 0.8412322274881516,
    "f1-score": 0.8412322274881516,
    "support": 422
  },
  "macro_avg": {
    "precision": 0.8352893549675395,
    "recall": 0.8313237639553428,
    "f1-score": 0.8326306346799844,
    "support": 422.0
  },
  "accuracy": 0.8412322274881516,
  "inference_time_seconds": 0.276261568069458,
  "energy_kwh": 4.1451253473363846e-05,
  "num_test_samples": 422
}