{
  "per_class": {
    "emotion": {
      "precision": 0.9187817258883249,
      "recall": 0.8996023856858847,
      "f1-score": 0.9090909090909091,
      "support": 1006.0
    },
    "hate": {
      "precision": 0.9573796369376479,
      "recall": 0.957757599684169,
      "f1-score": 0.9575685810144069,
      "support": 2533.0
    },
    "offensive": {
      "precision": 0.9522461973823841,
      "recall": 0.9586894586894587,
      "f1-score": 0.9554569653948536,
      "support": 2808.0
    },
    "religion": {
      "precision": 0.9975949975949976,
      "recall": 1.0,
      "f1-score": 0.9987960510474356,
      "support": 2074.0
    },
    "spiritual": {
      "precision": 1.0,
      "recall": 0.997689196995956,
      "f1-score": 0.9988432620011567,
      "support": 1731.0
    }
  },
  "weighted_avg": {
    "precision": 0.967617847110764,
    "recall": 0.9676910953506698,
    "f1-score": 0.9676409107052876,
    "support": 10152.0
  },
  "micro_avg": {
    "precision": 0.9676910953506698,
    "recall": 0.9676910953506698,
    "f1-score": 0.9676910953506698,
    "support": 10152
  },
  "macro_avg": {
    "precision": 0.9652005115606709,
    "recall": 0.9627477282110937,
    "f1-score": 0.9639511537097523,
    "support": 10152.0
  },
  "accuracy": 0.9676910953506698,
  "inference_time_seconds": 7.636826276779175,
  "energy_kwh": 0.00047559283831103484,
  "num_test_samples": 10152
}