{
  "per_class": {
    "age": {
      "precision": 0.9912170639899623,
      "recall": 0.9875,
      "f1-score": 0.989355040701315,
      "support": 1600.0
    },
    "ethnicity": {
      "precision": 0.993006993006993,
      "recall": 0.97625,
      "f1-score": 0.9845572013867003,
      "support": 1600.0
    },
    "gender": {
      "precision": 0.9204013377926421,
      "recall": 0.8594628357276702,
      "f1-score": 0.8888888888888888,
      "support": 1601.0
    },
    "other_cyberbullying": {
      "precision": 0.8346501128668171,
      "recall": 0.9237976264834479,
      "f1-score": 0.8769641268900089,
      "support": 1601.0
    },
    "religion": {
      "precision": 0.9885204081632653,
      "recall": 0.96875,
      "f1-score": 0.9785353535353535,
      "support": 1600.0
    }
  },
  "weighted_avg": {
    "precision": 0.9455421790505057,
    "recall": 0.9431392151962009,
    "f1-score": 0.9436449426717578,
    "support": 8002.0
  },
  "micro_avg": {
    "precision": 0.9431392151962009,
    "recall": 0.9431392151962009,
    "f1-score": 0.9431392151962009,
    "support": 8002
  },
  "macro_avg": {
    "precision": 0.9455591831639361,
    "recall": 0.9431520924422238,
    "f1-score": 0.9436601222804534,
    "support": 8002.0
  },
  "accuracy": 0.9431392151962009,
  "inference_time_seconds": 7.988301515579224,
  "energy_kwh": 0.0004907760357701642,
  "num_test_samples": 8002
}