{
  "per_class": {
    "emotion": {
      "precision": 0.9305413687436159,
      "recall": 0.9055666003976143,
      "f1-score": 0.9178841309823678,
      "support": 1006.0
    },
    "hate": {
      "precision": 0.9623529411764706,
      "recall": 0.9688116857481247,
      "f1-score": 0.9655715128860909,
      "support": 2533.0
    },
    "offensive": {
      "precision": 0.9606243348705215,
      "recall": 0.9643874643874644,
      "f1-score": 0.9625022214323796,
      "support": 2808.0
    },
    "religion": {
      "precision": 0.9990356798457087,
      "recall": 0.9990356798457087,
      "f1-score": 0.9990356798457087,
      "support": 2074.0
    },
    "spiritual": {
      "precision": 0.999421965317919,
      "recall": 0.998844598497978,
      "f1-score": 0.9991331984975441,
      "support": 1731.0
    }
  },
  "weighted_avg": {
    "precision": 0.9725371524071926,
    "recall": 0.9726162332545312,
    "f1-score": 0.9725561349773543,
    "support": 10152.0
  },
  "micro_avg": {
    "precision": 0.9726162332545312,
    "recall": 0.9726162332545312,
    "f1-score": 0.9726162332545312,
    "support": 10152
  },
  "macro_avg": {
    "precision": 0.970395257990847,
    "recall": 0.9673292057753781,
    "f1-score": 0.9688253487288183,
    "support": 10152.0
  },
  "accuracy": 0.9726162332545312,
  "inference_time_seconds": 7.817846775054932,
  "energy_kwh": 0.0005509517510828464,
  "num_test_samples": 10152
}