{
  "per_class": {
    "Cyberstalking": {
      "precision": 0.7230769230769231,
      "recall": 0.7833333333333333,
      "f1-score": 0.752,
      "support": 60.0
    },
    "Doxing": {
      "precision": 0.8111111111111111,
      "recall": 0.8295454545454546,
      "f1-score": 0.8202247191011236,
      "support": 88.0
    },
    "Revenge Porn": {
      "precision": 0.8873239436619719,
      "recall": 0.8289473684210527,
      "f1-score": 0.8571428571428571,
      "support": 76.0
    },
    "Sexual Harassment": {
      "precision": 0.8888888888888888,
      "recall": 0.8888888888888888,
      "f1-score": 0.8888888888888888,
      "support": 99.0
    },
    "Slut Shaming": {
      "precision": 0.8969072164948454,
      "recall": 0.8787878787878788,
      "f1-score": 0.8877551020408163,
      "support": 99.0
    }
  },
  "weighted_avg": {
    "precision": 0.8506939035869495,
    "recall": 0.8483412322274881,
    "f1-score": 0.8491241410563906,
    "support": 422.0
  },
  "micro_avg": {
    "precision": 0.8483412322274881,
    "recall": 0.8483412322274881,
    "f1-score": 0.8483412322274881,
    "support": 422
  },
  "macro_avg": {
    "precision": 0.841461616646748,
    "recall": 0.8419005847953216,
    "f1-score": 0.8412023134347372,
    "support": 422.0
  },
  "accuracy": 0.8483412322274881,
  "inference_time_seconds": 0.3609180450439453,
  "energy_kwh": 1.4616087156515166e-05,
  "num_test_samples": 422
}