{
  "per_class": {
    "age": {
      "precision": 0.9894014962593516,
      "recall": 0.991875,
      "f1-score": 0.9906367041198502,
      "support": 1600.0
    },
    "ethnicity": {
      "precision": 0.9911448450347881,
      "recall": 0.979375,
      "f1-score": 0.9852247720842502,
      "support": 1600.0
    },
    "gender": {
      "precision": 0.913572343149808,
      "recall": 0.891317926296065,
      "f1-score": 0.9023079355042681,
      "support": 1601.0
    },
    "other_cyberbullying": {
      "precision": 0.8702928870292888,
      "recall": 0.9094316052467208,
      "f1-score": 0.889431887599267,
      "support": 1601.0
    },
    "religion": {
      "precision": 0.9917825537294563,
      "recall": 0.980625,
      "f1-score": 0.9861722187303583,
      "support": 1600.0
    }
  },
  "weighted_avg": {
    "precision": 0.9512240021937624,
    "recall": 0.9505123719070232,
    "f1-score": 0.9507409858390268,
    "support": 8002.0
  },
  "micro_avg": {
    "precision": 0.9505123719070232,
    "recall": 0.9505123719070232,
    "f1-score": 0.9505123719070232,
    "support": 8002
  },
  "macro_avg": {
    "precision": 0.9512388250405385,
    "recall": 0.9505249063085571,
    "f1-score": 0.9507547036075987,
    "support": 8002.0
  },
  "accuracy": 0.9505123719070232,
  "inference_time_seconds": 1.8222484588623047,
  "energy_kwh": 0.00010859464240045459,
  "num_test_samples": 8002
}