{
  "per_class": {
    "emotion": {
      "precision": 0.8219306466729147,
      "recall": 0.8717693836978131,
      "f1-score": 0.8461167390255668,
      "support": 1006.0
    },
    "hate": {
      "precision": 0.9244462025316456,
      "recall": 0.9226213975523095,
      "f1-score": 0.9235328986366331,
      "support": 2533.0
    },
    "offensive": {
      "precision": 0.9281546316557258,
      "recall": 0.9063390313390314,
      "f1-score": 0.9171171171171171,
      "support": 2808.0
    },
    "religion": {
      "precision": 0.994716618635927,
      "recall": 0.9985535197685632,
      "f1-score": 0.9966313763233878,
      "support": 2074.0
    },
    "spiritual": {
      "precision": 0.9971148297749567,
      "recall": 0.9982668977469671,
      "f1-score": 0.9976905311778291,
      "support": 1731.0
    }
  },
  "weighted_avg": {
    "precision": 0.9420597620809938,
    "recall": 0.9414893617021277,
    "f1-score": 0.9416649842922286,
    "support": 10152.0
  },
  "micro_avg": {
    "precision": 0.9414893617021277,
    "recall": 0.9414893617021277,
    "f1-score": 0.9414893617021277,
    "support": 10152
  },
  "macro_avg": {
    "precision": 0.9332725858542339,
    "recall": 0.9395100460209369,
    "f1-score": 0.9362177324561067,
    "support": 10152.0
  },
  "accuracy": 0.9414893617021277,
  "inference_time_seconds": 5.30602502822876,
  "energy_kwh": 0.0003207180752826136,
  "num_test_samples": 10152
}