{
  "per_class": {
    "age": {
      "precision": 0.9809644670050761,
      "recall": 0.9803424223208624,
      "f1-score": 0.9806533460196638,
      "support": 1577.0
    },
    "ethnicity": {
      "precision": 0.9979296066252588,
      "recall": 0.9678714859437751,
      "f1-score": 0.9826707441386341,
      "support": 1494.0
    },
    "gender": {
      "precision": 0.8947368421052632,
      "recall": 0.8789115646258503,
      "f1-score": 0.8867536032944406,
      "support": 1470.0
    },
    "not_cyberbullying": {
      "precision": 0.6440162271805274,
      "recall": 0.5260977630488816,
      "f1-score": 0.5791153670770633,
      "support": 1207.0
    },
    "other_cyberbullying": {
      "precision": 0.6110753380553767,
      "recall": 0.7823577906018137,
      "f1-score": 0.6861894432393347,
      "support": 1213.0
    },
    "religion": {
      "precision": 0.9682642487046632,
      "recall": 0.9396605908233815,
      "f1-score": 0.9537480063795853,
      "support": 1591.0
    }
  },
  "weighted_avg": {
    "precision": 0.8667237307784222,
    "recall": 0.8609681945743686,
    "f1-score": 0.861422045851287,
    "support": 8552.0
  },
  "micro_avg": {
    "precision": 0.8609681945743686,
    "recall": 0.8609681945743686,
    "f1-score": 0.8609681945743686,
    "support": 8552
  },
  "macro_avg": {
    "precision": 0.849497788279361,
    "recall": 0.8458736028940942,
    "f1-score": 0.8448550850247871,
    "support": 8552.0
  },
  "accuracy": 0.8609681945743686,
  "inference_time_seconds": 3.2666282653808594,
  "energy_kwh": 0.00020543349231758604,
  "num_test_samples": 8552
}