{
  "per_class": {
    "age": {
      "precision": 0.9879898862199747,
      "recall": 0.991751269035533,
      "f1-score": 0.9898670044331855,
      "support": 1576.0
    },
    "ethnicity": {
      "precision": 0.9946091644204852,
      "recall": 0.9813829787234043,
      "f1-score": 0.9879518072289156,
      "support": 1504.0
    },
    "gender": {
      "precision": 0.9195402298850575,
      "recall": 0.912751677852349,
      "f1-score": 0.9161333782418323,
      "support": 1490.0
    },
    "other_cyberbullying": {
      "precision": 0.8702702702702703,
      "recall": 0.8923198733174981,
      "f1-score": 0.8811571540265832,
      "support": 1263.0
    },
    "religion": {
      "precision": 0.9861198738170347,
      "recall": 0.9817839195979899,
      "f1-score": 0.983947119924457,
      "support": 1592.0
    }
  },
  "weighted_avg": {
    "precision": 0.9551694783795147,
    "recall": 0.9547474747474748,
    "f1-score": 0.954921744255169,
    "support": 7425.0
  },
  "micro_avg": {
    "precision": 0.9547474747474748,
    "recall": 0.9547474747474748,
    "f1-score": 0.9547474747474748,
    "support": 7425
  },
  "macro_avg": {
    "precision": 0.9517058849225645,
    "recall": 0.9519979437053548,
    "f1-score": 0.9518112927709946,
    "support": 7425.0
  },
  "accuracy": 0.9547474747474748,
  "inference_time_seconds": 2.7623119354248047,
  "energy_kwh": 0.00018846944141701766,
  "num_test_samples": 7425
}