{
  "per_class": {
    "emotion": {
      "precision": 0.8399581589958159,
      "recall": 0.8560767590618337,
      "f1-score": 0.8479408658922915,
      "support": 938.0
    },
    "hate": {
      "precision": 0.9494569757727652,
      "recall": 0.9412008281573498,
      "f1-score": 0.9453108754418799,
      "support": 2415.0
    },
    "offensive": {
      "precision": 0.9074702886247877,
      "recall": 0.9043993231810491,
      "f1-score": 0.9059322033898305,
      "support": 2364.0
    },
    "religion": {
      "precision": 0.9941548952752071,
      "recall": 1.0,
      "f1-score": 0.9970688812896922,
      "support": 2041.0
    },
    "spiritual": {
      "precision": 0.9994162288382954,
      "recall": 0.9988331388564761,
      "f1-score": 0.9991245987744383,
      "support": 1714.0
    }
  },
  "weighted_avg": {
    "precision": 0.9468062362145099,
    "recall": 0.9466849662162162,
    "f1-score": 0.9467309094409118,
    "support": 9472.0
  },
  "micro_avg": {
    "precision": 0.9466849662162162,
    "recall": 0.9466849662162162,
    "f1-score": 0.9466849662162162,
    "support": 9472
  },
  "macro_avg": {
    "precision": 0.9380913095013742,
    "recall": 0.9401020098513417,
    "f1-score": 0.9390754849576265,
    "support": 9472.0
  },
  "accuracy": 0.9466849662162162,
  "inference_time_seconds": 3.7953147888183594,
  "energy_kwh": 0.0002262608310108904,
  "num_test_samples": 9472
}