{
  "per_class": {
    "age": {
      "precision": 0.9861286254728878,
      "recall": 0.9917564996829423,
      "f1-score": 0.9889345558014543,
      "support": 1577.0
    },
    "ethnicity": {
      "precision": 0.9866131191432396,
      "recall": 0.9859531772575251,
      "f1-score": 0.986283037805286,
      "support": 1495.0
    },
    "gender": {
      "precision": 0.9366197183098591,
      "recall": 0.8956228956228957,
      "f1-score": 0.9156626506024096,
      "support": 1485.0
    },
    "other_cyberbullying": {
      "precision": 0.8608825729244577,
      "recall": 0.9098814229249012,
      "f1-score": 0.8847040737893928,
      "support": 1265.0
    },
    "religion": {
      "precision": 0.9892131979695431,
      "recall": 0.9798868636077939,
      "f1-score": 0.9845279444269024,
      "support": 1591.0
    }
  },
  "weighted_avg": {
    "precision": 0.9555977863077041,
    "recall": 0.9548091191150682,
    "f1-score": 0.9549894219734463,
    "support": 7413.0
  },
  "micro_avg": {
    "precision": 0.9548091191150682,
    "recall": 0.9548091191150682,
    "f1-score": 0.9548091191150682,
    "support": 7413
  },
  "macro_avg": {
    "precision": 0.9518914467639975,
    "recall": 0.9526201718192115,
    "f1-score": 0.9520224524850889,
    "support": 7413.0
  },
  "accuracy": 0.9548091191150682,
  "inference_time_seconds": 2.748448371887207,
  "energy_kwh": 0.00018881016044651895,
  "num_test_samples": 7413
}