{
  "per_class": {
    "Cyberstalking": {
      "precision": 0.72,
      "recall": 0.6923076923076923,
      "f1-score": 0.7058823529411765,
      "support": 52.0
    },
    "Doxing": {
      "precision": 0.8787878787878788,
      "recall": 0.7837837837837838,
      "f1-score": 0.8285714285714286,
      "support": 74.0
    },
    "Revenge Porn": {
      "precision": 0.7866666666666666,
      "recall": 0.8428571428571429,
      "f1-score": 0.8137931034482758,
      "support": 70.0
    },
    "Sexual Harassment": {
      "precision": 0.7790697674418605,
      "recall": 0.8701298701298701,
      "f1-score": 0.8220858895705522,
      "support": 77.0
    },
    "Slut Shaming": {
      "precision": 0.9176470588235294,
      "recall": 0.8764044943820225,
      "f1-score": 0.896551724137931,
      "support": 89.0
    }
  },
  "weighted_avg": {
    "precision": 0.8265080939925057,
    "recall": 0.8232044198895028,
    "f1-score": 0.8234237631320844,
    "support": 362.0
  },
  "micro_avg": {
    "precision": 0.8232044198895028,
    "recall": 0.8232044198895028,
    "f1-score": 0.8232044198895028,
    "support": 362
  },
  "macro_avg": {
    "precision": 0.8164342743439871,
    "recall": 0.8130965966921023,
    "f1-score": 0.8133768997338728,
    "support": 362.0
  },
  "accuracy": 0.8232044198895028,
  "inference_time_seconds": 0.2829892635345459,
  "energy_kwh": 1.5633584960251113e-05,
  "num_test_samples": 362
}