{
  "per_class": {
    "age": {
      "precision": 0.9869158878504672,
      "recall": 0.99,
      "f1-score": 0.9884555382215289,
      "support": 1600.0
    },
    "ethnicity": {
      "precision": 0.9862155388471178,
      "recall": 0.98375,
      "f1-score": 0.9849812265331664,
      "support": 1600.0
    },
    "gender": {
      "precision": 0.9205256570713392,
      "recall": 0.9188007495315428,
      "f1-score": 0.9196623944982807,
      "support": 1601.0
    },
    "other_cyberbullying": {
      "precision": 0.9042883778744562,
      "recall": 0.9088069956277327,
      "f1-score": 0.9065420560747663,
      "support": 1601.0
    },
    "religion": {
      "precision": 0.9918444165621079,
      "recall": 0.988125,
      "f1-score": 0.9899812147777082,
      "support": 1600.0
    }
  },
  "weighted_avg": {
    "precision": 0.9579465907477789,
    "recall": 0.9578855286178456,
    "f1-score": 0.9579132832565976,
    "support": 8002.0
  },
  "micro_avg": {
    "precision": 0.9578855286178456,
    "recall": 0.9578855286178456,
    "f1-score": 0.9578855286178456,
    "support": 8002
  },
  "macro_avg": {
    "precision": 0.9579579756410977,
    "recall": 0.9578965490318551,
    "f1-score": 0.95792448602109,
    "support": 8002.0
  },
  "accuracy": 0.9578855286178456,
  "inference_time_seconds": 3.4121415615081787,
  "energy_kwh": 0.00018962628096088247,
  "num_test_samples": 8002
}