{
  "per_class": {
    "Cyberstalking": {
      "precision": 0.75,
      "recall": 0.8,
      "f1-score": 0.7741935483870968,
      "support": 60.0
    },
    "Doxing": {
      "precision": 0.9104477611940298,
      "recall": 0.6931818181818182,
      "f1-score": 0.7870967741935484,
      "support": 88.0
    },
    "Revenge Porn": {
      "precision": 0.7311827956989247,
      "recall": 0.8947368421052632,
      "f1-score": 0.8047337278106509,
      "support": 76.0
    },
    "Sexual Harassment": {
      "precision": 0.8317757009345794,
      "recall": 0.898989898989899,
      "f1-score": 0.8640776699029126,
      "support": 99.0
    },
    "Slut Shaming": {
      "precision": 0.9340659340659341,
      "recall": 0.8585858585858586,
      "f1-score": 0.8947368421052632,
      "support": 99.0
    }
  },
  "weighted_avg": {
    "precision": 0.842435112140388,
    "recall": 0.8317535545023697,
    "f1-score": 0.8317500688025519,
    "support": 422.0
  },
  "micro_avg": {
    "precision": 0.8317535545023697,
    "recall": 0.8317535545023697,
    "f1-score": 0.8317535545023697,
    "support": 422
  },
  "macro_avg": {
    "precision": 0.8314944383786937,
    "recall": 0.8290988835725678,
    "f1-score": 0.8249677124798943,
    "support": 422.0
  },
  "accuracy": 0.8317535545023697,
  "inference_time_seconds": 0.14946293830871582,
  "energy_kwh": 2.6670433318880578e-05,
  "num_test_samples": 422
}