{
  "per_class": {
    "emotion": {
      "precision": 0.8324324324324325,
      "recall": 0.8288482238966631,
      "f1-score": 0.8306364617044228,
      "support": 929.0
    },
    "hate": {
      "precision": 0.943200663349917,
      "recall": 0.93969434118133,
      "f1-score": 0.941444237533623,
      "support": 2421.0
    },
    "offensive": {
      "precision": 0.8996235884567126,
      "recall": 0.9007537688442211,
      "f1-score": 0.9001883239171374,
      "support": 2388.0
    },
    "religion": {
      "precision": 0.9955795677799607,
      "recall": 0.9980305268340719,
      "f1-score": 0.9968035406933858,
      "support": 2031.0
    },
    "spiritual": {
      "precision": 0.9970828471411902,
      "recall": 1.0,
      "f1-score": 0.9985392930178206,
      "support": 1709.0
    }
  },
  "weighted_avg": {
    "precision": 0.9423038988035348,
    "recall": 0.9423929098966026,
    "f1-score": 0.9423463950645872,
    "support": 9478.0
  },
  "micro_avg": {
    "precision": 0.9423929098966026,
    "recall": 0.9423929098966026,
    "f1-score": 0.9423929098966026,
    "support": 9478
  },
  "macro_avg": {
    "precision": 0.9335838198320425,
    "recall": 0.9334653721512574,
    "f1-score": 0.9335223713732781,
    "support": 9478.0
  },
  "accuracy": 0.9423929098966026,
  "inference_time_seconds": 7.053264141082764,
  "energy_kwh": 0.00044816662541711583,
  "num_test_samples": 9478
}