{
  "per_class": {
    "age": {
      "precision": 0.9899937460913071,
      "recall": 0.989375,
      "f1-score": 0.9896842763363551,
      "support": 1600.0
    },
    "ethnicity": {
      "precision": 0.9917721518987341,
      "recall": 0.979375,
      "f1-score": 0.9855345911949686,
      "support": 1600.0
    },
    "gender": {
      "precision": 0.9085051546391752,
      "recall": 0.8806995627732667,
      "f1-score": 0.8943862987630827,
      "support": 1601.0
    },
    "other_cyberbullying": {
      "precision": 0.8648004764740918,
      "recall": 0.9069331667707683,
      "f1-score": 0.8853658536585366,
      "support": 1601.0
    },
    "religion": {
      "precision": 0.9874371859296482,
      "recall": 0.9825,
      "f1-score": 0.9849624060150376,
      "support": 1600.0
    }
  },
  "weighted_avg": {
    "precision": 0.9484862846393205,
    "recall": 0.9477630592351912,
    "f1-score": 0.9479721611723557,
    "support": 8002.0
  },
  "micro_avg": {
    "precision": 0.9477630592351912,
    "recall": 0.9477630592351912,
    "f1-score": 0.9477630592351912,
    "support": 8002
  },
  "macro_avg": {
    "precision": 0.9485017430065913,
    "recall": 0.947776545908807,
    "f1-score": 0.9479866851935961,
    "support": 8002.0
  },
  "accuracy": 0.9477630592351912,
  "inference_time_seconds": 0.8321230411529541,
  "energy_kwh": 5.0380950779784346e-05,
  "num_test_samples": 8002
}