{
  "per_class": {
    "age": {
      "precision": 0.9779179810725552,
      "recall": 0.9828788839568802,
      "f1-score": 0.9803921568627451,
      "support": 1577.0
    },
    "ethnicity": {
      "precision": 0.9938817131203264,
      "recall": 0.9831876260928043,
      "f1-score": 0.9885057471264368,
      "support": 1487.0
    },
    "gender": {
      "precision": 0.8628088426527959,
      "recall": 0.8996610169491526,
      "f1-score": 0.8808496515101228,
      "support": 1475.0
    },
    "not_cyberbullying": {
      "precision": 0.687248322147651,
      "recall": 0.42349048800661704,
      "f1-score": 0.5240532241555783,
      "support": 1209.0
    },
    "other_cyberbullying": {
      "precision": 0.6115434500648509,
      "recall": 0.7819237147595357,
      "f1-score": 0.6863173216885007,
      "support": 1206.0
    },
    "religion": {
      "precision": 0.9386650631389056,
      "recall": 0.9817610062893082,
      "f1-score": 0.9597294804795573,
      "support": 1590.0
    }
  },
  "weighted_avg": {
    "precision": 0.8606746113202013,
    "recall": 0.8608380149812734,
    "f1-score": 0.8546920207455423,
    "support": 8544.0
  },
  "micro_avg": {
    "precision": 0.8608380149812734,
    "recall": 0.8608380149812734,
    "f1-score": 0.8608380149812734,
    "support": 8544
  },
  "macro_avg": {
    "precision": 0.8453442286995143,
    "recall": 0.8421504560090497,
    "f1-score": 0.8366412636371567,
    "support": 8544.0
  },
  "accuracy": 0.8608380149812734,
  "inference_time_seconds": 6.489745855331421,
  "energy_kwh": 0.00040390173331558856,
  "num_test_samples": 8544
}