{
  "per_class": {
    "Cyberstalking": {
      "precision": 0.639344262295082,
      "recall": 0.6842105263157895,
      "f1-score": 0.6610169491525424,
      "support": 57.0
    },
    "Doxing": {
      "precision": 0.7945205479452054,
      "recall": 0.7435897435897436,
      "f1-score": 0.7682119205298014,
      "support": 78.0
    },
    "Revenge Porn": {
      "precision": 0.7605633802816901,
      "recall": 0.7605633802816901,
      "f1-score": 0.7605633802816901,
      "support": 71.0
    },
    "Sexual Harassment": {
      "precision": 0.8354430379746836,
      "recall": 0.8148148148148148,
      "f1-score": 0.825,
      "support": 81.0
    },
    "Slut Shaming": {
      "precision": 0.8478260869565217,
      "recall": 0.8764044943820225,
      "f1-score": 0.861878453038674,
      "support": 89.0
    }
  },
  "weighted_avg": {
    "precision": 0.7860176423021955,
    "recall": 0.7845744680851063,
    "f1-score": 0.7849220165517591,
    "support": 376.0
  },
  "micro_avg": {
    "precision": 0.7845744680851063,
    "recall": 0.7845744680851063,
    "f1-score": 0.7845744680851063,
    "support": 376
  },
  "macro_avg": {
    "precision": 0.7755394630906366,
    "recall": 0.7759165918768121,
    "f1-score": 0.7753341406005415,
    "support": 376.0
  },
  "accuracy": 0.7845744680851063,
  "inference_time_seconds": 0.36405491828918457,
  "energy_kwh": 3.758669244608461e-05,
  "num_test_samples": 376
}