{
  "per_class": {
    "Cyberstalking": {
      "precision": 0.7288135593220338,
      "recall": 0.7166666666666667,
      "f1-score": 0.7226890756302521,
      "support": 60.0
    },
    "Doxing": {
      "precision": 0.73,
      "recall": 0.8295454545454546,
      "f1-score": 0.776595744680851,
      "support": 88.0
    },
    "Revenge Porn": {
      "precision": 0.8695652173913043,
      "recall": 0.7894736842105263,
      "f1-score": 0.8275862068965517,
      "support": 76.0
    },
    "Sexual Harassment": {
      "precision": 0.8333333333333334,
      "recall": 0.8585858585858586,
      "f1-score": 0.845771144278607,
      "support": 99.0
    },
    "Slut Shaming": {
      "precision": 0.9130434782608695,
      "recall": 0.8484848484848485,
      "f1-score": 0.8795811518324608,
      "support": 99.0
    }
  },
  "weighted_avg": {
    "precision": 0.8221494654712967,
    "recall": 0.8175355450236966,
    "f1-score": 0.8185028414901983,
    "support": 422.0
  },
  "micro_avg": {
    "precision": 0.8175355450236966,
    "recall": 0.8175355450236966,
    "f1-score": 0.8175355450236966,
    "support": 422
  },
  "macro_avg": {
    "precision": 0.8149511176615082,
    "recall": 0.8085513024986708,
    "f1-score": 0.8104446646637445,
    "support": 422.0
  },
  "accuracy": 0.8175355450236966,
  "inference_time_seconds": 0.4030170440673828,
  "energy_kwh": 4.3423332834440877e-05,
  "num_test_samples": 422
}