{
  "per_class": {
    "Cyberstalking": {
      "precision": 0.7454545454545455,
      "recall": 0.7884615384615384,
      "f1-score": 0.7663551401869159,
      "support": 52.0
    },
    "Doxing": {
      "precision": 0.9322033898305084,
      "recall": 0.7432432432432432,
      "f1-score": 0.8270676691729323,
      "support": 74.0
    },
    "Revenge Porn": {
      "precision": 0.75,
      "recall": 0.8142857142857143,
      "f1-score": 0.7808219178082192,
      "support": 70.0
    },
    "Sexual Harassment": {
      "precision": 0.8192771084337349,
      "recall": 0.8831168831168831,
      "f1-score": 0.85,
      "support": 77.0
    },
    "Slut Shaming": {
      "precision": 0.9111111111111111,
      "recall": 0.9111111111111111,
      "f1-score": 0.9111111111111111,
      "support": 90.0
    }
  },
  "weighted_avg": {
    "precision": 0.8411322990647151,
    "recall": 0.8347107438016529,
    "f1-score": 0.8351542949176086,
    "support": 363.0
  },
  "micro_avg": {
    "precision": 0.8347107438016529,
    "recall": 0.8347107438016529,
    "f1-score": 0.8347107438016529,
    "support": 363
  },
  "macro_avg": {
    "precision": 0.8316092309659799,
    "recall": 0.8280436980436982,
    "f1-score": 0.8270711676558357,
    "support": 363.0
  },
  "accuracy": 0.8347107438016529,
  "inference_time_seconds": 0.2965385913848877,
  "energy_kwh": 1.634070954147113e-05,
  "num_test_samples": 363
}