{
  "per_class": {
    "Cyberstalking": {
      "precision": 0.8636363636363636,
      "recall": 0.7307692307692307,
      "f1-score": 0.7916666666666666,
      "support": 52.0
    },
    "Doxing": {
      "precision": 0.7530864197530864,
      "recall": 0.8243243243243243,
      "f1-score": 0.7870967741935484,
      "support": 74.0
    },
    "Revenge Porn": {
      "precision": 0.875,
      "recall": 0.8,
      "f1-score": 0.835820895522388,
      "support": 70.0
    },
    "Sexual Harassment": {
      "precision": 0.7976190476190477,
      "recall": 0.8701298701298701,
      "f1-score": 0.8322981366459627,
      "support": 77.0
    },
    "Slut Shaming": {
      "precision": 0.9213483146067416,
      "recall": 0.9213483146067416,
      "f1-score": 0.9213483146067416,
      "support": 89.0
    }
  },
  "weighted_avg": {
    "precision": 0.843381637120127,
    "recall": 0.8397790055248618,
    "f1-score": 0.8397962628875567,
    "support": 362.0
  },
  "micro_avg": {
    "precision": 0.8397790055248618,
    "recall": 0.8397790055248618,
    "f1-score": 0.8397790055248618,
    "support": 362
  },
  "macro_avg": {
    "precision": 0.8421380291230479,
    "recall": 0.8293143479660333,
    "f1-score": 0.8336461575270615,
    "support": 362.0
  },
  "accuracy": 0.8397790055248618,
  "inference_time_seconds": 0.2750053405761719,
  "energy_kwh": 1.482361091181344e-05,
  "num_test_samples": 362
}