{
  "per_class": {
    "age": {
      "precision": 0.9865728900255755,
      "recall": 0.9784400760938491,
      "f1-score": 0.9824896529767589,
      "support": 1577.0
    },
    "ethnicity": {
      "precision": 0.985753052917232,
      "recall": 0.97911051212938,
      "f1-score": 0.982420554428668,
      "support": 1484.0
    },
    "gender": {
      "precision": 0.9332333083270817,
      "recall": 0.8445349626612356,
      "f1-score": 0.8866714183891661,
      "support": 1473.0
    },
    "not_cyberbullying": {
      "precision": 0.5665204678362573,
      "recall": 0.6431535269709544,
      "f1-score": 0.6024096385542169,
      "support": 1205.0
    },
    "other_cyberbullying": {
      "precision": 0.6340033500837521,
      "recall": 0.6245874587458746,
      "f1-score": 0.6292601828761429,
      "support": 1212.0
    },
    "religion": {
      "precision": 0.9502487562189055,
      "recall": 0.9610062893081761,
      "f1-score": 0.9555972482801751,
      "support": 1590.0
    }
  },
  "weighted_avg": {
    "precision": 0.8611755517735107,
    "recall": 0.8547008547008547,
    "f1-score": 0.8571984387861994,
    "support": 8541.0
  },
  "micro_avg": {
    "precision": 0.8547008547008547,
    "recall": 0.8547008547008547,
    "f1-score": 0.8547008547008547,
    "support": 8541
  },
  "macro_avg": {
    "precision": 0.8427219709014673,
    "recall": 0.8384721376515784,
    "f1-score": 0.8398081159175214,
    "support": 8541.0
  },
  "accuracy": 0.8547008547008547,
  "inference_time_seconds": 3.6276509761810303,
  "energy_kwh": 0.00019771440939599934,
  "num_test_samples": 8541
}