{
  "per_class": {
    "Cyberstalking": {
      "precision": 0.7241379310344828,
      "recall": 0.7,
      "f1-score": 0.711864406779661,
      "support": 60.0
    },
    "Doxing": {
      "precision": 0.7666666666666667,
      "recall": 0.7840909090909091,
      "f1-score": 0.7752808988764045,
      "support": 88.0
    },
    "Revenge Porn": {
      "precision": 0.7738095238095238,
      "recall": 0.8552631578947368,
      "f1-score": 0.8125,
      "support": 76.0
    },
    "Sexual Harassment": {
      "precision": 0.8269230769230769,
      "recall": 0.8686868686868687,
      "f1-score": 0.8472906403940886,
      "support": 99.0
    },
    "Slut Shaming": {
      "precision": 0.9418604651162791,
      "recall": 0.8181818181818182,
      "f1-score": 0.8756756756756757,
      "support": 99.0
    }
  },
  "weighted_avg": {
    "precision": 0.8171422677728808,
    "recall": 0.8127962085308057,
    "f1-score": 0.8134129118455211,
    "support": 422.0
  },
  "micro_avg": {
    "precision": 0.8127962085308057,
    "recall": 0.8127962085308057,
    "f1-score": 0.8127962085308057,
    "support": 422
  },
  "macro_avg": {
    "precision": 0.8066795327100058,
    "recall": 0.8052445507708665,
    "f1-score": 0.804522324345166,
    "support": 422.0
  },
  "accuracy": 0.8127962085308057,
  "inference_time_seconds": 0.2615375518798828,
  "energy_kwh": 3.261546445879113e-05,
  "num_test_samples": 422
}