{
  "per_class": {
    "age": {
      "precision": 0.9900062460961899,
      "recall": 0.990625,
      "f1-score": 0.9903155263980006,
      "support": 1600.0
    },
    "ethnicity": {
      "precision": 0.9899434318038969,
      "recall": 0.984375,
      "f1-score": 0.9871513632090254,
      "support": 1600.0
    },
    "gender": {
      "precision": 0.9206745783885072,
      "recall": 0.9206745783885072,
      "f1-score": 0.9206745783885072,
      "support": 1601.0
    },
    "other_cyberbullying": {
      "precision": 0.9018023617153511,
      "recall": 0.9063085571517802,
      "f1-score": 0.9040498442367602,
      "support": 1601.0
    },
    "religion": {
      "precision": 0.986875,
      "recall": 0.986875,
      "f1-score": 0.986875,
      "support": 1600.0
    }
  },
  "weighted_avg": {
    "precision": 0.9578486710505394,
    "recall": 0.9577605598600349,
    "f1-score": 0.9578019025236559,
    "support": 8002.0
  },
  "micro_avg": {
    "precision": 0.9577605598600349,
    "recall": 0.9577605598600349,
    "f1-score": 0.9577605598600349,
    "support": 8002
  },
  "macro_avg": {
    "precision": 0.957860323600789,
    "recall": 0.9577716271080575,
    "f1-score": 0.9578132624464587,
    "support": 8002.0
  },
  "accuracy": 0.9577605598600349,
  "inference_time_seconds": 6.213550567626953,
  "energy_kwh": 0.0004381388309013471,
  "num_test_samples": 8002
}