{
  "per_class": {
    "Cyberstalking": {
      "precision": 0.7735849056603774,
      "recall": 0.6833333333333333,
      "f1-score": 0.7256637168141593,
      "support": 60.0
    },
    "Doxing": {
      "precision": 0.8,
      "recall": 0.7727272727272727,
      "f1-score": 0.7861271676300579,
      "support": 88.0
    },
    "Revenge Porn": {
      "precision": 0.7619047619047619,
      "recall": 0.8421052631578947,
      "f1-score": 0.8,
      "support": 76.0
    },
    "Sexual Harassment": {
      "precision": 0.8541666666666666,
      "recall": 0.8282828282828283,
      "f1-score": 0.841025641025641,
      "support": 99.0
    },
    "Slut Shaming": {
      "precision": 0.9038461538461539,
      "recall": 0.9494949494949495,
      "f1-score": 0.9261083743842364,
      "support": 99.0
    }
  },
  "weighted_avg": {
    "precision": 0.8264529039695587,
    "recall": 0.8270142180094787,
    "f1-score": 0.8257471120518306,
    "support": 422.0
  },
  "micro_avg": {
    "precision": 0.8270142180094787,
    "recall": 0.8270142180094787,
    "f1-score": 0.8270142180094787,
    "support": 422
  },
  "macro_avg": {
    "precision": 0.8187004976155918,
    "recall": 0.8151887293992557,
    "f1-score": 0.815784979970819,
    "support": 422.0
  },
  "accuracy": 0.8270142180094787,
  "inference_time_seconds": 0.4087839126586914,
  "energy_kwh": 4.223026274172878e-05,
  "num_test_samples": 422
}