{
  "per_class": {
    "Cyberstalking": {
      "precision": 0.7735849056603774,
      "recall": 0.6833333333333333,
      "f1-score": 0.7256637168141593,
      "support": 60.0
    },
    "Doxing": {
      "precision": 0.6178861788617886,
      "recall": 0.8636363636363636,
      "f1-score": 0.7203791469194313,
      "support": 88.0
    },
    "Revenge Porn": {
      "precision": 0.7283950617283951,
      "recall": 0.7763157894736842,
      "f1-score": 0.7515923566878981,
      "support": 76.0
    },
    "Sexual Harassment": {
      "precision": 0.9540229885057471,
      "recall": 0.8383838383838383,
      "f1-score": 0.8924731182795699,
      "support": 99.0
    },
    "Slut Shaming": {
      "precision": 1.0,
      "recall": 0.7878787878787878,
      "f1-score": 0.8813559322033898,
      "support": 99.0
    }
  },
  "weighted_avg": {
    "precision": 0.8284250678504431,
    "recall": 0.7985781990521327,
    "f1-score": 0.8048892963124474,
    "support": 422.0
  },
  "micro_avg": {
    "precision": 0.7985781990521327,
    "recall": 0.7985781990521327,
    "f1-score": 0.7985781990521327,
    "support": 422
  },
  "macro_avg": {
    "precision": 0.8147778269512618,
    "recall": 0.7899096225412015,
    "f1-score": 0.7942928541808898,
    "support": 422.0
  },
  "accuracy": 0.7985781990521327,
  "inference_time_seconds": 0.6612606048583984,
  "energy_kwh": 6.447600165251241e-05,
  "num_test_samples": 422
}