{
  "per_class": {
    "emotion": {
      "precision": 0.9205702647657841,
      "recall": 0.8986083499005965,
      "f1-score": 0.9094567404426559,
      "support": 1006.0
    },
    "hate": {
      "precision": 0.964836033188463,
      "recall": 0.9640742202921437,
      "f1-score": 0.9644549763033176,
      "support": 2533.0
    },
    "offensive": {
      "precision": 0.9572589191098552,
      "recall": 0.9650997150997151,
      "f1-score": 0.9611633268309984,
      "support": 2808.0
    },
    "religion": {
      "precision": 0.9966362325804902,
      "recall": 1.0,
      "f1-score": 0.9983152827918171,
      "support": 2074.0
    },
    "spiritual": {
      "precision": 0.9994209612044007,
      "recall": 0.9971114962449451,
      "f1-score": 0.9982648930017352,
      "support": 1731.0
    }
  },
  "weighted_avg": {
    "precision": 0.9707474028268306,
    "recall": 0.970843183609141,
    "f1-score": 0.9707768896669908,
    "support": 10152.0
  },
  "micro_avg": {
    "precision": 0.970843183609141,
    "recall": 0.970843183609141,
    "f1-score": 0.970843183609141,
    "support": 10152
  },
  "macro_avg": {
    "precision": 0.9677444821697986,
    "recall": 0.9649787563074801,
    "f1-score": 0.9663310438741048,
    "support": 10152.0
  },
  "accuracy": 0.970843183609141,
  "inference_time_seconds": 7.649588346481323,
  "energy_kwh": 0.00047132269582779847,
  "num_test_samples": 10152
}