{
  "per_class": {
    "Cyberstalking": {
      "precision": 0.6885245901639344,
      "recall": 0.7368421052631579,
      "f1-score": 0.711864406779661,
      "support": 57.0
    },
    "Doxing": {
      "precision": 0.9180327868852459,
      "recall": 0.7088607594936709,
      "f1-score": 0.8,
      "support": 79.0
    },
    "Revenge Porn": {
      "precision": 0.7721518987341772,
      "recall": 0.8591549295774648,
      "f1-score": 0.8133333333333334,
      "support": 71.0
    },
    "Sexual Harassment": {
      "precision": 0.7926829268292683,
      "recall": 0.8024691358024691,
      "f1-score": 0.7975460122699386,
      "support": 81.0
    },
    "Slut Shaming": {
      "precision": 0.8817204301075269,
      "recall": 0.9318181818181818,
      "f1-score": 0.9060773480662984,
      "support": 88.0
    }
  },
  "weighted_avg": {
    "precision": 0.820191466851166,
    "recall": 0.8138297872340425,
    "f1-score": 0.8134547113744858,
    "support": 376.0
  },
  "micro_avg": {
    "precision": 0.8138297872340425,
    "recall": 0.8138297872340425,
    "f1-score": 0.8138297872340425,
    "support": 376
  },
  "macro_avg": {
    "precision": 0.8106225265440307,
    "recall": 0.8078290223909889,
    "f1-score": 0.8057642200898464,
    "support": 376.0
  },
  "accuracy": 0.8138297872340425,
  "inference_time_seconds": 0.0952157974243164,
  "energy_kwh": 1.3248758733435742e-06,
  "num_test_samples": 376
}