{
  "per_class": {
    "age": {
      "precision": 0.9794135995009358,
      "recall": 0.9824780976220275,
      "f1-score": 0.9809434551702593,
      "support": 1598.0
    },
    "ethnicity": {
      "precision": 0.9929757343550447,
      "recall": 0.9767587939698492,
      "f1-score": 0.9848005066497784,
      "support": 1592.0
    },
    "gender": {
      "precision": 0.9405017921146953,
      "recall": 0.8251572327044026,
      "f1-score": 0.8790619765494138,
      "support": 1590.0
    },
    "not_cyberbullying": {
      "precision": 0.6792091836734694,
      "recall": 0.6710775047258979,
      "f1-score": 0.6751188589540412,
      "support": 1587.0
    },
    "other_cyberbullying": {
      "precision": 0.6892992938620315,
      "recall": 0.8108626198083068,
      "f1-score": 0.7451556077510276,
      "support": 1565.0
    },
    "religion": {
      "precision": 0.9692110327132777,
      "recall": 0.944375,
      "f1-score": 0.9566318455207344,
      "support": 1600.0
    }
  },
  "weighted_avg": {
    "precision": 0.8758617469873281,
    "recall": 0.8688627780109106,
    "f1-score": 0.870882469448771,
    "support": 9532.0
  },
  "micro_avg": {
    "precision": 0.8688627780109106,
    "recall": 0.8688627780109106,
    "f1-score": 0.8688627780109106,
    "support": 9532
  },
  "macro_avg": {
    "precision": 0.8751017727032425,
    "recall": 0.8684515414717473,
    "f1-score": 0.870285375099209,
    "support": 9532.0
  },
  "accuracy": 0.8688627780109106,
  "inference_time_seconds": 4.98037052154541,
  "energy_kwh": 0.00028230599512794224,
  "num_test_samples": 9532
}