{
  "per_class": {
    "age": {
      "precision": 0.9842866121935889,
      "recall": 0.9930247305009512,
      "f1-score": 0.9886363636363636,
      "support": 1577.0
    },
    "ethnicity": {
      "precision": 0.9859719438877755,
      "recall": 0.983344437041972,
      "f1-score": 0.9846564376250834,
      "support": 1501.0
    },
    "gender": {
      "precision": 0.9316298342541437,
      "recall": 0.9065860215053764,
      "f1-score": 0.9189373297002725,
      "support": 1488.0
    },
    "other_cyberbullying": {
      "precision": 0.8716372021521906,
      "recall": 0.8957345971563981,
      "f1-score": 0.8835216205687573,
      "support": 1266.0
    },
    "religion": {
      "precision": 0.9867674858223062,
      "recall": 0.9836683417085427,
      "f1-score": 0.9852154765649576,
      "support": 1592.0
    }
  },
  "weighted_avg": {
    "precision": 0.955395420787822,
    "recall": 0.955145474137931,
    "f1-score": 0.9552032617531331,
    "support": 7424.0
  },
  "micro_avg": {
    "precision": 0.955145474137931,
    "recall": 0.955145474137931,
    "f1-score": 0.955145474137931,
    "support": 7424
  },
  "macro_avg": {
    "precision": 0.9520586156620009,
    "recall": 0.9524716255826482,
    "f1-score": 0.9521934456190868,
    "support": 7424.0
  },
  "accuracy": 0.955145474137931,
  "inference_time_seconds": 5.443230390548706,
  "energy_kwh": 0.000362028481533631,
  "num_test_samples": 7424
}