{
  "per_class": {
    "Cyberstalking": {
      "precision": 0.8076923076923077,
      "recall": 0.7368421052631579,
      "f1-score": 0.7706422018348624,
      "support": 57.0
    },
    "Doxing": {
      "precision": 0.8333333333333334,
      "recall": 0.759493670886076,
      "f1-score": 0.7947019867549668,
      "support": 79.0
    },
    "Revenge Porn": {
      "precision": 0.7631578947368421,
      "recall": 0.8285714285714286,
      "f1-score": 0.7945205479452054,
      "support": 70.0
    },
    "Sexual Harassment": {
      "precision": 0.8701298701298701,
      "recall": 0.8170731707317073,
      "f1-score": 0.8427672955974843,
      "support": 82.0
    },
    "Slut Shaming": {
      "precision": 0.8282828282828283,
      "recall": 0.9318181818181818,
      "f1-score": 0.8770053475935828,
      "support": 88.0
    }
  },
  "weighted_avg": {
    "precision": 0.8232244301673194,
    "recall": 0.8218085106382979,
    "f1-score": 0.8207656639404866,
    "support": 376.0
  },
  "micro_avg": {
    "precision": 0.8218085106382979,
    "recall": 0.8218085106382979,
    "f1-score": 0.8218085106382979,
    "support": 376
  },
  "macro_avg": {
    "precision": 0.8205192468350362,
    "recall": 0.8147597114541103,
    "f1-score": 0.8159274759452204,
    "support": 376.0
  },
  "accuracy": 0.8218085106382979,
  "inference_time_seconds": 0.19034719467163086,
  "energy_kwh": 6.228746789934435e-06,
  "num_test_samples": 376
}