{
  "per_class": {
    "Cyberstalking": {
      "precision": 0.7454545454545455,
      "recall": 0.7068965517241379,
      "f1-score": 0.7256637168141593,
      "support": 58.0
    },
    "Doxing": {
      "precision": 0.782051282051282,
      "recall": 0.7721518987341772,
      "f1-score": 0.7770700636942676,
      "support": 79.0
    },
    "Revenge Porn": {
      "precision": 0.6565656565656566,
      "recall": 0.9154929577464789,
      "f1-score": 0.7647058823529411,
      "support": 71.0
    },
    "Sexual Harassment": {
      "precision": 0.9078947368421053,
      "recall": 0.8414634146341463,
      "f1-score": 0.8734177215189873,
      "support": 82.0
    },
    "Slut Shaming": {
      "precision": 0.9859154929577465,
      "recall": 0.7865168539325843,
      "f1-score": 0.875,
      "support": 89.0
    }
  },
  "weighted_avg": {
    "precision": 0.8280433346408143,
    "recall": 0.8073878627968337,
    "f1-score": 0.8107292913421745,
    "support": 379.0
  },
  "micro_avg": {
    "precision": 0.8073878627968337,
    "recall": 0.8073878627968337,
    "f1-score": 0.8073878627968337,
    "support": 379
  },
  "macro_avg": {
    "precision": 0.8155763427742672,
    "recall": 0.8045043353543049,
    "f1-score": 0.8031714768760712,
    "support": 379.0
  },
  "accuracy": 0.8073878627968337,
  "inference_time_seconds": 0.19982409477233887,
  "energy_kwh": 2.333998573211179e-05,
  "num_test_samples": 379
}