{
  "per_class": {
    "age": {
      "precision": 0.9776643267389917,
      "recall": 0.979539641943734,
      "f1-score": 0.9786010859150431,
      "support": 1564.0
    },
    "ethnicity": {
      "precision": 0.990521327014218,
      "recall": 0.9871794871794872,
      "f1-score": 0.9888475836431226,
      "support": 1482.0
    },
    "gender": {
      "precision": 0.8795918367346939,
      "recall": 0.8880494505494505,
      "f1-score": 0.8838004101161996,
      "support": 1456.0
    },
    "not_cyberbullying": {
      "precision": 0.6313963573287077,
      "recall": 0.5991769547325103,
      "f1-score": 0.6148648648648649,
      "support": 1215.0
    },
    "other_cyberbullying": {
      "precision": 0.6168132942326491,
      "recall": 0.6438775510204081,
      "f1-score": 0.6300549176235647,
      "support": 980.0
    },
    "religion": {
      "precision": 0.959748427672956,
      "recall": 0.9639924194567278,
      "f1-score": 0.9618657421998109,
      "support": 1583.0
    }
  },
  "weighted_avg": {
    "precision": 0.8657742380977335,
    "recall": 0.866304347826087,
    "f1-score": 0.8659378882178294,
    "support": 8280.0
  },
  "micro_avg": {
    "precision": 0.866304347826087,
    "recall": 0.866304347826087,
    "f1-score": 0.866304347826087,
    "support": 8280
  },
  "macro_avg": {
    "precision": 0.8426225949537027,
    "recall": 0.8436359174803864,
    "f1-score": 0.8430057673937675,
    "support": 8280.0
  },
  "accuracy": 0.866304347826087,
  "inference_time_seconds": 3.2500386238098145,
  "energy_kwh": 0.00019097940155294481,
  "num_test_samples": 8280
}