{
  "per_class": {
    "age": {
      "precision": 0.9860847564832385,
      "recall": 0.9755944931163955,
      "f1-score": 0.9808115759672853,
      "support": 1598.0
    },
    "ethnicity": {
      "precision": 0.992948717948718,
      "recall": 0.9729899497487438,
      "f1-score": 0.9828680203045685,
      "support": 1592.0
    },
    "gender": {
      "precision": 0.9408410548823949,
      "recall": 0.8301886792452831,
      "f1-score": 0.8820581356498497,
      "support": 1590.0
    },
    "not_cyberbullying": {
      "precision": 0.7135568513119533,
      "recall": 0.6168872085696282,
      "f1-score": 0.6617100371747212,
      "support": 1587.0
    },
    "other_cyberbullying": {
      "precision": 0.6609421000981355,
      "recall": 0.860702875399361,
      "f1-score": 0.7477102414654455,
      "support": 1565.0
    },
    "religion": {
      "precision": 0.9683143219264893,
      "recall": 0.955,
      "f1-score": 0.961611076148521,
      "support": 1600.0
    }
  },
  "weighted_avg": {
    "precision": 0.8779445134143533,
    "recall": 0.8688627780109106,
    "f1-score": 0.8700601448941665,
    "support": 9532.0
  },
  "micro_avg": {
    "precision": 0.8688627780109106,
    "recall": 0.8688627780109106,
    "f1-score": 0.8688627780109106,
    "support": 9532
  },
  "macro_avg": {
    "precision": 0.8771146337751549,
    "recall": 0.8685605343465687,
    "f1-score": 0.8694615144517318,
    "support": 9532.0
  },
  "accuracy": 0.8688627780109106,
  "inference_time_seconds": 4.0588743686676025,
  "energy_kwh": 0.0002168200950030735,
  "num_test_samples": 9532
}