{
  "per_class": {
    "Cyberstalking": {
      "precision": 0.5625,
      "recall": 0.7894736842105263,
      "f1-score": 0.656934306569343,
      "support": 57.0
    },
    "Doxing": {
      "precision": 0.8983050847457628,
      "recall": 0.6708860759493671,
      "f1-score": 0.7681159420289855,
      "support": 79.0
    },
    "Revenge Porn": {
      "precision": 0.7777777777777778,
      "recall": 0.8,
      "f1-score": 0.7887323943661971,
      "support": 70.0
    },
    "Sexual Harassment": {
      "precision": 0.8045977011494253,
      "recall": 0.8536585365853658,
      "f1-score": 0.8284023668639053,
      "support": 82.0
    },
    "Slut Shaming": {
      "precision": 0.9358974358974359,
      "recall": 0.8295454545454546,
      "f1-score": 0.8795180722891566,
      "support": 88.0
    }
  },
  "weighted_avg": {
    "precision": 0.8133218935973057,
    "recall": 0.7898936170212766,
    "f1-score": 0.7943198588953782,
    "support": 376.0
  },
  "micro_avg": {
    "precision": 0.7898936170212766,
    "recall": 0.7898936170212766,
    "f1-score": 0.7898936170212766,
    "support": 376
  },
  "macro_avg": {
    "precision": 0.7958155999140804,
    "recall": 0.7887127502581428,
    "f1-score": 0.7843406164235176,
    "support": 376.0
  },
  "accuracy": 0.7898936170212766,
  "inference_time_seconds": 0.0961296558380127,
  "energy_kwh": 2.8072351924159044e-06,
  "num_test_samples": 376
}