{
  "per_class": {
    "Cyberstalking": {
      "precision": 0.6451612903225806,
      "recall": 0.7017543859649122,
      "f1-score": 0.6722689075630253,
      "support": 57.0
    },
    "Doxing": {
      "precision": 0.8260869565217391,
      "recall": 0.7215189873417721,
      "f1-score": 0.7702702702702703,
      "support": 79.0
    },
    "Revenge Porn": {
      "precision": 0.8055555555555556,
      "recall": 0.8169014084507042,
      "f1-score": 0.8111888111888111,
      "support": 71.0
    },
    "Sexual Harassment": {
      "precision": 0.7840909090909091,
      "recall": 0.8414634146341463,
      "f1-score": 0.8117647058823529,
      "support": 82.0
    },
    "Slut Shaming": {
      "precision": 0.8735632183908046,
      "recall": 0.8539325842696629,
      "f1-score": 0.8636363636363636,
      "support": 89.0
    }
  },
  "weighted_avg": {
    "precision": 0.7970161072494315,
    "recall": 0.7936507936507936,
    "f1-score": 0.7941625050868748,
    "support": 378.0
  },
  "micro_avg": {
    "precision": 0.7936507936507936,
    "recall": 0.7936507936507936,
    "f1-score": 0.7936507936507936,
    "support": 378
  },
  "macro_avg": {
    "precision": 0.7868915859763179,
    "recall": 0.7871141561322395,
    "f1-score": 0.7858258117081648,
    "support": 378.0
  },
  "accuracy": 0.7936507936507936,
  "inference_time_seconds": 0.19808411598205566,
  "energy_kwh": 7.677848175625567e-06,
  "num_test_samples": 378
}