{
  "per_class": {
    "Cyberstalking": {
      "precision": 0.6923076923076923,
      "recall": 0.8035714285714286,
      "f1-score": 0.743801652892562,
      "support": 56.0
    },
    "Doxing": {
      "precision": 0.9508196721311475,
      "recall": 0.725,
      "f1-score": 0.8226950354609929,
      "support": 80.0
    },
    "Revenge Porn": {
      "precision": 0.8823529411764706,
      "recall": 0.8450704225352113,
      "f1-score": 0.8633093525179856,
      "support": 71.0
    },
    "Sexual Harassment": {
      "precision": 0.7956989247311828,
      "recall": 0.9024390243902439,
      "f1-score": 0.8457142857142858,
      "support": 82.0
    },
    "Slut Shaming": {
      "precision": 0.8444444444444444,
      "recall": 0.8636363636363636,
      "f1-score": 0.8539325842696629,
      "support": 88.0
    }
  },
  "weighted_avg": {
    "precision": 0.8409556665844035,
    "recall": 0.830238726790451,
    "f1-score": 0.8309233375913572,
    "support": 377.0
  },
  "micro_avg": {
    "precision": 0.830238726790451,
    "recall": 0.830238726790451,
    "f1-score": 0.830238726790451,
    "support": 377
  },
  "macro_avg": {
    "precision": 0.8331247349581874,
    "recall": 0.8279434478266493,
    "f1-score": 0.8258905821710979,
    "support": 377.0
  },
  "accuracy": 0.830238726790451,
  "inference_time_seconds": 0.09531807899475098,
  "energy_kwh": 1.6376106893044346e-06,
  "num_test_samples": 377
}