{
  "per_class": {
    "age": {
      "precision": 0.987546699875467,
      "recall": 0.99125,
      "f1-score": 0.9893948845913911,
      "support": 1600.0
    },
    "ethnicity": {
      "precision": 0.9873817034700315,
      "recall": 0.978125,
      "f1-score": 0.9827315541601256,
      "support": 1600.0
    },
    "gender": {
      "precision": 0.9271565495207668,
      "recall": 0.9063085571517802,
      "f1-score": 0.9166140240050537,
      "support": 1601.0
    },
    "other_cyberbullying": {
      "precision": 0.888821752265861,
      "recall": 0.9188007495315428,
      "f1-score": 0.9035626535626535,
      "support": 1601.0
    },
    "religion": {
      "precision": 0.988686360779384,
      "recall": 0.983125,
      "f1-score": 0.9858978376684425,
      "support": 1600.0
    }
  },
  "weighted_avg": {
    "precision": 0.9559066338115724,
    "recall": 0.9555111222194451,
    "f1-score": 0.955628805680809,
    "support": 8002.0
  },
  "micro_avg": {
    "precision": 0.9555111222194451,
    "recall": 0.9555111222194451,
    "f1-score": 0.9555111222194451,
    "support": 8002
  },
  "macro_avg": {
    "precision": 0.9559186131823021,
    "recall": 0.9555218613366646,
    "f1-score": 0.9556401907975334,
    "support": 8002.0
  },
  "accuracy": 0.9555111222194451,
  "inference_time_seconds": 2.963789701461792,
  "energy_kwh": 0.00020316139314131346,
  "num_test_samples": 8002
}