{
  "per_class": {
    "Cyberstalking": {
      "precision": 0.8103448275862069,
      "recall": 0.7833333333333333,
      "f1-score": 0.7966101694915254,
      "support": 60.0
    },
    "Doxing": {
      "precision": 0.6893203883495146,
      "recall": 0.8068181818181818,
      "f1-score": 0.743455497382199,
      "support": 88.0
    },
    "Revenge Porn": {
      "precision": 0.7945205479452054,
      "recall": 0.7631578947368421,
      "f1-score": 0.7785234899328859,
      "support": 76.0
    },
    "Sexual Harassment": {
      "precision": 0.9263157894736842,
      "recall": 0.8888888888888888,
      "f1-score": 0.9072164948453608,
      "support": 99.0
    },
    "Slut Shaming": {
      "precision": 0.9139784946236559,
      "recall": 0.8585858585858586,
      "f1-score": 0.8854166666666666,
      "support": 99.0
    }
  },
  "weighted_avg": {
    "precision": 0.8337762549748863,
    "recall": 0.8270142180094787,
    "f1-score": 0.8290501473073816,
    "support": 422.0
  },
  "micro_avg": {
    "precision": 0.8270142180094787,
    "recall": 0.8270142180094787,
    "f1-score": 0.8270142180094787,
    "support": 422
  },
  "macro_avg": {
    "precision": 0.8268960095956535,
    "recall": 0.820156831472621,
    "f1-score": 0.8222444636637276,
    "support": 422.0
  },
  "accuracy": 0.8270142180094787,
  "inference_time_seconds": 0.23598790168762207,
  "energy_kwh": 1.8172885411177178e-05,
  "num_test_samples": 422
}