{
  "per_class": {
    "age": {
      "precision": 0.9744735162731334,
      "recall": 0.9763427109974424,
      "f1-score": 0.9754072181411689,
      "support": 1564.0
    },
    "ethnicity": {
      "precision": 0.9734748010610079,
      "recall": 0.9898853674983142,
      "f1-score": 0.9816115011701771,
      "support": 1483.0
    },
    "gender": {
      "precision": 0.896551724137931,
      "recall": 0.8737997256515775,
      "f1-score": 0.8850295241403265,
      "support": 1458.0
    },
    "not_cyberbullying": {
      "precision": 0.6181506849315068,
      "recall": 0.594238683127572,
      "f1-score": 0.6059588753671842,
      "support": 1215.0
    },
    "other_cyberbullying": {
      "precision": 0.601761252446184,
      "recall": 0.6269113149847095,
      "f1-score": 0.6140788816774838,
      "support": 981.0
    },
    "religion": {
      "precision": 0.9543178973717147,
      "recall": 0.9633607075173721,
      "f1-score": 0.95881798176674,
      "support": 1583.0
    }
  },
  "weighted_avg": {
    "precision": 0.8603305438916792,
    "recall": 0.8608160309029455,
    "f1-score": 0.8604659673150952,
    "support": 8284.0
  },
  "micro_avg": {
    "precision": 0.8608160309029455,
    "recall": 0.8608160309029455,
    "f1-score": 0.8608160309029455,
    "support": 8284
  },
  "macro_avg": {
    "precision": 0.8364549793702462,
    "recall": 0.8374230849628314,
    "f1-score": 0.8368173303771801,
    "support": 8284.0
  },
  "accuracy": 0.8608160309029455,
  "inference_time_seconds": 6.616339921951294,
  "energy_kwh": 0.0003824082297805702,
  "num_test_samples": 8284
}