{
  "per_class": {
    "emotion": {
      "precision": 0.8483316481294236,
      "recall": 0.8339960238568589,
      "f1-score": 0.8411027568922306,
      "support": 1006.0
    },
    "hate": {
      "precision": 0.9361616161616162,
      "recall": 0.9147256217923411,
      "f1-score": 0.9253194888178914,
      "support": 2533.0
    },
    "offensive": {
      "precision": 0.9098816979819068,
      "recall": 0.9312678062678063,
      "f1-score": 0.9204505455825414,
      "support": 2808.0
    },
    "religion": {
      "precision": 0.9951992318771004,
      "recall": 0.9995178399228544,
      "f1-score": 0.9973538609574212,
      "support": 2074.0
    },
    "spiritual": {
      "precision": 0.9994222992489891,
      "recall": 0.9994222992489891,
      "f1-score": 0.9994222992489891,
      "support": 1731.0
    }
  },
  "weighted_avg": {
    "precision": 0.9430368426518788,
    "recall": 0.9430654058313632,
    "f1-score": 0.9429787902118568,
    "support": 10152.0
  },
  "micro_avg": {
    "precision": 0.9430654058313632,
    "recall": 0.9430654058313632,
    "f1-score": 0.9430654058313632,
    "support": 10152
  },
  "macro_avg": {
    "precision": 0.9377992986798072,
    "recall": 0.93578591821777,
    "f1-score": 0.9367297902998148,
    "support": 10152.0
  },
  "accuracy": 0.9430654058313632,
  "inference_time_seconds": 5.7766807079315186,
  "energy_kwh": 0.0003361568080101172,
  "num_test_samples": 10152
}