{
  "per_class": {
    "age": {
      "precision": 0.9800623052959502,
      "recall": 0.9843554443053817,
      "f1-score": 0.9822041835778957,
      "support": 1598.0
    },
    "ethnicity": {
      "precision": 0.9885496183206107,
      "recall": 0.9761306532663316,
      "f1-score": 0.9823008849557522,
      "support": 1592.0
    },
    "gender": {
      "precision": 0.8943443132380361,
      "recall": 0.9050314465408805,
      "f1-score": 0.8996561425445452,
      "support": 1590.0
    },
    "not_cyberbullying": {
      "precision": 0.7225392296718973,
      "recall": 0.6383112791430372,
      "f1-score": 0.6778186684509869,
      "support": 1587.0
    },
    "other_cyberbullying": {
      "precision": 0.7041176470588235,
      "recall": 0.7648562300319489,
      "f1-score": 0.7332312404287902,
      "support": 1565.0
    },
    "religion": {
      "precision": 0.9495133819951338,
      "recall": 0.975625,
      "f1-score": 0.9623921085080148,
      "support": 1600.0
    }
  },
  "weighted_avg": {
    "precision": 0.8738725661567764,
    "recall": 0.8746328157784306,
    "f1-score": 0.8735701901561538,
    "support": 9532.0
  },
  "micro_avg": {
    "precision": 0.8746328157784306,
    "recall": 0.8746328157784306,
    "f1-score": 0.8746328157784306,
    "support": 9532
  },
  "macro_avg": {
    "precision": 0.8731877492634087,
    "recall": 0.8740516755479301,
    "f1-score": 0.8729338714109974,
    "support": 9532.0
  },
  "accuracy": 0.8746328157784306,
  "inference_time_seconds": 7.750484466552734,
  "energy_kwh": 0.0005008258261651877,
  "num_test_samples": 9532
}