{
  "per_class": {
    "age": {
      "precision": 0.9764631043256997,
      "recall": 0.982085732565579,
      "f1-score": 0.9792663476874003,
      "support": 1563.0
    },
    "ethnicity": {
      "precision": 0.9857433808553971,
      "recall": 0.9790964261631827,
      "f1-score": 0.9824086603518268,
      "support": 1483.0
    },
    "gender": {
      "precision": 0.8958620689655172,
      "recall": 0.8915579958819492,
      "f1-score": 0.8937048503611971,
      "support": 1457.0
    },
    "not_cyberbullying": {
      "precision": 0.6420503909643788,
      "recall": 0.6082304526748972,
      "f1-score": 0.6246830092983939,
      "support": 1215.0
    },
    "other_cyberbullying": {
      "precision": 0.5961538461538461,
      "recall": 0.6313645621181263,
      "f1-score": 0.6132542037586548,
      "support": 982.0
    },
    "religion": {
      "precision": 0.9574468085106383,
      "recall": 0.9659090909090909,
      "f1-score": 0.961659333752357,
      "support": 1584.0
    }
  },
  "weighted_avg": {
    "precision": 0.866181838119028,
    "recall": 0.8661274746499276,
    "f1-score": 0.8660196983058561,
    "support": 8284.0
  },
  "micro_avg": {
    "precision": 0.8661274746499276,
    "recall": 0.8661274746499276,
    "f1-score": 0.8661274746499276,
    "support": 8284
  },
  "macro_avg": {
    "precision": 0.8422865999625796,
    "recall": 0.8430407100521374,
    "f1-score": 0.8424960675349716,
    "support": 8284.0
  },
  "accuracy": 0.8661274746499276,
  "inference_time_seconds": 6.249528169631958,
  "energy_kwh": 0.0003829546216496227,
  "num_test_samples": 8284
}