{
  "per_class": {
    "emotion": {
      "precision": 0.9325605900948367,
      "recall": 0.8797216699801192,
      "f1-score": 0.9053708439897699,
      "support": 1006.0
    },
    "hate": {
      "precision": 0.9661489446435683,
      "recall": 0.957757599684169,
      "f1-score": 0.9619349722442506,
      "support": 2533.0
    },
    "offensive": {
      "precision": 0.9469302809573361,
      "recall": 0.9722222222222222,
      "f1-score": 0.959409594095941,
      "support": 2808.0
    },
    "religion": {
      "precision": 0.996155694377703,
      "recall": 0.9995178399228544,
      "f1-score": 0.9978339350180505,
      "support": 2074.0
    },
    "spiritual": {
      "precision": 1.0,
      "recall": 0.9982668977469671,
      "f1-score": 0.9991326973113617,
      "support": 1731.0
    }
  },
  "weighted_avg": {
    "precision": 0.9694068527861623,
    "recall": 0.9694641449960599,
    "f1-score": 0.9693077988813241,
    "support": 10152.0
  },
  "micro_avg": {
    "precision": 0.9694641449960599,
    "recall": 0.9694641449960599,
    "f1-score": 0.9694641449960599,
    "support": 10152
  },
  "macro_avg": {
    "precision": 0.9683591020146889,
    "recall": 0.9614972459112664,
    "f1-score": 0.9647364085318747,
    "support": 10152.0
  },
  "accuracy": 0.9694641449960599,
  "inference_time_seconds": 7.997103214263916,
  "energy_kwh": 0.0004821928205576341,
  "num_test_samples": 10152
}