{
  "per_class": {
    "Cyberstalking": {
      "precision": 0.8723404255319149,
      "recall": 0.7192982456140351,
      "f1-score": 0.7884615384615384,
      "support": 57.0
    },
    "Doxing": {
      "precision": 0.7441860465116279,
      "recall": 0.8205128205128205,
      "f1-score": 0.7804878048780488,
      "support": 78.0
    },
    "Revenge Porn": {
      "precision": 0.75,
      "recall": 0.8028169014084507,
      "f1-score": 0.7755102040816326,
      "support": 71.0
    },
    "Sexual Harassment": {
      "precision": 0.8717948717948718,
      "recall": 0.8292682926829268,
      "f1-score": 0.85,
      "support": 82.0
    },
    "Slut Shaming": {
      "precision": 0.8666666666666667,
      "recall": 0.8764044943820225,
      "f1-score": 0.8715083798882681,
      "support": 89.0
    }
  },
  "weighted_avg": {
    "precision": 0.8213273970921458,
    "recall": 0.8169761273209549,
    "f1-score": 0.817362935736465,
    "support": 377.0
  },
  "micro_avg": {
    "precision": 0.8169761273209549,
    "recall": 0.8169761273209549,
    "f1-score": 0.8169761273209549,
    "support": 377
  },
  "macro_avg": {
    "precision": 0.8209976021010164,
    "recall": 0.8096601509200511,
    "f1-score": 0.8131935854618977,
    "support": 377.0
  },
  "accuracy": 0.8169761273209549,
  "inference_time_seconds": 0.20165538787841797,
  "energy_kwh": 7.520768194761584e-06,
  "num_test_samples": 377
}