{
  "per_class": {
    "emotion": {
      "precision": 0.8493626882966396,
      "recall": 0.7814498933901919,
      "f1-score": 0.8139922265408107,
      "support": 938.0
    },
    "hate": {
      "precision": 0.9467951403435274,
      "recall": 0.935043442283823,
      "f1-score": 0.9408825978351374,
      "support": 2417.0
    },
    "offensive": {
      "precision": 0.880700325732899,
      "recall": 0.9161372299872935,
      "f1-score": 0.8980693377620926,
      "support": 2361.0
    },
    "religion": {
      "precision": 0.9931807111544082,
      "recall": 0.9995098039215686,
      "f1-score": 0.9963352064500367,
      "support": 2040.0
    },
    "spiritual": {
      "precision": 1.0,
      "recall": 0.9982476635514018,
      "f1-score": 0.9991230634317451,
      "support": 1712.0
    }
  },
  "weighted_avg": {
    "precision": 0.9402754727126026,
    "recall": 0.9404309252217997,
    "f1-score": 0.9401142965433387,
    "support": 9468.0
  },
  "micro_avg": {
    "precision": 0.9404309252217997,
    "recall": 0.9404309252217997,
    "f1-score": 0.9404309252217997,
    "support": 9468
  },
  "macro_avg": {
    "precision": 0.9340077731054949,
    "recall": 0.9260776066268557,
    "f1-score": 0.9296804864039645,
    "support": 9468.0
  },
  "accuracy": 0.9404309252217997,
  "inference_time_seconds": 9.202953815460205,
  "energy_kwh": 0.0005817280135574403,
  "num_test_samples": 9468
}