{
  "per_class": {
    "Cyberstalking": {
      "precision": 0.6521739130434783,
      "recall": 0.75,
      "f1-score": 0.6976744186046512,
      "support": 60.0
    },
    "Doxing": {
      "precision": 0.7526881720430108,
      "recall": 0.7954545454545454,
      "f1-score": 0.7734806629834254,
      "support": 88.0
    },
    "Revenge Porn": {
      "precision": 0.8051948051948052,
      "recall": 0.8157894736842105,
      "f1-score": 0.8104575163398693,
      "support": 76.0
    },
    "Sexual Harassment": {
      "precision": 0.845360824742268,
      "recall": 0.8282828282828283,
      "f1-score": 0.8367346938775511,
      "support": 99.0
    },
    "Slut Shaming": {
      "precision": 0.9186046511627907,
      "recall": 0.797979797979798,
      "f1-score": 0.8540540540540541,
      "support": 99.0
    }
  },
  "weighted_avg": {
    "precision": 0.8085174910706154,
    "recall": 0.8009478672985783,
    "f1-score": 0.8031033666963969,
    "support": 422.0
  },
  "micro_avg": {
    "precision": 0.8009478672985783,
    "recall": 0.8009478672985783,
    "f1-score": 0.8009478672985783,
    "support": 422
  },
  "macro_avg": {
    "precision": 0.7948044732372705,
    "recall": 0.7975013290802765,
    "f1-score": 0.7944802691719103,
    "support": 422.0
  },
  "accuracy": 0.8009478672985783,
  "inference_time_seconds": 0.22923564910888672,
  "energy_kwh": 1.1149531886186429e-05,
  "num_test_samples": 422
}