{
  "per_class": {
    "Cyberstalking": {
      "precision": 0.8,
      "recall": 0.7333333333333333,
      "f1-score": 0.7652173913043478,
      "support": 60.0
    },
    "Doxing": {
      "precision": 0.7333333333333333,
      "recall": 0.875,
      "f1-score": 0.7979274611398963,
      "support": 88.0
    },
    "Revenge Porn": {
      "precision": 0.8529411764705882,
      "recall": 0.7631578947368421,
      "f1-score": 0.8055555555555556,
      "support": 76.0
    },
    "Sexual Harassment": {
      "precision": 0.8686868686868687,
      "recall": 0.8686868686868687,
      "f1-score": 0.8686868686868687,
      "support": 99.0
    },
    "Slut Shaming": {
      "precision": 0.9473684210526315,
      "recall": 0.9090909090909091,
      "f1-score": 0.9278350515463918,
      "support": 99.0
    }
  },
  "weighted_avg": {
    "precision": 0.8463183327708734,
    "recall": 0.8412322274881516,
    "f1-score": 0.8417264274499687,
    "support": 422.0
  },
  "micro_avg": {
    "precision": 0.8412322274881516,
    "recall": 0.8412322274881516,
    "f1-score": 0.8412322274881516,
    "support": 422
  },
  "macro_avg": {
    "precision": 0.8404659599086844,
    "recall": 0.8298538011695907,
    "f1-score": 0.833044465646612,
    "support": 422.0
  },
  "accuracy": 0.8412322274881516,
  "inference_time_seconds": 0.26050615310668945,
  "energy_kwh": 1.0845211382109349e-05,
  "num_test_samples": 422
}