{
  "per_class": {
    "age": {
      "precision": 0.9836785938480854,
      "recall": 0.9917721518987341,
      "f1-score": 0.9877087929404349,
      "support": 1580.0
    },
    "ethnicity": {
      "precision": 0.9932111337406653,
      "recall": 0.9772879091516367,
      "f1-score": 0.9851851851851852,
      "support": 1497.0
    },
    "gender": {
      "precision": 0.9451957295373665,
      "recall": 0.8906773977196513,
      "f1-score": 0.9171270718232044,
      "support": 1491.0
    },
    "other_cyberbullying": {
      "precision": 0.8550295857988166,
      "recall": 0.9203821656050956,
      "f1-score": 0.8865030674846626,
      "support": 1256.0
    },
    "religion": {
      "precision": 0.9836683417085427,
      "recall": 0.9842866121935889,
      "f1-score": 0.9839773798303487,
      "support": 1591.0
    }
  },
  "weighted_avg": {
    "precision": 0.9560714186987956,
    "recall": 0.9548213081591369,
    "f1-score": 0.9550633099429977,
    "support": 7415.0
  },
  "micro_avg": {
    "precision": 0.9548213081591369,
    "recall": 0.9548213081591369,
    "f1-score": 0.9548213081591369,
    "support": 7415
  },
  "macro_avg": {
    "precision": 0.9521566769266954,
    "recall": 0.9528812473137412,
    "f1-score": 0.9521002994527672,
    "support": 7415.0
  },
  "accuracy": 0.9548213081591369,
  "inference_time_seconds": 5.433946132659912,
  "energy_kwh": 0.0003616167159833864,
  "num_test_samples": 7415
}