{
  "per_class": {
    "age": {
      "precision": 0.9856787048567871,
      "recall": 0.989375,
      "f1-score": 0.9875233936369308,
      "support": 1600.0
    },
    "ethnicity": {
      "precision": 0.986784140969163,
      "recall": 0.98,
      "f1-score": 0.9833803700219504,
      "support": 1600.0
    },
    "gender": {
      "precision": 0.9126466753585397,
      "recall": 0.8744534665833854,
      "f1-score": 0.8931419457735247,
      "support": 1601.0
    },
    "other_cyberbullying": {
      "precision": 0.8537596210775606,
      "recall": 0.9006870705808869,
      "f1-score": 0.8765957446808511,
      "support": 1601.0
    },
    "religion": {
      "precision": 0.9930555555555556,
      "recall": 0.983125,
      "f1-score": 0.9880653266331658,
      "support": 1600.0
    }
  },
  "weighted_avg": {
    "precision": 0.9463691480635599,
    "recall": 0.9455136215946014,
    "f1-score": 0.9457261418251351,
    "support": 8002.0
  },
  "micro_avg": {
    "precision": 0.9455136215946014,
    "recall": 0.9455136215946014,
    "f1-score": 0.9455136215946014,
    "support": 8002
  },
  "macro_avg": {
    "precision": 0.9463849395635211,
    "recall": 0.9455281074328544,
    "f1-score": 0.9457413561492846,
    "support": 8002.0
  },
  "accuracy": 0.9455136215946014,
  "inference_time_seconds": 4.861587285995483,
  "energy_kwh": 0.0003032297670320566,
  "num_test_samples": 8002
}