{
  "per_class": {
    "Cyberstalking": {
      "precision": 0.6363636363636364,
      "recall": 0.7,
      "f1-score": 0.6666666666666666,
      "support": 60.0
    },
    "Doxing": {
      "precision": 0.8170731707317073,
      "recall": 0.7613636363636364,
      "f1-score": 0.788235294117647,
      "support": 88.0
    },
    "Revenge Porn": {
      "precision": 0.7195121951219512,
      "recall": 0.7763157894736842,
      "f1-score": 0.7468354430379747,
      "support": 76.0
    },
    "Sexual Harassment": {
      "precision": 0.803921568627451,
      "recall": 0.8282828282828283,
      "f1-score": 0.8159203980099502,
      "support": 99.0
    },
    "Slut Shaming": {
      "precision": 0.9,
      "recall": 0.8181818181818182,
      "f1-score": 0.8571428571428571,
      "support": 99.0
    }
  },
  "weighted_avg": {
    "precision": 0.7901787187905079,
    "recall": 0.7843601895734598,
    "f1-score": 0.7861551227804904,
    "support": 422.0
  },
  "micro_avg": {
    "precision": 0.7843601895734598,
    "recall": 0.7843601895734598,
    "f1-score": 0.7843601895734598,
    "support": 422
  },
  "macro_avg": {
    "precision": 0.7753741141689491,
    "recall": 0.7768288144603934,
    "f1-score": 0.7749601317950191,
    "support": 422.0
  },
  "accuracy": 0.7843601895734598,
  "inference_time_seconds": 0.41744565963745117,
  "energy_kwh": 2.763505456354158e-05,
  "num_test_samples": 422
}