{
  "per_class": {
    "emotion": {
      "precision": 0.8918918918918919,
      "recall": 0.885685884691849,
      "f1-score": 0.8887780548628429,
      "support": 1006.0
    },
    "hate": {
      "precision": 0.9661489446435683,
      "recall": 0.957757599684169,
      "f1-score": 0.9619349722442506,
      "support": 2533.0
    },
    "offensive": {
      "precision": 0.952347334980586,
      "recall": 0.9608262108262108,
      "f1-score": 0.9565679843999291,
      "support": 2808.0
    },
    "religion": {
      "precision": 0.9961538461538462,
      "recall": 0.9990356798457087,
      "f1-score": 0.9975926817525277,
      "support": 2074.0
    },
    "spiritual": {
      "precision": 0.9994216310005783,
      "recall": 0.9982668977469671,
      "f1-score": 0.9988439306358381,
      "support": 1731.0
    }
  },
  "weighted_avg": {
    "precision": 0.9667761777813204,
    "recall": 0.9668045705279747,
    "f1-score": 0.9667790557493189,
    "support": 10152.0
  },
  "micro_avg": {
    "precision": 0.9668045705279747,
    "recall": 0.9668045705279747,
    "f1-score": 0.9668045705279747,
    "support": 10152
  },
  "macro_avg": {
    "precision": 0.9611927297340941,
    "recall": 0.960314454558981,
    "f1-score": 0.9607435247790777,
    "support": 10152.0
  },
  "accuracy": 0.9668045705279747,
  "inference_time_seconds": 4.984340667724609,
  "energy_kwh": 0.00031577366956357,
  "num_test_samples": 10152
}