{
  "per_class": {
    "emotion": {
      "precision": 0.9298969072164949,
      "recall": 0.8966202783300199,
      "f1-score": 0.9129554655870445,
      "support": 1006.0
    },
    "hate": {
      "precision": 0.9657075285770595,
      "recall": 0.9672325305961311,
      "f1-score": 0.9664694280078896,
      "support": 2533.0
    },
    "offensive": {
      "precision": 0.9601551480959097,
      "recall": 0.9697293447293447,
      "f1-score": 0.9649184975194898,
      "support": 2808.0
    },
    "religion": {
      "precision": 0.9966362325804902,
      "recall": 1.0,
      "f1-score": 0.9983152827918171,
      "support": 2074.0
    },
    "spiritual": {
      "precision": 1.0,
      "recall": 0.9982668977469671,
      "f1-score": 0.9991326973113617,
      "support": 1731.0
    }
  },
  "weighted_avg": {
    "precision": 0.9727888751744225,
    "recall": 0.9729117415287628,
    "f1-score": 0.9728128443770168,
    "support": 10152.0
  },
  "micro_avg": {
    "precision": 0.9729117415287628,
    "recall": 0.9729117415287628,
    "f1-score": 0.9729117415287628,
    "support": 10152
  },
  "macro_avg": {
    "precision": 0.9704791632939909,
    "recall": 0.9663698102804925,
    "f1-score": 0.9683582742435206,
    "support": 10152.0
  },
  "accuracy": 0.9729117415287628,
  "inference_time_seconds": 8.293043851852417,
  "energy_kwh": 0.0005022201920076656,
  "num_test_samples": 10152
}