{
  "per_class": {
    "Cyberstalking": {
      "precision": 0.8372093023255814,
      "recall": 0.6923076923076923,
      "f1-score": 0.7578947368421053,
      "support": 52.0
    },
    "Doxing": {
      "precision": 0.8356164383561644,
      "recall": 0.8243243243243243,
      "f1-score": 0.8299319727891157,
      "support": 74.0
    },
    "Revenge Porn": {
      "precision": 0.873015873015873,
      "recall": 0.7857142857142857,
      "f1-score": 0.8270676691729323,
      "support": 70.0
    },
    "Sexual Harassment": {
      "precision": 0.8488372093023255,
      "recall": 0.9358974358974359,
      "f1-score": 0.8902439024390244,
      "support": 78.0
    },
    "Slut Shaming": {
      "precision": 0.8585858585858586,
      "recall": 0.9444444444444444,
      "f1-score": 0.8994708994708994,
      "support": 90.0
    }
  },
  "weighted_avg": {
    "precision": 0.8515484639250168,
    "recall": 0.8516483516483516,
    "f1-score": 0.849207787051962,
    "support": 364.0
  },
  "micro_avg": {
    "precision": 0.8516483516483516,
    "recall": 0.8516483516483516,
    "f1-score": 0.8516483516483516,
    "support": 364
  },
  "macro_avg": {
    "precision": 0.8506529363171605,
    "recall": 0.8365376365376365,
    "f1-score": 0.8409218361428155,
    "support": 364.0
  },
  "accuracy": 0.8516483516483516,
  "inference_time_seconds": 0.13611721992492676,
  "energy_kwh": 5.278541264187295e-06,
  "num_test_samples": 364
}