{
  "per_class": {
    "Cyberstalking": {
      "precision": 0.7096774193548387,
      "recall": 0.7333333333333333,
      "f1-score": 0.7213114754098361,
      "support": 60.0
    },
    "Doxing": {
      "precision": 0.8354430379746836,
      "recall": 0.75,
      "f1-score": 0.7904191616766467,
      "support": 88.0
    },
    "Revenge Porn": {
      "precision": 0.7738095238095238,
      "recall": 0.8552631578947368,
      "f1-score": 0.8125,
      "support": 76.0
    },
    "Sexual Harassment": {
      "precision": 0.8787878787878788,
      "recall": 0.8787878787878788,
      "f1-score": 0.8787878787878788,
      "support": 99.0
    },
    "Slut Shaming": {
      "precision": 0.9183673469387755,
      "recall": 0.9090909090909091,
      "f1-score": 0.9137055837563451,
      "support": 99.0
    }
  },
  "weighted_avg": {
    "precision": 0.8360841792879741,
    "recall": 0.8341232227488151,
    "f1-score": 0.8342237619526379,
    "support": 422.0
  },
  "micro_avg": {
    "precision": 0.8341232227488151,
    "recall": 0.8341232227488151,
    "f1-score": 0.8341232227488151,
    "support": 422
  },
  "macro_avg": {
    "precision": 0.8232170413731401,
    "recall": 0.8252950558213715,
    "f1-score": 0.8233448199261414,
    "support": 422.0
  },
  "accuracy": 0.8341232227488151,
  "inference_time_seconds": 0.3608832359313965,
  "energy_kwh": 1.615591239522284e-05,
  "num_test_samples": 422
}