{
  "per_class": {
    "age": {
      "precision": 0.9587128111718276,
      "recall": 0.9881101376720901,
      "f1-score": 0.9731895223420647,
      "support": 1598.0
    },
    "ethnicity": {
      "precision": 0.9974309569685292,
      "recall": 0.9755025125628141,
      "f1-score": 0.9863448713877422,
      "support": 1592.0
    },
    "gender": {
      "precision": 0.8814627994955864,
      "recall": 0.879245283018868,
      "f1-score": 0.8803526448362721,
      "support": 1590.0
    },
    "not_cyberbullying": {
      "precision": 0.7130703789636504,
      "recall": 0.5809703843730308,
      "f1-score": 0.6402777777777777,
      "support": 1587.0
    },
    "other_cyberbullying": {
      "precision": 0.6637314254265272,
      "recall": 0.7706070287539936,
      "f1-score": 0.7131874630396215,
      "support": 1565.0
    },
    "religion": {
      "precision": 0.9522058823529411,
      "recall": 0.97125,
      "f1-score": 0.9616336633663366,
      "support": 1600.0
    }
  },
  "weighted_avg": {
    "precision": 0.8618727225049304,
    "recall": 0.8615190935795216,
    "f1-score": 0.8598459579960195,
    "support": 9532.0
  },
  "micro_avg": {
    "precision": 0.8615190935795216,
    "recall": 0.8615190935795216,
    "f1-score": 0.8615190935795216,
    "support": 9532
  },
  "macro_avg": {
    "precision": 0.8611023757298436,
    "recall": 0.8609475577301327,
    "f1-score": 0.8591643237916359,
    "support": 9532.0
  },
  "accuracy": 0.8615190935795216,
  "inference_time_seconds": 9.627286672592163,
  "energy_kwh": 0.0005949885093173067,
  "num_test_samples": 9532
}