{
  "per_class": {
    "Cyberstalking": {
      "precision": 0.7333333333333333,
      "recall": 0.7333333333333333,
      "f1-score": 0.7333333333333333,
      "support": 60.0
    },
    "Doxing": {
      "precision": 0.7282608695652174,
      "recall": 0.7613636363636364,
      "f1-score": 0.7444444444444445,
      "support": 88.0
    },
    "Revenge Porn": {
      "precision": 0.7209302325581395,
      "recall": 0.8157894736842105,
      "f1-score": 0.7654320987654321,
      "support": 76.0
    },
    "Sexual Harassment": {
      "precision": 0.8888888888888888,
      "recall": 0.8080808080808081,
      "f1-score": 0.8465608465608465,
      "support": 99.0
    },
    "Slut Shaming": {
      "precision": 0.925531914893617,
      "recall": 0.8787878787878788,
      "f1-score": 0.9015544041450777,
      "support": 99.0
    }
  },
  "weighted_avg": {
    "precision": 0.8116239662811038,
    "recall": 0.8056872037914692,
    "f1-score": 0.8074582000880817,
    "support": 422.0
  },
  "micro_avg": {
    "precision": 0.8056872037914692,
    "recall": 0.8056872037914692,
    "f1-score": 0.8056872037914692,
    "support": 422
  },
  "macro_avg": {
    "precision": 0.7993890478478392,
    "recall": 0.7994710260499734,
    "f1-score": 0.7982650254498268,
    "support": 422.0
  },
  "accuracy": 0.8056872037914692,
  "inference_time_seconds": 0.12155318260192871,
  "energy_kwh": 1.824360216993967e-05,
  "num_test_samples": 422
}