{
  "per_class": {
    "Cyberstalking": {
      "precision": 0.7096774193548387,
      "recall": 0.7333333333333333,
      "f1-score": 0.7213114754098361,
      "support": 60.0
    },
    "Doxing": {
      "precision": 0.7282608695652174,
      "recall": 0.7613636363636364,
      "f1-score": 0.7444444444444445,
      "support": 88.0
    },
    "Revenge Porn": {
      "precision": 0.7625,
      "recall": 0.8026315789473685,
      "f1-score": 0.782051282051282,
      "support": 76.0
    },
    "Sexual Harassment": {
      "precision": 0.8736842105263158,
      "recall": 0.8383838383838383,
      "f1-score": 0.8556701030927835,
      "support": 99.0
    },
    "Slut Shaming": {
      "precision": 0.9032258064516129,
      "recall": 0.8484848484848485,
      "f1-score": 0.875,
      "support": 99.0
    }
  },
  "weighted_avg": {
    "precision": 0.8069471406726171,
    "recall": 0.8033175355450237,
    "f1-score": 0.8046493774355078,
    "support": 422.0
  },
  "micro_avg": {
    "precision": 0.8033175355450237,
    "recall": 0.8033175355450237,
    "f1-score": 0.8033175355450237,
    "support": 422
  },
  "macro_avg": {
    "precision": 0.7954696611795969,
    "recall": 0.796839447102605,
    "f1-score": 0.7956954609996691,
    "support": 422.0
  },
  "accuracy": 0.8033175355450237,
  "inference_time_seconds": 0.19850611686706543,
  "energy_kwh": 2.3009248780306278e-05,
  "num_test_samples": 422
}