{
  "per_class": {
    "emotion": {
      "precision": 0.9107321965897693,
      "recall": 0.9025844930417495,
      "f1-score": 0.9066400399400899,
      "support": 1006.0
    },
    "hate": {
      "precision": 0.9676904666932589,
      "recall": 0.957757599684169,
      "f1-score": 0.9626984126984127,
      "support": 2533.0
    },
    "offensive": {
      "precision": 0.9570875835385156,
      "recall": 0.969017094017094,
      "f1-score": 0.9630153955052203,
      "support": 2808.0
    },
    "religion": {
      "precision": 0.9971070395371263,
      "recall": 0.9971070395371263,
      "f1-score": 0.9971070395371263,
      "support": 2074.0
    },
    "spiritual": {
      "precision": 0.9965337954939342,
      "recall": 0.9965337954939342,
      "f1-score": 0.9965337954939342,
      "support": 1731.0
    }
  },
  "weighted_avg": {
    "precision": 0.9700412210874197,
    "recall": 0.9700551615445232,
    "f1-score": 0.9700297665606253,
    "support": 10152.0
  },
  "micro_avg": {
    "precision": 0.9700551615445232,
    "recall": 0.9700551615445232,
    "f1-score": 0.9700551615445232,
    "support": 10152
  },
  "macro_avg": {
    "precision": 0.9658302163705208,
    "recall": 0.9646000043548145,
    "f1-score": 0.9651989366349566,
    "support": 10152.0
  },
  "accuracy": 0.9700551615445232,
  "inference_time_seconds": 4.024911403656006,
  "energy_kwh": 0.00023634289372714715,
  "num_test_samples": 10152
}