{
  "per_class": {
    "Cyberstalking": {
      "precision": 0.6724137931034483,
      "recall": 0.75,
      "f1-score": 0.7090909090909091,
      "support": 52.0
    },
    "Doxing": {
      "precision": 0.7647058823529411,
      "recall": 0.7027027027027027,
      "f1-score": 0.7323943661971831,
      "support": 74.0
    },
    "Revenge Porn": {
      "precision": 0.8208955223880597,
      "recall": 0.7857142857142857,
      "f1-score": 0.8029197080291971,
      "support": 70.0
    },
    "Sexual Harassment": {
      "precision": 0.7804878048780488,
      "recall": 0.8205128205128205,
      "f1-score": 0.8,
      "support": 78.0
    },
    "Slut Shaming": {
      "precision": 0.898876404494382,
      "recall": 0.8888888888888888,
      "f1-score": 0.8938547486033519,
      "support": 90.0
    }
  },
  "weighted_avg": {
    "precision": 0.798882868922097,
    "recall": 0.7967032967032966,
    "f1-score": 0.7970363112847921,
    "support": 364.0
  },
  "micro_avg": {
    "precision": 0.7967032967032966,
    "recall": 0.7967032967032966,
    "f1-score": 0.7967032967032966,
    "support": 364
  },
  "macro_avg": {
    "precision": 0.787475881443376,
    "recall": 0.7895637395637395,
    "f1-score": 0.7876519463841282,
    "support": 364.0
  },
  "accuracy": 0.7967032967032966,
  "inference_time_seconds": 0.41720080375671387,
  "energy_kwh": 2.226259686107133e-05,
  "num_test_samples": 364
}