{
  "per_class": {
    "emotion": {
      "precision": 0.8447339847991314,
      "recall": 0.8303094983991463,
      "f1-score": 0.83745963401507,
      "support": 937.0
    },
    "hate": {
      "precision": 0.9334975369458128,
      "recall": 0.9408357467935458,
      "f1-score": 0.9371522769420977,
      "support": 2417.0
    },
    "offensive": {
      "precision": 0.9041737649063032,
      "recall": 0.8984341938214134,
      "f1-score": 0.9012948418594778,
      "support": 2363.0
    },
    "religion": {
      "precision": 0.9931873479318735,
      "recall": 1.0,
      "f1-score": 0.99658203125,
      "support": 2041.0
    },
    "spiritual": {
      "precision": 1.0,
      "recall": 0.9988317757009346,
      "f1-score": 0.9994155464640561,
      "support": 1712.0
    }
  },
  "weighted_avg": {
    "precision": 0.9422848230366805,
    "recall": 0.9425554382259768,
    "f1-score": 0.9424054681185671,
    "support": 9470.0
  },
  "micro_avg": {
    "precision": 0.9425554382259768,
    "recall": 0.9425554382259768,
    "f1-score": 0.9425554382259768,
    "support": 9470
  },
  "macro_avg": {
    "precision": 0.935118526916624,
    "recall": 0.9336822429430081,
    "f1-score": 0.9343808661061402,
    "support": 9470.0
  },
  "accuracy": 0.9425554382259768,
  "inference_time_seconds": 6.688884735107422,
  "energy_kwh": 0.00038247113548585117,
  "num_test_samples": 9470
}