{
  "per_class": {
    "emotion": {
      "precision": 0.8520130576713819,
      "recall": 0.8329787234042553,
      "f1-score": 0.8423883808499193,
      "support": 940.0
    },
    "hate": {
      "precision": 0.9483925549915397,
      "recall": 0.9272125723738627,
      "f1-score": 0.9376829778335425,
      "support": 2418.0
    },
    "offensive": {
      "precision": 0.8923582580115037,
      "recall": 0.9168425495989869,
      "f1-score": 0.9044347282948157,
      "support": 2369.0
    },
    "religion": {
      "precision": 0.9936647173489279,
      "recall": 1.0,
      "f1-score": 0.9968222928379369,
      "support": 2039.0
    },
    "spiritual": {
      "precision": 1.0,
      "recall": 0.9982507288629737,
      "f1-score": 0.9991245987744383,
      "support": 1715.0
    }
  },
  "weighted_avg": {
    "precision": 0.9439072401734373,
    "recall": 0.9437823014449953,
    "f1-score": 0.9437599126384942,
    "support": 9481.0
  },
  "micro_avg": {
    "precision": 0.9437823014449953,
    "recall": 0.9437823014449953,
    "f1-score": 0.9437823014449953,
    "support": 9481
  },
  "macro_avg": {
    "precision": 0.9372857176046706,
    "recall": 0.9350569148480158,
    "f1-score": 0.9360905957181306,
    "support": 9481.0
  },
  "accuracy": 0.9437823014449953,
  "inference_time_seconds": 2.2595748901367188,
  "energy_kwh": 0.00015550406922561444,
  "num_test_samples": 9481
}