{
  "per_class": {
    "emotion": {
      "precision": 0.8024691358024691,
      "recall": 0.8399602385685885,
      "f1-score": 0.8207867897037396,
      "support": 1006.0
    },
    "hate": {
      "precision": 0.9398073836276083,
      "recall": 0.9245953414923016,
      "f1-score": 0.9321393034825871,
      "support": 2533.0
    },
    "offensive": {
      "precision": 0.9031563845050216,
      "recall": 0.8967236467236467,
      "f1-score": 0.899928520371694,
      "support": 2808.0
    },
    "religion": {
      "precision": 0.9928195308760173,
      "recall": 1.0,
      "f1-score": 0.9963968292097045,
      "support": 2074.0
    },
    "spiritual": {
      "precision": 0.999421965317919,
      "recall": 0.998844598497978,
      "f1-score": 0.9991331984975441,
      "support": 1731.0
    }
  },
  "weighted_avg": {
    "precision": 0.9370553890896665,
    "recall": 0.9365642237982663,
    "f1-score": 0.9367460837024475,
    "support": 10152.0
  },
  "micro_avg": {
    "precision": 0.9365642237982663,
    "recall": 0.9365642237982663,
    "f1-score": 0.9365642237982663,
    "support": 10152
  },
  "macro_avg": {
    "precision": 0.9275348800258071,
    "recall": 0.932024765056503,
    "f1-score": 0.9296769282530539,
    "support": 10152.0
  },
  "accuracy": 0.9365642237982663,
  "inference_time_seconds": 2.453305244445801,
  "energy_kwh": 0.00017368683684264994,
  "num_test_samples": 10152
}