{
  "per_class": {
    "age": {
      "precision": 0.9856608478802993,
      "recall": 0.988125,
      "f1-score": 0.9868913857677902,
      "support": 1600.0
    },
    "ethnicity": {
      "precision": 0.9924194567277321,
      "recall": 0.981875,
      "f1-score": 0.9871190700596921,
      "support": 1600.0
    },
    "gender": {
      "precision": 0.9201817001946788,
      "recall": 0.8856964397251718,
      "f1-score": 0.9026098026734564,
      "support": 1601.0
    },
    "other_cyberbullying": {
      "precision": 0.8661511005353956,
      "recall": 0.9094316052467208,
      "f1-score": 0.8872638634978671,
      "support": 1601.0
    },
    "religion": {
      "precision": 0.9868173258003766,
      "recall": 0.9825,
      "f1-score": 0.9846539304729095,
      "support": 1600.0
    }
  },
  "weighted_avg": {
    "precision": 0.9502318198728195,
    "recall": 0.9495126218445389,
    "f1-score": 0.949693921222309,
    "support": 8002.0
  },
  "micro_avg": {
    "precision": 0.9495126218445389,
    "recall": 0.9495126218445389,
    "f1-score": 0.9495126218445389,
    "support": 8002
  },
  "macro_avg": {
    "precision": 0.9502460862276964,
    "recall": 0.9495256089943785,
    "f1-score": 0.9497076104943429,
    "support": 8002.0
  },
  "accuracy": 0.9495126218445389,
  "inference_time_seconds": 2.6013264656066895,
  "energy_kwh": 0.00016789764110523498,
  "num_test_samples": 8002
}