{
  "per_class": {
    "age": {
      "precision": 0.9836785938480854,
      "recall": 0.9806007509386734,
      "f1-score": 0.9821372610466939,
      "support": 1598.0
    },
    "ethnicity": {
      "precision": 0.9974210186976145,
      "recall": 0.9717336683417085,
      "f1-score": 0.9844097995545658,
      "support": 1592.0
    },
    "gender": {
      "precision": 0.8981540420114577,
      "recall": 0.8874213836477988,
      "f1-score": 0.8927554571338184,
      "support": 1590.0
    },
    "not_cyberbullying": {
      "precision": 0.7261538461538461,
      "recall": 0.594833018273472,
      "f1-score": 0.6539660547280914,
      "support": 1587.0
    },
    "other_cyberbullying": {
      "precision": 0.6869517543859649,
      "recall": 0.8006389776357827,
      "f1-score": 0.7394511655355562,
      "support": 1565.0
    },
    "religion": {
      "precision": 0.9279385705847608,
      "recall": 0.981875,
      "f1-score": 0.9541451563923474,
      "support": 1600.0
    }
  },
  "weighted_avg": {
    "precision": 0.8707579672607917,
    "recall": 0.8700167855644146,
    "f1-score": 0.8684257631169365,
    "support": 9532.0
  },
  "micro_avg": {
    "precision": 0.8700167855644146,
    "recall": 0.8700167855644146,
    "f1-score": 0.8700167855644146,
    "support": 9532
  },
  "macro_avg": {
    "precision": 0.8700496376136216,
    "recall": 0.8695171331395727,
    "f1-score": 0.8678108157318456,
    "support": 9532.0
  },
  "accuracy": 0.8700167855644146,
  "inference_time_seconds": 3.384021759033203,
  "energy_kwh": 0.00021118951524120078,
  "num_test_samples": 9532
}