{
  "per_class": {
    "Cyberstalking": {
      "precision": 0.7068965517241379,
      "recall": 0.7192982456140351,
      "f1-score": 0.7130434782608696,
      "support": 57.0
    },
    "Doxing": {
      "precision": 0.7857142857142857,
      "recall": 0.825,
      "f1-score": 0.8048780487804879,
      "support": 80.0
    },
    "Revenge Porn": {
      "precision": 0.9032258064516129,
      "recall": 0.7887323943661971,
      "f1-score": 0.8421052631578947,
      "support": 71.0
    },
    "Sexual Harassment": {
      "precision": 0.7816091954022989,
      "recall": 0.8292682926829268,
      "f1-score": 0.8047337278106509,
      "support": 82.0
    },
    "Slut Shaming": {
      "precision": 0.896551724137931,
      "recall": 0.8863636363636364,
      "f1-score": 0.8914285714285715,
      "support": 88.0
    }
  },
  "weighted_avg": {
    "precision": 0.8208142442079619,
    "recall": 0.8174603174603174,
    "f1-score": 0.8181404122055734,
    "support": 378.0
  },
  "micro_avg": {
    "precision": 0.8174603174603174,
    "recall": 0.8174603174603174,
    "f1-score": 0.8174603174603174,
    "support": 378
  },
  "macro_avg": {
    "precision": 0.8147995126860532,
    "recall": 0.8097325138053592,
    "f1-score": 0.8112378178876949,
    "support": 378.0
  },
  "accuracy": 0.8174603174603174,
  "inference_time_seconds": 0.3340415954589844,
  "energy_kwh": 2.3793820329088408e-05,
  "num_test_samples": 378
}