{
  "per_class": {
    "emotion": {
      "precision": 0.9144869215291751,
      "recall": 0.9035785288270378,
      "f1-score": 0.909,
      "support": 1006.0
    },
    "hate": {
      "precision": 0.9662832209440698,
      "recall": 0.9617054875641532,
      "f1-score": 0.96398891966759,
      "support": 2533.0
    },
    "offensive": {
      "precision": 0.9582300884955752,
      "recall": 0.9640313390313391,
      "f1-score": 0.9611219598792828,
      "support": 2808.0
    },
    "religion": {
      "precision": 0.9947191550648103,
      "recall": 0.9990356798457087,
      "f1-score": 0.9968727447678615,
      "support": 2074.0
    },
    "spiritual": {
      "precision": 0.9994216310005783,
      "recall": 0.9982668977469671,
      "f1-score": 0.9988439306358381,
      "support": 1731.0
    }
  },
  "weighted_avg": {
    "precision": 0.9703827522726233,
    "recall": 0.9704491725768322,
    "f1-score": 0.9704079307957263,
    "support": 10152.0
  },
  "micro_avg": {
    "precision": 0.9704491725768322,
    "recall": 0.9704491725768322,
    "f1-score": 0.9704491725768322,
    "support": 10152
  },
  "macro_avg": {
    "precision": 0.9666282034068416,
    "recall": 0.9653235866030411,
    "f1-score": 0.9659655109901145,
    "support": 10152.0
  },
  "accuracy": 0.9704491725768322,
  "inference_time_seconds": 8.226447343826294,
  "energy_kwh": 0.0005357872191173207,
  "num_test_samples": 10152
}