{
  "per_class": {
    "emotion": {
      "precision": 0.9133466135458167,
      "recall": 0.911530815109344,
      "f1-score": 0.9124378109452737,
      "support": 1006.0
    },
    "hate": {
      "precision": 0.9676783602680331,
      "recall": 0.9692064745361232,
      "f1-score": 0.9684418145956607,
      "support": 2533.0
    },
    "offensive": {
      "precision": 0.963623395149786,
      "recall": 0.9622507122507122,
      "f1-score": 0.9629365645046329,
      "support": 2808.0
    },
    "religion": {
      "precision": 0.9975938402309913,
      "recall": 0.9995178399228544,
      "f1-score": 0.9985549132947977,
      "support": 2074.0
    },
    "spiritual": {
      "precision": 0.9994216310005783,
      "recall": 0.9982668977469671,
      "f1-score": 0.9988439306358381,
      "support": 1731.0
    }
  },
  "weighted_avg": {
    "precision": 0.9726969012281024,
    "recall": 0.9727147360126084,
    "f1-score": 0.9727051971448788,
    "support": 10152.0
  },
  "micro_avg": {
    "precision": 0.9727147360126084,
    "recall": 0.9727147360126084,
    "f1-score": 0.9727147360126084,
    "support": 10152
  },
  "macro_avg": {
    "precision": 0.9683327680390411,
    "recall": 0.9681545479132001,
    "f1-score": 0.9682430067952407,
    "support": 10152.0
  },
  "accuracy": 0.9727147360126084,
  "inference_time_seconds": 3.6144204139709473,
  "energy_kwh": 0.00022259444085730073,
  "num_test_samples": 10152
}