{
  "per_class": {
    "Cyberstalking": {
      "precision": 0.8125,
      "recall": 0.6842105263157895,
      "f1-score": 0.7428571428571429,
      "support": 57.0
    },
    "Doxing": {
      "precision": 0.7282608695652174,
      "recall": 0.8481012658227848,
      "f1-score": 0.783625730994152,
      "support": 79.0
    },
    "Revenge Porn": {
      "precision": 0.8260869565217391,
      "recall": 0.8028169014084507,
      "f1-score": 0.8142857142857143,
      "support": 71.0
    },
    "Sexual Harassment": {
      "precision": 0.7956989247311828,
      "recall": 0.9024390243902439,
      "f1-score": 0.8457142857142858,
      "support": 82.0
    },
    "Slut Shaming": {
      "precision": 0.9864864864864865,
      "recall": 0.8390804597701149,
      "f1-score": 0.906832298136646,
      "support": 87.0
    }
  },
  "weighted_avg": {
    "precision": 0.8339598903217473,
    "recall": 0.824468085106383,
    "f1-score": 0.8252833962025012,
    "support": 376.0
  },
  "micro_avg": {
    "precision": 0.824468085106383,
    "recall": 0.824468085106383,
    "f1-score": 0.824468085106383,
    "support": 376
  },
  "macro_avg": {
    "precision": 0.8298066474609251,
    "recall": 0.8153296355414767,
    "f1-score": 0.8186630343975881,
    "support": 376.0
  },
  "accuracy": 0.824468085106383,
  "inference_time_seconds": 0.17533659934997559,
  "energy_kwh": 1.4157601948385356e-05,
  "num_test_samples": 376
}