{
  "per_class": {
    "emotion": {
      "precision": 0.8134020618556701,
      "recall": 0.8493003229278795,
      "f1-score": 0.8309636650868878,
      "support": 929.0
    },
    "hate": {
      "precision": 0.9171337069655725,
      "recall": 0.9459124690338563,
      "f1-score": 0.9313008130081301,
      "support": 2422.0
    },
    "offensive": {
      "precision": 0.9151568714096332,
      "recall": 0.8665271966527197,
      "f1-score": 0.8901783795400817,
      "support": 2390.0
    },
    "religion": {
      "precision": 0.9936336924583742,
      "recall": 0.9995073891625615,
      "f1-score": 0.9965618860510805,
      "support": 2030.0
    },
    "spiritual": {
      "precision": 0.9982425307557118,
      "recall": 0.9970743124634289,
      "f1-score": 0.9976580796252927,
      "support": 1709.0
    }
  },
  "weighted_avg": {
    "precision": 0.9374732233286465,
    "recall": 0.9371308016877637,
    "f1-score": 0.9370380198138738,
    "support": 9480.0
  },
  "micro_avg": {
    "precision": 0.9371308016877637,
    "recall": 0.9371308016877637,
    "f1-score": 0.9371308016877637,
    "support": 9480
  },
  "macro_avg": {
    "precision": 0.9275137726889924,
    "recall": 0.9316643380480892,
    "f1-score": 0.9293325646622945,
    "support": 9480.0
  },
  "accuracy": 0.9371308016877637,
  "inference_time_seconds": 12.21541452407837,
  "energy_kwh": 0.0007776518600892921,
  "num_test_samples": 9480
}