{
  "per_class": {
    "Cyberstalking": {
      "precision": 0.7166666666666667,
      "recall": 0.7166666666666667,
      "f1-score": 0.7166666666666667,
      "support": 60.0
    },
    "Doxing": {
      "precision": 0.8414634146341463,
      "recall": 0.7840909090909091,
      "f1-score": 0.8117647058823529,
      "support": 88.0
    },
    "Revenge Porn": {
      "precision": 0.8157894736842105,
      "recall": 0.8157894736842105,
      "f1-score": 0.8157894736842105,
      "support": 76.0
    },
    "Sexual Harassment": {
      "precision": 0.8877551020408163,
      "recall": 0.8787878787878788,
      "f1-score": 0.883248730964467,
      "support": 99.0
    },
    "Slut Shaming": {
      "precision": 0.8584905660377359,
      "recall": 0.9191919191919192,
      "f1-score": 0.8878048780487805,
      "support": 99.0
    }
  },
  "weighted_avg": {
    "precision": 0.8339504777904775,
    "recall": 0.8341232227488151,
    "f1-score": 0.8335772545259682,
    "support": 422.0
  },
  "micro_avg": {
    "precision": 0.8341232227488151,
    "recall": 0.8341232227488151,
    "f1-score": 0.8341232227488151,
    "support": 422
  },
  "macro_avg": {
    "precision": 0.8240330446127151,
    "recall": 0.8229053694843168,
    "f1-score": 0.8230548910492954,
    "support": 422.0
  },
  "accuracy": 0.8341232227488151,
  "inference_time_seconds": 0.048731327056884766,
  "energy_kwh": 1.4466093253613978e-05,
  "num_test_samples": 422
}