{
  "per_class": {
    "Cyberstalking": {
      "precision": 0.7894736842105263,
      "recall": 0.75,
      "f1-score": 0.7692307692307693,
      "support": 60.0
    },
    "Doxing": {
      "precision": 0.7628865979381443,
      "recall": 0.8409090909090909,
      "f1-score": 0.8,
      "support": 88.0
    },
    "Revenge Porn": {
      "precision": 0.9206349206349206,
      "recall": 0.7631578947368421,
      "f1-score": 0.8345323741007195,
      "support": 76.0
    },
    "Sexual Harassment": {
      "precision": 0.8490566037735849,
      "recall": 0.9090909090909091,
      "f1-score": 0.8780487804878049,
      "support": 99.0
    },
    "Slut Shaming": {
      "precision": 0.9090909090909091,
      "recall": 0.9090909090909091,
      "f1-score": 0.9090909090909091,
      "support": 99.0
    }
  },
  "weighted_avg": {
    "precision": 0.849590756902908,
    "recall": 0.8459715639810427,
    "f1-score": 0.845746767426051,
    "support": 422.0
  },
  "micro_avg": {
    "precision": 0.8459715639810427,
    "recall": 0.8459715639810427,
    "f1-score": 0.8459715639810427,
    "support": 422
  },
  "macro_avg": {
    "precision": 0.846228543129617,
    "recall": 0.8344497607655501,
    "f1-score": 0.8381805665820405,
    "support": 422.0
  },
  "accuracy": 0.8459715639810427,
  "inference_time_seconds": 0.26056885719299316,
  "energy_kwh": 1.117319253911492e-05,
  "num_test_samples": 422
}