{
  "per_class": {
    "Cyberstalking": {
      "precision": 0.7719298245614035,
      "recall": 0.7333333333333333,
      "f1-score": 0.7521367521367521,
      "support": 60.0
    },
    "Doxing": {
      "precision": 0.7659574468085106,
      "recall": 0.8181818181818182,
      "f1-score": 0.7912087912087912,
      "support": 88.0
    },
    "Revenge Porn": {
      "precision": 0.775,
      "recall": 0.8157894736842105,
      "f1-score": 0.7948717948717948,
      "support": 76.0
    },
    "Sexual Harassment": {
      "precision": 0.8969072164948454,
      "recall": 0.8787878787878788,
      "f1-score": 0.8877551020408163,
      "support": 99.0
    },
    "Slut Shaming": {
      "precision": 0.9361702127659575,
      "recall": 0.8888888888888888,
      "f1-score": 0.9119170984455959,
      "support": 99.0
    }
  },
  "weighted_avg": {
    "precision": 0.8390869912077076,
    "recall": 0.8364928909952607,
    "f1-score": 0.837280528466801,
    "support": 422.0
  },
  "micro_avg": {
    "precision": 0.8364928909952607,
    "recall": 0.8364928909952607,
    "f1-score": 0.8364928909952607,
    "support": 422
  },
  "macro_avg": {
    "precision": 0.8291929401261434,
    "recall": 0.826996278575226,
    "f1-score": 0.8275779077407499,
    "support": 422.0
  },
  "accuracy": 0.8364928909952607,
  "inference_time_seconds": 0.4368448257446289,
  "energy_kwh": 2.674027328030973e-05,
  "num_test_samples": 422
}