{
  "per_class": {
    "emotion": {
      "precision": 0.9357894736842105,
      "recall": 0.8836978131212724,
      "f1-score": 0.908997955010225,
      "support": 1006.0
    },
    "hate": {
      "precision": 0.9672454617205999,
      "recall": 0.9676273193841295,
      "f1-score": 0.9674363528715216,
      "support": 2533.0
    },
    "offensive": {
      "precision": 0.9562478123906195,
      "recall": 0.9729344729344729,
      "f1-score": 0.9645189761694616,
      "support": 2808.0
    },
    "religion": {
      "precision": 0.9956793086893903,
      "recall": 1.0,
      "f1-score": 0.997834977146981,
      "support": 2074.0
    },
    "spiritual": {
      "precision": 1.0,
      "recall": 0.9982668977469671,
      "f1-score": 0.9991326973113617,
      "support": 1731.0
    }
  },
  "weighted_avg": {
    "precision": 0.9724802707327868,
    "recall": 0.9726162332545312,
    "f1-score": 0.9724533048952428,
    "support": 10152.0
  },
  "micro_avg": {
    "precision": 0.9726162332545312,
    "recall": 0.9726162332545312,
    "f1-score": 0.9726162332545312,
    "support": 10152
  },
  "macro_avg": {
    "precision": 0.970992411296964,
    "recall": 0.9645053006373683,
    "f1-score": 0.9675841917019102,
    "support": 10152.0
  },
  "accuracy": 0.9726162332545312,
  "inference_time_seconds": 4.045038938522339,
  "energy_kwh": 0.00024759503308724386,
  "num_test_samples": 10152
}