{
  "per_class": {
    "age": {
      "precision": 0.9813384813384813,
      "recall": 0.9756877799104287,
      "f1-score": 0.9785049727301893,
      "support": 1563.0
    },
    "ethnicity": {
      "precision": 0.9806020066889632,
      "recall": 0.9878706199460916,
      "f1-score": 0.9842228935884525,
      "support": 1484.0
    },
    "gender": {
      "precision": 0.893780573025856,
      "recall": 0.8778311599176389,
      "f1-score": 0.8857340720221607,
      "support": 1457.0
    },
    "not_cyberbullying": {
      "precision": 0.6270456503014643,
      "recall": 0.5996705107084019,
      "f1-score": 0.6130526315789474,
      "support": 1214.0
    },
    "other_cyberbullying": {
      "precision": 0.599437148217636,
      "recall": 0.6527068437180796,
      "f1-score": 0.6249388753056234,
      "support": 979.0
    },
    "religion": {
      "precision": 0.9644218551461246,
      "recall": 0.9583333333333334,
      "f1-score": 0.9613679544015199,
      "support": 1584.0
    }
  },
  "weighted_avg": {
    "precision": 0.8654764310203653,
    "recall": 0.8640260838063036,
    "f1-score": 0.8645540976732148,
    "support": 8281.0
  },
  "micro_avg": {
    "precision": 0.8640260838063036,
    "recall": 0.8640260838063036,
    "f1-score": 0.8640260838063036,
    "support": 8281
  },
  "macro_avg": {
    "precision": 0.8411042857864209,
    "recall": 0.842016707922329,
    "f1-score": 0.8413035666044822,
    "support": 8281.0
  },
  "accuracy": 0.8640260838063036,
  "inference_time_seconds": 3.4193625450134277,
  "energy_kwh": 1.106792350530793e-06,
  "num_test_samples": 8281
}