{
  "per_class": {
    "emotion": {
      "precision": 0.8318496538081108,
      "recall": 0.8359840954274353,
      "f1-score": 0.8339117501239465,
      "support": 1006.0
    },
    "hate": {
      "precision": 0.953757225433526,
      "recall": 0.9119621002763522,
      "f1-score": 0.9323915237134208,
      "support": 2533.0
    },
    "offensive": {
      "precision": 0.8885832187070152,
      "recall": 0.9202279202279202,
      "f1-score": 0.9041287613715885,
      "support": 2808.0
    },
    "religion": {
      "precision": 0.9942279942279942,
      "recall": 0.9966248794599807,
      "f1-score": 0.9954249939802552,
      "support": 2074.0
    },
    "spiritual": {
      "precision": 0.9976905311778291,
      "recall": 0.9982668977469671,
      "f1-score": 0.9979786312445856,
      "support": 1731.0
    }
  },
  "weighted_avg": {
    "precision": 0.9394090476143677,
    "recall": 0.9387312844759653,
    "f1-score": 0.9388759811191523,
    "support": 10152.0
  },
  "micro_avg": {
    "precision": 0.9387312844759653,
    "recall": 0.9387312844759653,
    "f1-score": 0.9387312844759653,
    "support": 10152
  },
  "macro_avg": {
    "precision": 0.933221724670895,
    "recall": 0.9326131786277312,
    "f1-score": 0.9327671320867592,
    "support": 10152.0
  },
  "accuracy": 0.9387312844759653,
  "inference_time_seconds": 10.184082746505737,
  "energy_kwh": 0.0006164721588158855,
  "num_test_samples": 10152
}