{
  "per_class": {
    "age": {
      "precision": 0.9892676767676768,
      "recall": 0.9806007509386734,
      "f1-score": 0.9849151477058454,
      "support": 1598.0
    },
    "ethnicity": {
      "precision": 0.9929802169751116,
      "recall": 0.9773869346733668,
      "f1-score": 0.9851218740107629,
      "support": 1592.0
    },
    "gender": {
      "precision": 0.8732057416267942,
      "recall": 0.9182389937106918,
      "f1-score": 0.8951563458001226,
      "support": 1590.0
    },
    "not_cyberbullying": {
      "precision": 0.776282590412111,
      "recall": 0.5816005040957782,
      "f1-score": 0.6649855907780979,
      "support": 1587.0
    },
    "other_cyberbullying": {
      "precision": 0.6842650103519669,
      "recall": 0.8447284345047923,
      "f1-score": 0.7560766371175293,
      "support": 1565.0
    },
    "religion": {
      "precision": 0.9691435768261965,
      "recall": 0.961875,
      "f1-score": 0.965495608531995,
      "support": 1600.0
    }
  },
  "weighted_avg": {
    "precision": 0.8816131260168371,
    "recall": 0.8777801091061687,
    "f1-score": 0.8758804094194542,
    "support": 9532.0
  },
  "micro_avg": {
    "precision": 0.8777801091061687,
    "recall": 0.8777801091061687,
    "f1-score": 0.8777801091061687,
    "support": 9532
  },
  "macro_avg": {
    "precision": 0.8808574688266427,
    "recall": 0.8774051029872171,
    "f1-score": 0.875291867324059,
    "support": 9532.0
  },
  "accuracy": 0.8777801091061687,
  "inference_time_seconds": 2.2065610885620117,
  "energy_kwh": 0.00011321346286743831,
  "num_test_samples": 9532
}