{
  "per_class": {
    "age": {
      "precision": 0.9873976055450535,
      "recall": 0.9806007509386734,
      "f1-score": 0.9839874411302982,
      "support": 1598.0
    },
    "ethnicity": {
      "precision": 0.9923664122137404,
      "recall": 0.9798994974874372,
      "f1-score": 0.9860935524652339,
      "support": 1592.0
    },
    "gender": {
      "precision": 0.9111994698475812,
      "recall": 0.8647798742138365,
      "f1-score": 0.8873830267828332,
      "support": 1590.0
    },
    "not_cyberbullying": {
      "precision": 0.6694533762057878,
      "recall": 0.6559546313799622,
      "f1-score": 0.6626352641629535,
      "support": 1587.0
    },
    "other_cyberbullying": {
      "precision": 0.6944948578342408,
      "recall": 0.7335463258785943,
      "f1-score": 0.7134866376631448,
      "support": 1565.0
    },
    "religion": {
      "precision": 0.9450483091787439,
      "recall": 0.978125,
      "f1-score": 0.9613022113022113,
      "support": 1600.0
    }
  },
  "weighted_avg": {
    "precision": 0.8673835621273696,
    "recall": 0.8661351237935375,
    "f1-score": 0.8665027454142405,
    "support": 9532.0
  },
  "micro_avg": {
    "precision": 0.8661351237935375,
    "recall": 0.8661351237935375,
    "f1-score": 0.8661351237935375,
    "support": 9532
  },
  "macro_avg": {
    "precision": 0.8666600051375246,
    "recall": 0.8654843466497506,
    "f1-score": 0.8658146889177791,
    "support": 9532.0
  },
  "accuracy": 0.8661351237935375,
  "inference_time_seconds": 7.50570821762085,
  "energy_kwh": 0.00044660044444277687,
  "num_test_samples": 9532
}