{
  "per_class": {
    "Cyberstalking": {
      "precision": 0.6266666666666667,
      "recall": 0.7833333333333333,
      "f1-score": 0.6962962962962963,
      "support": 60.0
    },
    "Doxing": {
      "precision": 0.8734177215189873,
      "recall": 0.7840909090909091,
      "f1-score": 0.8263473053892215,
      "support": 88.0
    },
    "Revenge Porn": {
      "precision": 0.8421052631578947,
      "recall": 0.8421052631578947,
      "f1-score": 0.8421052631578947,
      "support": 76.0
    },
    "Sexual Harassment": {
      "precision": 0.8775510204081632,
      "recall": 0.8686868686868687,
      "f1-score": 0.8730964467005076,
      "support": 99.0
    },
    "Slut Shaming": {
      "precision": 0.9361702127659575,
      "recall": 0.8888888888888888,
      "f1-score": 0.9119170984455959,
      "support": 99.0
    }
  },
  "weighted_avg": {
    "precision": 0.8483866388102104,
    "recall": 0.8388625592417062,
    "f1-score": 0.8417362123732074,
    "support": 422.0
  },
  "micro_avg": {
    "precision": 0.8388625592417062,
    "recall": 0.8388625592417062,
    "f1-score": 0.8388625592417062,
    "support": 422
  },
  "macro_avg": {
    "precision": 0.8311821769035339,
    "recall": 0.833421052631579,
    "f1-score": 0.8299524819979032,
    "support": 422.0
  },
  "accuracy": 0.8388625592417062,
  "inference_time_seconds": 0.3140864372253418,
  "energy_kwh": 1.5102213258006673e-05,
  "num_test_samples": 422
}