{
  "per_class": {
    "age": {
      "precision": 0.9918648310387985,
      "recall": 0.990625,
      "f1-score": 0.9912445278298937,
      "support": 1600.0
    },
    "ethnicity": {
      "precision": 0.9849529780564263,
      "recall": 0.981875,
      "f1-score": 0.9834115805946791,
      "support": 1600.0
    },
    "gender": {
      "precision": 0.933378196500673,
      "recall": 0.8663335415365396,
      "f1-score": 0.8986070618723679,
      "support": 1601.0
    },
    "other_cyberbullying": {
      "precision": 0.85,
      "recall": 0.9237976264834479,
      "f1-score": 0.8853636635737803,
      "support": 1601.0
    },
    "religion": {
      "precision": 0.9886291850915983,
      "recall": 0.978125,
      "f1-score": 0.98334904178448,
      "support": 1600.0
    }
  },
  "weighted_avg": {
    "precision": 0.9497505227813666,
    "recall": 0.9481379655086228,
    "f1-score": 0.9483810762026704,
    "support": 8002.0
  },
  "micro_avg": {
    "precision": 0.9481379655086228,
    "recall": 0.9481379655086228,
    "f1-score": 0.9481379655086228,
    "support": 8002
  },
  "macro_avg": {
    "precision": 0.9497650381374992,
    "recall": 0.9481512336039974,
    "f1-score": 0.9483951751310402,
    "support": 8002.0
  },
  "accuracy": 0.9481379655086228,
  "inference_time_seconds": 9.732689380645752,
  "energy_kwh": 0.000589074553260822,
  "num_test_samples": 8002
}