{
  "per_class": {
    "emotion": {
      "precision": 0.8128179043743642,
      "recall": 0.8481953290870489,
      "f1-score": 0.8301298701298702,
      "support": 942.0
    },
    "hate": {
      "precision": 0.9547608789314951,
      "recall": 0.9187396351575456,
      "f1-score": 0.936403972110712,
      "support": 2412.0
    },
    "offensive": {
      "precision": 0.8894430590191189,
      "recall": 0.9063955950868277,
      "f1-score": 0.8978393119362282,
      "support": 2361.0
    },
    "religion": {
      "precision": 0.9931540342298288,
      "recall": 0.9985250737463127,
      "f1-score": 0.9958323118411375,
      "support": 2034.0
    },
    "spiritual": {
      "precision": 1.0,
      "recall": 0.9964953271028038,
      "f1-score": 0.9982445874780573,
      "support": 1712.0
    }
  },
  "weighted_avg": {
    "precision": 0.9407682141286363,
    "recall": 0.9398583659232639,
    "f1-score": 0.9401654148527764,
    "support": 9461.0
  },
  "micro_avg": {
    "precision": 0.9398583659232639,
    "recall": 0.9398583659232639,
    "f1-score": 0.9398583659232639,
    "support": 9461
  },
  "macro_avg": {
    "precision": 0.9300351753109612,
    "recall": 0.9336701920361078,
    "f1-score": 0.931690010699201,
    "support": 9461.0
  },
  "accuracy": 0.9398583659232639,
  "inference_time_seconds": 8.428023338317871,
  "energy_kwh": 0.00041897062846255544,
  "num_test_samples": 9461
}