{
  "per_class": {
    "age": {
      "precision": 0.9686732186732187,
      "recall": 0.9868585732165206,
      "f1-score": 0.9776813391196528,
      "support": 1598.0
    },
    "ethnicity": {
      "precision": 0.9898477157360406,
      "recall": 0.9798994974874372,
      "f1-score": 0.9848484848484849,
      "support": 1592.0
    },
    "gender": {
      "precision": 0.898578811369509,
      "recall": 0.8748427672955975,
      "f1-score": 0.8865519439133206,
      "support": 1590.0
    },
    "not_cyberbullying": {
      "precision": 0.7663551401869159,
      "recall": 0.516698172652804,
      "f1-score": 0.617237485886338,
      "support": 1587.0
    },
    "other_cyberbullying": {
      "precision": 0.6476282671829623,
      "recall": 0.8549520766773163,
      "f1-score": 0.7369870559074635,
      "support": 1565.0
    },
    "religion": {
      "precision": 0.9470802919708029,
      "recall": 0.973125,
      "f1-score": 0.9599260172626387,
      "support": 1600.0
    }
  },
  "weighted_avg": {
    "precision": 0.8704983203672214,
    "recall": 0.864771296684851,
    "f1-score": 0.8611680044934109,
    "support": 9532.0
  },
  "micro_avg": {
    "precision": 0.864771296684851,
    "recall": 0.864771296684851,
    "f1-score": 0.864771296684851,
    "support": 9532
  },
  "macro_avg": {
    "precision": 0.8696939075199083,
    "recall": 0.8643960145549459,
    "f1-score": 0.8605387211563165,
    "support": 9532.0
  },
  "accuracy": 0.864771296684851,
  "inference_time_seconds": 5.06647515296936,
  "energy_kwh": 0.0002833406617105548,
  "num_test_samples": 9532
}