{
  "per_class": {
    "Cyberstalking": {
      "precision": 0.8490566037735849,
      "recall": 0.75,
      "f1-score": 0.7964601769911505,
      "support": 60.0
    },
    "Doxing": {
      "precision": 0.782608695652174,
      "recall": 0.8181818181818182,
      "f1-score": 0.8,
      "support": 88.0
    },
    "Revenge Porn": {
      "precision": 0.8955223880597015,
      "recall": 0.7894736842105263,
      "f1-score": 0.8391608391608392,
      "support": 76.0
    },
    "Sexual Harassment": {
      "precision": 0.8288288288288288,
      "recall": 0.9292929292929293,
      "f1-score": 0.8761904761904762,
      "support": 99.0
    },
    "Slut Shaming": {
      "precision": 0.9090909090909091,
      "recall": 0.9090909090909091,
      "f1-score": 0.9090909090909091,
      "support": 99.0
    }
  },
  "weighted_avg": {
    "precision": 0.8529069122995208,
    "recall": 0.8507109004739336,
    "f1-score": 0.8500158567264217,
    "support": 422.0
  },
  "micro_avg": {
    "precision": 0.8507109004739336,
    "recall": 0.8507109004739336,
    "f1-score": 0.8507109004739336,
    "support": 422
  },
  "macro_avg": {
    "precision": 0.8530214850810396,
    "recall": 0.8392078681552366,
    "f1-score": 0.844180480286675,
    "support": 422.0
  },
  "accuracy": 0.8507109004739336,
  "inference_time_seconds": 0.3060269355773926,
  "energy_kwh": 1.9360010672608607e-05,
  "num_test_samples": 422
}