{
  "per_class": {
    "emotion": {
      "precision": 0.8363821138211383,
      "recall": 0.8180914512922465,
      "f1-score": 0.8271356783919598,
      "support": 1006.0
    },
    "hate": {
      "precision": 0.9431089743589743,
      "recall": 0.9293328069482827,
      "f1-score": 0.9361702127659575,
      "support": 2533.0
    },
    "offensive": {
      "precision": 0.8984593837535014,
      "recall": 0.9138176638176638,
      "f1-score": 0.9060734463276836,
      "support": 2808.0
    },
    "religion": {
      "precision": 0.9937709631049353,
      "recall": 1.0,
      "f1-score": 0.996875751021389,
      "support": 2074.0
    },
    "spiritual": {
      "precision": 0.9994216310005783,
      "recall": 0.9982668977469671,
      "f1-score": 0.9988439306358381,
      "support": 1731.0
    }
  },
  "weighted_avg": {
    "precision": 0.9401348708507502,
    "recall": 0.9402088258471237,
    "f1-score": 0.9401291400941306,
    "support": 10152.0
  },
  "micro_avg": {
    "precision": 0.9402088258471237,
    "recall": 0.9402088258471237,
    "f1-score": 0.9402088258471237,
    "support": 10152
  },
  "macro_avg": {
    "precision": 0.9342286132078256,
    "recall": 0.9319017639610319,
    "f1-score": 0.9330198038285655,
    "support": 10152.0
  },
  "accuracy": 0.9402088258471237,
  "inference_time_seconds": 6.224888801574707,
  "energy_kwh": 0.00038425545244014856,
  "num_test_samples": 10152
}