{
  "per_class": {
    "emotion": {
      "precision": 0.9016881827209533,
      "recall": 0.9025844930417495,
      "f1-score": 0.9021361152508693,
      "support": 1006.0
    },
    "hate": {
      "precision": 0.9686632288774296,
      "recall": 0.9640742202921437,
      "f1-score": 0.9663632766125841,
      "support": 2533.0
    },
    "offensive": {
      "precision": 0.9634362797302094,
      "recall": 0.9665242165242165,
      "f1-score": 0.9649777777777778,
      "support": 2808.0
    },
    "religion": {
      "precision": 0.9971139971139971,
      "recall": 0.9995178399228544,
      "f1-score": 0.9983144714664098,
      "support": 2074.0
    },
    "spiritual": {
      "precision": 0.9994212962962963,
      "recall": 0.997689196995956,
      "f1-score": 0.9985544955189362,
      "support": 1731.0
    }
  },
  "weighted_avg": {
    "precision": 0.9716375135884115,
    "recall": 0.9716312056737588,
    "f1-score": 0.9716318712733119,
    "support": 10152.0
  },
  "micro_avg": {
    "precision": 0.9716312056737588,
    "recall": 0.9716312056737588,
    "f1-score": 0.9716312056737588,
    "support": 10152
  },
  "macro_avg": {
    "precision": 0.966064596947777,
    "recall": 0.966077993355384,
    "f1-score": 0.9660692273253156,
    "support": 10152.0
  },
  "accuracy": 0.9716312056737588,
  "inference_time_seconds": 2.437304973602295,
  "energy_kwh": 0.00016733150790451792,
  "num_test_samples": 10152
}