{
  "per_class": {
    "emotion": {
      "precision": 0.8308189655172413,
      "recall": 0.8308189655172413,
      "f1-score": 0.8308189655172413,
      "support": 928.0
    },
    "hate": {
      "precision": 0.9322938038572015,
      "recall": 0.9372937293729373,
      "f1-score": 0.9347870808475622,
      "support": 2424.0
    },
    "offensive": {
      "precision": 0.9010989010989011,
      "recall": 0.8924236082042696,
      "f1-score": 0.8967402733964248,
      "support": 2389.0
    },
    "religion": {
      "precision": 0.9936180657830143,
      "recall": 0.9975357318876293,
      "f1-score": 0.9955730447614363,
      "support": 2029.0
    },
    "spiritual": {
      "precision": 0.9976608187134502,
      "recall": 0.9988290398126464,
      "f1-score": 0.9982445874780573,
      "support": 1708.0
    }
  },
  "weighted_avg": {
    "precision": 0.9394029530609244,
    "recall": 0.9395442076387424,
    "f1-score": 0.9394656953315074,
    "support": 9478.0
  },
  "micro_avg": {
    "precision": 0.9395442076387424,
    "recall": 0.9395442076387424,
    "f1-score": 0.9395442076387424,
    "support": 9478
  },
  "macro_avg": {
    "precision": 0.9310981109939617,
    "recall": 0.9313802149589447,
    "f1-score": 0.9312327904001444,
    "support": 9478.0
  },
  "accuracy": 0.9395442076387424,
  "inference_time_seconds": 11.91000771522522,
  "energy_kwh": 0.0007228413795081602,
  "num_test_samples": 9478
}