{
  "per_class": {
    "Cyberstalking": {
      "precision": 0.6923076923076923,
      "recall": 0.75,
      "f1-score": 0.72,
      "support": 60.0
    },
    "Doxing": {
      "precision": 0.8313253012048193,
      "recall": 0.7840909090909091,
      "f1-score": 0.8070175438596491,
      "support": 88.0
    },
    "Revenge Porn": {
      "precision": 0.75,
      "recall": 0.8289473684210527,
      "f1-score": 0.7875,
      "support": 76.0
    },
    "Sexual Harassment": {
      "precision": 0.8736842105263158,
      "recall": 0.8383838383838383,
      "f1-score": 0.8556701030927835,
      "support": 99.0
    },
    "Slut Shaming": {
      "precision": 0.9157894736842105,
      "recall": 0.8787878787878788,
      "f1-score": 0.8969072164948454,
      "support": 99.0
    }
  },
  "weighted_avg": {
    "precision": 0.8266658359747103,
    "recall": 0.8222748815165877,
    "f1-score": 0.8236319869640388,
    "support": 422.0
  },
  "micro_avg": {
    "precision": 0.8222748815165877,
    "recall": 0.8222748815165877,
    "f1-score": 0.8222748815165877,
    "support": 422
  },
  "macro_avg": {
    "precision": 0.8126213355446076,
    "recall": 0.8160419989367357,
    "f1-score": 0.8134189726894556,
    "support": 422.0
  },
  "accuracy": 0.8222748815165877,
  "inference_time_seconds": 0.06479215621948242,
  "energy_kwh": 1.9032316568530972e-05,
  "num_test_samples": 422
}