{
  "per_class": {
    "age": {
      "precision": 0.9838909541511772,
      "recall": 0.9925,
      "f1-score": 0.9881767268201618,
      "support": 1600.0
    },
    "ethnicity": {
      "precision": 0.9867758186397985,
      "recall": 0.979375,
      "f1-score": 0.9830614805520702,
      "support": 1600.0
    },
    "gender": {
      "precision": 0.9316129032258065,
      "recall": 0.9019362898188632,
      "f1-score": 0.9165344335131704,
      "support": 1601.0
    },
    "other_cyberbullying": {
      "precision": 0.8820697954271961,
      "recall": 0.9156777014366021,
      "f1-score": 0.8985596077229543,
      "support": 1601.0
    },
    "religion": {
      "precision": 0.989294710327456,
      "recall": 0.981875,
      "f1-score": 0.9855708908406524,
      "support": 1600.0
    }
  },
  "weighted_avg": {
    "precision": 0.9547168674747499,
    "recall": 0.9542614346413396,
    "f1-score": 0.9543689224143527,
    "support": 8002.0
  },
  "micro_avg": {
    "precision": 0.9542614346413396,
    "recall": 0.9542614346413396,
    "f1-score": 0.9542614346413396,
    "support": 8002
  },
  "macro_avg": {
    "precision": 0.9547288363542868,
    "recall": 0.954272798251093,
    "f1-score": 0.9543806278898017,
    "support": 8002.0
  },
  "accuracy": 0.9542614346413396,
  "inference_time_seconds": 3.0423734188079834,
  "energy_kwh": 0.0002027153847132461,
  "num_test_samples": 8002
}