{
  "per_class": {
    "Cyberstalking": {
      "precision": 0.7796610169491526,
      "recall": 0.7666666666666667,
      "f1-score": 0.773109243697479,
      "support": 60.0
    },
    "Doxing": {
      "precision": 0.8395061728395061,
      "recall": 0.7727272727272727,
      "f1-score": 0.8047337278106509,
      "support": 88.0
    },
    "Revenge Porn": {
      "precision": 0.7792207792207793,
      "recall": 0.7894736842105263,
      "f1-score": 0.7843137254901961,
      "support": 76.0
    },
    "Sexual Harassment": {
      "precision": 0.7699115044247787,
      "recall": 0.8787878787878788,
      "f1-score": 0.8207547169811321,
      "support": 99.0
    },
    "Slut Shaming": {
      "precision": 0.9239130434782609,
      "recall": 0.8585858585858586,
      "f1-score": 0.8900523560209425,
      "support": 99.0
    }
  },
  "weighted_avg": {
    "precision": 0.8236151983175494,
    "recall": 0.8199052132701422,
    "f1-score": 0.8203338057669343,
    "support": 422.0
  },
  "micro_avg": {
    "precision": 0.8199052132701422,
    "recall": 0.8199052132701422,
    "f1-score": 0.8199052132701422,
    "support": 422
  },
  "macro_avg": {
    "precision": 0.8184425033824955,
    "recall": 0.8132482721956407,
    "f1-score": 0.8145927540000801,
    "support": 422.0
  },
  "accuracy": 0.8199052132701422,
  "inference_time_seconds": 0.10806775093078613,
  "energy_kwh": 6.259041223890433e-06,
  "num_test_samples": 422
}