{
  "per_class": {
    "Cyberstalking": {
      "precision": 0.7692307692307693,
      "recall": 0.7692307692307693,
      "f1-score": 0.7692307692307693,
      "support": 52.0
    },
    "Doxing": {
      "precision": 0.8615384615384616,
      "recall": 0.7567567567567568,
      "f1-score": 0.8057553956834532,
      "support": 74.0
    },
    "Revenge Porn": {
      "precision": 0.8028169014084507,
      "recall": 0.8142857142857143,
      "f1-score": 0.8085106382978723,
      "support": 70.0
    },
    "Sexual Harassment": {
      "precision": 0.8214285714285714,
      "recall": 0.8846153846153846,
      "f1-score": 0.8518518518518519,
      "support": 78.0
    },
    "Slut Shaming": {
      "precision": 0.9347826086956522,
      "recall": 0.9555555555555556,
      "f1-score": 0.945054945054945,
      "support": 90.0
    }
  },
  "weighted_avg": {
    "precision": 0.8465738807870191,
    "recall": 0.8461538461538461,
    "f1-score": 0.8453874545626816,
    "support": 364.0
  },
  "micro_avg": {
    "precision": 0.8461538461538461,
    "recall": 0.8461538461538461,
    "f1-score": 0.8461538461538461,
    "support": 364
  },
  "macro_avg": {
    "precision": 0.837959462460381,
    "recall": 0.836088836088836,
    "f1-score": 0.8360807200237783,
    "support": 364.0
  },
  "accuracy": 0.8461538461538461,
  "inference_time_seconds": 0.16230535507202148,
  "energy_kwh": 4.196594123687263e-06,
  "num_test_samples": 364
}