{
  "per_class": {
    "age": {
      "precision": 0.9783852511125238,
      "recall": 0.9846449136276392,
      "f1-score": 0.9815051020408163,
      "support": 1563.0
    },
    "ethnicity": {
      "precision": 0.9694757796947578,
      "recall": 0.9838383838383838,
      "f1-score": 0.9766042780748663,
      "support": 1485.0
    },
    "gender": {
      "precision": 0.8925035360678925,
      "recall": 0.8667582417582418,
      "f1-score": 0.8794425087108014,
      "support": 1456.0
    },
    "not_cyberbullying": {
      "precision": 0.655862726406101,
      "recall": 0.5676567656765676,
      "f1-score": 0.6085802742149491,
      "support": 1212.0
    },
    "other_cyberbullying": {
      "precision": 0.5878679750223015,
      "recall": 0.6724489795918367,
      "f1-score": 0.6273203236554021,
      "support": 980.0
    },
    "religion": {
      "precision": 0.9479553903345725,
      "recall": 0.9671302149178256,
      "f1-score": 0.9574468085106383,
      "support": 1582.0
    }
  },
  "weighted_avg": {
    "precision": 0.8624129616194475,
    "recall": 0.862406378352259,
    "f1-score": 0.8615453226272701,
    "support": 8278.0
  },
  "micro_avg": {
    "precision": 0.862406378352259,
    "recall": 0.862406378352259,
    "f1-score": 0.862406378352259,
    "support": 8278
  },
  "macro_avg": {
    "precision": 0.8386751097730247,
    "recall": 0.8404129165684157,
    "f1-score": 0.8384832158679122,
    "support": 8278.0
  },
  "accuracy": 0.862406378352259,
  "inference_time_seconds": 10.064982891082764,
  "energy_kwh": 0.0005856557126343749,
  "num_test_samples": 8278
}