{
  "per_class": {
    "emotion": {
      "precision": 0.9302788844621513,
      "recall": 0.9284294234592445,
      "f1-score": 0.9293532338308458,
      "support": 1006.0
    },
    "hate": {
      "precision": 0.970344009489917,
      "recall": 0.9688116857481247,
      "f1-score": 0.9695772421967602,
      "support": 2533.0
    },
    "offensive": {
      "precision": 0.964818763326226,
      "recall": 0.9668803418803419,
      "f1-score": 0.9658484525080042,
      "support": 2808.0
    },
    "religion": {
      "precision": 0.9985556090515166,
      "recall": 1.0,
      "f1-score": 0.9992772825825103,
      "support": 2074.0
    },
    "spiritual": {
      "precision": 1.0,
      "recall": 0.9982668977469671,
      "f1-score": 0.9991326973113617,
      "support": 1731.0
    }
  },
  "weighted_avg": {
    "precision": 0.9756656180456829,
    "recall": 0.9756698187549251,
    "f1-score": 0.9756669371042941,
    "support": 10152.0
  },
  "micro_avg": {
    "precision": 0.9756698187549251,
    "recall": 0.9756698187549251,
    "f1-score": 0.9756698187549251,
    "support": 10152
  },
  "macro_avg": {
    "precision": 0.9727994532659622,
    "recall": 0.9724776697669355,
    "f1-score": 0.9726377816858965,
    "support": 10152.0
  },
  "accuracy": 0.9756698187549251,
  "inference_time_seconds": 7.553022146224976,
  "energy_kwh": 0.0004912285958181769,
  "num_test_samples": 10152
}