{
  "per_class": {
    "age": {
      "precision": 0.9844961240310077,
      "recall": 0.9750479846449136,
      "f1-score": 0.9797492767598843,
      "support": 1563.0
    },
    "ethnicity": {
      "precision": 0.9851049424509141,
      "recall": 0.9817813765182186,
      "f1-score": 0.9834403514700912,
      "support": 1482.0
    },
    "gender": {
      "precision": 0.9055944055944056,
      "recall": 0.8888126286890872,
      "f1-score": 0.8971250432975407,
      "support": 1457.0
    },
    "not_cyberbullying": {
      "precision": 0.657312925170068,
      "recall": 0.6367380560131796,
      "f1-score": 0.6468619246861924,
      "support": 1214.0
    },
    "other_cyberbullying": {
      "precision": 0.6421663442940039,
      "recall": 0.6775510204081633,
      "f1-score": 0.6593843098311817,
      "support": 980.0
    },
    "religion": {
      "precision": 0.9479553903345725,
      "recall": 0.9665192672141504,
      "f1-score": 0.9571473256177666,
      "support": 1583.0
    }
  },
  "weighted_avg": {
    "precision": 0.8752335193849479,
    "recall": 0.8746225389539799,
    "f1-score": 0.8748120697180107,
    "support": 8279.0
  },
  "micro_avg": {
    "precision": 0.8746225389539799,
    "recall": 0.8746225389539799,
    "f1-score": 0.8746225389539799,
    "support": 8279
  },
  "macro_avg": {
    "precision": 0.8537716886458284,
    "recall": 0.8544083889146187,
    "f1-score": 0.8539513719437761,
    "support": 8279.0
  },
  "accuracy": 0.8746225389539799,
  "inference_time_seconds": 6.646382808685303,
  "energy_kwh": 2.527817882589299e-06,
  "num_test_samples": 8279
}