{
  "per_class": {
    "age": {
      "precision": 0.983029541169076,
      "recall": 0.9917564996829423,
      "f1-score": 0.9873737373737373,
      "support": 1577.0
    },
    "ethnicity": {
      "precision": 0.9905723905723905,
      "recall": 0.9865861837692823,
      "f1-score": 0.9885752688172043,
      "support": 1491.0
    },
    "gender": {
      "precision": 0.94109396914446,
      "recall": 0.9006711409395973,
      "f1-score": 0.9204389574759945,
      "support": 1490.0
    },
    "other_cyberbullying": {
      "precision": 0.8686408504176157,
      "recall": 0.9064976228209192,
      "f1-score": 0.8871655680496316,
      "support": 1262.0
    },
    "religion": {
      "precision": 0.9842964824120602,
      "recall": 0.9849151477058454,
      "f1-score": 0.9846057178762174,
      "support": 1591.0
    }
  },
  "weighted_avg": {
    "precision": 0.9569088505649618,
    "recall": 0.9564161381729861,
    "f1-score": 0.956499635717685,
    "support": 7411.0
  },
  "micro_avg": {
    "precision": 0.9564161381729861,
    "recall": 0.9564161381729861,
    "f1-score": 0.9564161381729861,
    "support": 7411
  },
  "macro_avg": {
    "precision": 0.9535266467431205,
    "recall": 0.9540853189837174,
    "f1-score": 0.9536318499185571,
    "support": 7411.0
  },
  "accuracy": 0.9564161381729861,
  "inference_time_seconds": 2.8471386432647705,
  "energy_kwh": 0.00019301121350462526,
  "num_test_samples": 7411
}