{
  "per_class": {
    "age": {
      "precision": 0.9752933909820877,
      "recall": 0.9881101376720901,
      "f1-score": 0.9816599316133043,
      "support": 1598.0
    },
    "ethnicity": {
      "precision": 0.9917038927887684,
      "recall": 0.9761306532663316,
      "f1-score": 0.9838556505223172,
      "support": 1592.0
    },
    "gender": {
      "precision": 0.9011264080100125,
      "recall": 0.9056603773584906,
      "f1-score": 0.903387703889586,
      "support": 1590.0
    },
    "not_cyberbullying": {
      "precision": 0.7279829545454546,
      "recall": 0.645872715816005,
      "f1-score": 0.6844741235392321,
      "support": 1587.0
    },
    "other_cyberbullying": {
      "precision": 0.7104952830188679,
      "recall": 0.7699680511182109,
      "f1-score": 0.7390371051824594,
      "support": 1565.0
    },
    "religion": {
      "precision": 0.948905109489051,
      "recall": 0.975,
      "f1-score": 0.9617755856966708,
      "support": 1600.0
    }
  },
  "weighted_avg": {
    "precision": 0.8765825290406696,
    "recall": 0.8773604699958036,
    "f1-score": 0.876318889668067,
    "support": 9532.0
  },
  "micro_avg": {
    "precision": 0.8773604699958036,
    "recall": 0.8773604699958036,
    "f1-score": 0.8773604699958036,
    "support": 9532
  },
  "macro_avg": {
    "precision": 0.875917839805707,
    "recall": 0.8767903225385213,
    "f1-score": 0.8756983500739283,
    "support": 9532.0
  },
  "accuracy": 0.8773604699958036,
  "inference_time_seconds": 7.18700385093689,
  "energy_kwh": 0.00044066044604753186,
  "num_test_samples": 9532
}