{
  "per_class": {
    "emotion": {
      "precision": 0.9104627766599598,
      "recall": 0.8996023856858847,
      "f1-score": 0.905,
      "support": 1006.0
    },
    "hate": {
      "precision": 0.9643564356435643,
      "recall": 0.9613106987761547,
      "f1-score": 0.9628311585606959,
      "support": 2533.0
    },
    "offensive": {
      "precision": 0.957107408720312,
      "recall": 0.9615384615384616,
      "f1-score": 0.9593178184402202,
      "support": 2808.0
    },
    "religion": {
      "precision": 0.9951992318771004,
      "recall": 0.9995178399228544,
      "f1-score": 0.9973538609574212,
      "support": 2074.0
    },
    "spiritual": {
      "precision": 0.9994216310005783,
      "recall": 0.9982668977469671,
      "f1-score": 0.9988439306358381,
      "support": 1731.0
    }
  },
  "weighted_avg": {
    "precision": 0.9692907859206867,
    "recall": 0.9693656422379827,
    "f1-score": 0.9693219572863188,
    "support": 10152.0
  },
  "micro_avg": {
    "precision": 0.9693656422379827,
    "recall": 0.9693656422379827,
    "f1-score": 0.9693656422379827,
    "support": 10152
  },
  "macro_avg": {
    "precision": 0.9653094967803029,
    "recall": 0.9640472567340644,
    "f1-score": 0.9646693537188351,
    "support": 10152.0
  },
  "accuracy": 0.9693656422379827,
  "inference_time_seconds": 5.460332155227661,
  "energy_kwh": 0.00030063917497936857,
  "num_test_samples": 10152
}