{
  "per_class": {
    "age": {
      "precision": 0.9861635220125786,
      "recall": 0.981226533166458,
      "f1-score": 0.9836888331242158,
      "support": 1598.0
    },
    "ethnicity": {
      "precision": 0.9923371647509579,
      "recall": 0.9761306532663316,
      "f1-score": 0.9841671944268524,
      "support": 1592.0
    },
    "gender": {
      "precision": 0.8854679802955665,
      "recall": 0.9044025157232705,
      "f1-score": 0.8948350964530181,
      "support": 1590.0
    },
    "not_cyberbullying": {
      "precision": 0.7372693726937269,
      "recall": 0.6294896030245747,
      "f1-score": 0.6791298436437797,
      "support": 1587.0
    },
    "other_cyberbullying": {
      "precision": 0.6991501416430594,
      "recall": 0.7884984025559105,
      "f1-score": 0.7411411411411412,
      "support": 1565.0
    },
    "religion": {
      "precision": 0.9528186274509803,
      "recall": 0.971875,
      "f1-score": 0.9622524752475248,
      "support": 1600.0
    }
  },
  "weighted_avg": {
    "precision": 0.876239029918955,
    "recall": 0.8757868233319346,
    "f1-score": 0.8748201469119754,
    "support": 9532.0
  },
  "micro_avg": {
    "precision": 0.8757868233319346,
    "recall": 0.8757868233319346,
    "f1-score": 0.8757868233319346,
    "support": 9532
  },
  "macro_avg": {
    "precision": 0.875534468141145,
    "recall": 0.8752704512894242,
    "f1-score": 0.8742024306727553,
    "support": 9532.0
  },
  "accuracy": 0.8757868233319346,
  "inference_time_seconds": 7.747445821762085,
  "energy_kwh": 0.000502582098215232,
  "num_test_samples": 9532
}