{
  "per_class": {
    "age": {
      "precision": 0.9899686520376175,
      "recall": 0.986875,
      "f1-score": 0.9884194053208137,
      "support": 1600.0
    },
    "ethnicity": {
      "precision": 0.9942893401015228,
      "recall": 0.979375,
      "f1-score": 0.9867758186397985,
      "support": 1600.0
    },
    "gender": {
      "precision": 0.9027777777777778,
      "recall": 0.8931917551530294,
      "f1-score": 0.8979591836734694,
      "support": 1601.0
    },
    "other_cyberbullying": {
      "precision": 0.8641239570917759,
      "recall": 0.905683947532792,
      "f1-score": 0.8844159804818542,
      "support": 1601.0
    },
    "religion": {
      "precision": 0.994263862332696,
      "recall": 0.975,
      "f1-score": 0.9845377090564847,
      "support": 1600.0
    }
  },
  "weighted_avg": {
    "precision": 0.9490683135067601,
    "recall": 0.9480129967508123,
    "f1-score": 0.9484073145013782,
    "support": 8002.0
  },
  "micro_avg": {
    "precision": 0.9480129967508123,
    "recall": 0.9480129967508123,
    "f1-score": 0.9480129967508123,
    "support": 8002
  },
  "macro_avg": {
    "precision": 0.9490847178682781,
    "recall": 0.9480251405371642,
    "f1-score": 0.9484216194344841,
    "support": 8002.0
  },
  "accuracy": 0.9480129967508123,
  "inference_time_seconds": 5.476940155029297,
  "energy_kwh": 0.0003561413738599233,
  "num_test_samples": 8002
}