{
  "per_class": {
    "age": {
      "precision": 0.9857231533209186,
      "recall": 0.9925,
      "f1-score": 0.9890999688570539,
      "support": 1600.0
    },
    "ethnicity": {
      "precision": 0.9861895794099184,
      "recall": 0.981875,
      "f1-score": 0.9840275602881303,
      "support": 1600.0
    },
    "gender": {
      "precision": 0.9230769230769231,
      "recall": 0.9069331667707683,
      "f1-score": 0.9149338374291115,
      "support": 1601.0
    },
    "other_cyberbullying": {
      "precision": 0.8927038626609443,
      "recall": 0.9094316052467208,
      "f1-score": 0.900990099009901,
      "support": 1601.0
    },
    "religion": {
      "precision": 0.9905897114178168,
      "recall": 0.986875,
      "f1-score": 0.9887288666249218,
      "support": 1600.0
    }
  },
  "weighted_avg": {
    "precision": 0.9556447073986718,
    "recall": 0.9555111222194451,
    "f1-score": 0.9555441708911557,
    "support": 8002.0
  },
  "micro_avg": {
    "precision": 0.9555111222194451,
    "recall": 0.9555111222194451,
    "f1-score": 0.9555111222194451,
    "support": 8002
  },
  "macro_avg": {
    "precision": 0.9556566459773043,
    "recall": 0.955522954403498,
    "f1-score": 0.9555560664418238,
    "support": 8002.0
  },
  "accuracy": 0.9555111222194451,
  "inference_time_seconds": 5.873023748397827,
  "energy_kwh": 0.0003915441612331171,
  "num_test_samples": 8002
}