{
  "per_class": {
    "emotion": {
      "precision": 0.8476394849785408,
      "recall": 0.8422174840085288,
      "f1-score": 0.8449197860962567,
      "support": 938.0
    },
    "hate": {
      "precision": 0.9514847344207444,
      "recall": 0.9416390728476821,
      "f1-score": 0.9465363012273768,
      "support": 2416.0
    },
    "offensive": {
      "precision": 0.9044425817267393,
      "recall": 0.913245873889124,
      "f1-score": 0.908822910086334,
      "support": 2363.0
    },
    "religion": {
      "precision": 0.9946236559139785,
      "recall": 1.0,
      "f1-score": 0.9973045822102425,
      "support": 2035.0
    },
    "spiritual": {
      "precision": 1.0,
      "recall": 0.9982497082847142,
      "f1-score": 0.9991240875912408,
      "support": 1714.0
    }
  },
  "weighted_avg": {
    "precision": 0.9475100270098903,
    "recall": 0.9474963025565181,
    "f1-score": 0.9474887503261005,
    "support": 9466.0
  },
  "micro_avg": {
    "precision": 0.9474963025565181,
    "recall": 0.9474963025565181,
    "f1-score": 0.9474963025565181,
    "support": 9466
  },
  "macro_avg": {
    "precision": 0.9396380914080005,
    "recall": 0.9390704278060099,
    "f1-score": 0.9393415334422901,
    "support": 9466.0
  },
  "accuracy": 0.9474963025565181,
  "inference_time_seconds": 3.7850582599639893,
  "energy_kwh": 0.0002267654584490795,
  "num_test_samples": 9466
}