{
  "per_class": {
    "age": {
      "precision": 0.9783147459727385,
      "recall": 0.9881101376720901,
      "f1-score": 0.9831880448318805,
      "support": 1598.0
    },
    "ethnicity": {
      "precision": 0.9904640813731723,
      "recall": 0.9786432160804021,
      "f1-score": 0.9845181674565561,
      "support": 1592.0
    },
    "gender": {
      "precision": 0.8842169408897014,
      "recall": 0.9125786163522013,
      "f1-score": 0.8981739399566697,
      "support": 1590.0
    },
    "not_cyberbullying": {
      "precision": 0.739985433357611,
      "recall": 0.6402016383112792,
      "f1-score": 0.6864864864864865,
      "support": 1587.0
    },
    "other_cyberbullying": {
      "precision": 0.7067137809187279,
      "recall": 0.7667731629392971,
      "f1-score": 0.7355194606190623,
      "support": 1565.0
    },
    "religion": {
      "precision": 0.9552969993876301,
      "recall": 0.975,
      "f1-score": 0.9650479430869162,
      "support": 1600.0
    }
  },
  "weighted_avg": {
    "precision": 0.8765117358919111,
    "recall": 0.8774653797733949,
    "f1-score": 0.8761228180471297,
    "support": 9532.0
  },
  "micro_avg": {
    "precision": 0.8774653797733949,
    "recall": 0.8774653797733949,
    "f1-score": 0.8774653797733949,
    "support": 9532
  },
  "macro_avg": {
    "precision": 0.8758319969832634,
    "recall": 0.876884461892545,
    "f1-score": 0.8754890070729285,
    "support": 9532.0
  },
  "accuracy": 0.8774653797733949,
  "inference_time_seconds": 7.22143816947937,
  "energy_kwh": 0.0004390760541232665,
  "num_test_samples": 9532
}