{
  "per_class": {
    "age": {
      "precision": 0.9825693996126533,
      "recall": 0.9731457800511509,
      "f1-score": 0.9778348859620944,
      "support": 1564.0
    },
    "ethnicity": {
      "precision": 0.9817567567567568,
      "recall": 0.9817567567567568,
      "f1-score": 0.9817567567567568,
      "support": 1480.0
    },
    "gender": {
      "precision": 0.8780812791472352,
      "recall": 0.9045984900480439,
      "f1-score": 0.8911426639621366,
      "support": 1457.0
    },
    "not_cyberbullying": {
      "precision": 0.6399655469422911,
      "recall": 0.6115226337448559,
      "f1-score": 0.6254208754208754,
      "support": 1215.0
    },
    "other_cyberbullying": {
      "precision": 0.6236012207527976,
      "recall": 0.6242362525458248,
      "f1-score": 0.6239185750636133,
      "support": 982.0
    },
    "religion": {
      "precision": 0.9539514623522091,
      "recall": 0.9684144030322173,
      "f1-score": 0.961128526645768,
      "support": 1583.0
    }
  },
  "weighted_avg": {
    "precision": 0.8657339292270728,
    "recall": 0.8672865595942519,
    "f1-score": 0.8664134144507464,
    "support": 8281.0
  },
  "micro_avg": {
    "precision": 0.8672865595942519,
    "recall": 0.8672865595942519,
    "f1-score": 0.8672865595942519,
    "support": 8281
  },
  "macro_avg": {
    "precision": 0.8433209442606572,
    "recall": 0.8439457193631417,
    "f1-score": 0.8435337139685407,
    "support": 8281.0
  },
  "accuracy": 0.8672865595942519,
  "inference_time_seconds": 6.255495071411133,
  "energy_kwh": 0.00039019304763797397,
  "num_test_samples": 8281
}