{
  "per_class": {
    "Cyberstalking": {
      "precision": 0.7301587301587301,
      "recall": 0.7666666666666667,
      "f1-score": 0.7479674796747967,
      "support": 60.0
    },
    "Doxing": {
      "precision": 0.7872340425531915,
      "recall": 0.8409090909090909,
      "f1-score": 0.8131868131868132,
      "support": 88.0
    },
    "Revenge Porn": {
      "precision": 0.8082191780821918,
      "recall": 0.7763157894736842,
      "f1-score": 0.7919463087248322,
      "support": 76.0
    },
    "Sexual Harassment": {
      "precision": 0.8910891089108911,
      "recall": 0.9090909090909091,
      "f1-score": 0.9,
      "support": 99.0
    },
    "Slut Shaming": {
      "precision": 0.945054945054945,
      "recall": 0.8686868686868687,
      "f1-score": 0.9052631578947369,
      "support": 99.0
    }
  },
  "weighted_avg": {
    "precision": 0.8442868209267038,
    "recall": 0.8412322274881516,
    "f1-score": 0.8420555934492738,
    "support": 422.0
  },
  "micro_avg": {
    "precision": 0.8412322274881516,
    "recall": 0.8412322274881516,
    "f1-score": 0.8412322274881516,
    "support": 422
  },
  "macro_avg": {
    "precision": 0.8323512009519899,
    "recall": 0.832333864965444,
    "f1-score": 0.8316727518962358,
    "support": 422.0
  },
  "accuracy": 0.8412322274881516,
  "inference_time_seconds": 0.1863386631011963,
  "energy_kwh": 6.778791162006907e-06,
  "num_test_samples": 422
}