{
  "per_class": {
    "emotion": {
      "precision": 0.8914116485686081,
      "recall": 0.8976143141153081,
      "f1-score": 0.8945022288261516,
      "support": 1006.0
    },
    "hate": {
      "precision": 0.9651070578905631,
      "recall": 0.9609159099881563,
      "f1-score": 0.9630069238377844,
      "support": 2533.0
    },
    "offensive": {
      "precision": 0.9615795090715048,
      "recall": 0.9626068376068376,
      "f1-score": 0.9620928990923652,
      "support": 2808.0
    },
    "religion": {
      "precision": 0.9975949975949976,
      "recall": 1.0,
      "f1-score": 0.9987960510474356,
      "support": 2074.0
    },
    "spiritual": {
      "precision": 1.0,
      "recall": 0.997689196995956,
      "f1-score": 0.9988432620011567,
      "support": 1731.0
    }
  },
  "weighted_avg": {
    "precision": 0.9694152465111926,
    "recall": 0.9693656422379827,
    "f1-score": 0.9693876415807685,
    "support": 10152.0
  },
  "micro_avg": {
    "precision": 0.9693656422379827,
    "recall": 0.9693656422379827,
    "f1-score": 0.9693656422379827,
    "support": 10152
  },
  "macro_avg": {
    "precision": 0.9631386426251346,
    "recall": 0.9637652517412516,
    "f1-score": 0.9634482729609786,
    "support": 10152.0
  },
  "accuracy": 0.9693656422379827,
  "inference_time_seconds": 12.414082050323486,
  "energy_kwh": 0.0007151834276617484,
  "num_test_samples": 10152
}