{
  "per_class": {
    "age": {
      "precision": 0.9739615623062616,
      "recall": 0.9831038798498123,
      "f1-score": 0.9785113671753348,
      "support": 1598.0
    },
    "ethnicity": {
      "precision": 0.9873096446700508,
      "recall": 0.9773869346733668,
      "f1-score": 0.9823232323232324,
      "support": 1592.0
    },
    "gender": {
      "precision": 0.890556597873671,
      "recall": 0.8955974842767296,
      "f1-score": 0.8930699278770775,
      "support": 1590.0
    },
    "not_cyberbullying": {
      "precision": 0.694060773480663,
      "recall": 0.6332703213610587,
      "f1-score": 0.6622734761120264,
      "support": 1587.0
    },
    "other_cyberbullying": {
      "precision": 0.7035928143712575,
      "recall": 0.7507987220447284,
      "f1-score": 0.7264296754250387,
      "support": 1565.0
    },
    "religion": {
      "precision": 0.9501845018450185,
      "recall": 0.965625,
      "f1-score": 0.9578425294482331,
      "support": 1600.0
    }
  },
  "weighted_avg": {
    "precision": 0.8672959427671132,
    "recall": 0.868233319345363,
    "f1-score": 0.867387686915282,
    "support": 9532.0
  },
  "micro_avg": {
    "precision": 0.868233319345363,
    "recall": 0.868233319345363,
    "f1-score": 0.868233319345363,
    "support": 9532
  },
  "macro_avg": {
    "precision": 0.8666109824244871,
    "recall": 0.867630390367616,
    "f1-score": 0.8667417013934905,
    "support": 9532.0
  },
  "accuracy": 0.868233319345363,
  "inference_time_seconds": 7.350190877914429,
  "energy_kwh": 0.00044892307429115786,
  "num_test_samples": 9532
}