{
  "per_class": {
    "Cyberstalking": {
      "precision": 0.7166666666666667,
      "recall": 0.8269230769230769,
      "f1-score": 0.7678571428571429,
      "support": 52.0
    },
    "Doxing": {
      "precision": 0.8769230769230769,
      "recall": 0.7702702702702703,
      "f1-score": 0.8201438848920863,
      "support": 74.0
    },
    "Revenge Porn": {
      "precision": 0.8260869565217391,
      "recall": 0.8142857142857143,
      "f1-score": 0.8201438848920863,
      "support": 70.0
    },
    "Sexual Harassment": {
      "precision": 0.8552631578947368,
      "recall": 0.8333333333333334,
      "f1-score": 0.8441558441558441,
      "support": 78.0
    },
    "Slut Shaming": {
      "precision": 0.9247311827956989,
      "recall": 0.9662921348314607,
      "f1-score": 0.945054945054945,
      "support": 89.0
    }
  },
  "weighted_avg": {
    "precision": 0.8512304763088231,
    "recall": 0.8484848484848485,
    "f1-score": 0.8484389443721152,
    "support": 363.0
  },
  "micro_avg": {
    "precision": 0.8484848484848485,
    "recall": 0.8484848484848485,
    "f1-score": 0.8484848484848485,
    "support": 363
  },
  "macro_avg": {
    "precision": 0.8399342081603838,
    "recall": 0.8422209059287711,
    "f1-score": 0.8394711403704209,
    "support": 363.0
  },
  "accuracy": 0.8484848484848485,
  "inference_time_seconds": 0.29250025749206543,
  "energy_kwh": 1.684495033929226e-05,
  "num_test_samples": 363
}