{
  "per_class": {
    "age": {
      "precision": 0.9893948845913911,
      "recall": 0.99125,
      "f1-score": 0.9903215735248205,
      "support": 1600.0
    },
    "ethnicity": {
      "precision": 0.9861722187303583,
      "recall": 0.980625,
      "f1-score": 0.9833907865872767,
      "support": 1600.0
    },
    "gender": {
      "precision": 0.9120541205412054,
      "recall": 0.9262960649594004,
      "f1-score": 0.9191199256275178,
      "support": 1601.0
    },
    "other_cyberbullying": {
      "precision": 0.9046728971962616,
      "recall": 0.9069331667707683,
      "f1-score": 0.9058016219588272,
      "support": 1601.0
    },
    "religion": {
      "precision": 0.9955611921369689,
      "recall": 0.98125,
      "f1-score": 0.9883537928863708,
      "support": 1600.0
    }
  },
  "weighted_avg": {
    "precision": 0.9575587638254979,
    "recall": 0.9572606848287928,
    "f1-score": 0.9573863087332277,
    "support": 8002.0
  },
  "micro_avg": {
    "precision": 0.9572606848287928,
    "recall": 0.9572606848287928,
    "f1-score": 0.9572606848287928,
    "support": 8002
  },
  "macro_avg": {
    "precision": 0.9575710626392372,
    "recall": 0.9572708463460338,
    "f1-score": 0.9573975401169627,
    "support": 8002.0
  },
  "accuracy": 0.9572606848287928,
  "inference_time_seconds": 3.388657569885254,
  "energy_kwh": 0.0001927942616931032,
  "num_test_samples": 8002
}