{
  "per_class": {
    "emotion": {
      "precision": 0.8512221041445271,
      "recall": 0.853035143769968,
      "f1-score": 0.8521276595744681,
      "support": 939.0
    },
    "hate": {
      "precision": 0.9324654190398698,
      "recall": 0.9510373443983402,
      "f1-score": 0.9416598192276089,
      "support": 2410.0
    },
    "offensive": {
      "precision": 0.9206762028608583,
      "recall": 0.8980972515856237,
      "f1-score": 0.9092465753424658,
      "support": 2365.0
    },
    "religion": {
      "precision": 0.9951219512195122,
      "recall": 1.0,
      "f1-score": 0.9975550122249389,
      "support": 2040.0
    },
    "spiritual": {
      "precision": 1.0,
      "recall": 0.9988324576765908,
      "f1-score": 0.9994158878504673,
      "support": 1713.0
    }
  },
  "weighted_avg": {
    "precision": 0.947183607893898,
    "recall": 0.9472905883595648,
    "f1-score": 0.9471773347618697,
    "support": 9467.0
  },
  "micro_avg": {
    "precision": 0.9472905883595648,
    "recall": 0.9472905883595648,
    "f1-score": 0.9472905883595648,
    "support": 9467
  },
  "macro_avg": {
    "precision": 0.9398971354529536,
    "recall": 0.9402004394861045,
    "f1-score": 0.9400009908439898,
    "support": 9467.0
  },
  "accuracy": 0.9472905883595648,
  "inference_time_seconds": 7.294682025909424,
  "energy_kwh": 0.0005138468896715036,
  "num_test_samples": 9467
}