{
  "per_class": {
    "age": {
      "precision": 0.98,
      "recall": 0.981226533166458,
      "f1-score": 0.9806128830519074,
      "support": 1598.0
    },
    "ethnicity": {
      "precision": 0.988542329726289,
      "recall": 0.9755025125628141,
      "f1-score": 0.9819791337337971,
      "support": 1592.0
    },
    "gender": {
      "precision": 0.897003745318352,
      "recall": 0.9037735849056604,
      "f1-score": 0.900375939849624,
      "support": 1590.0
    },
    "not_cyberbullying": {
      "precision": 0.716206652512385,
      "recall": 0.6376811594202898,
      "f1-score": 0.6746666666666666,
      "support": 1587.0
    },
    "other_cyberbullying": {
      "precision": 0.6964705882352941,
      "recall": 0.7565495207667732,
      "f1-score": 0.7252679938744258,
      "support": 1565.0
    },
    "religion": {
      "precision": 0.9501822600243013,
      "recall": 0.9775,
      "f1-score": 0.9636475662353666,
      "support": 1600.0
    }
  },
  "weighted_avg": {
    "precision": 0.87210694378354,
    "recall": 0.8726395300041964,
    "f1-score": 0.8717482615161685,
    "support": 9532.0
  },
  "micro_avg": {
    "precision": 0.8726395300041964,
    "recall": 0.8726395300041964,
    "f1-score": 0.8726395300041964,
    "support": 9532
  },
  "macro_avg": {
    "precision": 0.8714009293027702,
    "recall": 0.8720388851369992,
    "f1-score": 0.8710916972352979,
    "support": 9532.0
  },
  "accuracy": 0.8726395300041964,
  "inference_time_seconds": 7.767674922943115,
  "energy_kwh": 0.0005013157400161256,
  "num_test_samples": 9532
}