{
  "per_class": {
    "emotion": {
      "precision": 0.8726415094339622,
      "recall": 0.9194831013916501,
      "f1-score": 0.8954501452081317,
      "support": 1006.0
    },
    "hate": {
      "precision": 0.9651860744297719,
      "recall": 0.952230556652191,
      "f1-score": 0.958664546899841,
      "support": 2533.0
    },
    "offensive": {
      "precision": 0.9655667144906743,
      "recall": 0.9586894586894587,
      "f1-score": 0.9621157969978557,
      "support": 2808.0
    },
    "religion": {
      "precision": 0.9990366088631984,
      "recall": 1.0,
      "f1-score": 0.9995180722891567,
      "support": 2074.0
    },
    "spiritual": {
      "precision": 1.0,
      "recall": 0.998844598497978,
      "f1-score": 0.999421965317919,
      "support": 1731.0
    }
  },
  "weighted_avg": {
    "precision": 0.9689723154150182,
    "recall": 0.9684791174152876,
    "f1-score": 0.9686506309337752,
    "support": 10152.0
  },
  "micro_avg": {
    "precision": 0.9684791174152876,
    "recall": 0.9684791174152876,
    "f1-score": 0.9684791174152876,
    "support": 10152
  },
  "macro_avg": {
    "precision": 0.9604861814435214,
    "recall": 0.9658495430462557,
    "f1-score": 0.9630341053425807,
    "support": 10152.0
  },
  "accuracy": 0.9684791174152876,
  "inference_time_seconds": 9.255388259887695,
  "energy_kwh": 0.00048386695216132093,
  "num_test_samples": 10152
}