{
  "per_class": {
    "age": {
      "precision": 0.9818523153942428,
      "recall": 0.9818523153942428,
      "f1-score": 0.9818523153942428,
      "support": 1598.0
    },
    "ethnicity": {
      "precision": 0.9898024219247928,
      "recall": 0.9755025125628141,
      "f1-score": 0.9826004428978171,
      "support": 1592.0
    },
    "gender": {
      "precision": 0.8827930174563591,
      "recall": 0.8905660377358491,
      "f1-score": 0.886662492172824,
      "support": 1590.0
    },
    "not_cyberbullying": {
      "precision": 0.7379807692307693,
      "recall": 0.5803402646502835,
      "f1-score": 0.6497354497354497,
      "support": 1587.0
    },
    "other_cyberbullying": {
      "precision": 0.6757188498402555,
      "recall": 0.8108626198083068,
      "f1-score": 0.7371478361893697,
      "support": 1565.0
    },
    "religion": {
      "precision": 0.9492354740061162,
      "recall": 0.97,
      "f1-score": 0.9595054095826894,
      "support": 1600.0
    }
  },
  "weighted_avg": {
    "precision": 0.8703166798823854,
    "recall": 0.8686529584557281,
    "f1-score": 0.8668766728228011,
    "support": 9532.0
  },
  "micro_avg": {
    "precision": 0.8686529584557281,
    "recall": 0.8686529584557281,
    "f1-score": 0.8686529584557281,
    "support": 9532
  },
  "macro_avg": {
    "precision": 0.8695638079754225,
    "recall": 0.8681872916919161,
    "f1-score": 0.8662506576620655,
    "support": 9532.0
  },
  "accuracy": 0.8686529584557281,
  "inference_time_seconds": 3.6523914337158203,
  "energy_kwh": 0.00023101787240759105,
  "num_test_samples": 9532
}