{
  "per_class": {
    "emotion": {
      "precision": 0.8504366812227074,
      "recall": 0.8385360602798708,
      "f1-score": 0.8444444444444444,
      "support": 929.0
    },
    "hate": {
      "precision": 0.9269183922046285,
      "recall": 0.9426094137076796,
      "f1-score": 0.9346980552712385,
      "support": 2422.0
    },
    "offensive": {
      "precision": 0.9041154009333899,
      "recall": 0.892005023022185,
      "f1-score": 0.8980193847450485,
      "support": 2389.0
    },
    "religion": {
      "precision": 0.9950763170851797,
      "recall": 0.9965483234714004,
      "f1-score": 0.9958117762995812,
      "support": 2028.0
    },
    "spiritual": {
      "precision": 0.9982456140350877,
      "recall": 0.9988297249853716,
      "f1-score": 0.9985375840889149,
      "support": 1709.0
    }
  },
  "weighted_avg": {
    "precision": 0.9411206332214923,
    "recall": 0.9413316450353487,
    "f1-score": 0.9411947770871854,
    "support": 9477.0
  },
  "micro_avg": {
    "precision": 0.9413316450353487,
    "recall": 0.9413316450353487,
    "f1-score": 0.9413316450353487,
    "support": 9477
  },
  "macro_avg": {
    "precision": 0.9349584810961986,
    "recall": 0.9337057090933015,
    "f1-score": 0.9343022489698456,
    "support": 9477.0
  },
  "accuracy": 0.9413316450353487,
  "inference_time_seconds": 3.762050151824951,
  "energy_kwh": 0.00022101917514500438,
  "num_test_samples": 9477
}