{
  "per_class": {
    "age": {
      "precision": 0.9675840978593272,
      "recall": 0.9899874843554443,
      "f1-score": 0.9786575935663471,
      "support": 1598.0
    },
    "ethnicity": {
      "precision": 0.9967989756722151,
      "recall": 0.9780150753768844,
      "f1-score": 0.9873176918199112,
      "support": 1592.0
    },
    "gender": {
      "precision": 0.8904615384615384,
      "recall": 0.910062893081761,
      "f1-score": 0.9001555209953344,
      "support": 1590.0
    },
    "not_cyberbullying": {
      "precision": 0.7597503900156006,
      "recall": 0.6137366099558916,
      "f1-score": 0.6789822237713489,
      "support": 1587.0
    },
    "other_cyberbullying": {
      "precision": 0.705750977107761,
      "recall": 0.807667731629393,
      "f1-score": 0.7532777115613826,
      "support": 1565.0
    },
    "religion": {
      "precision": 0.9554062309102016,
      "recall": 0.9775,
      "f1-score": 0.9663268458449181,
      "support": 1600.0
    }
  },
  "weighted_avg": {
    "precision": 0.8799634202043584,
    "recall": 0.8799832144355854,
    "f1-score": 0.8780423037504684,
    "support": 9532.0
  },
  "micro_avg": {
    "precision": 0.8799832144355854,
    "recall": 0.8799832144355854,
    "f1-score": 0.8799832144355854,
    "support": 9532
  },
  "macro_avg": {
    "precision": 0.8792920350044406,
    "recall": 0.879494965733229,
    "f1-score": 0.8774529312598737,
    "support": 9532.0
  },
  "accuracy": 0.8799832144355854,
  "inference_time_seconds": 2.209841251373291,
  "energy_kwh": 0.00011303385620114994,
  "num_test_samples": 9532
}