{
  "per_class": {
    "age": {
      "precision": 0.9820433436532507,
      "recall": 0.99125,
      "f1-score": 0.9866251944012442,
      "support": 1600.0
    },
    "ethnicity": {
      "precision": 0.9905601006922593,
      "recall": 0.98375,
      "f1-score": 0.9871433051113202,
      "support": 1600.0
    },
    "gender": {
      "precision": 0.9095607235142119,
      "recall": 0.8794503435352904,
      "f1-score": 0.8942521435376309,
      "support": 1601.0
    },
    "other_cyberbullying": {
      "precision": 0.8619854721549637,
      "recall": 0.8894440974391006,
      "f1-score": 0.875499538887181,
      "support": 1601.0
    },
    "religion": {
      "precision": 0.9856070087609512,
      "recall": 0.984375,
      "f1-score": 0.9849906191369606,
      "support": 1600.0
    }
  },
  "weighted_avg": {
    "precision": 0.9459362889573467,
    "recall": 0.9456385903524119,
    "f1-score": 0.9456869574358117,
    "support": 8002.0
  },
  "micro_avg": {
    "precision": 0.9456385903524119,
    "recall": 0.9456385903524119,
    "f1-score": 0.9456385903524119,
    "support": 8002
  },
  "macro_avg": {
    "precision": 0.9459513297551274,
    "recall": 0.9456538881948781,
    "f1-score": 0.9457021602148675,
    "support": 8002.0
  },
  "accuracy": 0.9456385903524119,
  "inference_time_seconds": 3.4970901012420654,
  "energy_kwh": 0.0002137295383674968,
  "num_test_samples": 8002
}