{
  "per_class": {
    "age": {
      "precision": 0.9881767268201618,
      "recall": 0.9925,
      "f1-score": 0.9903336451512317,
      "support": 1600.0
    },
    "ethnicity": {
      "precision": 0.9861722187303583,
      "recall": 0.980625,
      "f1-score": 0.9833907865872767,
      "support": 1600.0
    },
    "gender": {
      "precision": 0.9174252275682705,
      "recall": 0.8813241723922548,
      "f1-score": 0.8990124243389614,
      "support": 1601.0
    },
    "other_cyberbullying": {
      "precision": 0.8660714285714286,
      "recall": 0.9088069956277327,
      "f1-score": 0.8869247180737581,
      "support": 1601.0
    },
    "religion": {
      "precision": 0.9905422446406053,
      "recall": 0.981875,
      "f1-score": 0.9861895794099184,
      "support": 1600.0
    }
  },
  "weighted_avg": {
    "precision": 0.9496630905755383,
    "recall": 0.9490127468132967,
    "f1-score": 0.9491561838090785,
    "support": 8002.0
  },
  "micro_avg": {
    "precision": 0.9490127468132967,
    "recall": 0.9490127468132967,
    "f1-score": 0.9490127468132967,
    "support": 8002
  },
  "macro_avg": {
    "precision": 0.9496775692661649,
    "recall": 0.9490262336039976,
    "f1-score": 0.9491702307122294,
    "support": 8002.0
  },
  "accuracy": 0.9490127468132967,
  "inference_time_seconds": 0.8290843963623047,
  "energy_kwh": 5.128533228784251e-05,
  "num_test_samples": 8002
}