{
  "per_class": {
    "emotion": {
      "precision": 0.9237623762376238,
      "recall": 0.9274353876739563,
      "f1-score": 0.9255952380952381,
      "support": 1006.0
    },
    "hate": {
      "precision": 0.9700078926598263,
      "recall": 0.9703908409001184,
      "f1-score": 0.9701993289915137,
      "support": 2533.0
    },
    "offensive": {
      "precision": 0.967546362339515,
      "recall": 0.9661680911680912,
      "f1-score": 0.9668567355666429,
      "support": 2808.0
    },
    "religion": {
      "precision": 0.9980741454020221,
      "recall": 0.9995178399228544,
      "f1-score": 0.9987954709708504,
      "support": 2074.0
    },
    "spiritual": {
      "precision": 1.0,
      "recall": 0.997689196995956,
      "f1-score": 0.9988432620011567,
      "support": 1731.0
    }
  },
  "weighted_avg": {
    "precision": 0.9755920907816727,
    "recall": 0.9755713159968479,
    "f1-score": 0.9755808625539789,
    "support": 10152.0
  },
  "micro_avg": {
    "precision": 0.9755713159968479,
    "recall": 0.9755713159968479,
    "f1-score": 0.9755713159968479,
    "support": 10152
  },
  "macro_avg": {
    "precision": 0.9718781553277974,
    "recall": 0.9722402713321954,
    "f1-score": 0.9720580071250803,
    "support": 10152.0
  },
  "accuracy": 0.9755713159968479,
  "inference_time_seconds": 2.356658935546875,
  "energy_kwh": 0.0001232033147898619,
  "num_test_samples": 10152
}