{
  "per_class": {
    "Cyberstalking": {
      "precision": 0.9069767441860465,
      "recall": 0.75,
      "f1-score": 0.8210526315789474,
      "support": 52.0
    },
    "Doxing": {
      "precision": 0.835820895522388,
      "recall": 0.7567567567567568,
      "f1-score": 0.7943262411347518,
      "support": 74.0
    },
    "Revenge Porn": {
      "precision": 0.6987951807228916,
      "recall": 0.8285714285714286,
      "f1-score": 0.7581699346405228,
      "support": 70.0
    },
    "Sexual Harassment": {
      "precision": 0.813953488372093,
      "recall": 0.8974358974358975,
      "f1-score": 0.8536585365853658,
      "support": 78.0
    },
    "Slut Shaming": {
      "precision": 0.9882352941176471,
      "recall": 0.9333333333333333,
      "f1-score": 0.96,
      "support": 90.0
    }
  },
  "weighted_avg": {
    "precision": 0.8526339235729259,
    "recall": 0.8434065934065934,
    "f1-score": 0.8448685163861868,
    "support": 364.0
  },
  "micro_avg": {
    "precision": 0.8434065934065934,
    "recall": 0.8434065934065934,
    "f1-score": 0.8434065934065934,
    "support": 364
  },
  "macro_avg": {
    "precision": 0.8487563205842132,
    "recall": 0.8332194832194831,
    "f1-score": 0.8374414687879176,
    "support": 364.0
  },
  "accuracy": 0.8434065934065934,
  "inference_time_seconds": 0.2744457721710205,
  "energy_kwh": 1.5111399403780651e-05,
  "num_test_samples": 364
}