{
  "per_class": {
    "emotion": {
      "precision": 0.8551351351351352,
      "recall": 0.8432835820895522,
      "f1-score": 0.8491680085882984,
      "support": 938.0
    },
    "hate": {
      "precision": 0.9584404455869752,
      "recall": 0.9278307756117793,
      "f1-score": 0.9428872497365648,
      "support": 2411.0
    },
    "offensive": {
      "precision": 0.8914379352724293,
      "recall": 0.9216433714527742,
      "f1-score": 0.9062890462307371,
      "support": 2361.0
    },
    "religion": {
      "precision": 0.9941377625793845,
      "recall": 1.0,
      "f1-score": 0.9970602645761881,
      "support": 2035.0
    },
    "spiritual": {
      "precision": 1.0,
      "recall": 0.9988317757009346,
      "f1-score": 0.9994155464640561,
      "support": 1712.0
    }
  },
  "weighted_avg": {
    "precision": 0.9466714585063134,
    "recall": 0.9462831764830284,
    "f1-score": 0.9463451668901828,
    "support": 9457.0
  },
  "micro_avg": {
    "precision": 0.9462831764830284,
    "recall": 0.9462831764830284,
    "f1-score": 0.9462831764830284,
    "support": 9457
  },
  "macro_avg": {
    "precision": 0.9398302557147847,
    "recall": 0.938317900971008,
    "f1-score": 0.9389640231191689,
    "support": 9457.0
  },
  "accuracy": 0.9462831764830284,
  "inference_time_seconds": 4.56181001663208,
  "energy_kwh": 0.00025717426470093537,
  "num_test_samples": 9457
}