{
  "per_class": {
    "age": {
      "precision": 0.9861286254728878,
      "recall": 0.991128010139417,
      "f1-score": 0.988621997471555,
      "support": 1578.0
    },
    "ethnicity": {
      "precision": 0.989926124916051,
      "recall": 0.9859531772575251,
      "f1-score": 0.9879356568364611,
      "support": 1495.0
    },
    "gender": {
      "precision": 0.9306037473976405,
      "recall": 0.8987935656836461,
      "f1-score": 0.9144220934197068,
      "support": 1492.0
    },
    "other_cyberbullying": {
      "precision": 0.859304084720121,
      "recall": 0.9001584786053882,
      "f1-score": 0.8792569659442725,
      "support": 1262.0
    },
    "religion": {
      "precision": 0.9892541087231352,
      "recall": 0.9824231010671689,
      "f1-score": 0.9858267716535433,
      "support": 1593.0
    }
  },
  "weighted_avg": {
    "precision": 0.9548294971665419,
    "recall": 0.954177897574124,
    "f1-score": 0.9543627251521014,
    "support": 7420.0
  },
  "micro_avg": {
    "precision": 0.954177897574124,
    "recall": 0.954177897574124,
    "f1-score": 0.954177897574124,
    "support": 7420
  },
  "macro_avg": {
    "precision": 0.951043338245967,
    "recall": 0.951691266550629,
    "f1-score": 0.9512126970651078,
    "support": 7420.0
  },
  "accuracy": 0.954177897574124,
  "inference_time_seconds": 5.843034982681274,
  "energy_kwh": 0.0003831552783155798,
  "num_test_samples": 7420
}