{
  "per_class": {
    "age": {
      "precision": 0.9856965174129353,
      "recall": 0.990625,
      "f1-score": 0.9881546134663342,
      "support": 1600.0
    },
    "ethnicity": {
      "precision": 0.9942893401015228,
      "recall": 0.979375,
      "f1-score": 0.9867758186397985,
      "support": 1600.0
    },
    "gender": {
      "precision": 0.9106683804627249,
      "recall": 0.8850718301061836,
      "f1-score": 0.897687678175483,
      "support": 1601.0
    },
    "other_cyberbullying": {
      "precision": 0.8615567439096851,
      "recall": 0.905683947532792,
      "f1-score": 0.8830694275274056,
      "support": 1601.0
    },
    "religion": {
      "precision": 0.9930335655478151,
      "recall": 0.98,
      "f1-score": 0.9864737338785782,
      "support": 1600.0
    }
  },
  "weighted_avg": {
    "precision": 0.94903317933265,
    "recall": 0.9481379655086228,
    "f1-score": 0.9484177445395979,
    "support": 8002.0
  },
  "micro_avg": {
    "precision": 0.9481379655086228,
    "recall": 0.9481379655086228,
    "f1-score": 0.9481379655086228,
    "support": 8002
  },
  "macro_avg": {
    "precision": 0.9490489094869368,
    "recall": 0.948151155527795,
    "f1-score": 0.94843225433752,
    "support": 8002.0
  },
  "accuracy": 0.9481379655086228,
  "inference_time_seconds": 1.3991425037384033,
  "energy_kwh": 8.438583708543463e-05,
  "num_test_samples": 8002
}