{
  "per_class": {
    "Cyberstalking": {
      "precision": 0.7457627118644068,
      "recall": 0.7333333333333333,
      "f1-score": 0.7394957983193278,
      "support": 60.0
    },
    "Doxing": {
      "precision": 0.7157894736842105,
      "recall": 0.7727272727272727,
      "f1-score": 0.7431693989071039,
      "support": 88.0
    },
    "Revenge Porn": {
      "precision": 0.7682926829268293,
      "recall": 0.8289473684210527,
      "f1-score": 0.7974683544303798,
      "support": 76.0
    },
    "Sexual Harassment": {
      "precision": 0.8854166666666666,
      "recall": 0.8585858585858586,
      "f1-score": 0.8717948717948718,
      "support": 99.0
    },
    "Slut Shaming": {
      "precision": 0.9666666666666667,
      "recall": 0.8787878787878788,
      "f1-score": 0.9206349206349206,
      "support": 99.0
    }
  },
  "weighted_avg": {
    "precision": 0.8281557590012179,
    "recall": 0.8222748815165877,
    "f1-score": 0.8242341217778272,
    "support": 422.0
  },
  "micro_avg": {
    "precision": 0.8222748815165877,
    "recall": 0.8222748815165877,
    "f1-score": 0.8222748815165877,
    "support": 422
  },
  "macro_avg": {
    "precision": 0.816385640361756,
    "recall": 0.8144763423710792,
    "f1-score": 0.8145126688173207,
    "support": 422.0
  },
  "accuracy": 0.8222748815165877,
  "inference_time_seconds": 0.3172876834869385,
  "energy_kwh": 1.6864102860444253e-05,
  "num_test_samples": 422
}