{
  "per_class": {
    "emotion": {
      "precision": 0.9223697650663942,
      "recall": 0.8976143141153081,
      "f1-score": 0.909823677581864,
      "support": 1006.0
    },
    "hate": {
      "precision": 0.9613853503184714,
      "recall": 0.9534149230161864,
      "f1-score": 0.9573835480673935,
      "support": 2533.0
    },
    "offensive": {
      "precision": 0.9488795518207283,
      "recall": 0.9650997150997151,
      "f1-score": 0.9569209039548022,
      "support": 2808.0
    },
    "religion": {
      "precision": 0.9975938402309913,
      "recall": 0.9995178399228544,
      "f1-score": 0.9985549132947977,
      "support": 2074.0
    },
    "spiritual": {
      "precision": 1.0,
      "recall": 0.997689196995956,
      "f1-score": 0.9988432620011567,
      "support": 1731.0
    }
  },
  "weighted_avg": {
    "precision": 0.9680414186529906,
    "recall": 0.9680851063829787,
    "f1-score": 0.9680230124019463,
    "support": 10152.0
  },
  "micro_avg": {
    "precision": 0.9680851063829787,
    "recall": 0.9680851063829787,
    "f1-score": 0.9680851063829787,
    "support": 10152
  },
  "macro_avg": {
    "precision": 0.966045701487317,
    "recall": 0.962667197830004,
    "f1-score": 0.9643052609800028,
    "support": 10152.0
  },
  "accuracy": 0.9680851063829787,
  "inference_time_seconds": 7.6077656745910645,
  "energy_kwh": 0.00047081127686983654,
  "num_test_samples": 10152
}