{
  "per_class": {
    "age": {
      "precision": 0.9826410415375078,
      "recall": 0.990625,
      "f1-score": 0.9866168689698102,
      "support": 1600.0
    },
    "ethnicity": {
      "precision": 0.9929980903882877,
      "recall": 0.975,
      "f1-score": 0.9839167455061495,
      "support": 1600.0
    },
    "gender": {
      "precision": 0.9067092651757188,
      "recall": 0.8863210493441599,
      "f1-score": 0.8963992419456728,
      "support": 1601.0
    },
    "other_cyberbullying": {
      "precision": 0.8634996993385448,
      "recall": 0.8969394128669581,
      "f1-score": 0.8799019607843137,
      "support": 1601.0
    },
    "religion": {
      "precision": 0.9855345911949686,
      "recall": 0.979375,
      "f1-score": 0.9824451410658307,
      "support": 1600.0
    }
  },
  "weighted_avg": {
    "precision": 0.946261248335486,
    "recall": 0.9456385903524119,
    "f1-score": 0.9458415689124685,
    "support": 8002.0
  },
  "micro_avg": {
    "precision": 0.9456385903524119,
    "recall": 0.9456385903524119,
    "f1-score": 0.9456385903524119,
    "support": 8002
  },
  "macro_avg": {
    "precision": 0.9462765375270056,
    "recall": 0.9456520924422236,
    "f1-score": 0.9458559916543553,
    "support": 8002.0
  },
  "accuracy": 0.9456385903524119,
  "inference_time_seconds": 7.951639652252197,
  "energy_kwh": 0.0004991827923157938,
  "num_test_samples": 8002
}