{
  "per_class": {
    "age": {
      "precision": 0.9917407878017789,
      "recall": 0.989854153455929,
      "f1-score": 0.9907965725166614,
      "support": 1577.0
    },
    "ethnicity": {
      "precision": 0.989926124916051,
      "recall": 0.9826666666666667,
      "f1-score": 0.986283037805286,
      "support": 1500.0
    },
    "gender": {
      "precision": 0.9082384460817147,
      "recall": 0.9100671140939597,
      "f1-score": 0.9091518605430774,
      "support": 1490.0
    },
    "other_cyberbullying": {
      "precision": 0.8618012422360248,
      "recall": 0.8795562599049128,
      "f1-score": 0.8705882352941177,
      "support": 1262.0
    },
    "religion": {
      "precision": 0.9860406091370558,
      "recall": 0.9767441860465116,
      "f1-score": 0.9813703820650458,
      "support": 1591.0
    }
  },
  "weighted_avg": {
    "precision": 0.9512834866897785,
    "recall": 0.9508086253369272,
    "f1-score": 0.9510228644989964,
    "support": 7420.0
  },
  "micro_avg": {
    "precision": 0.9508086253369272,
    "recall": 0.9508086253369272,
    "f1-score": 0.9508086253369272,
    "support": 7420
  },
  "macro_avg": {
    "precision": 0.947549442034525,
    "recall": 0.947777676033596,
    "f1-score": 0.9476380176448377,
    "support": 7420.0
  },
  "accuracy": 0.9508086253369272,
  "inference_time_seconds": 6.28469181060791,
  "energy_kwh": 0.00031865432853740293,
  "num_test_samples": 7420
}