{
  "per_class": {
    "Cyberstalking": {
      "precision": 0.9148936170212766,
      "recall": 0.8269230769230769,
      "f1-score": 0.8686868686868687,
      "support": 52.0
    },
    "Doxing": {
      "precision": 0.8591549295774648,
      "recall": 0.8243243243243243,
      "f1-score": 0.8413793103448276,
      "support": 74.0
    },
    "Revenge Porn": {
      "precision": 0.8285714285714286,
      "recall": 0.8285714285714286,
      "f1-score": 0.8285714285714286,
      "support": 70.0
    },
    "Sexual Harassment": {
      "precision": 0.813953488372093,
      "recall": 0.9090909090909091,
      "f1-score": 0.8588957055214724,
      "support": 77.0
    },
    "Slut Shaming": {
      "precision": 0.9438202247191011,
      "recall": 0.9333333333333333,
      "f1-score": 0.9385474860335196,
      "support": 90.0
    }
  },
  "weighted_avg": {
    "precision": 0.8726451011107687,
    "recall": 0.8705234159779615,
    "f1-score": 0.8706281796292136,
    "support": 363.0
  },
  "micro_avg": {
    "precision": 0.8705234159779615,
    "recall": 0.8705234159779615,
    "f1-score": 0.8705234159779615,
    "support": 363
  },
  "macro_avg": {
    "precision": 0.872078737652273,
    "recall": 0.8644486144486144,
    "f1-score": 0.8672161598316235,
    "support": 363.0
  },
  "accuracy": 0.8705234159779615,
  "inference_time_seconds": 0.29773449897766113,
  "energy_kwh": 1.8616596671773306e-05,
  "num_test_samples": 363
}