{
  "per_class": {
    "emotion": {
      "precision": 0.7553299492385787,
      "recall": 0.8017241379310345,
      "f1-score": 0.777835859905907,
      "support": 928.0
    },
    "hate": {
      "precision": 0.9219194794631964,
      "recall": 0.9363899215200331,
      "f1-score": 0.9290983606557377,
      "support": 2421.0
    },
    "offensive": {
      "precision": 0.8948751642575559,
      "recall": 0.8558860494344366,
      "f1-score": 0.8749464668094219,
      "support": 2387.0
    },
    "religion": {
      "precision": 0.9946051986267779,
      "recall": 0.9995071463775259,
      "f1-score": 0.9970501474926253,
      "support": 2029.0
    },
    "spiritual": {
      "precision": 1.0,
      "recall": 0.9994152046783625,
      "f1-score": 0.999707516817783,
      "support": 1710.0
    }
  },
  "weighted_avg": {
    "precision": 0.928446883141986,
    "recall": 0.9278100263852243,
    "f1-score": 0.9279356863783914,
    "support": 9475.0
  },
  "micro_avg": {
    "precision": 0.9278100263852243,
    "recall": 0.9278100263852243,
    "f1-score": 0.9278100263852243,
    "support": 9475
  },
  "macro_avg": {
    "precision": 0.9133459583172219,
    "recall": 0.9185844919882784,
    "f1-score": 0.915727670336295,
    "support": 9475.0
  },
  "accuracy": 0.9278100263852243,
  "inference_time_seconds": 11.682133197784424,
  "energy_kwh": 0.0006750753962580387,
  "num_test_samples": 9475
}