{
  "per_class": {
    "Cyberstalking": {
      "precision": 0.711864406779661,
      "recall": 0.7368421052631579,
      "f1-score": 0.7241379310344828,
      "support": 57.0
    },
    "Doxing": {
      "precision": 0.8266666666666667,
      "recall": 0.7848101265822784,
      "f1-score": 0.8051948051948052,
      "support": 79.0
    },
    "Revenge Porn": {
      "precision": 0.759493670886076,
      "recall": 0.8571428571428571,
      "f1-score": 0.8053691275167785,
      "support": 70.0
    },
    "Sexual Harassment": {
      "precision": 0.8333333333333334,
      "recall": 0.8536585365853658,
      "f1-score": 0.8433734939759037,
      "support": 82.0
    },
    "Slut Shaming": {
      "precision": 0.95,
      "recall": 0.8539325842696629,
      "f1-score": 0.8994082840236687,
      "support": 89.0
    }
  },
  "weighted_avg": {
    "precision": 0.8274027271842599,
    "recall": 0.8222811671087533,
    "f1-score": 0.8235173856489661,
    "support": 377.0
  },
  "micro_avg": {
    "precision": 0.8222811671087533,
    "recall": 0.8222811671087533,
    "f1-score": 0.8222811671087533,
    "support": 377
  },
  "macro_avg": {
    "precision": 0.8162716155331473,
    "recall": 0.8172772419686645,
    "f1-score": 0.8154967283491278,
    "support": 377.0
  },
  "accuracy": 0.8222811671087533,
  "inference_time_seconds": 0.22707176208496094,
  "energy_kwh": 1.0518967690136008e-05,
  "num_test_samples": 377
}