{
  "per_class": {
    "emotion": {
      "precision": 0.8891566265060241,
      "recall": 0.7859424920127795,
      "f1-score": 0.8343697003957038,
      "support": 939.0
    },
    "hate": {
      "precision": 0.9472140762463344,
      "recall": 0.937007874015748,
      "f1-score": 0.9420833333333334,
      "support": 2413.0
    },
    "offensive": {
      "precision": 0.8821873743466023,
      "recall": 0.928480744815912,
      "f1-score": 0.9047422680412371,
      "support": 2363.0
    },
    "religion": {
      "precision": 0.9941434846266471,
      "recall": 0.9990191270230505,
      "f1-score": 0.9965753424657534,
      "support": 2039.0
    },
    "spiritual": {
      "precision": 0.9982497082847142,
      "recall": 0.9988324576765908,
      "f1-score": 0.9985409979573971,
      "support": 1713.0
    }
  },
  "weighted_avg": {
    "precision": 0.9445668870072916,
    "recall": 0.9444385761064751,
    "f1-score": 0.944031273283515,
    "support": 9467.0
  },
  "micro_avg": {
    "precision": 0.9444385761064751,
    "recall": 0.9444385761064751,
    "f1-score": 0.9444385761064751,
    "support": 9467
  },
  "macro_avg": {
    "precision": 0.9421902540020645,
    "recall": 0.929856539108816,
    "f1-score": 0.935262328438685,
    "support": 9467.0
  },
  "accuracy": 0.9444385761064751,
  "inference_time_seconds": 15.717636585235596,
  "energy_kwh": 0.000989615683422817,
  "num_test_samples": 9467
}