{
  "per_class": {
    "Cyberstalking": {
      "precision": 0.88,
      "recall": 0.7333333333333333,
      "f1-score": 0.8,
      "support": 60.0
    },
    "Doxing": {
      "precision": 0.8674698795180723,
      "recall": 0.8181818181818182,
      "f1-score": 0.8421052631578947,
      "support": 88.0
    },
    "Revenge Porn": {
      "precision": 0.7303370786516854,
      "recall": 0.8552631578947368,
      "f1-score": 0.7878787878787878,
      "support": 76.0
    },
    "Sexual Harassment": {
      "precision": 0.8349514563106796,
      "recall": 0.8686868686868687,
      "f1-score": 0.8514851485148515,
      "support": 99.0
    },
    "Slut Shaming": {
      "precision": 0.9072164948453608,
      "recall": 0.8888888888888888,
      "f1-score": 0.8979591836734694,
      "support": 99.0
    }
  },
  "weighted_avg": {
    "precision": 0.8462502240274086,
    "recall": 0.8412322274881516,
    "f1-score": 0.8416564927093043,
    "support": 422.0
  },
  "micro_avg": {
    "precision": 0.8412322274881516,
    "recall": 0.8412322274881516,
    "f1-score": 0.8412322274881516,
    "support": 422
  },
  "macro_avg": {
    "precision": 0.8439949818651596,
    "recall": 0.8328708133971293,
    "f1-score": 0.8358856766450007,
    "support": 422.0
  },
  "accuracy": 0.8412322274881516,
  "inference_time_seconds": 0.11334538459777832,
  "energy_kwh": 1.7628447996849567e-06,
  "num_test_samples": 422
}