{
  "per_class": {
    "emotion": {
      "precision": 0.8164948453608247,
      "recall": 0.8461538461538461,
      "f1-score": 0.8310598111227702,
      "support": 936.0
    },
    "hate": {
      "precision": 0.9437318990484072,
      "recall": 0.9456882255389718,
      "f1-score": 0.9447090494926486,
      "support": 2412.0
    },
    "offensive": {
      "precision": 0.914570685169124,
      "recall": 0.894022891055532,
      "f1-score": 0.9041800643086817,
      "support": 2359.0
    },
    "religion": {
      "precision": 0.9936647173489279,
      "recall": 1.0,
      "f1-score": 0.9968222928379369,
      "support": 2039.0
    },
    "spiritual": {
      "precision": 0.9982497082847142,
      "recall": 0.9988324576765908,
      "f1-score": 0.9985409979573971,
      "support": 1713.0
    }
  },
  "weighted_avg": {
    "precision": 0.9445054309168659,
    "recall": 0.944285865313458,
    "f1-score": 0.9443379180557072,
    "support": 9459.0
  },
  "micro_avg": {
    "precision": 0.944285865313458,
    "recall": 0.944285865313458,
    "f1-score": 0.944285865313458,
    "support": 9459
  },
  "macro_avg": {
    "precision": 0.9333423710423995,
    "recall": 0.9369394840849882,
    "f1-score": 0.9350624431438869,
    "support": 9459.0
  },
  "accuracy": 0.944285865313458,
  "inference_time_seconds": 4.9616053104400635,
  "energy_kwh": 0.00030166040087458964,
  "num_test_samples": 9459
}