{
  "per_class": {
    "age": {
      "precision": 0.9869321717485999,
      "recall": 0.99125,
      "f1-score": 0.9890863735578422,
      "support": 1600.0
    },
    "ethnicity": {
      "precision": 0.98989898989899,
      "recall": 0.98,
      "f1-score": 0.9849246231155779,
      "support": 1600.0
    },
    "gender": {
      "precision": 0.9250468457214241,
      "recall": 0.9250468457214241,
      "f1-score": 0.9250468457214241,
      "support": 1601.0
    },
    "other_cyberbullying": {
      "precision": 0.9037631091918569,
      "recall": 0.915053091817614,
      "f1-score": 0.909373060211049,
      "support": 1601.0
    },
    "religion": {
      "precision": 0.9918187539332913,
      "recall": 0.985,
      "f1-score": 0.9883976168077767,
      "support": 1600.0
    }
  },
  "weighted_avg": {
    "precision": 0.9594807051669048,
    "recall": 0.9592601849537615,
    "f1-score": 0.9593551675790808,
    "support": 8002.0
  },
  "micro_avg": {
    "precision": 0.9592601849537615,
    "recall": 0.9592601849537615,
    "f1-score": 0.9592601849537615,
    "support": 8002
  },
  "macro_avg": {
    "precision": 0.9594919740988324,
    "recall": 0.9592699875078076,
    "f1-score": 0.959365703882734,
    "support": 8002.0
  },
  "accuracy": 0.9592601849537615,
  "inference_time_seconds": 3.4002931118011475,
  "energy_kwh": 0.00019335340389964507,
  "num_test_samples": 8002
}