{
  "per_class": {
    "age": {
      "precision": 0.9851899549259497,
      "recall": 0.9782608695652174,
      "f1-score": 0.9817131857555341,
      "support": 1564.0
    },
    "ethnicity": {
      "precision": 0.9845430107526881,
      "recall": 0.9871967654986523,
      "f1-score": 0.9858681022880216,
      "support": 1484.0
    },
    "gender": {
      "precision": 0.8914089347079038,
      "recall": 0.8920220082530949,
      "f1-score": 0.8917153661051908,
      "support": 1454.0
    },
    "not_cyberbullying": {
      "precision": 0.6572187776793623,
      "recall": 0.6106995884773663,
      "f1-score": 0.6331058020477816,
      "support": 1215.0
    },
    "other_cyberbullying": {
      "precision": 0.6133584195672624,
      "recall": 0.6653061224489796,
      "f1-score": 0.6382770435633872,
      "support": 980.0
    },
    "religion": {
      "precision": 0.9610552763819096,
      "recall": 0.9665192672141504,
      "f1-score": 0.9637795275590552,
      "support": 1583.0
    }
  },
  "weighted_avg": {
    "precision": 0.8718562895042719,
    "recall": 0.8714975845410629,
    "f1-score": 0.8714226899686214,
    "support": 8280.0
  },
  "micro_avg": {
    "precision": 0.8714975845410629,
    "recall": 0.8714975845410629,
    "f1-score": 0.8714975845410629,
    "support": 8280
  },
  "macro_avg": {
    "precision": 0.8487957290025127,
    "recall": 0.8500007702429101,
    "f1-score": 0.8490765045531616,
    "support": 8280.0
  },
  "accuracy": 0.8714975845410629,
  "inference_time_seconds": 6.758635997772217,
  "energy_kwh": 0.0004103892638107577,
  "num_test_samples": 8280
}