{
  "per_class": {
    "age": {
      "precision": 0.9900249376558603,
      "recall": 0.9925,
      "f1-score": 0.9912609238451935,
      "support": 1600.0
    },
    "ethnicity": {
      "precision": 0.9936748893105629,
      "recall": 0.981875,
      "f1-score": 0.9877397044954417,
      "support": 1600.0
    },
    "gender": {
      "precision": 0.9197994987468672,
      "recall": 0.9169269206745784,
      "f1-score": 0.9183609634031905,
      "support": 1601.0
    },
    "other_cyberbullying": {
      "precision": 0.8973570989551322,
      "recall": 0.9119300437226733,
      "f1-score": 0.9045848822800495,
      "support": 1601.0
    },
    "religion": {
      "precision": 0.9918444165621079,
      "recall": 0.988125,
      "f1-score": 0.9899812147777082,
      "support": 1600.0
    }
  },
  "weighted_avg": {
    "precision": 0.9585276809005938,
    "recall": 0.9582604348912772,
    "f1-score": 0.9583738125378928,
    "support": 8002.0
  },
  "micro_avg": {
    "precision": 0.9582604348912772,
    "recall": 0.9582604348912772,
    "f1-score": 0.9582604348912772,
    "support": 8002
  },
  "macro_avg": {
    "precision": 0.9585401682461061,
    "recall": 0.9582713928794504,
    "f1-score": 0.9583855377603167,
    "support": 8002.0
  },
  "accuracy": 0.9582604348912772,
  "inference_time_seconds": 2.7831878662109375,
  "energy_kwh": 0.00018966253430263027,
  "num_test_samples": 8002
}