{
  "per_class": {
    "Cyberstalking": {
      "precision": 0.8032786885245902,
      "recall": 0.8166666666666667,
      "f1-score": 0.8099173553719008,
      "support": 60.0
    },
    "Doxing": {
      "precision": 0.8470588235294118,
      "recall": 0.8181818181818182,
      "f1-score": 0.8323699421965318,
      "support": 88.0
    },
    "Revenge Porn": {
      "precision": 0.8125,
      "recall": 0.8552631578947368,
      "f1-score": 0.8333333333333334,
      "support": 76.0
    },
    "Sexual Harassment": {
      "precision": 0.8529411764705882,
      "recall": 0.8787878787878788,
      "f1-score": 0.8656716417910447,
      "support": 99.0
    },
    "Slut Shaming": {
      "precision": 0.9574468085106383,
      "recall": 0.9090909090909091,
      "f1-score": 0.9326424870466321,
      "support": 99.0
    }
  },
  "weighted_avg": {
    "precision": 0.8618869864815286,
    "recall": 0.8601895734597157,
    "f1-score": 0.8606872709096497,
    "support": 422.0
  },
  "micro_avg": {
    "precision": 0.8601895734597157,
    "recall": 0.8601895734597157,
    "f1-score": 0.8601895734597157,
    "support": 422
  },
  "macro_avg": {
    "precision": 0.8546450994070456,
    "recall": 0.8555980861244018,
    "f1-score": 0.8547869519478886,
    "support": 422.0
  },
  "accuracy": 0.8601895734597157,
  "inference_time_seconds": 0.21623992919921875,
  "energy_kwh": 7.64058175148403e-06,
  "num_test_samples": 422
}