{
  "per_class": {
    "Cyberstalking": {
      "precision": 0.8,
      "recall": 0.8,
      "f1-score": 0.8,
      "support": 60.0
    },
    "Doxing": {
      "precision": 0.8481012658227848,
      "recall": 0.7613636363636364,
      "f1-score": 0.8023952095808383,
      "support": 88.0
    },
    "Revenge Porn": {
      "precision": 0.8513513513513513,
      "recall": 0.8289473684210527,
      "f1-score": 0.84,
      "support": 76.0
    },
    "Sexual Harassment": {
      "precision": 0.8198198198198198,
      "recall": 0.9191919191919192,
      "f1-score": 0.8666666666666667,
      "support": 99.0
    },
    "Slut Shaming": {
      "precision": 0.9285714285714286,
      "recall": 0.9191919191919192,
      "f1-score": 0.9238578680203046,
      "support": 99.0
    }
  },
  "weighted_avg": {
    "precision": 0.8540908712934631,
    "recall": 0.8530805687203792,
    "f1-score": 0.8523997805145116,
    "support": 422.0
  },
  "micro_avg": {
    "precision": 0.8530805687203792,
    "recall": 0.8530805687203792,
    "f1-score": 0.8530805687203792,
    "support": 422
  },
  "macro_avg": {
    "precision": 0.8495687731130769,
    "recall": 0.8457389686337056,
    "f1-score": 0.846583948853562,
    "support": 422.0
  },
  "accuracy": 0.8530805687203792,
  "inference_time_seconds": 0.31856250762939453,
  "energy_kwh": 1.7576954519321957e-05,
  "num_test_samples": 422
}