{
  "per_class": {
    "emotion": {
      "precision": 0.8972055888223552,
      "recall": 0.8936381709741551,
      "f1-score": 0.8954183266932271,
      "support": 1006.0
    },
    "hate": {
      "precision": 0.9660079051383399,
      "recall": 0.9648637978681406,
      "f1-score": 0.9654355125419711,
      "support": 2533.0
    },
    "offensive": {
      "precision": 0.9601848560255954,
      "recall": 0.9618945868945868,
      "f1-score": 0.961038961038961,
      "support": 2808.0
    },
    "religion": {
      "precision": 0.9980750721847931,
      "recall": 1.0,
      "f1-score": 0.9990366088631984,
      "support": 2074.0
    },
    "spiritual": {
      "precision": 1.0,
      "recall": 0.998844598497978,
      "f1-score": 0.999421965317919,
      "support": 1731.0
    }
  },
  "weighted_avg": {
    "precision": 0.9699264796593615,
    "recall": 0.969956658786446,
    "f1-score": 0.9699406758537423,
    "support": 10152.0
  },
  "micro_avg": {
    "precision": 0.969956658786446,
    "recall": 0.969956658786446,
    "f1-score": 0.969956658786446,
    "support": 10152
  },
  "macro_avg": {
    "precision": 0.9642946844342168,
    "recall": 0.963848230846972,
    "f1-score": 0.9640702748910555,
    "support": 10152.0
  },
  "accuracy": 0.969956658786446,
  "inference_time_seconds": 3.6565704345703125,
  "energy_kwh": 0.00022306091601280355,
  "num_test_samples": 10152
}