{
  "per_class": {
    "emotion": {
      "precision": 0.8186226964112512,
      "recall": 0.8389662027833003,
      "f1-score": 0.8286696121747669,
      "support": 1006.0
    },
    "hate": {
      "precision": 0.9459023011707711,
      "recall": 0.9249901302803001,
      "f1-score": 0.9353293413173652,
      "support": 2533.0
    },
    "offensive": {
      "precision": 0.9002123142250531,
      "recall": 0.905982905982906,
      "f1-score": 0.9030883919062833,
      "support": 2808.0
    },
    "religion": {
      "precision": 0.9928195308760173,
      "recall": 1.0,
      "f1-score": 0.9963968292097045,
      "support": 2074.0
    },
    "spiritual": {
      "precision": 1.0,
      "recall": 0.998844598497978,
      "f1-score": 0.999421965317919,
      "support": 1731.0
    }
  },
  "weighted_avg": {
    "precision": 0.9394610763234919,
    "recall": 0.9391252955082743,
    "f1-score": 0.9392464048092779,
    "support": 10152.0
  },
  "micro_avg": {
    "precision": 0.9391252955082743,
    "recall": 0.9391252955082743,
    "f1-score": 0.9391252955082743,
    "support": 10152
  },
  "macro_avg": {
    "precision": 0.9315113685366185,
    "recall": 0.9337567675088969,
    "f1-score": 0.9325812279852077,
    "support": 10152.0
  },
  "accuracy": 0.9391252955082743,
  "inference_time_seconds": 3.2637736797332764,
  "energy_kwh": 0.00021995179123058525,
  "num_test_samples": 10152
}