{
  "per_class": {
    "age": {
      "precision": 0.9836375078665828,
      "recall": 0.9898670044331855,
      "f1-score": 0.9867424242424242,
      "support": 1579.0
    },
    "ethnicity": {
      "precision": 0.991869918699187,
      "recall": 0.9812332439678284,
      "f1-score": 0.9865229110512129,
      "support": 1492.0
    },
    "gender": {
      "precision": 0.9291174426685198,
      "recall": 0.9009433962264151,
      "f1-score": 0.9148135477249402,
      "support": 1484.0
    },
    "other_cyberbullying": {
      "precision": 0.8628787878787879,
      "recall": 0.9054054054054054,
      "f1-score": 0.8836307214895268,
      "support": 1258.0
    },
    "religion": {
      "precision": 0.9879974731522426,
      "recall": 0.9811794228356336,
      "f1-score": 0.9845766446333019,
      "support": 1594.0
    }
  },
  "weighted_avg": {
    "precision": 0.9548013117182118,
    "recall": 0.9540974753611449,
    "f1-score": 0.9543086803254107,
    "support": 7407.0
  },
  "micro_avg": {
    "precision": 0.9540974753611449,
    "recall": 0.9540974753611449,
    "f1-score": 0.9540974753611449,
    "support": 7407
  },
  "macro_avg": {
    "precision": 0.951100226053064,
    "recall": 0.9517256945736936,
    "f1-score": 0.9512572498282813,
    "support": 7407.0
  },
  "accuracy": 0.9540974753611449,
  "inference_time_seconds": 5.444672107696533,
  "energy_kwh": 0.0003571716116273979,
  "num_test_samples": 7407
}