{
  "per_class": {
    "emotion": {
      "precision": 0.7990867579908676,
      "recall": 0.8697813121272365,
      "f1-score": 0.8329366968110423,
      "support": 1006.0
    },
    "hate": {
      "precision": 0.9505813953488372,
      "recall": 0.9036715357283853,
      "f1-score": 0.9265330904675168,
      "support": 2533.0
    },
    "offensive": {
      "precision": 0.9114326040931545,
      "recall": 0.9198717948717948,
      "f1-score": 0.9156327543424317,
      "support": 2808.0
    },
    "religion": {
      "precision": 0.9942473633748802,
      "recall": 1.0,
      "f1-score": 0.9971153846153846,
      "support": 2074.0
    },
    "spiritual": {
      "precision": 0.9994216310005783,
      "recall": 0.9982668977469671,
      "f1-score": 0.9988439306358381,
      "support": 1731.0
    }
  },
  "weighted_avg": {
    "precision": 0.9419892218432326,
    "recall": 0.9406028368794326,
    "f1-score": 0.9409924705439934,
    "support": 10152.0
  },
  "micro_avg": {
    "precision": 0.9406028368794326,
    "recall": 0.9406028368794326,
    "f1-score": 0.9406028368794326,
    "support": 10152
  },
  "macro_avg": {
    "precision": 0.9309539503616635,
    "recall": 0.9383183080948768,
    "f1-score": 0.9342123713744428,
    "support": 10152.0
  },
  "accuracy": 0.9406028368794326,
  "inference_time_seconds": 5.787633657455444,
  "energy_kwh": 0.0003512514273994561,
  "num_test_samples": 10152
}