{
  "per_class": {
    "emotion": {
      "precision": 0.8465346534653465,
      "recall": 0.8499005964214712,
      "f1-score": 0.8482142857142857,
      "support": 1006.0
    },
    "hate": {
      "precision": 0.9466776045939295,
      "recall": 0.9111725227003553,
      "f1-score": 0.9285857976262322,
      "support": 2533.0
    },
    "offensive": {
      "precision": 0.9066067104808024,
      "recall": 0.9334045584045584,
      "f1-score": 0.9198104930689595,
      "support": 2808.0
    },
    "religion": {
      "precision": 0.9942390782525204,
      "recall": 0.9985535197685632,
      "f1-score": 0.9963916285783017,
      "support": 2074.0
    },
    "spiritual": {
      "precision": 0.999421965317919,
      "recall": 0.998844598497978,
      "f1-score": 0.9991331984975441,
      "support": 1731.0
    }
  },
  "weighted_avg": {
    "precision": 0.9443805306455576,
    "recall": 0.9440504334121356,
    "f1-score": 0.9440755580796003,
    "support": 10152.0
  },
  "micro_avg": {
    "precision": 0.9440504334121356,
    "recall": 0.9440504334121356,
    "f1-score": 0.9440504334121356,
    "support": 10152
  },
  "macro_avg": {
    "precision": 0.9386960024221036,
    "recall": 0.9383751591585853,
    "f1-score": 0.9384270806970646,
    "support": 10152.0
  },
  "accuracy": 0.9440504334121356,
  "inference_time_seconds": 5.292242527008057,
  "energy_kwh": 0.00032006926008751736,
  "num_test_samples": 10152
}