{
  "per_class": {
    "age": {
      "precision": 0.9833226427196922,
      "recall": 0.9801790281329923,
      "f1-score": 0.9817483189241114,
      "support": 1564.0
    },
    "ethnicity": {
      "precision": 0.9811827956989247,
      "recall": 0.9818426361802286,
      "f1-score": 0.9815126050420168,
      "support": 1487.0
    },
    "gender": {
      "precision": 0.900278940027894,
      "recall": 0.8872852233676976,
      "f1-score": 0.8937348563516788,
      "support": 1455.0
    },
    "not_cyberbullying": {
      "precision": 0.6387478849407784,
      "recall": 0.6213991769547325,
      "f1-score": 0.6299541093032958,
      "support": 1215.0
    },
    "other_cyberbullying": {
      "precision": 0.6098039215686275,
      "recall": 0.6334012219959266,
      "f1-score": 0.6213786213786214,
      "support": 982.0
    },
    "religion": {
      "precision": 0.9557080474111042,
      "recall": 0.9677826910928616,
      "f1-score": 0.9617074701820465,
      "support": 1583.0
    }
  },
  "weighted_avg": {
    "precision": 0.8682878660866162,
    "recall": 0.86809075549119,
    "f1-score": 0.8681292306036655,
    "support": 8286.0
  },
  "micro_avg": {
    "precision": 0.86809075549119,
    "recall": 0.86809075549119,
    "f1-score": 0.86809075549119,
    "support": 8286
  },
  "macro_avg": {
    "precision": 0.8448407053945034,
    "recall": 0.8453149962874066,
    "f1-score": 0.8450059968636285,
    "support": 8286.0
  },
  "accuracy": 0.86809075549119,
  "inference_time_seconds": 2.9366629123687744,
  "energy_kwh": 1.0641556644638719e-06,
  "num_test_samples": 8286
}