{
  "per_class": {
    "age": {
      "precision": 0.987546699875467,
      "recall": 0.99125,
      "f1-score": 0.9893948845913911,
      "support": 1600.0
    },
    "ethnicity": {
      "precision": 0.9918136020151134,
      "recall": 0.984375,
      "f1-score": 0.9880803011292346,
      "support": 1600.0
    },
    "gender": {
      "precision": 0.9116883116883117,
      "recall": 0.876951905059338,
      "f1-score": 0.8939828080229226,
      "support": 1601.0
    },
    "other_cyberbullying": {
      "precision": 0.8618421052631579,
      "recall": 0.9000624609618988,
      "f1-score": 0.8805377329666972,
      "support": 1601.0
    },
    "religion": {
      "precision": 0.9862155388471178,
      "recall": 0.98375,
      "f1-score": 0.9849812265331664,
      "support": 1600.0
    }
  },
  "weighted_avg": {
    "precision": 0.947805991342117,
    "recall": 0.9472631842039491,
    "f1-score": 0.9473803606261497,
    "support": 8002.0
  },
  "micro_avg": {
    "precision": 0.9472631842039491,
    "recall": 0.9472631842039491,
    "f1-score": 0.9472631842039491,
    "support": 8002
  },
  "macro_avg": {
    "precision": 0.9478212515378337,
    "recall": 0.9472778732042473,
    "f1-score": 0.9473953906486825,
    "support": 8002.0
  },
  "accuracy": 0.9472631842039491,
  "inference_time_seconds": 2.129791498184204,
  "energy_kwh": 0.00013075883047579672,
  "num_test_samples": 8002
}