{
  "per_class": {
    "Cyberstalking": {
      "precision": 0.7241379310344828,
      "recall": 0.7368421052631579,
      "f1-score": 0.7304347826086957,
      "support": 57.0
    },
    "Doxing": {
      "precision": 0.8405797101449275,
      "recall": 0.7341772151898734,
      "f1-score": 0.7837837837837838,
      "support": 79.0
    },
    "Revenge Porn": {
      "precision": 0.6962025316455697,
      "recall": 0.7746478873239436,
      "f1-score": 0.7333333333333333,
      "support": 71.0
    },
    "Sexual Harassment": {
      "precision": 0.8255813953488372,
      "recall": 0.8658536585365854,
      "f1-score": 0.8452380952380952,
      "support": 82.0
    },
    "Slut Shaming": {
      "precision": 0.8837209302325582,
      "recall": 0.8539325842696629,
      "f1-score": 0.8685714285714285,
      "support": 89.0
    }
  },
  "weighted_avg": {
    "precision": 0.8028065505993455,
    "recall": 0.798941798941799,
    "f1-score": 0.7995575374250322,
    "support": 378.0
  },
  "micro_avg": {
    "precision": 0.798941798941799,
    "recall": 0.798941798941799,
    "f1-score": 0.798941798941799,
    "support": 378
  },
  "macro_avg": {
    "precision": 0.7940444996812751,
    "recall": 0.7930906901166446,
    "f1-score": 0.7922722847070673,
    "support": 378.0
  },
  "accuracy": 0.798941798941799,
  "inference_time_seconds": 0.3667140007019043,
  "energy_kwh": 2.4234973083043724e-05,
  "num_test_samples": 378
}