{
  "per_class": {
    "emotion": {
      "precision": 0.8961424332344213,
      "recall": 0.9005964214711729,
      "f1-score": 0.8983639067922657,
      "support": 1006.0
    },
    "hate": {
      "precision": 0.9739060618225612,
      "recall": 0.957757599684169,
      "f1-score": 0.9657643312101911,
      "support": 2533.0
    },
    "offensive": {
      "precision": 0.9542414642731433,
      "recall": 0.9654558404558404,
      "f1-score": 0.9598158966188706,
      "support": 2808.0
    },
    "religion": {
      "precision": 0.9966362325804902,
      "recall": 1.0,
      "f1-score": 0.9983152827918171,
      "support": 2074.0
    },
    "spiritual": {
      "precision": 1.0,
      "recall": 0.9982668977469671,
      "f1-score": 0.9991326973113617,
      "support": 1731.0
    }
  },
  "weighted_avg": {
    "precision": 0.96985391257696,
    "recall": 0.9697596532702916,
    "f1-score": 0.9697796271129253,
    "support": 10152.0
  },
  "micro_avg": {
    "precision": 0.9697596532702916,
    "recall": 0.9697596532702916,
    "f1-score": 0.9697596532702916,
    "support": 10152
  },
  "macro_avg": {
    "precision": 0.9641852383821231,
    "recall": 0.9644153518716297,
    "f1-score": 0.9642784229449013,
    "support": 10152.0
  },
  "accuracy": 0.9697596532702916,
  "inference_time_seconds": 2.527590274810791,
  "energy_kwh": 0.00014417814987665307,
  "num_test_samples": 10152
}