{
  "per_class": {
    "emotion": {
      "precision": 0.8412537917087968,
      "recall": 0.827037773359841,
      "f1-score": 0.8340852130325814,
      "support": 1006.0
    },
    "hate": {
      "precision": 0.949979499794998,
      "recall": 0.9147256217923411,
      "f1-score": 0.9320193081255028,
      "support": 2533.0
    },
    "offensive": {
      "precision": 0.8883928571428571,
      "recall": 0.9212962962962963,
      "f1-score": 0.9045454545454545,
      "support": 2808.0
    },
    "religion": {
      "precision": 0.9942418426103646,
      "recall": 0.9990356798457087,
      "f1-score": 0.9966329966329966,
      "support": 2074.0
    },
    "spiritual": {
      "precision": 1.0,
      "recall": 0.9982668977469671,
      "f1-score": 0.9991326973113617,
      "support": 1731.0
    }
  },
  "weighted_avg": {
    "precision": 0.9397423278044541,
    "recall": 0.9393223010244287,
    "f1-score": 0.9393591215739868,
    "support": 10152.0
  },
  "micro_avg": {
    "precision": 0.9393223010244287,
    "recall": 0.9393223010244287,
    "f1-score": 0.9393223010244287,
    "support": 10152
  },
  "macro_avg": {
    "precision": 0.9347735982514033,
    "recall": 0.932072453808231,
    "f1-score": 0.9332831339295794,
    "support": 10152.0
  },
  "accuracy": 0.9393223010244287,
  "inference_time_seconds": 8.370716094970703,
  "energy_kwh": 0.00042902976914990754,
  "num_test_samples": 10152
}