{
  "per_class": {
    "age": {
      "precision": 0.9881693648816936,
      "recall": 0.991875,
      "f1-score": 0.9900187149095446,
      "support": 1600.0
    },
    "ethnicity": {
      "precision": 0.986198243412798,
      "recall": 0.9825,
      "f1-score": 0.9843456480901691,
      "support": 1600.0
    },
    "gender": {
      "precision": 0.9325153374233128,
      "recall": 0.8544659587757651,
      "f1-score": 0.8917861799217731,
      "support": 1601.0
    },
    "other_cyberbullying": {
      "precision": 0.8470859780727062,
      "recall": 0.9169269206745784,
      "f1-score": 0.880623875224955,
      "support": 1601.0
    },
    "religion": {
      "precision": 0.9843945068664169,
      "recall": 0.985625,
      "f1-score": 0.9850093691442848,
      "support": 1600.0
    }
  },
  "weighted_avg": {
    "precision": 0.9476582217403875,
    "recall": 0.9462634341414646,
    "f1-score": 0.9463417232842176,
    "support": 8002.0
  },
  "micro_avg": {
    "precision": 0.9462634341414646,
    "recall": 0.9462634341414646,
    "f1-score": 0.9462634341414646,
    "support": 8002
  },
  "macro_avg": {
    "precision": 0.9476726861313856,
    "recall": 0.9462785758900687,
    "f1-score": 0.9463567574581454,
    "support": 8002.0
  },
  "accuracy": 0.9462634341414646,
  "inference_time_seconds": 10.424726009368896,
  "energy_kwh": 0.0005762240232401851,
  "num_test_samples": 8002
}