{
  "per_class": {
    "age": {
      "precision": 0.9802169751116784,
      "recall": 0.982725527831094,
      "f1-score": 0.9814696485623003,
      "support": 1563.0
    },
    "ethnicity": {
      "precision": 0.9753168779186124,
      "recall": 0.98583951449764,
      "f1-score": 0.9805499664654594,
      "support": 1483.0
    },
    "gender": {
      "precision": 0.8977591036414566,
      "recall": 0.8798901853122855,
      "f1-score": 0.888734835355286,
      "support": 1457.0
    },
    "not_cyberbullying": {
      "precision": 0.6463742166517458,
      "recall": 0.5957095709570958,
      "f1-score": 0.6200085873765565,
      "support": 1212.0
    },
    "other_cyberbullying": {
      "precision": 0.6075367647058824,
      "recall": 0.6724313326551373,
      "f1-score": 0.6383389666827619,
      "support": 983.0
    },
    "religion": {
      "precision": 0.9658875552747946,
      "recall": 0.9652777777777778,
      "f1-score": 0.9655825702557626,
      "support": 1584.0
    }
  },
  "weighted_avg": {
    "precision": 0.8690037616398855,
    "recall": 0.8683892779521855,
    "f1-score": 0.8683288721949376,
    "support": 8282.0
  },
  "micro_avg": {
    "precision": 0.8683892779521855,
    "recall": 0.8683892779521855,
    "f1-score": 0.8683892779521855,
    "support": 8282
  },
  "macro_avg": {
    "precision": 0.8455152488840283,
    "recall": 0.846978984838505,
    "f1-score": 0.8457807624496878,
    "support": 8282.0
  },
  "accuracy": 0.8683892779521855,
  "inference_time_seconds": 1.6042399406433105,
  "energy_kwh": 9.457011991562142e-05,
  "num_test_samples": 8282
}