{
  "per_class": {
    "Cyberstalking": {
      "precision": 0.7230769230769231,
      "recall": 0.7833333333333333,
      "f1-score": 0.752,
      "support": 60.0
    },
    "Doxing": {
      "precision": 0.7931034482758621,
      "recall": 0.7840909090909091,
      "f1-score": 0.7885714285714286,
      "support": 88.0
    },
    "Revenge Porn": {
      "precision": 0.7837837837837838,
      "recall": 0.7631578947368421,
      "f1-score": 0.7733333333333333,
      "support": 76.0
    },
    "Sexual Harassment": {
      "precision": 0.84,
      "recall": 0.8484848484848485,
      "f1-score": 0.8442211055276382,
      "support": 99.0
    },
    "Slut Shaming": {
      "precision": 0.9166666666666666,
      "recall": 0.8888888888888888,
      "f1-score": 0.9025641025641026,
      "support": 99.0
    }
  },
  "weighted_avg": {
    "precision": 0.8214580246456371,
    "recall": 0.8199052132701422,
    "f1-score": 0.8204250110158801,
    "support": 422.0
  },
  "micro_avg": {
    "precision": 0.8199052132701422,
    "recall": 0.8199052132701422,
    "f1-score": 0.8199052132701422,
    "support": 422
  },
  "macro_avg": {
    "precision": 0.8113261643606471,
    "recall": 0.8135911749069644,
    "f1-score": 0.8121379939993005,
    "support": 422.0
  },
  "accuracy": 0.8199052132701422,
  "inference_time_seconds": 0.15615391731262207,
  "energy_kwh": 7.475236479817978e-06,
  "num_test_samples": 422
}