{
  "per_class": {
    "age": {
      "precision": 0.9886003799873337,
      "recall": 0.9904822335025381,
      "f1-score": 0.989540412044374,
      "support": 1576.0
    },
    "ethnicity": {
      "precision": 0.9892617449664429,
      "recall": 0.9852941176470589,
      "f1-score": 0.9872739450770261,
      "support": 1496.0
    },
    "gender": {
      "precision": 0.923448275862069,
      "recall": 0.8992612491605104,
      "f1-score": 0.9111942837699898,
      "support": 1489.0
    },
    "other_cyberbullying": {
      "precision": 0.8598484848484849,
      "recall": 0.8951104100946372,
      "f1-score": 0.8771251931993818,
      "support": 1268.0
    },
    "religion": {
      "precision": 0.9873657612128869,
      "recall": 0.9811676082862524,
      "f1-score": 0.9842569269521411,
      "support": 1593.0
    }
  },
  "weighted_avg": {
    "precision": 0.9534014805293002,
    "recall": 0.9528428994880086,
    "f1-score": 0.9530263849854831,
    "support": 7422.0
  },
  "micro_avg": {
    "precision": 0.9528428994880086,
    "recall": 0.9528428994880086,
    "f1-score": 0.9528428994880086,
    "support": 7422
  },
  "macro_avg": {
    "precision": 0.9497049293754435,
    "recall": 0.9502631237381994,
    "f1-score": 0.9498781522085824,
    "support": 7422.0
  },
  "accuracy": 0.9528428994880086,
  "inference_time_seconds": 3.1492929458618164,
  "energy_kwh": 0.0001790167000378441,
  "num_test_samples": 7422
}