{
  "per_class": {
    "age": {
      "precision": 0.9797852179406191,
      "recall": 0.9835129993658845,
      "f1-score": 0.9816455696202532,
      "support": 1577.0
    },
    "ethnicity": {
      "precision": 0.9945392491467577,
      "recall": 0.9791666666666666,
      "f1-score": 0.9867930917710802,
      "support": 1488.0
    },
    "gender": {
      "precision": 0.9365558912386707,
      "recall": 0.8418194161575017,
      "f1-score": 0.8866642831605291,
      "support": 1473.0
    },
    "not_cyberbullying": {
      "precision": 0.611764705882353,
      "recall": 0.5619285120532004,
      "f1-score": 0.58578856152513,
      "support": 1203.0
    },
    "other_cyberbullying": {
      "precision": 0.6086079354404842,
      "recall": 0.7485525227460711,
      "f1-score": 0.6713649851632048,
      "support": 1209.0
    },
    "religion": {
      "precision": 0.9613434727503168,
      "recall": 0.9528894472361809,
      "f1-score": 0.9570977917981073,
      "support": 1592.0
    }
  },
  "weighted_avg": {
    "precision": 0.867099187890402,
    "recall": 0.8599859517677358,
    "f1-score": 0.8619226485672675,
    "support": 8542.0
  },
  "micro_avg": {
    "precision": 0.8599859517677358,
    "recall": 0.8599859517677358,
    "f1-score": 0.8599859517677358,
    "support": 8542
  },
  "macro_avg": {
    "precision": 0.8487660787332002,
    "recall": 0.8446449273709176,
    "f1-score": 0.844892380506384,
    "support": 8542.0
  },
  "accuracy": 0.8599859517677358,
  "inference_time_seconds": 6.479989767074585,
  "energy_kwh": 0.0004041407673006207,
  "num_test_samples": 8542
}