{
  "per_class": {
    "age": {
      "precision": 0.9857142857142858,
      "recall": 0.991875,
      "f1-score": 0.9887850467289719,
      "support": 1600.0
    },
    "ethnicity": {
      "precision": 0.9892063492063492,
      "recall": 0.97375,
      "f1-score": 0.9814173228346457,
      "support": 1600.0
    },
    "gender": {
      "precision": 0.9259510869565217,
      "recall": 0.8513429106808245,
      "f1-score": 0.8870810283110967,
      "support": 1601.0
    },
    "other_cyberbullying": {
      "precision": 0.8388025331030512,
      "recall": 0.910056214865709,
      "f1-score": 0.8729778310365488,
      "support": 1601.0
    },
    "religion": {
      "precision": 0.9751243781094527,
      "recall": 0.98,
      "f1-score": 0.9775561097256857,
      "support": 1600.0
    }
  },
  "weighted_avg": {
    "precision": 0.9429445846742709,
    "recall": 0.9413896525868533,
    "f1-score": 0.9415480880627926,
    "support": 8002.0
  },
  "micro_avg": {
    "precision": 0.9413896525868533,
    "recall": 0.9413896525868533,
    "f1-score": 0.9413896525868533,
    "support": 8002
  },
  "macro_avg": {
    "precision": 0.9429597266179321,
    "recall": 0.9414048251093068,
    "f1-score": 0.9415634677273896,
    "support": 8002.0
  },
  "accuracy": 0.9413896525868533,
  "inference_time_seconds": 8.449198722839355,
  "energy_kwh": 0.0004480341829931119,
  "num_test_samples": 8002
}