{
  "per_class": {
    "emotion": {
      "precision": 0.8392461197339246,
      "recall": 0.8157327586206896,
      "f1-score": 0.8273224043715847,
      "support": 928.0
    },
    "hate": {
      "precision": 0.9296116504854369,
      "recall": 0.948019801980198,
      "f1-score": 0.9387254901960784,
      "support": 2424.0
    },
    "offensive": {
      "precision": 0.9098256061250531,
      "recall": 0.8964794635373009,
      "f1-score": 0.9031032298923369,
      "support": 2386.0
    },
    "religion": {
      "precision": 0.9950908198330879,
      "recall": 0.9995069033530573,
      "f1-score": 0.9972939729397294,
      "support": 2028.0
    },
    "spiritual": {
      "precision": 0.9964994165694282,
      "recall": 0.9988304093567252,
      "f1-score": 0.9976635514018691,
      "support": 1710.0
    }
  },
  "weighted_avg": {
    "precision": 0.9418637738559922,
    "recall": 0.9422752216124948,
    "f1-score": 0.942016350362411,
    "support": 9476.0
  },
  "micro_avg": {
    "precision": 0.9422752216124948,
    "recall": 0.9422752216124948,
    "f1-score": 0.9422752216124948,
    "support": 9476
  },
  "macro_avg": {
    "precision": 0.934054722549386,
    "recall": 0.9317138673695942,
    "f1-score": 0.9328217297603197,
    "support": 9476.0
  },
  "accuracy": 0.9422752216124948,
  "inference_time_seconds": 7.565999269485474,
  "energy_kwh": 0.0004339214975541179,
  "num_test_samples": 9476
}