{
  "per_class": {
    "Cyberstalking": {
      "precision": 0.6515151515151515,
      "recall": 0.7166666666666667,
      "f1-score": 0.6825396825396826,
      "support": 60.0
    },
    "Doxing": {
      "precision": 0.7604166666666666,
      "recall": 0.8295454545454546,
      "f1-score": 0.7934782608695652,
      "support": 88.0
    },
    "Revenge Porn": {
      "precision": 0.8591549295774648,
      "recall": 0.8026315789473685,
      "f1-score": 0.8299319727891157,
      "support": 76.0
    },
    "Sexual Harassment": {
      "precision": 0.865979381443299,
      "recall": 0.8484848484848485,
      "f1-score": 0.8571428571428571,
      "support": 99.0
    },
    "Slut Shaming": {
      "precision": 0.9347826086956522,
      "recall": 0.8686868686868687,
      "f1-score": 0.900523560209424,
      "support": 99.0
    }
  },
  "weighted_avg": {
    "precision": 0.8283857522019413,
    "recall": 0.8222748815165877,
    "f1-score": 0.8243181828406428,
    "support": 422.0
  },
  "micro_avg": {
    "precision": 0.8222748815165877,
    "recall": 0.8222748815165877,
    "f1-score": 0.8222748815165877,
    "support": 422
  },
  "macro_avg": {
    "precision": 0.8143697475796469,
    "recall": 0.8132030834662414,
    "f1-score": 0.812723266710129,
    "support": 422.0
  },
  "accuracy": 0.8222748815165877,
  "inference_time_seconds": 0.3164224624633789,
  "energy_kwh": 1.9908021001578247e-05,
  "num_test_samples": 422
}