{
  "per_class": {
    "age": {
      "precision": 0.9845009299442034,
      "recall": 0.9925,
      "f1-score": 0.9884842826019297,
      "support": 1600.0
    },
    "ethnicity": {
      "precision": 0.9936948297604036,
      "recall": 0.985,
      "f1-score": 0.9893283113622097,
      "support": 1600.0
    },
    "gender": {
      "precision": 0.9175891758917589,
      "recall": 0.9319175515302935,
      "f1-score": 0.9246978617911373,
      "support": 1601.0
    },
    "other_cyberbullying": {
      "precision": 0.9163522012578617,
      "recall": 0.910056214865709,
      "f1-score": 0.9131933563146349,
      "support": 1601.0
    },
    "religion": {
      "precision": 0.9949590422180214,
      "recall": 0.986875,
      "f1-score": 0.9909005334170066,
      "support": 1600.0
    }
  },
  "weighted_avg": {
    "precision": 0.9614081264549798,
    "recall": 0.9612596850787303,
    "f1-score": 0.9613102779301643,
    "support": 8002.0
  },
  "micro_avg": {
    "precision": 0.9612596850787303,
    "recall": 0.9612596850787303,
    "f1-score": 0.9612596850787303,
    "support": 8002
  },
  "macro_avg": {
    "precision": 0.9614192358144498,
    "recall": 0.9612697532792005,
    "f1-score": 0.9613208690973837,
    "support": 8002.0
  },
  "accuracy": 0.9612596850787303,
  "inference_time_seconds": 3.10137939453125,
  "energy_kwh": 0.0002009832533792233,
  "num_test_samples": 8002
}