{
  "per_class": {
    "emotion": {
      "precision": 0.8450560652395515,
      "recall": 0.8240556660039762,
      "f1-score": 0.8344237544036236,
      "support": 1006.0
    },
    "hate": {
      "precision": 0.9370993589743589,
      "recall": 0.9234109751283064,
      "f1-score": 0.9302048120898787,
      "support": 2533.0
    },
    "offensive": {
      "precision": 0.8919202518363064,
      "recall": 0.9081196581196581,
      "f1-score": 0.899947061937533,
      "support": 2808.0
    },
    "religion": {
      "precision": 0.9942446043165467,
      "recall": 0.9995178399228544,
      "f1-score": 0.9968742486174561,
      "support": 2074.0
    },
    "spiritual": {
      "precision": 0.9994222992489891,
      "recall": 0.9994222992489891,
      "f1-score": 0.9994222992489891,
      "support": 1731.0
    }
  },
  "weighted_avg": {
    "precision": 0.9377831416885251,
    "recall": 0.9378447596532703,
    "f1-score": 0.9377667087772759,
    "support": 10152.0
  },
  "micro_avg": {
    "precision": 0.9378447596532703,
    "recall": 0.9378447596532703,
    "f1-score": 0.9378447596532703,
    "support": 10152
  },
  "macro_avg": {
    "precision": 0.9335485159231505,
    "recall": 0.9309052876847568,
    "f1-score": 0.9321744352594961,
    "support": 10152.0
  },
  "accuracy": 0.9378447596532703,
  "inference_time_seconds": 7.916953802108765,
  "energy_kwh": 0.000486747836910515,
  "num_test_samples": 10152
}