{
  "per_class": {
    "emotion": {
      "precision": 0.8210633946830266,
      "recall": 0.8560767590618337,
      "f1-score": 0.8382045929018789,
      "support": 938.0
    },
    "hate": {
      "precision": 0.9594652867615352,
      "recall": 0.9232365145228216,
      "f1-score": 0.9410023260731656,
      "support": 2410.0
    },
    "offensive": {
      "precision": 0.8957899124635265,
      "recall": 0.910593220338983,
      "f1-score": 0.9031309098550115,
      "support": 2360.0
    },
    "religion": {
      "precision": 0.9926900584795322,
      "recall": 1.0,
      "f1-score": 0.9963316214233309,
      "support": 2037.0
    },
    "spiritual": {
      "precision": 1.0,
      "recall": 0.9982476635514018,
      "f1-score": 0.9991230634317451,
      "support": 1712.0
    }
  },
  "weighted_avg": {
    "precision": 0.9443420374161688,
    "recall": 0.9435338902400339,
    "f1-score": 0.9437947191150039,
    "support": 9457.0
  },
  "micro_avg": {
    "precision": 0.9435338902400339,
    "recall": 0.9435338902400339,
    "f1-score": 0.9435338902400339,
    "support": 9457
  },
  "macro_avg": {
    "precision": 0.933801730477524,
    "recall": 0.937630831495008,
    "f1-score": 0.9355585027370263,
    "support": 9457.0
  },
  "accuracy": 0.9435338902400339,
  "inference_time_seconds": 5.656268835067749,
  "energy_kwh": 0.0003844847054197948,
  "num_test_samples": 9457
}