{
  "per_class": {
    "emotion": {
      "precision": 0.7975167144221585,
      "recall": 0.8300198807157058,
      "f1-score": 0.8134437408670239,
      "support": 1006.0
    },
    "hate": {
      "precision": 0.9370430544272949,
      "recall": 0.9107777339123568,
      "f1-score": 0.9237237237237237,
      "support": 2533.0
    },
    "offensive": {
      "precision": 0.9072566371681416,
      "recall": 0.9127492877492878,
      "f1-score": 0.9099946742410794,
      "support": 2808.0
    },
    "religion": {
      "precision": 0.9923444976076555,
      "recall": 1.0,
      "f1-score": 0.9961575408261287,
      "support": 2074.0
    },
    "spiritual": {
      "precision": 0.9994212962962963,
      "recall": 0.997689196995956,
      "f1-score": 0.9985544955189362,
      "support": 1731.0
    }
  },
  "weighted_avg": {
    "precision": 0.9369118657080711,
    "recall": 0.9363672182821119,
    "f1-score": 0.9365553794513434,
    "support": 10152.0
  },
  "micro_avg": {
    "precision": 0.9363672182821119,
    "recall": 0.9363672182821119,
    "f1-score": 0.9363672182821119,
    "support": 10152
  },
  "macro_avg": {
    "precision": 0.9267164399843093,
    "recall": 0.9302472198746612,
    "f1-score": 0.9283748350353784,
    "support": 10152.0
  },
  "accuracy": 0.9363672182821119,
  "inference_time_seconds": 3.353605031967163,
  "energy_kwh": 0.00021022838860114981,
  "num_test_samples": 10152
}