{
  "per_class": {
    "age": {
      "precision": 0.9721878862793573,
      "recall": 0.9843554443053817,
      "f1-score": 0.9782338308457711,
      "support": 1598.0
    },
    "ethnicity": {
      "precision": 0.9904761904761905,
      "recall": 0.9798994974874372,
      "f1-score": 0.9851594568992738,
      "support": 1592.0
    },
    "gender": {
      "precision": 0.8927227101631117,
      "recall": 0.8949685534591195,
      "f1-score": 0.8938442211055276,
      "support": 1590.0
    },
    "not_cyberbullying": {
      "precision": 0.791083916083916,
      "recall": 0.5702583490863264,
      "f1-score": 0.6627608934456243,
      "support": 1587.0
    },
    "other_cyberbullying": {
      "precision": 0.6897980321077162,
      "recall": 0.8511182108626199,
      "f1-score": 0.7620137299771167,
      "support": 1565.0
    },
    "religion": {
      "precision": 0.9407185628742515,
      "recall": 0.981875,
      "f1-score": 0.9608562691131498,
      "support": 1600.0
    }
  },
  "weighted_avg": {
    "precision": 0.8801885482946297,
    "recall": 0.8774653797733949,
    "f1-score": 0.8743733617841384,
    "support": 9532.0
  },
  "micro_avg": {
    "precision": 0.8774653797733949,
    "recall": 0.8774653797733949,
    "f1-score": 0.8774653797733949,
    "support": 9532
  },
  "macro_avg": {
    "precision": 0.8794978829974238,
    "recall": 0.877079175866814,
    "f1-score": 0.8738114002310772,
    "support": 9532.0
  },
  "accuracy": 0.8774653797733949,
  "inference_time_seconds": 2.2728142738342285,
  "energy_kwh": 0.00011756597866792887,
  "num_test_samples": 9532
}