{
  "per_class": {
    "age": {
      "precision": 0.9787632729544035,
      "recall": 0.9930291508238276,
      "f1-score": 0.9858446052217679,
      "support": 1578.0
    },
    "ethnicity": {
      "precision": 0.99322951929587,
      "recall": 0.9832439678284183,
      "f1-score": 0.9882115190299764,
      "support": 1492.0
    },
    "gender": {
      "precision": 0.930281690140845,
      "recall": 0.8889636608344549,
      "f1-score": 0.9091534755677908,
      "support": 1486.0
    },
    "other_cyberbullying": {
      "precision": 0.8511278195488722,
      "recall": 0.8948616600790514,
      "f1-score": 0.8724470134874759,
      "support": 1265.0
    },
    "religion": {
      "precision": 0.98801261829653,
      "recall": 0.9836683417085427,
      "f1-score": 0.9858356940509915,
      "support": 1592.0
    }
  },
  "weighted_avg": {
    "precision": 0.952162182533142,
    "recall": 0.9514366653176851,
    "f1-score": 0.9515948111584038,
    "support": 7413.0
  },
  "micro_avg": {
    "precision": 0.9514366653176851,
    "recall": 0.9514366653176851,
    "f1-score": 0.9514366653176851,
    "support": 7413
  },
  "macro_avg": {
    "precision": 0.9482829840473042,
    "recall": 0.948753356254859,
    "f1-score": 0.9482984614716005,
    "support": 7413.0
  },
  "accuracy": 0.9514366653176851,
  "inference_time_seconds": 2.848921298980713,
  "energy_kwh": 0.00018877051372363806,
  "num_test_samples": 7413
}