{
  "per_class": {
    "emotion": {
      "precision": 0.8467078189300411,
      "recall": 0.8783351120597652,
      "f1-score": 0.8622315348349922,
      "support": 937.0
    },
    "hate": {
      "precision": 0.9464952301949399,
      "recall": 0.9472810294728103,
      "f1-score": 0.9468879668049792,
      "support": 2409.0
    },
    "offensive": {
      "precision": 0.920950323974082,
      "recall": 0.9022429115531104,
      "f1-score": 0.9115006412997008,
      "support": 2363.0
    },
    "religion": {
      "precision": 0.9936616284739151,
      "recall": 1.0,
      "f1-score": 0.9968207385668868,
      "support": 2038.0
    },
    "spiritual": {
      "precision": 1.0,
      "recall": 0.9988331388564761,
      "f1-score": 0.9994162288382954,
      "support": 1714.0
    }
  },
  "weighted_avg": {
    "precision": 0.9500856410799758,
    "recall": 0.9498995877814185,
    "f1-score": 0.9499376553211002,
    "support": 9461.0
  },
  "micro_avg": {
    "precision": 0.9498995877814185,
    "recall": 0.9498995877814185,
    "f1-score": 0.9498995877814185,
    "support": 9461
  },
  "macro_avg": {
    "precision": 0.9415630003145956,
    "recall": 0.9453384383884325,
    "f1-score": 0.9433714220689708,
    "support": 9461.0
  },
  "accuracy": 0.9498995877814185,
  "inference_time_seconds": 4.551387786865234,
  "energy_kwh": 0.0002605856673304858,
  "num_test_samples": 9461
}