{
  "per_class": {
    "age": {
      "precision": 0.9805764411027569,
      "recall": 0.9917617237008872,
      "f1-score": 0.9861373660995589,
      "support": 1578.0
    },
    "ethnicity": {
      "precision": 0.99055330634278,
      "recall": 0.9812834224598931,
      "f1-score": 0.9858965748824715,
      "support": 1496.0
    },
    "gender": {
      "precision": 0.9231292517006803,
      "recall": 0.9107382550335571,
      "f1-score": 0.9168918918918919,
      "support": 1490.0
    },
    "other_cyberbullying": {
      "precision": 0.87265625,
      "recall": 0.8816101026045777,
      "f1-score": 0.8771103258735767,
      "support": 1267.0
    },
    "religion": {
      "precision": 0.9811912225705329,
      "recall": 0.9830402010050251,
      "f1-score": 0.9821148415437716,
      "support": 1592.0
    }
  },
  "weighted_avg": {
    "precision": 0.9527673245945374,
    "recall": 0.9527145359019265,
    "f1-score": 0.9527173069200737,
    "support": 7423.0
  },
  "micro_avg": {
    "precision": 0.9527145359019265,
    "recall": 0.9527145359019265,
    "f1-score": 0.9527145359019265,
    "support": 7423
  },
  "macro_avg": {
    "precision": 0.94962129434335,
    "recall": 0.949686740960788,
    "f1-score": 0.949630200058254,
    "support": 7423.0
  },
  "accuracy": 0.9527145359019265,
  "inference_time_seconds": 5.935130596160889,
  "energy_kwh": 0.00030957318659496783,
  "num_test_samples": 7423
}