{
  "per_class": {
    "age": {
      "precision": 0.9805764411027569,
      "recall": 0.9793491864831039,
      "f1-score": 0.9799624295554165,
      "support": 1598.0
    },
    "ethnicity": {
      "precision": 0.980503144654088,
      "recall": 0.9792713567839196,
      "f1-score": 0.9798868636077939,
      "support": 1592.0
    },
    "gender": {
      "precision": 0.8864468864468864,
      "recall": 0.9132075471698113,
      "f1-score": 0.8996282527881041,
      "support": 1590.0
    },
    "not_cyberbullying": {
      "precision": 0.704088704088704,
      "recall": 0.6402016383112792,
      "f1-score": 0.6706270627062706,
      "support": 1587.0
    },
    "other_cyberbullying": {
      "precision": 0.7067806963958461,
      "recall": 0.739297124600639,
      "f1-score": 0.7226733291692692,
      "support": 1565.0
    },
    "religion": {
      "precision": 0.952088452088452,
      "recall": 0.96875,
      "f1-score": 0.9603469640644362,
      "support": 1600.0
    }
  },
  "weighted_avg": {
    "precision": 0.869095131683997,
    "recall": 0.8706462442299623,
    "f1-score": 0.8695124656309382,
    "support": 9532.0
  },
  "micro_avg": {
    "precision": 0.8706462442299623,
    "recall": 0.8706462442299623,
    "f1-score": 0.8706462442299623,
    "support": 9532
  },
  "macro_avg": {
    "precision": 0.8684140541294556,
    "recall": 0.8700128088914588,
    "f1-score": 0.8688541503152152,
    "support": 9532.0
  },
  "accuracy": 0.8706462442299623,
  "inference_time_seconds": 7.427736282348633,
  "energy_kwh": 0.00043991008440803856,
  "num_test_samples": 9532
}