{
  "per_class": {
    "emotion": {
      "precision": 0.8484848484848485,
      "recall": 0.8340425531914893,
      "f1-score": 0.8412017167381974,
      "support": 940.0
    },
    "hate": {
      "precision": 0.9433569346105789,
      "recall": 0.9390547263681592,
      "f1-score": 0.9412009141907335,
      "support": 2412.0
    },
    "offensive": {
      "precision": 0.9030633655056651,
      "recall": 0.9087837837837838,
      "f1-score": 0.9059145443064618,
      "support": 2368.0
    },
    "religion": {
      "precision": 0.9931640625,
      "recall": 1.0,
      "f1-score": 0.9965703086722195,
      "support": 2034.0
    },
    "spiritual": {
      "precision": 1.0,
      "recall": 0.9988324576765908,
      "f1-score": 0.9994158878504673,
      "support": 1713.0
    }
  },
  "weighted_avg": {
    "precision": 0.9448085387661234,
    "recall": 0.9449667265237139,
    "f1-score": 0.9448753864378158,
    "support": 9467.0
  },
  "micro_avg": {
    "precision": 0.9449667265237139,
    "recall": 0.9449667265237139,
    "f1-score": 0.9449667265237139,
    "support": 9467
  },
  "macro_avg": {
    "precision": 0.9376138422202185,
    "recall": 0.9361427042040047,
    "f1-score": 0.936860674351616,
    "support": 9467.0
  },
  "accuracy": 0.9449667265237139,
  "inference_time_seconds": 6.67078423500061,
  "energy_kwh": 0.0003821663145892129,
  "num_test_samples": 9467
}