{
  "per_class": {
    "emotion": {
      "precision": 0.9109792284866469,
      "recall": 0.915506958250497,
      "f1-score": 0.9132374814080317,
      "support": 1006.0
    },
    "hate": {
      "precision": 0.9697572622363708,
      "recall": 0.9621002763521516,
      "f1-score": 0.9659135949266746,
      "support": 2533.0
    },
    "offensive": {
      "precision": 0.9606243348705215,
      "recall": 0.9643874643874644,
      "f1-score": 0.9625022214323796,
      "support": 2808.0
    },
    "religion": {
      "precision": 0.9961538461538462,
      "recall": 0.9990356798457087,
      "f1-score": 0.9975926817525277,
      "support": 2074.0
    },
    "spiritual": {
      "precision": 1.0,
      "recall": 0.998844598497978,
      "f1-score": 0.999421965317919,
      "support": 1731.0
    }
  },
  "weighted_avg": {
    "precision": 0.9719559159123122,
    "recall": 0.9719267139479906,
    "f1-score": 0.9719354732021207,
    "support": 10152.0
  },
  "micro_avg": {
    "precision": 0.9719267139479906,
    "recall": 0.9719267139479906,
    "f1-score": 0.9719267139479906,
    "support": 10152
  },
  "macro_avg": {
    "precision": 0.9675029343494771,
    "recall": 0.9679749954667599,
    "f1-score": 0.9677335889675065,
    "support": 10152.0
  },
  "accuracy": 0.9719267139479906,
  "inference_time_seconds": 5.174088478088379,
  "energy_kwh": 0.0003236853029427288,
  "num_test_samples": 10152
}