{
  "per_class": {
    "Cyberstalking": {
      "precision": 0.6507936507936508,
      "recall": 0.7192982456140351,
      "f1-score": 0.6833333333333333,
      "support": 57.0
    },
    "Doxing": {
      "precision": 0.84,
      "recall": 0.7875,
      "f1-score": 0.8129032258064516,
      "support": 80.0
    },
    "Revenge Porn": {
      "precision": 0.76,
      "recall": 0.8142857142857143,
      "f1-score": 0.7862068965517242,
      "support": 70.0
    },
    "Sexual Harassment": {
      "precision": 0.7586206896551724,
      "recall": 0.8048780487804879,
      "f1-score": 0.7810650887573964,
      "support": 82.0
    },
    "Slut Shaming": {
      "precision": 0.9743589743589743,
      "recall": 0.8539325842696629,
      "f1-score": 0.9101796407185628,
      "support": 89.0
    }
  },
  "weighted_avg": {
    "precision": 0.8106351411770132,
    "recall": 0.8015873015873016,
    "f1-score": 0.8044181643523688,
    "support": 378.0
  },
  "micro_avg": {
    "precision": 0.8015873015873016,
    "recall": 0.8015873015873016,
    "f1-score": 0.8015873015873016,
    "support": 378
  },
  "macro_avg": {
    "precision": 0.7967546629615596,
    "recall": 0.79597891858998,
    "f1-score": 0.7947376370334938,
    "support": 378.0
  },
  "accuracy": 0.8015873015873016,
  "inference_time_seconds": 0.37536096572875977,
  "energy_kwh": 3.24644025500098e-05,
  "num_test_samples": 378
}