{
  "per_class": {
    "Cyberstalking": {
      "precision": 0.6818181818181818,
      "recall": 0.75,
      "f1-score": 0.7142857142857143,
      "support": 60.0
    },
    "Doxing": {
      "precision": 0.8271604938271605,
      "recall": 0.7613636363636364,
      "f1-score": 0.7928994082840237,
      "support": 88.0
    },
    "Revenge Porn": {
      "precision": 0.782051282051282,
      "recall": 0.8026315789473685,
      "f1-score": 0.7922077922077922,
      "support": 76.0
    },
    "Sexual Harassment": {
      "precision": 0.819047619047619,
      "recall": 0.8686868686868687,
      "f1-score": 0.8431372549019608,
      "support": 99.0
    },
    "Slut Shaming": {
      "precision": 0.9239130434782609,
      "recall": 0.8585858585858586,
      "f1-score": 0.8900523560209425,
      "support": 99.0
    }
  },
  "weighted_avg": {
    "precision": 0.8191663919237928,
    "recall": 0.8151658767772512,
    "f1-score": 0.8161750106049682,
    "support": 422.0
  },
  "micro_avg": {
    "precision": 0.8151658767772512,
    "recall": 0.8151658767772512,
    "f1-score": 0.8151658767772512,
    "support": 422
  },
  "macro_avg": {
    "precision": 0.8067981240445008,
    "recall": 0.8082535885167463,
    "f1-score": 0.8065165051400868,
    "support": 422.0
  },
  "accuracy": 0.8151658767772512,
  "inference_time_seconds": 0.18705368041992188,
  "energy_kwh": 7.591198277143813e-06,
  "num_test_samples": 422
}