{
  "per_class": {
    "age": {
      "precision": 0.9849340866290018,
      "recall": 0.9818523153942428,
      "f1-score": 0.9833907865872767,
      "support": 1598.0
    },
    "ethnicity": {
      "precision": 0.991698595146871,
      "recall": 0.9755025125628141,
      "f1-score": 0.9835338822039266,
      "support": 1592.0
    },
    "gender": {
      "precision": 0.8981657179000633,
      "recall": 0.8930817610062893,
      "f1-score": 0.8956165247555976,
      "support": 1590.0
    },
    "not_cyberbullying": {
      "precision": 0.660702875399361,
      "recall": 0.651543793320731,
      "f1-score": 0.6560913705583756,
      "support": 1587.0
    },
    "other_cyberbullying": {
      "precision": 0.6771799628942486,
      "recall": 0.6996805111821086,
      "f1-score": 0.6882463859208046,
      "support": 1565.0
    },
    "religion": {
      "precision": 0.9608695652173913,
      "recall": 0.966875,
      "f1-score": 0.9638629283489096,
      "support": 1600.0
    }
  },
  "weighted_avg": {
    "precision": 0.8630408870021165,
    "recall": 0.8621485522450693,
    "f1-score": 0.8625448988876391,
    "support": 9532.0
  },
  "micro_avg": {
    "precision": 0.8621485522450693,
    "recall": 0.8621485522450693,
    "f1-score": 0.8621485522450693,
    "support": 9532
  },
  "macro_avg": {
    "precision": 0.862258467197823,
    "recall": 0.8614226489110309,
    "f1-score": 0.8617903130624818,
    "support": 9532.0
  },
  "accuracy": 0.8621485522450693,
  "inference_time_seconds": 2.4031929969787598,
  "energy_kwh": 0.00013569688500095052,
  "num_test_samples": 9532
}