{
  "per_class": {
    "emotion": {
      "precision": 0.8893280632411067,
      "recall": 0.8946322067594433,
      "f1-score": 0.8919722497522299,
      "support": 1006.0
    },
    "hate": {
      "precision": 0.9620703279336231,
      "recall": 0.9613106987761547,
      "f1-score": 0.9616903633491312,
      "support": 2533.0
    },
    "offensive": {
      "precision": 0.9617173524150269,
      "recall": 0.9572649572649573,
      "f1-score": 0.9594859896484026,
      "support": 2808.0
    },
    "religion": {
      "precision": 0.9942446043165467,
      "recall": 0.9995178399228544,
      "f1-score": 0.9968742486174561,
      "support": 2074.0
    },
    "spiritual": {
      "precision": 0.9994216310005783,
      "recall": 0.9982668977469671,
      "f1-score": 0.9988439306358381,
      "support": 1731.0
    }
  },
  "weighted_avg": {
    "precision": 0.9677061318432166,
    "recall": 0.9676910953506698,
    "f1-score": 0.9676948845656074,
    "support": 10152.0
  },
  "micro_avg": {
    "precision": 0.9676910953506698,
    "recall": 0.9676910953506698,
    "f1-score": 0.9676910953506698,
    "support": 10152
  },
  "macro_avg": {
    "precision": 0.9613563957813763,
    "recall": 0.9621985200940752,
    "f1-score": 0.9617733564006116,
    "support": 10152.0
  },
  "accuracy": 0.9676910953506698,
  "inference_time_seconds": 1.9671721458435059,
  "energy_kwh": 0.00011696774905336853,
  "num_test_samples": 10152
}