{
  "per_class": {
    "emotion": {
      "precision": 0.8403001071811361,
      "recall": 0.835820895522388,
      "f1-score": 0.8380545163014431,
      "support": 938.0
    },
    "hate": {
      "precision": 0.9559965487489215,
      "recall": 0.9191206968063045,
      "f1-score": 0.9371960245294988,
      "support": 2411.0
    },
    "offensive": {
      "precision": 0.8861224489795918,
      "recall": 0.9179704016913319,
      "f1-score": 0.9017653167185877,
      "support": 2365.0
    },
    "religion": {
      "precision": 0.9926900584795322,
      "recall": 1.0,
      "f1-score": 0.9963316214233309,
      "support": 2037.0
    },
    "spiritual": {
      "precision": 0.9994158878504673,
      "recall": 0.9982497082847142,
      "f1-score": 0.9988324576765908,
      "support": 1714.0
    }
  },
  "weighted_avg": {
    "precision": 0.9428311941156682,
    "recall": 0.9423137876386688,
    "f1-score": 0.9424063466210074,
    "support": 9465.0
  },
  "micro_avg": {
    "precision": 0.9423137876386688,
    "recall": 0.9423137876386688,
    "f1-score": 0.9423137876386688,
    "support": 9465
  },
  "macro_avg": {
    "precision": 0.9349050102479296,
    "recall": 0.9342323404609477,
    "f1-score": 0.9344359873298904,
    "support": 9465.0
  },
  "accuracy": 0.9423137876386688,
  "inference_time_seconds": 7.143384218215942,
  "energy_kwh": 0.000447628078533919,
  "num_test_samples": 9465
}