{
  "per_class": {
    "age": {
      "precision": 0.9787917737789203,
      "recall": 0.9737851662404092,
      "f1-score": 0.9762820512820513,
      "support": 1564.0
    },
    "ethnicity": {
      "precision": 0.9792085848423877,
      "recall": 0.9864864864864865,
      "f1-score": 0.9828340626051835,
      "support": 1480.0
    },
    "gender": {
      "precision": 0.9111747851002865,
      "recall": 0.8724279835390947,
      "f1-score": 0.8913805185704274,
      "support": 1458.0
    },
    "not_cyberbullying": {
      "precision": 0.6404399323181049,
      "recall": 0.6235584843492586,
      "f1-score": 0.6318864774624374,
      "support": 1214.0
    },
    "other_cyberbullying": {
      "precision": 0.6067732831608654,
      "recall": 0.6574923547400612,
      "f1-score": 0.6311154598825832,
      "support": 981.0
    },
    "religion": {
      "precision": 0.9597989949748744,
      "recall": 0.965255843335439,
      "f1-score": 0.9625196850393701,
      "support": 1583.0
    }
  },
  "weighted_avg": {
    "precision": 0.8696440041175602,
    "recall": 0.8677536231884058,
    "f1-score": 0.8684825420456544,
    "support": 8280.0
  },
  "micro_avg": {
    "precision": 0.8677536231884058,
    "recall": 0.8677536231884058,
    "f1-score": 0.8677536231884058,
    "support": 8280
  },
  "macro_avg": {
    "precision": 0.8460312256959065,
    "recall": 0.8465010531151248,
    "f1-score": 0.8460030424736754,
    "support": 8280.0
  },
  "accuracy": 0.8677536231884058,
  "inference_time_seconds": 6.776502370834351,
  "energy_kwh": 0.0004106491692358668,
  "num_test_samples": 8280
}