{
  "per_class": {
    "emotion": {
      "precision": 0.8480083857442348,
      "recall": 0.8708288482238966,
      "f1-score": 0.8592671269251195,
      "support": 929.0
    },
    "hate": {
      "precision": 0.9359286293592863,
      "recall": 0.9533250722841801,
      "f1-score": 0.9445467567014528,
      "support": 2421.0
    },
    "offensive": {
      "precision": 0.9225108225108225,
      "recall": 0.8935010482180293,
      "f1-score": 0.9077742279020234,
      "support": 2385.0
    },
    "religion": {
      "precision": 0.9946078431372549,
      "recall": 0.9995073891625615,
      "f1-score": 0.9970515970515971,
      "support": 2030.0
    },
    "spiritual": {
      "precision": 0.9994134897360704,
      "recall": 0.9964912280701754,
      "f1-score": 0.9979502196193265,
      "support": 1710.0
    }
  },
  "weighted_avg": {
    "precision": 0.9479601374924376,
    "recall": 0.9478627968337731,
    "f1-score": 0.9478161488124294,
    "support": 9475.0
  },
  "micro_avg": {
    "precision": 0.9478627968337731,
    "recall": 0.9478627968337731,
    "f1-score": 0.9478627968337731,
    "support": 9475
  },
  "macro_avg": {
    "precision": 0.9400938340975337,
    "recall": 0.9427307171917686,
    "f1-score": 0.9413179856399039,
    "support": 9475.0
  },
  "accuracy": 0.9478627968337731,
  "inference_time_seconds": 7.651271820068359,
  "energy_kwh": 0.0004960196738938906,
  "num_test_samples": 9475
}