{
  "per_class": {
    "emotion": {
      "precision": 0.8132701421800947,
      "recall": 0.852882703777336,
      "f1-score": 0.8326055312954876,
      "support": 1006.0
    },
    "hate": {
      "precision": 0.9433507432703897,
      "recall": 0.9269640742202921,
      "f1-score": 0.9350856232576663,
      "support": 2533.0
    },
    "offensive": {
      "precision": 0.9082437275985663,
      "recall": 0.9024216524216524,
      "f1-score": 0.9053233297606288,
      "support": 2808.0
    },
    "religion": {
      "precision": 0.9928195308760173,
      "recall": 1.0,
      "f1-score": 0.9963968292097045,
      "support": 2074.0
    },
    "spiritual": {
      "precision": 1.0,
      "recall": 0.998844598497978,
      "f1-score": 0.999421965317919,
      "support": 1731.0
    }
  },
  "weighted_avg": {
    "precision": 0.9405154934860821,
    "recall": 0.9400118203309693,
    "f1-score": 0.9401937947112904,
    "support": 10152.0
  },
  "micro_avg": {
    "precision": 0.9400118203309693,
    "recall": 0.9400118203309693,
    "f1-score": 0.9400118203309693,
    "support": 10152
  },
  "macro_avg": {
    "precision": 0.9315368287850136,
    "recall": 0.9362226057834517,
    "f1-score": 0.9337666557682812,
    "support": 10152.0
  },
  "accuracy": 0.9400118203309693,
  "inference_time_seconds": 7.871093273162842,
  "energy_kwh": 0.00047932375545504914,
  "num_test_samples": 10152
}