{
  "per_class": {
    "emotion": {
      "precision": 0.8786848072562359,
      "recall": 0.8351293103448276,
      "f1-score": 0.856353591160221,
      "support": 928.0
    },
    "hate": {
      "precision": 0.9308943089430894,
      "recall": 0.9458901280462618,
      "f1-score": 0.9383323089530834,
      "support": 2421.0
    },
    "offensive": {
      "precision": 0.9137931034482759,
      "recall": 0.9107292539815591,
      "f1-score": 0.9122586062132662,
      "support": 2386.0
    },
    "religion": {
      "precision": 0.9907181240840254,
      "recall": 0.9995071463775259,
      "f1-score": 0.9950932286555446,
      "support": 2029.0
    },
    "spiritual": {
      "precision": 0.9994141769185706,
      "recall": 0.9976608187134502,
      "f1-score": 0.9985367281240854,
      "support": 1710.0
    }
  },
  "weighted_avg": {
    "precision": 0.9466529749007638,
    "recall": 0.9470128773485328,
    "f1-score": 0.9467584603157313,
    "support": 9474.0
  },
  "micro_avg": {
    "precision": 0.9470128773485328,
    "recall": 0.9470128773485328,
    "f1-score": 0.9470128773485328,
    "support": 9474
  },
  "macro_avg": {
    "precision": 0.9427009041300394,
    "recall": 0.937783331492725,
    "f1-score": 0.94011489262124,
    "support": 9474.0
  },
  "accuracy": 0.9470128773485328,
  "inference_time_seconds": 7.104318141937256,
  "energy_kwh": 0.0004396487934473885,
  "num_test_samples": 9474
}