{
  "per_class": {
    "age": {
      "precision": 0.9727503168567807,
      "recall": 0.981457800511509,
      "f1-score": 0.9770846594525779,
      "support": 1564.0
    },
    "ethnicity": {
      "precision": 0.9760797342192691,
      "recall": 0.9925675675675676,
      "f1-score": 0.9842546063651592,
      "support": 1480.0
    },
    "gender": {
      "precision": 0.9080962800875274,
      "recall": 0.8544955387783116,
      "f1-score": 0.8804809052333805,
      "support": 1457.0
    },
    "not_cyberbullying": {
      "precision": 0.6447619047619048,
      "recall": 0.557660626029654,
      "f1-score": 0.5980565371024735,
      "support": 1214.0
    },
    "other_cyberbullying": {
      "precision": 0.5836873406966865,
      "recall": 0.7003058103975535,
      "f1-score": 0.6367006487488415,
      "support": 981.0
    },
    "religion": {
      "precision": 0.9562226391494684,
      "recall": 0.9652777777777778,
      "f1-score": 0.9607288721332077,
      "support": 1584.0
    }
  },
  "weighted_avg": {
    "precision": 0.8646220623566678,
    "recall": 0.8625603864734299,
    "f1-score": 0.862337730634459,
    "support": 8280.0
  },
  "micro_avg": {
    "precision": 0.8625603864734299,
    "recall": 0.8625603864734299,
    "f1-score": 0.8625603864734299,
    "support": 8280
  },
  "macro_avg": {
    "precision": 0.8402663692952729,
    "recall": 0.8419608535103956,
    "f1-score": 0.8395510381726067,
    "support": 8280.0
  },
  "accuracy": 0.8625603864734299,
  "inference_time_seconds": 10.085876703262329,
  "energy_kwh": 0.0005833850056763495,
  "num_test_samples": 8280
}