{
  "per_class": {
    "age": {
      "precision": 0.9842866121935889,
      "recall": 0.9923954372623575,
      "f1-score": 0.9883243925528558,
      "support": 1578.0
    },
    "ethnicity": {
      "precision": 0.9965659340659341,
      "recall": 0.9777628032345014,
      "f1-score": 0.9870748299319728,
      "support": 1484.0
    },
    "gender": {
      "precision": 0.9131596526386105,
      "recall": 0.9180658159838818,
      "f1-score": 0.9156061620897522,
      "support": 1489.0
    },
    "other_cyberbullying": {
      "precision": 0.8817966903073287,
      "recall": 0.8859857482185273,
      "f1-score": 0.8838862559241706,
      "support": 1263.0
    },
    "religion": {
      "precision": 0.9849151477058454,
      "recall": 0.9855345911949686,
      "f1-score": 0.9852247720842502,
      "support": 1590.0
    }
  },
  "weighted_avg": {
    "precision": 0.9550955088715115,
    "recall": 0.9548892490545651,
    "f1-score": 0.9549686984420962,
    "support": 7404.0
  },
  "micro_avg": {
    "precision": 0.9548892490545651,
    "recall": 0.9548892490545651,
    "f1-score": 0.9548892490545651,
    "support": 7404
  },
  "macro_avg": {
    "precision": 0.9521448073822615,
    "recall": 0.9519488791788474,
    "f1-score": 0.9520232825166003,
    "support": 7404.0
  },
  "accuracy": 0.9548892490545651,
  "inference_time_seconds": 2.362318754196167,
  "energy_kwh": 0.0001681715362355414,
  "num_test_samples": 7404
}