{
  "per_class": {
    "Cyberstalking": {
      "precision": 0.7301587301587301,
      "recall": 0.7666666666666667,
      "f1-score": 0.7479674796747967,
      "support": 60.0
    },
    "Doxing": {
      "precision": 0.7912087912087912,
      "recall": 0.8181818181818182,
      "f1-score": 0.8044692737430168,
      "support": 88.0
    },
    "Revenge Porn": {
      "precision": 0.7142857142857143,
      "recall": 0.8552631578947368,
      "f1-score": 0.7784431137724551,
      "support": 76.0
    },
    "Sexual Harassment": {
      "precision": 0.9120879120879121,
      "recall": 0.8383838383838383,
      "f1-score": 0.8736842105263158,
      "support": 99.0
    },
    "Slut Shaming": {
      "precision": 0.9651162790697675,
      "recall": 0.8383838383838383,
      "f1-score": 0.8972972972972973,
      "support": 99.0
    }
  },
  "weighted_avg": {
    "precision": 0.8378313427635591,
    "recall": 0.8270142180094787,
    "f1-score": 0.8297634852870084,
    "support": 422.0
  },
  "micro_avg": {
    "precision": 0.8270142180094787,
    "recall": 0.8270142180094787,
    "f1-score": 0.8270142180094787,
    "support": 422
  },
  "macro_avg": {
    "precision": 0.822571485362183,
    "recall": 0.8233758639021798,
    "f1-score": 0.8203722750027763,
    "support": 422.0
  },
  "accuracy": 0.8270142180094787,
  "inference_time_seconds": 0.23134422302246094,
  "energy_kwh": 2.5173581484780534e-05,
  "num_test_samples": 422
}