{
  "per_class": {
    "age": {
      "precision": 0.9917302798982188,
      "recall": 0.987333755541482,
      "f1-score": 0.9895271342430975,
      "support": 1579.0
    },
    "ethnicity": {
      "precision": 0.9979381443298969,
      "recall": 0.9705882352941176,
      "f1-score": 0.9840731955269401,
      "support": 1496.0
    },
    "gender": {
      "precision": 0.9458668617410387,
      "recall": 0.8672032193158954,
      "f1-score": 0.9048285514345696,
      "support": 1491.0
    },
    "other_cyberbullying": {
      "precision": 0.8205489092188599,
      "recall": 0.9231987331749802,
      "f1-score": 0.8688524590163934,
      "support": 1263.0
    },
    "religion": {
      "precision": 0.9756857855361596,
      "recall": 0.9842767295597484,
      "f1-score": 0.9799624295554165,
      "support": 1590.0
    }
  },
  "weighted_avg": {
    "precision": 0.9511846257013905,
    "recall": 0.9482410028305701,
    "f1-score": 0.9488121221725184,
    "support": 7419.0
  },
  "micro_avg": {
    "precision": 0.9482410028305701,
    "recall": 0.9482410028305701,
    "f1-score": 0.9482410028305701,
    "support": 7419
  },
  "macro_avg": {
    "precision": 0.9463539961448347,
    "recall": 0.9465201345772447,
    "f1-score": 0.9454487539552833,
    "support": 7419.0
  },
  "accuracy": 0.9482410028305701,
  "inference_time_seconds": 6.278899431228638,
  "energy_kwh": 0.0003199641072568665,
  "num_test_samples": 7419
}