{
  "per_class": {
    "emotion": {
      "precision": 0.8409321175278622,
      "recall": 0.8250497017892644,
      "f1-score": 0.8329152032112394,
      "support": 1006.0
    },
    "hate": {
      "precision": 0.9201565557729942,
      "recall": 0.9281484405842874,
      "f1-score": 0.9241352201257862,
      "support": 2533.0
    },
    "offensive": {
      "precision": 0.92,
      "recall": 0.9173789173789174,
      "f1-score": 0.9186875891583453,
      "support": 2808.0
    },
    "religion": {
      "precision": 0.9956689124157844,
      "recall": 0.997589199614272,
      "f1-score": 0.9966281310211946,
      "support": 2074.0
    },
    "spiritual": {
      "precision": 0.9976905311778291,
      "recall": 0.9982668977469671,
      "f1-score": 0.9979786312445856,
      "support": 1731.0
    }
  },
  "weighted_avg": {
    "precision": 0.9409095646005893,
    "recall": 0.9410953506698188,
    "f1-score": 0.9409899243290083,
    "support": 10152.0
  },
  "micro_avg": {
    "precision": 0.9410953506698188,
    "recall": 0.9410953506698188,
    "f1-score": 0.9410953506698188,
    "support": 10152
  },
  "macro_avg": {
    "precision": 0.934889623378894,
    "recall": 0.9332866314227417,
    "f1-score": 0.9340689549522303,
    "support": 10152.0
  },
  "accuracy": 0.9410953506698188,
  "inference_time_seconds": 9.85632038116455,
  "energy_kwh": 0.0006069681051270391,
  "num_test_samples": 10152
}