{
  "per_class": {
    "Cyberstalking": {
      "precision": 0.8695652173913043,
      "recall": 0.7692307692307693,
      "f1-score": 0.8163265306122449,
      "support": 52.0
    },
    "Doxing": {
      "precision": 0.8421052631578947,
      "recall": 0.8648648648648649,
      "f1-score": 0.8533333333333334,
      "support": 74.0
    },
    "Revenge Porn": {
      "precision": 0.8507462686567164,
      "recall": 0.8142857142857143,
      "f1-score": 0.8321167883211679,
      "support": 70.0
    },
    "Sexual Harassment": {
      "precision": 0.8533333333333334,
      "recall": 0.8205128205128205,
      "f1-score": 0.8366013071895425,
      "support": 78.0
    },
    "Slut Shaming": {
      "precision": 0.8888888888888888,
      "recall": 0.9887640449438202,
      "f1-score": 0.9361702127659575,
      "support": 89.0
    }
  },
  "weighted_avg": {
    "precision": 0.8615882388295132,
    "recall": 0.8622589531680441,
    "f1-score": 0.8606552956968035,
    "support": 363.0
  },
  "micro_avg": {
    "precision": 0.8622589531680441,
    "recall": 0.8622589531680441,
    "f1-score": 0.8622589531680441,
    "support": 363
  },
  "macro_avg": {
    "precision": 0.8609277942856275,
    "recall": 0.8515316427675976,
    "f1-score": 0.8549096344444493,
    "support": 363.0
  },
  "accuracy": 0.8622589531680441,
  "inference_time_seconds": 0.27321910858154297,
  "energy_kwh": 1.539377359999897e-05,
  "num_test_samples": 363
}