{
  "per_class": {
    "emotion": {
      "precision": 0.7459867799811143,
      "recall": 0.8503767491926802,
      "f1-score": 0.7947686116700201,
      "support": 929.0
    },
    "hate": {
      "precision": 0.9307216494845361,
      "recall": 0.9318744838976053,
      "f1-score": 0.9312977099236641,
      "support": 2422.0
    },
    "offensive": {
      "precision": 0.8954161103693814,
      "recall": 0.8432523051131601,
      "f1-score": 0.8685516943665011,
      "support": 2386.0
    },
    "religion": {
      "precision": 0.9945999018163967,
      "recall": 0.9990138067061144,
      "f1-score": 0.9968019680196802,
      "support": 2028.0
    },
    "spiritual": {
      "precision": 1.0,
      "recall": 0.9982445874780573,
      "f1-score": 0.9991215226939971,
      "support": 1709.0
    }
  },
  "weighted_avg": {
    "precision": 0.9298861087058261,
    "recall": 0.9279079586236014,
    "f1-score": 0.9283639972411851,
    "support": 9474.0
  },
  "micro_avg": {
    "precision": 0.9279079586236014,
    "recall": 0.9279079586236014,
    "f1-score": 0.9279079586236014,
    "support": 9474
  },
  "macro_avg": {
    "precision": 0.9133448883302856,
    "recall": 0.9245523864775235,
    "f1-score": 0.9181083013347726,
    "support": 9474.0
  },
  "accuracy": 0.9279079586236014,
  "inference_time_seconds": 11.881682395935059,
  "energy_kwh": 0.0006775859151253413,
  "num_test_samples": 9474
}