{
  "per_class": {
    "Cyberstalking": {
      "precision": 0.7333333333333333,
      "recall": 0.7333333333333333,
      "f1-score": 0.7333333333333333,
      "support": 60.0
    },
    "Doxing": {
      "precision": 0.8674698795180723,
      "recall": 0.8181818181818182,
      "f1-score": 0.8421052631578947,
      "support": 88.0
    },
    "Revenge Porn": {
      "precision": 0.6836734693877551,
      "recall": 0.881578947368421,
      "f1-score": 0.7701149425287356,
      "support": 76.0
    },
    "Sexual Harassment": {
      "precision": 0.8709677419354839,
      "recall": 0.8181818181818182,
      "f1-score": 0.84375,
      "support": 99.0
    },
    "Slut Shaming": {
      "precision": 0.9545454545454546,
      "recall": 0.8484848484848485,
      "f1-score": 0.8983957219251337,
      "support": 99.0
    }
  },
  "weighted_avg": {
    "precision": 0.8365458282527787,
    "recall": 0.8246445497630331,
    "f1-score": 0.8272664105703006,
    "support": 422.0
  },
  "micro_avg": {
    "precision": 0.8246445497630331,
    "recall": 0.8246445497630331,
    "f1-score": 0.8246445497630331,
    "support": 422
  },
  "macro_avg": {
    "precision": 0.82199797574402,
    "recall": 0.8199521531100478,
    "f1-score": 0.8175398521890195,
    "support": 422.0
  },
  "accuracy": 0.8246445497630331,
  "inference_time_seconds": 0.11141204833984375,
  "energy_kwh": 3.700186556688134e-06,
  "num_test_samples": 422
}