{
  "per_class": {
    "Cyberstalking": {
      "precision": 0.7377049180327869,
      "recall": 0.75,
      "f1-score": 0.743801652892562,
      "support": 60.0
    },
    "Doxing": {
      "precision": 0.868421052631579,
      "recall": 0.75,
      "f1-score": 0.8048780487804879,
      "support": 88.0
    },
    "Revenge Porn": {
      "precision": 0.6875,
      "recall": 0.868421052631579,
      "f1-score": 0.7674418604651163,
      "support": 76.0
    },
    "Sexual Harassment": {
      "precision": 0.9120879120879121,
      "recall": 0.8383838383838383,
      "f1-score": 0.8736842105263158,
      "support": 99.0
    },
    "Slut Shaming": {
      "precision": 0.8979591836734694,
      "recall": 0.8888888888888888,
      "f1-score": 0.8934010152284264,
      "support": 99.0
    }
  },
  "weighted_avg": {
    "precision": 0.8344265644405757,
    "recall": 0.8246445497630331,
    "f1-score": 0.8263611047661255,
    "support": 422.0
  },
  "micro_avg": {
    "precision": 0.8246445497630331,
    "recall": 0.8246445497630331,
    "f1-score": 0.8246445497630331,
    "support": 422
  },
  "macro_avg": {
    "precision": 0.8207346132851494,
    "recall": 0.819138755980861,
    "f1-score": 0.8166413575785818,
    "support": 422.0
  },
  "accuracy": 0.8246445497630331,
  "inference_time_seconds": 0.45012378692626953,
  "energy_kwh": 3.5014499176209225e-05,
  "num_test_samples": 422
}