{
  "per_class": {
    "emotion": {
      "precision": 0.9176829268292683,
      "recall": 0.8976143141153081,
      "f1-score": 0.907537688442211,
      "support": 1006.0
    },
    "hate": {
      "precision": 0.9608540925266904,
      "recall": 0.9593367548361627,
      "f1-score": 0.9600948241801659,
      "support": 2533.0
    },
    "offensive": {
      "precision": 0.9551395266690216,
      "recall": 0.9629629629629629,
      "f1-score": 0.9590352899450257,
      "support": 2808.0
    },
    "religion": {
      "precision": 0.9971139971139971,
      "recall": 0.9995178399228544,
      "f1-score": 0.9983144714664098,
      "support": 2074.0
    },
    "spiritual": {
      "precision": 1.0,
      "recall": 0.998844598497978,
      "f1-score": 0.999421965317919,
      "support": 1731.0
    }
  },
  "weighted_avg": {
    "precision": 0.9690778823543531,
    "recall": 0.9691686367218282,
    "f1-score": 0.9691073516719374,
    "support": 10152.0
  },
  "micro_avg": {
    "precision": 0.9691686367218282,
    "recall": 0.9691686367218282,
    "f1-score": 0.9691686367218282,
    "support": 10152
  },
  "macro_avg": {
    "precision": 0.9661581086277955,
    "recall": 0.9636552940670532,
    "f1-score": 0.9648808478703463,
    "support": 10152.0
  },
  "accuracy": 0.9691686367218282,
  "inference_time_seconds": 7.768804550170898,
  "energy_kwh": 0.0004774706582960536,
  "num_test_samples": 10152
}