{
  "per_class": {
    "age": {
      "precision": 0.983029541169076,
      "recall": 0.9787234042553191,
      "f1-score": 0.9808717466290373,
      "support": 1598.0
    },
    "ethnicity": {
      "precision": 0.9948816378758797,
      "recall": 0.9767587939698492,
      "f1-score": 0.9857369255150554,
      "support": 1592.0
    },
    "gender": {
      "precision": 0.9085640695428203,
      "recall": 0.8874213836477988,
      "f1-score": 0.8978682787146038,
      "support": 1590.0
    },
    "not_cyberbullying": {
      "precision": 0.7258522727272727,
      "recall": 0.643982356647763,
      "f1-score": 0.6824707846410685,
      "support": 1587.0
    },
    "other_cyberbullying": {
      "precision": 0.7082168809390721,
      "recall": 0.8095846645367412,
      "f1-score": 0.75551580202743,
      "support": 1565.0
    },
    "religion": {
      "precision": 0.9557739557739557,
      "recall": 0.9725,
      "f1-score": 0.9640644361833953,
      "support": 1600.0
    }
  },
  "weighted_avg": {
    "precision": 0.8800750052020382,
    "recall": 0.8786193873268988,
    "f1-score": 0.8783364732460266,
    "support": 9532.0
  },
  "micro_avg": {
    "precision": 0.8786193873268988,
    "recall": 0.8786193873268988,
    "f1-score": 0.8786193873268988,
    "support": 9532
  },
  "macro_avg": {
    "precision": 0.8793863930046794,
    "recall": 0.8781617671762452,
    "f1-score": 0.8777546622850984,
    "support": 9532.0
  },
  "accuracy": 0.8786193873268988,
  "inference_time_seconds": 7.217383146286011,
  "energy_kwh": 0.0004494749601214959,
  "num_test_samples": 9532
}