{
  "per_class": {
    "emotion": {
      "precision": 0.9392712550607287,
      "recall": 0.9224652087475149,
      "f1-score": 0.9307923771313942,
      "support": 1006.0
    },
    "hate": {
      "precision": 0.969315499606609,
      "recall": 0.9727595736281089,
      "f1-score": 0.9710344827586207,
      "support": 2533.0
    },
    "offensive": {
      "precision": 0.9659090909090909,
      "recall": 0.9686609686609686,
      "f1-score": 0.9672830725462305,
      "support": 2808.0
    },
    "religion": {
      "precision": 0.9975938402309913,
      "recall": 0.9995178399228544,
      "f1-score": 0.9985549132947977,
      "support": 2074.0
    },
    "spiritual": {
      "precision": 0.9994212962962963,
      "recall": 0.997689196995956,
      "f1-score": 0.9985544955189362,
      "support": 1731.0
    }
  },
  "weighted_avg": {
    "precision": 0.9763065069833853,
    "recall": 0.9763593380614657,
    "f1-score": 0.9763237850520363,
    "support": 10152.0
  },
  "micro_avg": {
    "precision": 0.9763593380614657,
    "recall": 0.9763593380614657,
    "f1-score": 0.9763593380614657,
    "support": 10152
  },
  "macro_avg": {
    "precision": 0.9743021964207432,
    "recall": 0.9722185575910807,
    "f1-score": 0.9732438682499959,
    "support": 10152.0
  },
  "accuracy": 0.9763593380614657,
  "inference_time_seconds": 7.525606870651245,
  "energy_kwh": 0.000487282963833297,
  "num_test_samples": 10152
}