{
  "per_class": {
    "Cyberstalking": {
      "precision": 0.6825396825396826,
      "recall": 0.7166666666666667,
      "f1-score": 0.6991869918699187,
      "support": 60.0
    },
    "Doxing": {
      "precision": 0.825,
      "recall": 0.75,
      "f1-score": 0.7857142857142857,
      "support": 88.0
    },
    "Revenge Porn": {
      "precision": 0.6770833333333334,
      "recall": 0.8552631578947368,
      "f1-score": 0.7558139534883721,
      "support": 76.0
    },
    "Sexual Harassment": {
      "precision": 0.9310344827586207,
      "recall": 0.8181818181818182,
      "f1-score": 0.8709677419354839,
      "support": 99.0
    },
    "Slut Shaming": {
      "precision": 0.90625,
      "recall": 0.8787878787878788,
      "f1-score": 0.8923076923076924,
      "support": 99.0
    }
  },
  "weighted_avg": {
    "precision": 0.8220423651156819,
    "recall": 0.8104265402843602,
    "f1-score": 0.81303366139868,
    "support": 422.0
  },
  "micro_avg": {
    "precision": 0.8104265402843602,
    "recall": 0.8104265402843602,
    "f1-score": 0.8104265402843602,
    "support": 422
  },
  "macro_avg": {
    "precision": 0.8043814997263272,
    "recall": 0.80377990430622,
    "f1-score": 0.8007981330631505,
    "support": 422.0
  },
  "accuracy": 0.8104265402843602,
  "inference_time_seconds": 0.16113066673278809,
  "energy_kwh": 9.662259192429184e-06,
  "num_test_samples": 422
}