{
  "per_class": {
    "age": {
      "precision": 0.9799874921826142,
      "recall": 0.9806007509386734,
      "f1-score": 0.980294025649046,
      "support": 1598.0
    },
    "ethnicity": {
      "precision": 0.985424588086185,
      "recall": 0.9767587939698492,
      "f1-score": 0.9810725552050473,
      "support": 1592.0
    },
    "gender": {
      "precision": 0.8453850676072898,
      "recall": 0.9044025157232705,
      "f1-score": 0.8738985110908538,
      "support": 1590.0
    },
    "not_cyberbullying": {
      "precision": 0.6913489736070382,
      "recall": 0.5942028985507246,
      "f1-score": 0.6391053880040665,
      "support": 1587.0
    },
    "other_cyberbullying": {
      "precision": 0.6915621436716077,
      "recall": 0.7750798722044728,
      "f1-score": 0.7309430551370895,
      "support": 1565.0
    },
    "religion": {
      "precision": 0.9713541666666666,
      "recall": 0.9325,
      "f1-score": 0.951530612244898,
      "support": 1600.0
    }
  },
  "weighted_avg": {
    "precision": 0.8615831364733232,
    "recall": 0.8610994544691565,
    "f1-score": 0.8601039766210558,
    "support": 9532.0
  },
  "micro_avg": {
    "precision": 0.8610994544691565,
    "recall": 0.8610994544691565,
    "f1-score": 0.8610994544691565,
    "support": 9532
  },
  "macro_avg": {
    "precision": 0.8608437386369002,
    "recall": 0.860590805231165,
    "f1-score": 0.8594740245551669,
    "support": 9532.0
  },
  "accuracy": 0.8610994544691565,
  "inference_time_seconds": 3.658352851867676,
  "energy_kwh": 0.00023120471017501687,
  "num_test_samples": 9532
}