{
  "per_class": {
    "Cyberstalking": {
      "precision": 0.6621621621621622,
      "recall": 0.8166666666666667,
      "f1-score": 0.7313432835820896,
      "support": 60.0
    },
    "Doxing": {
      "precision": 0.6105263157894737,
      "recall": 0.6590909090909091,
      "f1-score": 0.6338797814207651,
      "support": 88.0
    },
    "Revenge Porn": {
      "precision": 0.8333333333333334,
      "recall": 0.7236842105263158,
      "f1-score": 0.7746478873239436,
      "support": 76.0
    },
    "Sexual Harassment": {
      "precision": 0.8924731182795699,
      "recall": 0.8383838383838383,
      "f1-score": 0.8645833333333334,
      "support": 99.0
    },
    "Slut Shaming": {
      "precision": 0.9042553191489362,
      "recall": 0.8585858585858586,
      "f1-score": 0.8808290155440415,
      "support": 99.0
    }
  },
  "weighted_avg": {
    "precision": 0.7930461946871062,
    "recall": 0.7819905213270142,
    "f1-score": 0.785144738756949,
    "support": 422.0
  },
  "micro_avg": {
    "precision": 0.7819905213270142,
    "recall": 0.7819905213270142,
    "f1-score": 0.7819905213270142,
    "support": 422
  },
  "macro_avg": {
    "precision": 0.780550049742695,
    "recall": 0.7792822966507177,
    "f1-score": 0.7770566602408346,
    "support": 422.0
  },
  "accuracy": 0.7819905213270142,
  "inference_time_seconds": 0.4863548278808594,
  "energy_kwh": 3.072213498691057e-05,
  "num_test_samples": 422
}