{
  "per_class": {
    "Cyberstalking": {
      "precision": 0.7777777777777778,
      "recall": 0.7,
      "f1-score": 0.7368421052631579,
      "support": 60.0
    },
    "Doxing": {
      "precision": 0.7311827956989247,
      "recall": 0.7727272727272727,
      "f1-score": 0.7513812154696132,
      "support": 88.0
    },
    "Revenge Porn": {
      "precision": 0.8157894736842105,
      "recall": 0.8157894736842105,
      "f1-score": 0.8157894736842105,
      "support": 76.0
    },
    "Sexual Harassment": {
      "precision": 0.8712871287128713,
      "recall": 0.8888888888888888,
      "f1-score": 0.88,
      "support": 99.0
    },
    "Slut Shaming": {
      "precision": 0.9183673469387755,
      "recall": 0.9090909090909091,
      "f1-score": 0.9137055837563451,
      "support": 99.0
    }
  },
  "weighted_avg": {
    "precision": 0.8298259378618129,
    "recall": 0.8293838862559242,
    "f1-score": 0.8291680712535394,
    "support": 422.0
  },
  "micro_avg": {
    "precision": 0.8293838862559242,
    "recall": 0.8293838862559242,
    "f1-score": 0.8293838862559242,
    "support": 422
  },
  "macro_avg": {
    "precision": 0.822880904562512,
    "recall": 0.8172993088782562,
    "f1-score": 0.8195436756346653,
    "support": 422.0
  },
  "accuracy": 0.8293838862559242,
  "inference_time_seconds": 0.30481433868408203,
  "energy_kwh": 3.943135329466554e-05,
  "num_test_samples": 422
}