{
  "per_class": {
    "Cyberstalking": {
      "precision": 0.7068965517241379,
      "recall": 0.6833333333333333,
      "f1-score": 0.6949152542372882,
      "support": 60.0
    },
    "Doxing": {
      "precision": 0.7840909090909091,
      "recall": 0.7840909090909091,
      "f1-score": 0.7840909090909091,
      "support": 88.0
    },
    "Revenge Porn": {
      "precision": 0.7922077922077922,
      "recall": 0.8026315789473685,
      "f1-score": 0.7973856209150327,
      "support": 76.0
    },
    "Sexual Harassment": {
      "precision": 0.8829787234042553,
      "recall": 0.8383838383838383,
      "f1-score": 0.8601036269430051,
      "support": 99.0
    },
    "Slut Shaming": {
      "precision": 0.8476190476190476,
      "recall": 0.898989898989899,
      "f1-score": 0.8725490196078431,
      "support": 99.0
    }
  },
  "weighted_avg": {
    "precision": 0.8126795370676481,
    "recall": 0.8127962085308057,
    "f1-score": 0.8123906029675682,
    "support": 422.0
  },
  "micro_avg": {
    "precision": 0.8127962085308057,
    "recall": 0.8127962085308057,
    "f1-score": 0.8127962085308057,
    "support": 422
  },
  "macro_avg": {
    "precision": 0.8027586048092283,
    "recall": 0.8014859117490696,
    "f1-score": 0.8018088861588156,
    "support": 422.0
  },
  "accuracy": 0.8127962085308057,
  "inference_time_seconds": 0.3104119300842285,
  "energy_kwh": 1.649979852494342e-05,
  "num_test_samples": 422
}