{
  "per_class": {
    "age": {
      "precision": 0.9830827067669173,
      "recall": 0.9818523153942428,
      "f1-score": 0.9824671258609894,
      "support": 1598.0
    },
    "ethnicity": {
      "precision": 0.9879441624365483,
      "recall": 0.9780150753768844,
      "f1-score": 0.9829545454545454,
      "support": 1592.0
    },
    "gender": {
      "precision": 0.8923851478917558,
      "recall": 0.8918238993710692,
      "f1-score": 0.8921044353570305,
      "support": 1590.0
    },
    "not_cyberbullying": {
      "precision": 0.6834381551362684,
      "recall": 0.6162570888468809,
      "f1-score": 0.6481113320079522,
      "support": 1587.0
    },
    "other_cyberbullying": {
      "precision": 0.6852400711321873,
      "recall": 0.7386581469648562,
      "f1-score": 0.7109471094710947,
      "support": 1565.0
    },
    "religion": {
      "precision": 0.9461584996975196,
      "recall": 0.9775,
      "f1-score": 0.9615739317553028,
      "support": 1600.0
    }
  },
  "weighted_avg": {
    "precision": 0.8637784641417933,
    "recall": 0.8646663869072597,
    "f1-score": 0.863721711784992,
    "support": 9532.0
  },
  "micro_avg": {
    "precision": 0.8646663869072597,
    "recall": 0.8646663869072597,
    "f1-score": 0.8646663869072597,
    "support": 9532
  },
  "macro_avg": {
    "precision": 0.8630414571768661,
    "recall": 0.8640177543256556,
    "f1-score": 0.8630264133178192,
    "support": 9532.0
  },
  "accuracy": 0.8646663869072597,
  "inference_time_seconds": 1.8453116416931152,
  "energy_kwh": 0.00010707442861406594,
  "num_test_samples": 9532
}