{
  "per_class": {
    "age": {
      "precision": 0.9842370744010088,
      "recall": 0.9904822335025381,
      "f1-score": 0.9873497786211258,
      "support": 1576.0
    },
    "ethnicity": {
      "precision": 0.9885752688172043,
      "recall": 0.9839464882943144,
      "f1-score": 0.9862554475360376,
      "support": 1495.0
    },
    "gender": {
      "precision": 0.9252209381373215,
      "recall": 0.9140362659503022,
      "f1-score": 0.9195945945945946,
      "support": 1489.0
    },
    "other_cyberbullying": {
      "precision": 0.88,
      "recall": 0.8883610451306413,
      "f1-score": 0.8841607565011821,
      "support": 1263.0
    },
    "religion": {
      "precision": 0.9836990595611286,
      "recall": 0.9855527638190955,
      "f1-score": 0.9846250392218387,
      "support": 1592.0
    }
  },
  "weighted_avg": {
    "precision": 0.9553904970796356,
    "recall": 0.9553607552258935,
    "f1-score": 0.9553620491472395,
    "support": 7415.0
  },
  "micro_avg": {
    "precision": 0.9553607552258935,
    "recall": 0.9553607552258935,
    "f1-score": 0.9553607552258935,
    "support": 7415
  },
  "macro_avg": {
    "precision": 0.9523464681833327,
    "recall": 0.9524757593393783,
    "f1-score": 0.9523971232949557,
    "support": 7415.0
  },
  "accuracy": 0.9553607552258935,
  "inference_time_seconds": 2.5492072105407715,
  "energy_kwh": 0.00017537581486545676,
  "num_test_samples": 7415
}