{
  "per_class": {
    "emotion": {
      "precision": 0.911,
      "recall": 0.9055666003976143,
      "f1-score": 0.9082751744765702,
      "support": 1006.0
    },
    "hate": {
      "precision": 0.9659675504550851,
      "recall": 0.9636794315041453,
      "f1-score": 0.9648221343873518,
      "support": 2533.0
    },
    "offensive": {
      "precision": 0.9585400425230333,
      "recall": 0.9633190883190883,
      "f1-score": 0.9609236234458259,
      "support": 2808.0
    },
    "religion": {
      "precision": 0.9980713596914176,
      "recall": 0.9980713596914176,
      "f1-score": 0.9980713596914176,
      "support": 2074.0
    },
    "spiritual": {
      "precision": 0.9988432620011567,
      "recall": 0.997689196995956,
      "f1-score": 0.9982658959537573,
      "support": 1731.0
    }
  },
  "weighted_avg": {
    "precision": 0.9706304108777986,
    "recall": 0.9706461780929866,
    "f1-score": 0.9706354503997661,
    "support": 10152.0
  },
  "micro_avg": {
    "precision": 0.9706461780929866,
    "recall": 0.9706461780929866,
    "f1-score": 0.9706461780929866,
    "support": 10152
  },
  "macro_avg": {
    "precision": 0.9664844429341386,
    "recall": 0.9656651353816443,
    "f1-score": 0.9660716375909845,
    "support": 10152.0
  },
  "accuracy": 0.9706461780929866,
  "inference_time_seconds": 4.037559270858765,
  "energy_kwh": 0.000238454851778176,
  "num_test_samples": 10152
}