{
  "per_class": {
    "Cyberstalking": {
      "precision": 0.7049180327868853,
      "recall": 0.7543859649122807,
      "f1-score": 0.7288135593220338,
      "support": 57.0
    },
    "Doxing": {
      "precision": 0.9354838709677419,
      "recall": 0.7341772151898734,
      "f1-score": 0.8226950354609929,
      "support": 79.0
    },
    "Revenge Porn": {
      "precision": 0.6138613861386139,
      "recall": 0.8857142857142857,
      "f1-score": 0.7251461988304093,
      "support": 70.0
    },
    "Sexual Harassment": {
      "precision": 0.9066666666666666,
      "recall": 0.8292682926829268,
      "f1-score": 0.8662420382165605,
      "support": 82.0
    },
    "Slut Shaming": {
      "precision": 0.9358974358974359,
      "recall": 0.8202247191011236,
      "f1-score": 0.874251497005988,
      "support": 89.0
    }
  },
  "weighted_avg": {
    "precision": 0.8347357802826141,
    "recall": 0.8063660477453581,
    "f1-score": 0.8120311537617876,
    "support": 377.0
  },
  "micro_avg": {
    "precision": 0.8063660477453581,
    "recall": 0.8063660477453581,
    "f1-score": 0.8063660477453581,
    "support": 377
  },
  "macro_avg": {
    "precision": 0.8193654784914687,
    "recall": 0.8047540955200979,
    "f1-score": 0.803429665767197,
    "support": 377.0
  },
  "accuracy": 0.8063660477453581,
  "inference_time_seconds": 0.2937636375427246,
  "energy_kwh": 1.0874052577901871e-07,
  "num_test_samples": 377
}