{
  "per_class": {
    "Cyberstalking": {
      "precision": 0.8444444444444444,
      "recall": 0.7307692307692307,
      "f1-score": 0.7835051546391752,
      "support": 52.0
    },
    "Doxing": {
      "precision": 0.8823529411764706,
      "recall": 0.8108108108108109,
      "f1-score": 0.8450704225352113,
      "support": 74.0
    },
    "Revenge Porn": {
      "precision": 0.7313432835820896,
      "recall": 0.7,
      "f1-score": 0.7153284671532847,
      "support": 70.0
    },
    "Sexual Harassment": {
      "precision": 0.7790697674418605,
      "recall": 0.8589743589743589,
      "f1-score": 0.8170731707317073,
      "support": 78.0
    },
    "Slut Shaming": {
      "precision": 0.8469387755102041,
      "recall": 0.9222222222222223,
      "f1-score": 0.8829787234042553,
      "support": 90.0
    }
  },
  "weighted_avg": {
    "precision": 0.817008764465109,
    "recall": 0.8159340659340659,
    "f1-score": 0.8146985286621671,
    "support": 364.0
  },
  "micro_avg": {
    "precision": 0.8159340659340659,
    "recall": 0.8159340659340659,
    "f1-score": 0.8159340659340659,
    "support": 364
  },
  "macro_avg": {
    "precision": 0.8168298424310139,
    "recall": 0.8045553245553245,
    "f1-score": 0.8087911876927268,
    "support": 364.0
  },
  "accuracy": 0.8159340659340659,
  "inference_time_seconds": 0.24735808372497559,
  "energy_kwh": 1.3427597613634e-05,
  "num_test_samples": 364
}