{
  "per_class": {
    "Cyberstalking": {
      "precision": 0.6825396825396826,
      "recall": 0.7543859649122807,
      "f1-score": 0.7166666666666667,
      "support": 57.0
    },
    "Doxing": {
      "precision": 0.7209302325581395,
      "recall": 0.7848101265822784,
      "f1-score": 0.7515151515151515,
      "support": 79.0
    },
    "Revenge Porn": {
      "precision": 0.8888888888888888,
      "recall": 0.7887323943661971,
      "f1-score": 0.835820895522388,
      "support": 71.0
    },
    "Sexual Harassment": {
      "precision": 0.8607594936708861,
      "recall": 0.8395061728395061,
      "f1-score": 0.85,
      "support": 81.0
    },
    "Slut Shaming": {
      "precision": 0.9302325581395349,
      "recall": 0.898876404494382,
      "f1-score": 0.9142857142857143,
      "support": 89.0
    }
  },
  "weighted_avg": {
    "precision": 0.826211082360017,
    "recall": 0.8196286472148541,
    "f1-score": 0.8217093080191381,
    "support": 377.0
  },
  "micro_avg": {
    "precision": 0.8196286472148541,
    "recall": 0.8196286472148541,
    "f1-score": 0.8196286472148541,
    "support": 377
  },
  "macro_avg": {
    "precision": 0.8166701711594264,
    "recall": 0.813262212638929,
    "f1-score": 0.8136576855979841,
    "support": 377.0
  },
  "accuracy": 0.8196286472148541,
  "inference_time_seconds": 0.1911163330078125,
  "energy_kwh": 7.5367085097772845e-06,
  "num_test_samples": 377
}