{
  "per_class": {
    "Cyberstalking": {
      "precision": 0.7313432835820896,
      "recall": 0.8166666666666667,
      "f1-score": 0.7716535433070866,
      "support": 60.0
    },
    "Doxing": {
      "precision": 0.8085106382978723,
      "recall": 0.8636363636363636,
      "f1-score": 0.8351648351648352,
      "support": 88.0
    },
    "Revenge Porn": {
      "precision": 0.7654320987654321,
      "recall": 0.8157894736842105,
      "f1-score": 0.7898089171974523,
      "support": 76.0
    },
    "Sexual Harassment": {
      "precision": 0.9285714285714286,
      "recall": 0.7878787878787878,
      "f1-score": 0.8524590163934426,
      "support": 99.0
    },
    "Slut Shaming": {
      "precision": 0.9583333333333334,
      "recall": 0.9292929292929293,
      "f1-score": 0.9435897435897436,
      "support": 99.0
    }
  },
  "weighted_avg": {
    "precision": 0.8530946543125176,
    "recall": 0.8459715639810427,
    "f1-score": 0.8474597702328732,
    "support": 422.0
  },
  "micro_avg": {
    "precision": 0.8459715639810427,
    "recall": 0.8459715639810427,
    "f1-score": 0.8459715639810427,
    "support": 422
  },
  "macro_avg": {
    "precision": 0.8384381565100311,
    "recall": 0.8426528442317915,
    "f1-score": 0.8385352111305121,
    "support": 422.0
  },
  "accuracy": 0.8459715639810427,
  "inference_time_seconds": 0.3248612880706787,
  "energy_kwh": 2.1565598645015244e-05,
  "num_test_samples": 422
}