{
  "per_class": {
    "emotion": {
      "precision": 0.9206185567010309,
      "recall": 0.8876739562624254,
      "f1-score": 0.9038461538461539,
      "support": 1006.0
    },
    "hate": {
      "precision": 0.9695411392405063,
      "recall": 0.9676273193841295,
      "f1-score": 0.968583283935981,
      "support": 2533.0
    },
    "offensive": {
      "precision": 0.9564453811029153,
      "recall": 0.9697293447293447,
      "f1-score": 0.9630415561450044,
      "support": 2808.0
    },
    "religion": {
      "precision": 0.9975949975949976,
      "recall": 1.0,
      "f1-score": 0.9987960510474356,
      "support": 2074.0
    },
    "spiritual": {
      "precision": 1.0,
      "recall": 0.9982668977469671,
      "f1-score": 0.9991326973113617,
      "support": 1731.0
    }
  },
  "weighted_avg": {
    "precision": 0.9719957278256944,
    "recall": 0.972123719464145,
    "f1-score": 0.9720166555902868,
    "support": 10152.0
  },
  "micro_avg": {
    "precision": 0.972123719464145,
    "recall": 0.972123719464145,
    "f1-score": 0.972123719464145,
    "support": 10152
  },
  "macro_avg": {
    "precision": 0.96884001492789,
    "recall": 0.9646595036245733,
    "f1-score": 0.9666799484571873,
    "support": 10152.0
  },
  "accuracy": 0.972123719464145,
  "inference_time_seconds": 4.03997015953064,
  "energy_kwh": 0.00024234845539143488,
  "num_test_samples": 10152
}