{
  "per_class": {
    "Cyberstalking": {
      "precision": 0.6338028169014085,
      "recall": 0.7894736842105263,
      "f1-score": 0.703125,
      "support": 57.0
    },
    "Doxing": {
      "precision": 0.7887323943661971,
      "recall": 0.7,
      "f1-score": 0.7417218543046358,
      "support": 80.0
    },
    "Revenge Porn": {
      "precision": 0.6987951807228916,
      "recall": 0.8285714285714286,
      "f1-score": 0.7581699346405228,
      "support": 70.0
    },
    "Sexual Harassment": {
      "precision": 0.8846153846153846,
      "recall": 0.8414634146341463,
      "f1-score": 0.8625,
      "support": 82.0
    },
    "Slut Shaming": {
      "precision": 0.958904109589041,
      "recall": 0.8045977011494253,
      "f1-score": 0.875,
      "support": 87.0
    }
  },
  "weighted_avg": {
    "precision": 0.8087875899893261,
    "recall": 0.7925531914893617,
    "f1-score": 0.7961110871521475,
    "support": 376.0
  },
  "micro_avg": {
    "precision": 0.7925531914893617,
    "recall": 0.7925531914893617,
    "f1-score": 0.7925531914893617,
    "support": 376
  },
  "macro_avg": {
    "precision": 0.7929699772389845,
    "recall": 0.7928212457131053,
    "f1-score": 0.7881033577890317,
    "support": 376.0
  },
  "accuracy": 0.7925531914893617,
  "inference_time_seconds": 0.09827780723571777,
  "energy_kwh": 3.7242192460026233e-06,
  "num_test_samples": 376
}