{
  "per_class": {
    "age": {
      "precision": 0.9770186335403727,
      "recall": 0.9843554443053817,
      "f1-score": 0.9806733167082294,
      "support": 1598.0
    },
    "ethnicity": {
      "precision": 0.9879670677644079,
      "recall": 0.9798994974874372,
      "f1-score": 0.9839167455061495,
      "support": 1592.0
    },
    "gender": {
      "precision": 0.8991315965263861,
      "recall": 0.8465408805031447,
      "f1-score": 0.8720440557175251,
      "support": 1590.0
    },
    "not_cyberbullying": {
      "precision": 0.6791553133514986,
      "recall": 0.62822936357908,
      "f1-score": 0.6527004909983634,
      "support": 1587.0
    },
    "other_cyberbullying": {
      "precision": 0.6825859056493885,
      "recall": 0.7488817891373802,
      "f1-score": 0.7141986593540524,
      "support": 1565.0
    },
    "religion": {
      "precision": 0.9422034918723661,
      "recall": 0.978125,
      "f1-score": 0.9598282735357252,
      "support": 1600.0
    }
  },
  "weighted_avg": {
    "precision": 0.8620783254701336,
    "recall": 0.8616240033571129,
    "f1-score": 0.8612403783358226,
    "support": 9532.0
  },
  "micro_avg": {
    "precision": 0.8616240033571129,
    "recall": 0.8616240033571129,
    "f1-score": 0.8616240033571129,
    "support": 9532
  },
  "macro_avg": {
    "precision": 0.8613436681174034,
    "recall": 0.8610053291687373,
    "f1-score": 0.8605602569700075,
    "support": 9532.0
  },
  "accuracy": 0.8616240033571129,
  "inference_time_seconds": 1.847923994064331,
  "energy_kwh": 0.00010813369720002063,
  "num_test_samples": 9532
}