{
  "per_class": {
    "emotion": {
      "precision": 0.8812785388127854,
      "recall": 0.8221512247071352,
      "f1-score": 0.8506887052341597,
      "support": 939.0
    },
    "hate": {
      "precision": 0.9538331215586616,
      "recall": 0.9340522604728329,
      "f1-score": 0.9438390611902766,
      "support": 2411.0
    },
    "offensive": {
      "precision": 0.8928136419001218,
      "recall": 0.9298097251585624,
      "f1-score": 0.9109362054681027,
      "support": 2365.0
    },
    "religion": {
      "precision": 0.9941463414634146,
      "recall": 1.0,
      "f1-score": 0.99706457925636,
      "support": 2038.0
    },
    "spiritual": {
      "precision": 0.9970845481049563,
      "recall": 0.9988317757009346,
      "f1-score": 0.997957397140356,
      "support": 1712.0
    }
  },
  "weighted_avg": {
    "precision": 0.9478917546090915,
    "recall": 0.9478077126254623,
    "f1-score": 0.9476257235188005,
    "support": 9465.0
  },
  "micro_avg": {
    "precision": 0.9478077126254623,
    "recall": 0.9478077126254623,
    "f1-score": 0.9478077126254623,
    "support": 9465
  },
  "macro_avg": {
    "precision": 0.9438312383679879,
    "recall": 0.9369689972078931,
    "f1-score": 0.9400971896578509,
    "support": 9465.0
  },
  "accuracy": 0.9478077126254623,
  "inference_time_seconds": 4.4941792488098145,
  "energy_kwh": 0.00025400616986623857,
  "num_test_samples": 9465
}