{
  "per_class": {
    "Cyberstalking": {
      "precision": 0.7272727272727273,
      "recall": 0.7017543859649122,
      "f1-score": 0.7142857142857143,
      "support": 57.0
    },
    "Doxing": {
      "precision": 0.8571428571428571,
      "recall": 0.759493670886076,
      "f1-score": 0.8053691275167785,
      "support": 79.0
    },
    "Revenge Porn": {
      "precision": 0.7441860465116279,
      "recall": 0.9014084507042254,
      "f1-score": 0.8152866242038217,
      "support": 71.0
    },
    "Sexual Harassment": {
      "precision": 0.8481012658227848,
      "recall": 0.8170731707317073,
      "f1-score": 0.8322981366459627,
      "support": 82.0
    },
    "Slut Shaming": {
      "precision": 0.9069767441860465,
      "recall": 0.896551724137931,
      "f1-score": 0.9017341040462428,
      "support": 87.0
    }
  },
  "weighted_avg": {
    "precision": 0.8256843643957743,
    "recall": 0.8218085106382979,
    "f1-score": 0.821604019583975,
    "support": 376.0
  },
  "micro_avg": {
    "precision": 0.8218085106382979,
    "recall": 0.8218085106382979,
    "f1-score": 0.8218085106382979,
    "support": 376
  },
  "macro_avg": {
    "precision": 0.8167359281872087,
    "recall": 0.8152562804849705,
    "f1-score": 0.813794741339704,
    "support": 376.0
  },
  "accuracy": 0.8218085106382979,
  "inference_time_seconds": 0.23554491996765137,
  "energy_kwh": 1.0901643133214693e-05,
  "num_test_samples": 376
}