{
  "per_class": {
    "age": {
      "precision": 0.9854981084489282,
      "recall": 0.9898670044331855,
      "f1-score": 0.9876777251184834,
      "support": 1579.0
    },
    "ethnicity": {
      "precision": 0.9919408999328408,
      "recall": 0.9853235490326885,
      "f1-score": 0.9886211512717537,
      "support": 1499.0
    },
    "gender": {
      "precision": 0.9278350515463918,
      "recall": 0.9078681909885676,
      "f1-score": 0.9177430319510537,
      "support": 1487.0
    },
    "other_cyberbullying": {
      "precision": 0.8658536585365854,
      "recall": 0.8966061562746646,
      "f1-score": 0.8809616130283056,
      "support": 1267.0
    },
    "religion": {
      "precision": 0.9879898862199747,
      "recall": 0.9817839195979899,
      "f1-score": 0.9848771266540642,
      "support": 1592.0
    }
  },
  "weighted_avg": {
    "precision": 0.955364780188271,
    "recall": 0.9548760775862069,
    "f1-score": 0.955047531192052,
    "support": 7424.0
  },
  "micro_avg": {
    "precision": 0.9548760775862069,
    "recall": 0.9548760775862069,
    "f1-score": 0.9548760775862069,
    "support": 7424
  },
  "macro_avg": {
    "precision": 0.9518235209369441,
    "recall": 0.9522897640654193,
    "f1-score": 0.9519761296047321,
    "support": 7424.0
  },
  "accuracy": 0.9548760775862069,
  "inference_time_seconds": 2.86586856842041,
  "energy_kwh": 0.00019395784073702985,
  "num_test_samples": 7424
}