{
  "per_class": {
    "age": {
      "precision": 0.9857142857142858,
      "recall": 0.991875,
      "f1-score": 0.9887850467289719,
      "support": 1600.0
    },
    "ethnicity": {
      "precision": 0.9868090452261307,
      "recall": 0.981875,
      "f1-score": 0.9843358395989975,
      "support": 1600.0
    },
    "gender": {
      "precision": 0.9236545682102628,
      "recall": 0.9219237976264835,
      "f1-score": 0.9227883713660519,
      "support": 1601.0
    },
    "other_cyberbullying": {
      "precision": 0.9041095890410958,
      "recall": 0.9069331667707683,
      "f1-score": 0.9055191768007483,
      "support": 1601.0
    },
    "religion": {
      "precision": 0.9887218045112782,
      "recall": 0.98625,
      "f1-score": 0.9874843554443054,
      "support": 1600.0
    }
  },
  "weighted_avg": {
    "precision": 0.9577908813399321,
    "recall": 0.9577605598600349,
    "f1-score": 0.9577716535179562,
    "support": 8002.0
  },
  "micro_avg": {
    "precision": 0.9577605598600349,
    "recall": 0.9577605598600349,
    "f1-score": 0.9577605598600349,
    "support": 8002
  },
  "macro_avg": {
    "precision": 0.9578018585406106,
    "recall": 0.9577713928794503,
    "f1-score": 0.957782557987815,
    "support": 8002.0
  },
  "accuracy": 0.9577605598600349,
  "inference_time_seconds": 5.919208288192749,
  "energy_kwh": 0.00038971427508566783,
  "num_test_samples": 8002
}