{
  "per_class": {
    "emotion": {
      "precision": 0.7697189483227561,
      "recall": 0.8439363817097415,
      "f1-score": 0.8051209103840683,
      "support": 1006.0
    },
    "hate": {
      "precision": 0.9269572235673931,
      "recall": 0.9068298460323727,
      "f1-score": 0.9167830772300938,
      "support": 2533.0
    },
    "offensive": {
      "precision": 0.9141615356754799,
      "recall": 0.8988603988603988,
      "f1-score": 0.9064463997126952,
      "support": 2808.0
    },
    "religion": {
      "precision": 0.9951946179721288,
      "recall": 0.9985535197685632,
      "f1-score": 0.9968712394705175,
      "support": 2074.0
    },
    "spiritual": {
      "precision": 0.9994216310005783,
      "recall": 0.9982668977469671,
      "f1-score": 0.9988439306358381,
      "support": 1731.0
    }
  },
  "weighted_avg": {
    "precision": 0.9341329769919072,
    "recall": 0.9327226162332545,
    "f1-score": 0.9332126138155967,
    "support": 10152.0
  },
  "micro_avg": {
    "precision": 0.9327226162332545,
    "recall": 0.9327226162332545,
    "f1-score": 0.9327226162332545,
    "support": 10152
  },
  "macro_avg": {
    "precision": 0.9210907913076672,
    "recall": 0.9292894088236086,
    "f1-score": 0.9248131114866425,
    "support": 10152.0
  },
  "accuracy": 0.9327226162332545,
  "inference_time_seconds": 10.996147394180298,
  "energy_kwh": 0.0005649623460945485,
  "num_test_samples": 10152
}