{
  "per_class": {
    "Cyberstalking": {
      "precision": 0.8431372549019608,
      "recall": 0.7166666666666667,
      "f1-score": 0.7747747747747747,
      "support": 60.0
    },
    "Doxing": {
      "precision": 0.7528089887640449,
      "recall": 0.7613636363636364,
      "f1-score": 0.7570621468926554,
      "support": 88.0
    },
    "Revenge Porn": {
      "precision": 0.775,
      "recall": 0.8157894736842105,
      "f1-score": 0.7948717948717948,
      "support": 76.0
    },
    "Sexual Harassment": {
      "precision": 0.8804347826086957,
      "recall": 0.8181818181818182,
      "f1-score": 0.8481675392670157,
      "support": 99.0
    },
    "Slut Shaming": {
      "precision": 0.8454545454545455,
      "recall": 0.9393939393939394,
      "f1-score": 0.8899521531100478,
      "support": 99.0
    }
  },
  "weighted_avg": {
    "precision": 0.8213233881128305,
    "recall": 0.8199052132701422,
    "f1-score": 0.8189385340488764,
    "support": 422.0
  },
  "micro_avg": {
    "precision": 0.8199052132701422,
    "recall": 0.8199052132701422,
    "f1-score": 0.8199052132701422,
    "support": 422
  },
  "macro_avg": {
    "precision": 0.8193671143458493,
    "recall": 0.8102791068580544,
    "f1-score": 0.8129656817832576,
    "support": 422.0
  },
  "accuracy": 0.8199052132701422,
  "inference_time_seconds": 0.2896435260772705,
  "energy_kwh": 3.808078429915529e-05,
  "num_test_samples": 422
}