{
  "per_class": {
    "age": {
      "precision": 0.9844623990055935,
      "recall": 0.99,
      "f1-score": 0.9872234340916173,
      "support": 1600.0
    },
    "ethnicity": {
      "precision": 0.9892608970309539,
      "recall": 0.97875,
      "f1-score": 0.9839773798303487,
      "support": 1600.0
    },
    "gender": {
      "precision": 0.9214929214929215,
      "recall": 0.8944409743910057,
      "f1-score": 0.9077654516640253,
      "support": 1601.0
    },
    "other_cyberbullying": {
      "precision": 0.8729116945107399,
      "recall": 0.9138038725796377,
      "f1-score": 0.8928898382667073,
      "support": 1601.0
    },
    "religion": {
      "precision": 0.9936708860759493,
      "recall": 0.98125,
      "f1-score": 0.9874213836477987,
      "support": 1600.0
    }
  },
  "weighted_avg": {
    "precision": 0.9523459737068054,
    "recall": 0.9516370907273182,
    "f1-score": 0.9518426187566515,
    "support": 8002.0
  },
  "micro_avg": {
    "precision": 0.9516370907273182,
    "recall": 0.9516370907273182,
    "f1-score": 0.9516370907273182,
    "support": 8002
  },
  "macro_avg": {
    "precision": 0.9523597596232316,
    "recall": 0.9516489693941287,
    "f1-score": 0.9518554975000996,
    "support": 8002.0
  },
  "accuracy": 0.9516370907273182,
  "inference_time_seconds": 6.782729148864746,
  "energy_kwh": 0.00034002143748239686,
  "num_test_samples": 8002
}