{
  "per_class": {
    "age": {
      "precision": 0.9696218226906386,
      "recall": 0.9787234042553191,
      "f1-score": 0.9741513547181564,
      "support": 1598.0
    },
    "ethnicity": {
      "precision": 0.9704588309239472,
      "recall": 0.9698492462311558,
      "f1-score": 0.9701539428212378,
      "support": 1592.0
    },
    "gender": {
      "precision": 0.8911651728553137,
      "recall": 0.8754716981132076,
      "f1-score": 0.883248730964467,
      "support": 1590.0
    },
    "not_cyberbullying": {
      "precision": 0.6806912096168295,
      "recall": 0.5708884688090737,
      "f1-score": 0.6209732693625771,
      "support": 1587.0
    },
    "other_cyberbullying": {
      "precision": 0.6517165005537099,
      "recall": 0.7520766773162939,
      "f1-score": 0.6983091070898844,
      "support": 1565.0
    },
    "religion": {
      "precision": 0.9410681399631676,
      "recall": 0.958125,
      "f1-score": 0.9495199752245277,
      "support": 1600.0
    }
  },
  "weighted_avg": {
    "precision": 0.8515821499475499,
    "recall": 0.8514477549307595,
    "f1-score": 0.8500959625973405,
    "support": 9532.0
  },
  "micro_avg": {
    "precision": 0.8514477549307595,
    "recall": 0.8514477549307595,
    "f1-score": 0.8514477549307595,
    "support": 9532
  },
  "macro_avg": {
    "precision": 0.8507869461006011,
    "recall": 0.8508557491208416,
    "f1-score": 0.8493927300301417,
    "support": 9532.0
  },
  "accuracy": 0.8514477549307595,
  "inference_time_seconds": 7.1704182624816895,
  "energy_kwh": 0.00044652338381471877,
  "num_test_samples": 9532
}