{
  "per_class": {
    "age": {
      "precision": 0.9867340492735313,
      "recall": 0.9892336922102597,
      "f1-score": 0.9879822896900696,
      "support": 1579.0
    },
    "ethnicity": {
      "precision": 0.9945578231292517,
      "recall": 0.9785809906291834,
      "f1-score": 0.9865047233468286,
      "support": 1494.0
    },
    "gender": {
      "precision": 0.9253314724354501,
      "recall": 0.8917283120376597,
      "f1-score": 0.9082191780821918,
      "support": 1487.0
    },
    "other_cyberbullying": {
      "precision": 0.8479880774962743,
      "recall": 0.9003164556962026,
      "f1-score": 0.8733691481197237,
      "support": 1264.0
    },
    "religion": {
      "precision": 0.9836168872085697,
      "recall": 0.9811439346323068,
      "f1-score": 0.9823788546255506,
      "support": 1591.0
    }
  },
  "weighted_avg": {
    "precision": 0.9516765675756774,
    "recall": 0.9506405933917734,
    "f1-score": 0.9509490722645425,
    "support": 7415.0
  },
  "micro_avg": {
    "precision": 0.9506405933917734,
    "recall": 0.9506405933917734,
    "f1-score": 0.9506405933917734,
    "support": 7415
  },
  "macro_avg": {
    "precision": 0.9476456619086153,
    "recall": 0.9482006770411224,
    "f1-score": 0.9476908387728729,
    "support": 7415.0
  },
  "accuracy": 0.9506405933917734,
  "inference_time_seconds": 12.246077299118042,
  "energy_kwh": 0.0007756567310044555,
  "num_test_samples": 7415
}