{
  "per_class": {
    "age": {
      "precision": 0.9905719673161534,
      "recall": 0.985,
      "f1-score": 0.9877781259793168,
      "support": 1600.0
    },
    "ethnicity": {
      "precision": 0.99617102744097,
      "recall": 0.975625,
      "f1-score": 0.9857909693716451,
      "support": 1600.0
    },
    "gender": {
      "precision": 0.9452247191011236,
      "recall": 0.8407245471580262,
      "f1-score": 0.8899173553719009,
      "support": 1601.0
    },
    "other_cyberbullying": {
      "precision": 0.8206106870229007,
      "recall": 0.9400374765771393,
      "f1-score": 0.87627365356623,
      "support": 1601.0
    },
    "religion": {
      "precision": 0.9848675914249685,
      "recall": 0.97625,
      "f1-score": 0.9805398618957941,
      "support": 1600.0
    }
  },
  "weighted_avg": {
    "precision": 0.9474730596220832,
    "recall": 0.9435141214696325,
    "f1-score": 0.9440447559241136,
    "support": 8002.0
  },
  "micro_avg": {
    "precision": 0.9435141214696325,
    "recall": 0.9435141214696325,
    "f1-score": 0.9435141214696325,
    "support": 8002
  },
  "macro_avg": {
    "precision": 0.9474891984612231,
    "recall": 0.9435274047470331,
    "f1-score": 0.9440599932369773,
    "support": 8002.0
  },
  "accuracy": 0.9435141214696325,
  "inference_time_seconds": 13.217315912246704,
  "energy_kwh": 0.0007761932036968121,
  "num_test_samples": 8002
}