{
  "per_class": {
    "Cyberstalking": {
      "precision": 0.8297872340425532,
      "recall": 0.65,
      "f1-score": 0.7289719626168224,
      "support": 60.0
    },
    "Doxing": {
      "precision": 0.5757575757575758,
      "recall": 0.8636363636363636,
      "f1-score": 0.6909090909090909,
      "support": 88.0
    },
    "Revenge Porn": {
      "precision": 0.8852459016393442,
      "recall": 0.7105263157894737,
      "f1-score": 0.7883211678832117,
      "support": 76.0
    },
    "Sexual Harassment": {
      "precision": 0.865979381443299,
      "recall": 0.8484848484848485,
      "f1-score": 0.8571428571428571,
      "support": 99.0
    },
    "Slut Shaming": {
      "precision": 0.9411764705882353,
      "recall": 0.8080808080808081,
      "f1-score": 0.8695652173913043,
      "support": 99.0
    }
  },
  "weighted_avg": {
    "precision": 0.8214242146562368,
    "recall": 0.7890995260663507,
    "f1-score": 0.7947744689455342,
    "support": 422.0
  },
  "micro_avg": {
    "precision": 0.7890995260663507,
    "recall": 0.7890995260663507,
    "f1-score": 0.7890995260663507,
    "support": 422
  },
  "macro_avg": {
    "precision": 0.8195893126942015,
    "recall": 0.7761456671982987,
    "f1-score": 0.7869820591886573,
    "support": 422.0
  },
  "accuracy": 0.7890995260663507,
  "inference_time_seconds": 0.4113614559173584,
  "energy_kwh": 4.3797265967575235e-05,
  "num_test_samples": 422
}