{
  "per_class": {
    "Cyberstalking": {
      "precision": 0.7288135593220338,
      "recall": 0.7543859649122807,
      "f1-score": 0.7413793103448276,
      "support": 57.0
    },
    "Doxing": {
      "precision": 0.8309859154929577,
      "recall": 0.7468354430379747,
      "f1-score": 0.7866666666666666,
      "support": 79.0
    },
    "Revenge Porn": {
      "precision": 0.6853932584269663,
      "recall": 0.8714285714285714,
      "f1-score": 0.7672955974842768,
      "support": 70.0
    },
    "Sexual Harassment": {
      "precision": 0.88,
      "recall": 0.8048780487804879,
      "f1-score": 0.8407643312101911,
      "support": 82.0
    },
    "Slut Shaming": {
      "precision": 0.9156626506024096,
      "recall": 0.8539325842696629,
      "f1-score": 0.8837209302325582,
      "support": 89.0
    }
  },
  "weighted_avg": {
    "precision": 0.8191558732063705,
    "recall": 0.8090185676392573,
    "f1-score": 0.8109013716980228,
    "support": 377.0
  },
  "micro_avg": {
    "precision": 0.8090185676392573,
    "recall": 0.8090185676392573,
    "f1-score": 0.8090185676392573,
    "support": 377
  },
  "macro_avg": {
    "precision": 0.8081710767688735,
    "recall": 0.8062921224857955,
    "f1-score": 0.8039653671877041,
    "support": 377.0
  },
  "accuracy": 0.8090185676392573,
  "inference_time_seconds": 0.12978458404541016,
  "energy_kwh": 2.452436801641539e-05,
  "num_test_samples": 377
}