{
  "per_class": {
    "emotion": {
      "precision": 0.8284600389863548,
      "recall": 0.8449304174950298,
      "f1-score": 0.8366141732283464,
      "support": 1006.0
    },
    "hate": {
      "precision": 0.9242005527043032,
      "recall": 0.9242005527043032,
      "f1-score": 0.9242005527043032,
      "support": 2533.0
    },
    "offensive": {
      "precision": 0.9219143576826196,
      "recall": 0.9123931623931624,
      "f1-score": 0.9171290495793807,
      "support": 2808.0
    },
    "religion": {
      "precision": 0.9942473633748802,
      "recall": 1.0,
      "f1-score": 0.9971153846153846,
      "support": 2074.0
    },
    "spiritual": {
      "precision": 1.0,
      "recall": 0.9982668977469671,
      "f1-score": 0.9991326973113617,
      "support": 1731.0
    }
  },
  "weighted_avg": {
    "precision": 0.9413155385374873,
    "recall": 0.941193853427896,
    "f1-score": 0.941238005932318,
    "support": 10152.0
  },
  "micro_avg": {
    "precision": 0.941193853427896,
    "recall": 0.941193853427896,
    "f1-score": 0.941193853427896,
    "support": 10152
  },
  "macro_avg": {
    "precision": 0.9337644625496315,
    "recall": 0.9359582060678925,
    "f1-score": 0.9348383714877555,
    "support": 10152.0
  },
  "accuracy": 0.941193853427896,
  "inference_time_seconds": 9.821209192276001,
  "energy_kwh": 0.0006040378426469898,
  "num_test_samples": 10152
}