{
  "per_class": {
    "Cyberstalking": {
      "precision": 0.8214285714285714,
      "recall": 0.7666666666666667,
      "f1-score": 0.7931034482758621,
      "support": 60.0
    },
    "Doxing": {
      "precision": 0.8,
      "recall": 0.8636363636363636,
      "f1-score": 0.8306010928961749,
      "support": 88.0
    },
    "Revenge Porn": {
      "precision": 0.8333333333333334,
      "recall": 0.7894736842105263,
      "f1-score": 0.8108108108108109,
      "support": 76.0
    },
    "Sexual Harassment": {
      "precision": 0.839622641509434,
      "recall": 0.898989898989899,
      "f1-score": 0.8682926829268293,
      "support": 99.0
    },
    "Slut Shaming": {
      "precision": 0.967741935483871,
      "recall": 0.9090909090909091,
      "f1-score": 0.9375,
      "support": 99.0
    }
  },
  "weighted_avg": {
    "precision": 0.8576970159748455,
    "recall": 0.8554502369668247,
    "f1-score": 0.8556260670682295,
    "support": 422.0
  },
  "micro_avg": {
    "precision": 0.8554502369668247,
    "recall": 0.8554502369668247,
    "f1-score": 0.8554502369668247,
    "support": 422
  },
  "macro_avg": {
    "precision": 0.852425296351042,
    "recall": 0.8455715045188729,
    "f1-score": 0.8480616069819356,
    "support": 422.0
  },
  "accuracy": 0.8554502369668247,
  "inference_time_seconds": 0.32073116302490234,
  "energy_kwh": 1.8131598497870434e-05,
  "num_test_samples": 422
}