{
  "per_class": {
    "emotion": {
      "precision": 0.8665943600867679,
      "recall": 0.8609913793103449,
      "f1-score": 0.8637837837837837,
      "support": 928.0
    },
    "hate": {
      "precision": 0.9387254901960784,
      "recall": 0.9495867768595041,
      "f1-score": 0.9441248972884141,
      "support": 2420.0
    },
    "offensive": {
      "precision": 0.9222269443263919,
      "recall": 0.9087102177554439,
      "f1-score": 0.9154186880404978,
      "support": 2388.0
    },
    "religion": {
      "precision": 0.9916789035731767,
      "recall": 0.9995066600888012,
      "f1-score": 0.9955773955773956,
      "support": 2027.0
    },
    "spiritual": {
      "precision": 0.9994141769185706,
      "recall": 0.9976608187134502,
      "f1-score": 0.9985367281240854,
      "support": 1710.0
    }
  },
  "weighted_avg": {
    "precision": 0.9497861897561531,
    "recall": 0.949963052887153,
    "f1-score": 0.9498497430336313,
    "support": 9473.0
  },
  "micro_avg": {
    "precision": 0.949963052887153,
    "recall": 0.949963052887153,
    "f1-score": 0.949963052887153,
    "support": 9473
  },
  "macro_avg": {
    "precision": 0.943727975020197,
    "recall": 0.9432911705455089,
    "f1-score": 0.9434882985628352,
    "support": 9473.0
  },
  "accuracy": 0.949963052887153,
  "inference_time_seconds": 7.1414172649383545,
  "energy_kwh": 0.0004416353583738569,
  "num_test_samples": 9473
}