{
  "per_class": {
    "emotion": {
      "precision": 0.9179331306990881,
      "recall": 0.9005964214711729,
      "f1-score": 0.9091821374811841,
      "support": 1006.0
    },
    "hate": {
      "precision": 0.9609775325187229,
      "recall": 0.96249506514015,
      "f1-score": 0.9617357001972386,
      "support": 2533.0
    },
    "offensive": {
      "precision": 0.9574468085106383,
      "recall": 0.9615384615384616,
      "f1-score": 0.9594882729211087,
      "support": 2808.0
    },
    "religion": {
      "precision": 0.9975938402309913,
      "recall": 0.9995178399228544,
      "f1-score": 0.9985549132947977,
      "support": 2074.0
    },
    "spiritual": {
      "precision": 0.9988439306358381,
      "recall": 0.9982668977469671,
      "f1-score": 0.9985553308292401,
      "support": 1731.0
    }
  },
  "weighted_avg": {
    "precision": 0.9696725695646957,
    "recall": 0.9697596532702916,
    "f1-score": 0.9697063629932008,
    "support": 10152.0
  },
  "micro_avg": {
    "precision": 0.9697596532702916,
    "recall": 0.9697596532702916,
    "f1-score": 0.9697596532702916,
    "support": 10152
  },
  "macro_avg": {
    "precision": 0.9665590485190556,
    "recall": 0.9644829371639212,
    "f1-score": 0.9655032709447138,
    "support": 10152.0
  },
  "accuracy": 0.9697596532702916,
  "inference_time_seconds": 7.517374038696289,
  "energy_kwh": 0.0004895657527626261,
  "num_test_samples": 10152
}