{
  "per_class": {
    "age": {
      "precision": 0.9850839030453697,
      "recall": 0.990625,
      "f1-score": 0.9878466812090994,
      "support": 1600.0
    },
    "ethnicity": {
      "precision": 0.9930025445292621,
      "recall": 0.975625,
      "f1-score": 0.9842370744010088,
      "support": 1600.0
    },
    "gender": {
      "precision": 0.9235588972431078,
      "recall": 0.9206745783885072,
      "f1-score": 0.9221144823271817,
      "support": 1601.0
    },
    "other_cyberbullying": {
      "precision": 0.8948012232415902,
      "recall": 0.9138038725796377,
      "f1-score": 0.904202719406675,
      "support": 1601.0
    },
    "religion": {
      "precision": 0.9893081761006289,
      "recall": 0.983125,
      "f1-score": 0.9862068965517241,
      "support": 1600.0
    }
  },
  "weighted_avg": {
    "precision": 0.9571389591072755,
    "recall": 0.9567608097975506,
    "f1-score": 0.9569106327711617,
    "support": 8002.0
  },
  "micro_avg": {
    "precision": 0.9567608097975506,
    "recall": 0.9567608097975506,
    "f1-score": 0.9567608097975506,
    "support": 8002
  },
  "macro_avg": {
    "precision": 0.9571509488319917,
    "recall": 0.956770690193629,
    "f1-score": 0.9569215707791379,
    "support": 8002.0
  },
  "accuracy": 0.9567608097975506,
  "inference_time_seconds": 6.346483945846558,
  "energy_kwh": 0.00033698972425924415,
  "num_test_samples": 8002
}