{
  "per_class": {
    "age": {
      "precision": 0.9867256637168141,
      "recall": 0.9886003799873337,
      "f1-score": 0.987662132236634,
      "support": 1579.0
    },
    "ethnicity": {
      "precision": 0.9918864097363083,
      "recall": 0.9825853985264568,
      "f1-score": 0.9872139973082099,
      "support": 1493.0
    },
    "gender": {
      "precision": 0.9299719887955182,
      "recall": 0.8918737407656145,
      "f1-score": 0.9105245114844018,
      "support": 1489.0
    },
    "other_cyberbullying": {
      "precision": 0.85331347728965,
      "recall": 0.9066455696202531,
      "f1-score": 0.8791714614499425,
      "support": 1264.0
    },
    "religion": {
      "precision": 0.987389659520807,
      "recall": 0.9830508474576272,
      "f1-score": 0.9852154765649576,
      "support": 1593.0
    }
  },
  "weighted_avg": {
    "precision": 0.953781947556275,
    "recall": 0.9528174710164464,
    "f1-score": 0.9530764335162821,
    "support": 7418.0
  },
  "micro_avg": {
    "precision": 0.9528174710164464,
    "recall": 0.9528174710164464,
    "f1-score": 0.9528174710164464,
    "support": 7418
  },
  "macro_avg": {
    "precision": 0.9498574398118194,
    "recall": 0.9505511872714572,
    "f1-score": 0.9499575158088291,
    "support": 7418.0
  },
  "accuracy": 0.9528174710164464,
  "inference_time_seconds": 5.429923057556152,
  "energy_kwh": 0.000358740316827809,
  "num_test_samples": 7418
}