{
  "per_class": {
    "emotion": {
      "precision": 0.9174757281553398,
      "recall": 0.9393638170974155,
      "f1-score": 0.9282907662082515,
      "support": 1006.0
    },
    "hate": {
      "precision": 0.9728434504792333,
      "recall": 0.9617054875641532,
      "f1-score": 0.9672424061941632,
      "support": 2533.0
    },
    "offensive": {
      "precision": 0.9644633972992182,
      "recall": 0.9665242165242165,
      "f1-score": 0.9654927072216293,
      "support": 2808.0
    },
    "religion": {
      "precision": 0.9990361445783132,
      "recall": 0.9995178399228544,
      "f1-score": 0.9992769342010123,
      "support": 2074.0
    },
    "spiritual": {
      "precision": 1.0,
      "recall": 0.998844598497978,
      "f1-score": 0.999421965317919,
      "support": 1731.0
    }
  },
  "weighted_avg": {
    "precision": 0.9750204123384355,
    "recall": 0.9748817966903073,
    "f1-score": 0.9749299478991202,
    "support": 10152.0
  },
  "micro_avg": {
    "precision": 0.9748817966903073,
    "recall": 0.9748817966903073,
    "f1-score": 0.9748817966903073,
    "support": 10152
  },
  "macro_avg": {
    "precision": 0.970763744102421,
    "recall": 0.9731911919213235,
    "f1-score": 0.971944955828595,
    "support": 10152.0
  },
  "accuracy": 0.9748817966903073,
  "inference_time_seconds": 4.194100379943848,
  "energy_kwh": 0.00023294621037332102,
  "num_test_samples": 10152
}