{
  "per_class": {
    "Cyberstalking": {
      "precision": 0.7592592592592593,
      "recall": 0.6833333333333333,
      "f1-score": 0.7192982456140351,
      "support": 60.0
    },
    "Doxing": {
      "precision": 0.810126582278481,
      "recall": 0.7272727272727273,
      "f1-score": 0.7664670658682635,
      "support": 88.0
    },
    "Revenge Porn": {
      "precision": 0.7469879518072289,
      "recall": 0.8157894736842105,
      "f1-score": 0.779874213836478,
      "support": 76.0
    },
    "Sexual Harassment": {
      "precision": 0.7666666666666667,
      "recall": 0.9292929292929293,
      "f1-score": 0.8401826484018264,
      "support": 99.0
    },
    "Slut Shaming": {
      "precision": 0.9767441860465116,
      "recall": 0.8484848484848485,
      "f1-score": 0.9081081081081082,
      "support": 99.0
    }
  },
  "weighted_avg": {
    "precision": 0.8204157667109382,
    "recall": 0.8127962085308057,
    "f1-score": 0.8126972077708653,
    "support": 422.0
  },
  "micro_avg": {
    "precision": 0.8127962085308057,
    "recall": 0.8127962085308057,
    "f1-score": 0.8127962085308057,
    "support": 422
  },
  "macro_avg": {
    "precision": 0.8119569292116295,
    "recall": 0.8008346624136099,
    "f1-score": 0.8027860563657423,
    "support": 422.0
  },
  "accuracy": 0.8127962085308057,
  "inference_time_seconds": 0.3310697078704834,
  "energy_kwh": 2.0483778281521133e-05,
  "num_test_samples": 422
}