{
  "per_class": {
    "age": {
      "precision": 0.9704030226700252,
      "recall": 0.9852941176470589,
      "f1-score": 0.9777918781725888,
      "support": 1564.0
    },
    "ethnicity": {
      "precision": 0.9838274932614556,
      "recall": 0.9851551956815114,
      "f1-score": 0.9844908968307485,
      "support": 1482.0
    },
    "gender": {
      "precision": 0.8928322894919972,
      "recall": 0.880576527110501,
      "f1-score": 0.8866620594333103,
      "support": 1457.0
    },
    "not_cyberbullying": {
      "precision": 0.6654611211573237,
      "recall": 0.6072607260726073,
      "f1-score": 0.635030198446937,
      "support": 1212.0
    },
    "other_cyberbullying": {
      "precision": 0.6198501872659176,
      "recall": 0.6741344195519349,
      "f1-score": 0.6458536585365854,
      "support": 982.0
    },
    "religion": {
      "precision": 0.9643080776455855,
      "recall": 0.9728363866077069,
      "f1-score": 0.9685534591194969,
      "support": 1583.0
    }
  },
  "weighted_avg": {
    "precision": 0.8717790782500008,
    "recall": 0.8722222222222222,
    "f1-score": 0.87164899108046,
    "support": 8280.0
  },
  "micro_avg": {
    "precision": 0.8722222222222222,
    "recall": 0.8722222222222222,
    "f1-score": 0.8722222222222222,
    "support": 8280
  },
  "macro_avg": {
    "precision": 0.8494470319153841,
    "recall": 0.8508762287785534,
    "f1-score": 0.8497303584232778,
    "support": 8280.0
  },
  "accuracy": 0.8722222222222222,
  "inference_time_seconds": 6.759222030639648,
  "energy_kwh": 0.00040596402839184923,
  "num_test_samples": 8280
}