{
  "per_class": {
    "Cyberstalking": {
      "precision": 0.7659574468085106,
      "recall": 0.631578947368421,
      "f1-score": 0.6923076923076923,
      "support": 57.0
    },
    "Doxing": {
      "precision": 0.6326530612244898,
      "recall": 0.7848101265822784,
      "f1-score": 0.7005649717514124,
      "support": 79.0
    },
    "Revenge Porn": {
      "precision": 0.8688524590163934,
      "recall": 0.7571428571428571,
      "f1-score": 0.8091603053435115,
      "support": 70.0
    },
    "Sexual Harassment": {
      "precision": 0.8421052631578947,
      "recall": 0.7901234567901234,
      "f1-score": 0.8152866242038217,
      "support": 81.0
    },
    "Slut Shaming": {
      "precision": 0.8152173913043478,
      "recall": 0.8620689655172413,
      "f1-score": 0.8379888268156425,
      "support": 87.0
    }
  },
  "weighted_avg": {
    "precision": 0.7850087641583825,
    "recall": 0.7754010695187166,
    "f1-score": 0.7764455537364072,
    "support": 374.0
  },
  "micro_avg": {
    "precision": 0.7754010695187166,
    "recall": 0.7754010695187166,
    "f1-score": 0.7754010695187166,
    "support": 374
  },
  "macro_avg": {
    "precision": 0.7849571243023272,
    "recall": 0.7651448706801842,
    "f1-score": 0.771061684084416,
    "support": 374.0
  },
  "accuracy": 0.7754010695187166,
  "inference_time_seconds": 0.19841766357421875,
  "energy_kwh": 7.097585498583792e-06,
  "num_test_samples": 374
}