{
  "per_class": {
    "Cyberstalking": {
      "precision": 0.7719298245614035,
      "recall": 0.7333333333333333,
      "f1-score": 0.7521367521367521,
      "support": 60.0
    },
    "Doxing": {
      "precision": 0.8131868131868132,
      "recall": 0.8409090909090909,
      "f1-score": 0.8268156424581006,
      "support": 88.0
    },
    "Revenge Porn": {
      "precision": 0.7682926829268293,
      "recall": 0.8289473684210527,
      "f1-score": 0.7974683544303798,
      "support": 76.0
    },
    "Sexual Harassment": {
      "precision": 0.8383838383838383,
      "recall": 0.8383838383838383,
      "f1-score": 0.8383838383838383,
      "support": 99.0
    },
    "Slut Shaming": {
      "precision": 0.9139784946236559,
      "recall": 0.8585858585858586,
      "f1-score": 0.8854166666666666,
      "support": 99.0
    }
  },
  "weighted_avg": {
    "precision": 0.8287922841334235,
    "recall": 0.8270142180094787,
    "f1-score": 0.8273739966853717,
    "support": 422.0
  },
  "micro_avg": {
    "precision": 0.8270142180094787,
    "recall": 0.8270142180094787,
    "f1-score": 0.8270142180094787,
    "support": 422
  },
  "macro_avg": {
    "precision": 0.821154330736508,
    "recall": 0.8200318979266348,
    "f1-score": 0.8200442508151475,
    "support": 422.0
  },
  "accuracy": 0.8270142180094787,
  "inference_time_seconds": 0.11103558540344238,
  "energy_kwh": 2.4544665744788993e-06,
  "num_test_samples": 422
}