{
  "per_class": {
    "Cyberstalking": {
      "precision": 0.7166666666666667,
      "recall": 0.7166666666666667,
      "f1-score": 0.7166666666666667,
      "support": 60.0
    },
    "Doxing": {
      "precision": 0.7931034482758621,
      "recall": 0.7840909090909091,
      "f1-score": 0.7885714285714286,
      "support": 88.0
    },
    "Revenge Porn": {
      "precision": 0.7721518987341772,
      "recall": 0.8026315789473685,
      "f1-score": 0.7870967741935484,
      "support": 76.0
    },
    "Sexual Harassment": {
      "precision": 0.84,
      "recall": 0.8484848484848485,
      "f1-score": 0.8442211055276382,
      "support": 99.0
    },
    "Slut Shaming": {
      "precision": 0.90625,
      "recall": 0.8787878787878788,
      "f1-score": 0.8923076923076924,
      "support": 99.0
    }
  },
  "weighted_avg": {
    "precision": 0.8160080515451975,
    "recall": 0.8151658767772512,
    "f1-score": 0.8154739135987988,
    "support": 422.0
  },
  "micro_avg": {
    "precision": 0.8151658767772512,
    "recall": 0.8151658767772512,
    "f1-score": 0.8151658767772512,
    "support": 422
  },
  "macro_avg": {
    "precision": 0.8056344027353411,
    "recall": 0.8061323763955344,
    "f1-score": 0.8057727334533948,
    "support": 422.0
  },
  "accuracy": 0.8151658767772512,
  "inference_time_seconds": 0.11559081077575684,
  "energy_kwh": 3.940299945366883e-06,
  "num_test_samples": 422
}