{
  "per_class": {
    "Cyberstalking": {
      "precision": 0.8478260869565217,
      "recall": 0.7358490566037735,
      "f1-score": 0.7878787878787878,
      "support": 53.0
    },
    "Doxing": {
      "precision": 0.8157894736842105,
      "recall": 0.8378378378378378,
      "f1-score": 0.8266666666666667,
      "support": 74.0
    },
    "Revenge Porn": {
      "precision": 0.9122807017543859,
      "recall": 0.7536231884057971,
      "f1-score": 0.8253968253968254,
      "support": 69.0
    },
    "Sexual Harassment": {
      "precision": 0.8214285714285714,
      "recall": 0.8961038961038961,
      "f1-score": 0.8571428571428571,
      "support": 77.0
    },
    "Slut Shaming": {
      "precision": 0.84,
      "recall": 0.9333333333333333,
      "f1-score": 0.8842105263157894,
      "support": 90.0
    }
  },
  "weighted_avg": {
    "precision": 0.8460070856263907,
    "recall": 0.8429752066115702,
    "f1-score": 0.8414937669744107,
    "support": 363.0
  },
  "micro_avg": {
    "precision": 0.8429752066115702,
    "recall": 0.8429752066115702,
    "f1-score": 0.8429752066115702,
    "support": 363
  },
  "macro_avg": {
    "precision": 0.8474649667647378,
    "recall": 0.8313494624569276,
    "f1-score": 0.8362591326801854,
    "support": 363.0
  },
  "accuracy": 0.8429752066115702,
  "inference_time_seconds": 0.08045792579650879,
  "energy_kwh": 3.720795296401444e-06,
  "num_test_samples": 363
}