{
  "per_class": {
    "Cyberstalking": {
      "precision": 0.7014925373134329,
      "recall": 0.7833333333333333,
      "f1-score": 0.7401574803149606,
      "support": 60.0
    },
    "Doxing": {
      "precision": 0.8571428571428571,
      "recall": 0.75,
      "f1-score": 0.8,
      "support": 88.0
    },
    "Revenge Porn": {
      "precision": 0.7111111111111111,
      "recall": 0.8421052631578947,
      "f1-score": 0.7710843373493976,
      "support": 76.0
    },
    "Sexual Harassment": {
      "precision": 0.8947368421052632,
      "recall": 0.8585858585858586,
      "f1-score": 0.8762886597938144,
      "support": 99.0
    },
    "Slut Shaming": {
      "precision": 0.9139784946236559,
      "recall": 0.8585858585858586,
      "f1-score": 0.8854166666666666,
      "support": 99.0
    }
  },
  "weighted_avg": {
    "precision": 0.8308658446634712,
    "recall": 0.8222748815165877,
    "f1-score": 0.8242196345427475,
    "support": 422.0
  },
  "micro_avg": {
    "precision": 0.8222748815165877,
    "recall": 0.8222748815165877,
    "f1-score": 0.8222748815165877,
    "support": 422
  },
  "macro_avg": {
    "precision": 0.8156923684592641,
    "recall": 0.818522062732589,
    "f1-score": 0.8145894288249679,
    "support": 422.0
  },
  "accuracy": 0.8222748815165877,
  "inference_time_seconds": 0.23246192932128906,
  "energy_kwh": 2.509100217977476e-05,
  "num_test_samples": 422
}