{
  "per_class": {
    "Cyberstalking": {
      "precision": 0.8604651162790697,
      "recall": 0.6166666666666667,
      "f1-score": 0.7184466019417476,
      "support": 60.0
    },
    "Doxing": {
      "precision": 0.7653061224489796,
      "recall": 0.8522727272727273,
      "f1-score": 0.8064516129032258,
      "support": 88.0
    },
    "Revenge Porn": {
      "precision": 0.8695652173913043,
      "recall": 0.7894736842105263,
      "f1-score": 0.8275862068965517,
      "support": 76.0
    },
    "Sexual Harassment": {
      "precision": 0.8073394495412844,
      "recall": 0.8888888888888888,
      "f1-score": 0.8461538461538461,
      "support": 99.0
    },
    "Slut Shaming": {
      "precision": 0.8640776699029126,
      "recall": 0.898989898989899,
      "f1-score": 0.8811881188118812,
      "support": 99.0
    }
  },
  "weighted_avg": {
    "precision": 0.8306447798553768,
    "recall": 0.8270142180094787,
    "f1-score": 0.8245922850894164,
    "support": 422.0
  },
  "micro_avg": {
    "precision": 0.8270142180094787,
    "recall": 0.8270142180094787,
    "f1-score": 0.8270142180094787,
    "support": 422
  },
  "macro_avg": {
    "precision": 0.8333507151127101,
    "recall": 0.8092583732057417,
    "f1-score": 0.8159652773414505,
    "support": 422.0
  },
  "accuracy": 0.8270142180094787,
  "inference_time_seconds": 0.04825282096862793,
  "energy_kwh": 1.461162357713889e-05,
  "num_test_samples": 422
}