{
  "per_class": {
    "Cyberstalking": {
      "precision": 0.639344262295082,
      "recall": 0.6842105263157895,
      "f1-score": 0.6610169491525424,
      "support": 57.0
    },
    "Doxing": {
      "precision": 0.8405797101449275,
      "recall": 0.7341772151898734,
      "f1-score": 0.7837837837837838,
      "support": 79.0
    },
    "Revenge Porn": {
      "precision": 0.6888888888888889,
      "recall": 0.8732394366197183,
      "f1-score": 0.7701863354037267,
      "support": 71.0
    },
    "Sexual Harassment": {
      "precision": 0.8311688311688312,
      "recall": 0.7804878048780488,
      "f1-score": 0.8050314465408805,
      "support": 82.0
    },
    "Slut Shaming": {
      "precision": 0.9259259259259259,
      "recall": 0.8426966292134831,
      "f1-score": 0.8823529411764706,
      "support": 89.0
    }
  },
  "weighted_avg": {
    "precision": 0.7997957214990256,
    "recall": 0.7883597883597884,
    "f1-score": 0.7905346698818425,
    "support": 378.0
  },
  "micro_avg": {
    "precision": 0.7883597883597884,
    "recall": 0.7883597883597884,
    "f1-score": 0.7883597883597884,
    "support": 378
  },
  "macro_avg": {
    "precision": 0.785181523684731,
    "recall": 0.7829623224433826,
    "f1-score": 0.7804742912114808,
    "support": 378.0
  },
  "accuracy": 0.7883597883597884,
  "inference_time_seconds": 0.16403818130493164,
  "energy_kwh": 7.268492740815587e-06,
  "num_test_samples": 378
}