{
  "per_class": {
    "Cyberstalking": {
      "precision": 0.7213114754098361,
      "recall": 0.7333333333333333,
      "f1-score": 0.7272727272727273,
      "support": 60.0
    },
    "Doxing": {
      "precision": 0.782608695652174,
      "recall": 0.8181818181818182,
      "f1-score": 0.8,
      "support": 88.0
    },
    "Revenge Porn": {
      "precision": 0.6979166666666666,
      "recall": 0.881578947368421,
      "f1-score": 0.7790697674418605,
      "support": 76.0
    },
    "Sexual Harassment": {
      "precision": 0.9753086419753086,
      "recall": 0.797979797979798,
      "f1-score": 0.8777777777777778,
      "support": 99.0
    },
    "Slut Shaming": {
      "precision": 0.8913043478260869,
      "recall": 0.8282828282828283,
      "f1-score": 0.8586387434554974,
      "support": 99.0
    }
  },
  "weighted_avg": {
    "precision": 0.8293474085284036,
    "recall": 0.8151658767772512,
    "f1-score": 0.8178931316683394,
    "support": 422.0
  },
  "micro_avg": {
    "precision": 0.8151658767772512,
    "recall": 0.8151658767772512,
    "f1-score": 0.8151658767772512,
    "support": 422
  },
  "macro_avg": {
    "precision": 0.8136899655060145,
    "recall": 0.8118713450292396,
    "f1-score": 0.8085518031895725,
    "support": 422.0
  },
  "accuracy": 0.8151658767772512,
  "inference_time_seconds": 0.2820773124694824,
  "energy_kwh": 4.1087123953125374e-05,
  "num_test_samples": 422
}