{
  "per_class": {
    "age": {
      "precision": 0.9849812265331664,
      "recall": 0.9849812265331664,
      "f1-score": 0.9849812265331664,
      "support": 1598.0
    },
    "ethnicity": {
      "precision": 0.9892744479495268,
      "recall": 0.9849246231155779,
      "f1-score": 0.9870947434686811,
      "support": 1592.0
    },
    "gender": {
      "precision": 0.8780940594059405,
      "recall": 0.8924528301886793,
      "f1-score": 0.885215221459763,
      "support": 1590.0
    },
    "not_cyberbullying": {
      "precision": 0.7017543859649122,
      "recall": 0.630119722747322,
      "f1-score": 0.6640106241699867,
      "support": 1587.0
    },
    "other_cyberbullying": {
      "precision": 0.6938053097345133,
      "recall": 0.7514376996805112,
      "f1-score": 0.7214723926380369,
      "support": 1565.0
    },
    "religion": {
      "precision": 0.9566026038437694,
      "recall": 0.964375,
      "f1-score": 0.9604730781201369,
      "support": 1600.0
    }
  },
  "weighted_avg": {
    "precision": 0.8681439532104439,
    "recall": 0.8686529584557281,
    "f1-score": 0.867875903666773,
    "support": 9532.0
  },
  "micro_avg": {
    "precision": 0.8686529584557281,
    "recall": 0.8686529584557281,
    "f1-score": 0.8686529584557281,
    "support": 9532
  },
  "macro_avg": {
    "precision": 0.8674186722386382,
    "recall": 0.8680485170442095,
    "f1-score": 0.8672078810649619,
    "support": 9532.0
  },
  "accuracy": 0.8686529584557281,
  "inference_time_seconds": 3.388415575027466,
  "energy_kwh": 0.0002084631345236869,
  "num_test_samples": 9532
}