{
  "per_class": {
    "age": {
      "precision": 0.979047619047619,
      "recall": 0.9859335038363172,
      "f1-score": 0.9824784963364128,
      "support": 1564.0
    },
    "ethnicity": {
      "precision": 0.9792919171676687,
      "recall": 0.9878706199460916,
      "f1-score": 0.9835625628983563,
      "support": 1484.0
    },
    "gender": {
      "precision": 0.8968858131487889,
      "recall": 0.8888888888888888,
      "f1-score": 0.892869445401309,
      "support": 1458.0
    },
    "not_cyberbullying": {
      "precision": 0.6678765880217786,
      "recall": 0.6062602965403624,
      "f1-score": 0.6355785837651122,
      "support": 1214.0
    },
    "other_cyberbullying": {
      "precision": 0.6247689463955638,
      "recall": 0.6890927624872579,
      "f1-score": 0.6553562772661173,
      "support": 981.0
    },
    "religion": {
      "precision": 0.9595704358812381,
      "recall": 0.9595704358812381,
      "f1-score": 0.9595704358812381,
      "support": 1583.0
    }
  },
  "weighted_avg": {
    "precision": 0.8733534175652725,
    "recall": 0.8733703524867213,
    "f1-score": 0.8729483065783832,
    "support": 8284.0
  },
  "micro_avg": {
    "precision": 0.8733703524867213,
    "recall": 0.8733703524867213,
    "f1-score": 0.8733703524867213,
    "support": 8284
  },
  "macro_avg": {
    "precision": 0.8512402199437762,
    "recall": 0.8529360845966926,
    "f1-score": 0.8515693002580909,
    "support": 8284.0
  },
  "accuracy": 0.8733703524867213,
  "inference_time_seconds": 3.4331002235412598,
  "energy_kwh": 0.00018637200393041087,
  "num_test_samples": 8284
}