{
  "per_class": {
    "Cyberstalking": {
      "precision": 0.6612903225806451,
      "recall": 0.7735849056603774,
      "f1-score": 0.7130434782608696,
      "support": 53.0
    },
    "Doxing": {
      "precision": 0.8428571428571429,
      "recall": 0.7972972972972973,
      "f1-score": 0.8194444444444444,
      "support": 74.0
    },
    "Revenge Porn": {
      "precision": 0.7941176470588235,
      "recall": 0.7714285714285715,
      "f1-score": 0.782608695652174,
      "support": 70.0
    },
    "Sexual Harassment": {
      "precision": 0.863013698630137,
      "recall": 0.8181818181818182,
      "f1-score": 0.84,
      "support": 77.0
    },
    "Slut Shaming": {
      "precision": 0.8666666666666667,
      "recall": 0.8764044943820225,
      "f1-score": 0.8715083798882681,
      "support": 89.0
    }
  },
  "weighted_avg": {
    "precision": 0.8170618156754113,
    "recall": 0.8126721763085399,
    "f1-score": 0.8139312609984105,
    "support": 363.0
  },
  "micro_avg": {
    "precision": 0.8126721763085399,
    "recall": 0.8126721763085399,
    "f1-score": 0.8126721763085399,
    "support": 363
  },
  "macro_avg": {
    "precision": 0.8055890955586829,
    "recall": 0.8073794173900174,
    "f1-score": 0.8053209996491513,
    "support": 363.0
  },
  "accuracy": 0.8126721763085399,
  "inference_time_seconds": 0.27124643325805664,
  "energy_kwh": 1.6877809579020868e-05,
  "num_test_samples": 363
}