{
  "per_class": {
    "emotion": {
      "precision": 0.918974358974359,
      "recall": 0.8906560636182903,
      "f1-score": 0.9045936395759717,
      "support": 1006.0
    },
    "hate": {
      "precision": 0.9632991318074191,
      "recall": 0.9636794315041453,
      "f1-score": 0.9634892441286758,
      "support": 2533.0
    },
    "offensive": {
      "precision": 0.9569968276348255,
      "recall": 0.9668803418803419,
      "f1-score": 0.9619131975199291,
      "support": 2808.0
    },
    "religion": {
      "precision": 0.9990361445783132,
      "recall": 0.9995178399228544,
      "f1-score": 0.9992769342010123,
      "support": 2074.0
    },
    "spiritual": {
      "precision": 0.998844598497978,
      "recall": 0.998844598497978,
      "f1-score": 0.998844598497978,
      "support": 1731.0
    }
  },
  "weighted_avg": {
    "precision": 0.970525311450986,
    "recall": 0.9706461780929866,
    "f1-score": 0.9705567451694468,
    "support": 10152.0
  },
  "micro_avg": {
    "precision": 0.9706461780929866,
    "recall": 0.9706461780929866,
    "f1-score": 0.9706461780929866,
    "support": 10152
  },
  "macro_avg": {
    "precision": 0.967430212298579,
    "recall": 0.963915655084722,
    "f1-score": 0.9656235227847134,
    "support": 10152.0
  },
  "accuracy": 0.9706461780929866,
  "inference_time_seconds": 8.028902530670166,
  "energy_kwh": 0.000528247656555764,
  "num_test_samples": 10152
}