{
  "per_class": {
    "age": {
      "precision": 0.9869077306733167,
      "recall": 0.989375,
      "f1-score": 0.9881398252184769,
      "support": 1600.0
    },
    "ethnicity": {
      "precision": 0.9824890556597874,
      "recall": 0.981875,
      "f1-score": 0.9821819318537043,
      "support": 1600.0
    },
    "gender": {
      "precision": 0.9187784275503573,
      "recall": 0.8831980012492192,
      "f1-score": 0.9006369426751593,
      "support": 1601.0
    },
    "other_cyberbullying": {
      "precision": 0.8620689655172413,
      "recall": 0.905683947532792,
      "f1-score": 0.883338409990862,
      "support": 1601.0
    },
    "religion": {
      "precision": 0.9898605830164765,
      "recall": 0.97625,
      "f1-score": 0.9830081812460667,
      "support": 1600.0
    }
  },
  "weighted_avg": {
    "precision": 0.9480065567683772,
    "recall": 0.9472631842039491,
    "f1-score": 0.9474471933176077,
    "support": 8002.0
  },
  "micro_avg": {
    "precision": 0.9472631842039491,
    "recall": 0.9472631842039491,
    "f1-score": 0.9472631842039491,
    "support": 8002
  },
  "macro_avg": {
    "precision": 0.9480209524834358,
    "recall": 0.9472763897564022,
    "f1-score": 0.9474610581968538,
    "support": 8002.0
  },
  "accuracy": 0.9472631842039491,
  "inference_time_seconds": 7.7803051471710205,
  "energy_kwh": 0.00046681052198755215,
  "num_test_samples": 8002
}