{
  "per_class": {
    "emotion": {
      "precision": 0.8574660633484162,
      "recall": 0.8081023454157783,
      "f1-score": 0.8320526893523601,
      "support": 938.0
    },
    "hate": {
      "precision": 0.9544098849595228,
      "recall": 0.9286898839137645,
      "f1-score": 0.941374238285354,
      "support": 2412.0
    },
    "offensive": {
      "precision": 0.8822815533980582,
      "recall": 0.9233700254022015,
      "f1-score": 0.90235829540753,
      "support": 2362.0
    },
    "religion": {
      "precision": 0.9941434846266471,
      "recall": 0.9995093228655545,
      "f1-score": 0.9968191827746513,
      "support": 2038.0
    },
    "spiritual": {
      "precision": 0.9994155464640561,
      "recall": 0.9982486865148862,
      "f1-score": 0.9988317757009346,
      "support": 1713.0
    }
  },
  "weighted_avg": {
    "precision": 0.9435012249636935,
    "recall": 0.9432526682870126,
    "f1-score": 0.9431413616590737,
    "support": 9463.0
  },
  "micro_avg": {
    "precision": 0.9432526682870126,
    "recall": 0.9432526682870126,
    "f1-score": 0.9432526682870126,
    "support": 9463
  },
  "macro_avg": {
    "precision": 0.93754330655934,
    "recall": 0.9315840528224371,
    "f1-score": 0.9342872363041661,
    "support": 9463.0
  },
  "accuracy": 0.9432526682870126,
  "inference_time_seconds": 15.719990015029907,
  "energy_kwh": 0.0009837786934068463,
  "num_test_samples": 9463
}