{
  "per_class": {
    "age": {
      "precision": 0.980064308681672,
      "recall": 0.9744245524296675,
      "f1-score": 0.977236293683873,
      "support": 1564.0
    },
    "ethnicity": {
      "precision": 0.9885367498314228,
      "recall": 0.9885367498314228,
      "f1-score": 0.9885367498314228,
      "support": 1483.0
    },
    "gender": {
      "precision": 0.8981026001405481,
      "recall": 0.8771448181194235,
      "f1-score": 0.8875,
      "support": 1457.0
    },
    "not_cyberbullying": {
      "precision": 0.6150761828388132,
      "recall": 0.6323165704863973,
      "f1-score": 0.6235772357723577,
      "support": 1213.0
    },
    "other_cyberbullying": {
      "precision": 0.6061538461538462,
      "recall": 0.6024464831804281,
      "f1-score": 0.6042944785276073,
      "support": 981.0
    },
    "religion": {
      "precision": 0.9536921151439299,
      "recall": 0.9627289955780164,
      "f1-score": 0.9581892486639422,
      "support": 1583.0
    }
  },
  "weighted_avg": {
    "precision": 0.8643611904741165,
    "recall": 0.8634222919937206,
    "f1-score": 0.863846240114002,
    "support": 8281.0
  },
  "micro_avg": {
    "precision": 0.8634222919937206,
    "recall": 0.8634222919937206,
    "f1-score": 0.8634222919937206,
    "support": 8281
  },
  "macro_avg": {
    "precision": 0.8402709671317053,
    "recall": 0.8395996949375594,
    "f1-score": 0.8398890010798672,
    "support": 8281.0
  },
  "accuracy": 0.8634222919937206,
  "inference_time_seconds": 6.218103647232056,
  "energy_kwh": 0.00038688484312880136,
  "num_test_samples": 8281
}