{
  "per_class": {
    "emotion": {
      "precision": 0.9068384539147671,
      "recall": 0.9095427435387674,
      "f1-score": 0.9081885856079405,
      "support": 1006.0
    },
    "hate": {
      "precision": 0.9637366968860859,
      "recall": 0.965258586656139,
      "f1-score": 0.9644970414201184,
      "support": 2533.0
    },
    "offensive": {
      "precision": 0.9635714285714285,
      "recall": 0.9608262108262108,
      "f1-score": 0.9621968616262482,
      "support": 2808.0
    },
    "religion": {
      "precision": 0.9975938402309913,
      "recall": 0.9995178399228544,
      "f1-score": 0.9985549132947977,
      "support": 2074.0
    },
    "spiritual": {
      "precision": 1.0,
      "recall": 0.9982668977469671,
      "f1-score": 0.9991326973113617,
      "support": 1731.0
    }
  },
  "weighted_avg": {
    "precision": 0.9711527515680021,
    "recall": 0.9711386918833728,
    "f1-score": 0.9711445133672802,
    "support": 10152.0
  },
  "micro_avg": {
    "precision": 0.9711386918833728,
    "recall": 0.9711386918833728,
    "f1-score": 0.9711386918833728,
    "support": 10152
  },
  "macro_avg": {
    "precision": 0.9663480839206546,
    "recall": 0.9666824557381876,
    "f1-score": 0.9665140198520934,
    "support": 10152.0
  },
  "accuracy": 0.9711386918833728,
  "inference_time_seconds": 2.420950174331665,
  "energy_kwh": 0.00016544193590359367,
  "num_test_samples": 10152
}