{
  "per_class": {
    "Cyberstalking": {
      "precision": 0.6527777777777778,
      "recall": 0.7833333333333333,
      "f1-score": 0.7121212121212122,
      "support": 60.0
    },
    "Doxing": {
      "precision": 0.8390804597701149,
      "recall": 0.8295454545454546,
      "f1-score": 0.8342857142857143,
      "support": 88.0
    },
    "Revenge Porn": {
      "precision": 0.84,
      "recall": 0.8289473684210527,
      "f1-score": 0.8344370860927153,
      "support": 76.0
    },
    "Sexual Harassment": {
      "precision": 0.8673469387755102,
      "recall": 0.8585858585858586,
      "f1-score": 0.8629441624365483,
      "support": 99.0
    },
    "Slut Shaming": {
      "precision": 0.9444444444444444,
      "recall": 0.8585858585858586,
      "f1-score": 0.8994708994708994,
      "support": 99.0
    }
  },
  "weighted_avg": {
    "precision": 0.8441068579744367,
    "recall": 0.8364928909952607,
    "f1-score": 0.8389590645883869,
    "support": 422.0
  },
  "micro_avg": {
    "precision": 0.8364928909952607,
    "recall": 0.8364928909952607,
    "f1-score": 0.8364928909952607,
    "support": 422
  },
  "macro_avg": {
    "precision": 0.8287299241535694,
    "recall": 0.8317995746943115,
    "f1-score": 0.8286518148814179,
    "support": 422.0
  },
  "accuracy": 0.8364928909952607,
  "inference_time_seconds": 0.17625880241394043,
  "energy_kwh": 5.082204455058461e-06,
  "num_test_samples": 422
}