{
  "per_class": {
    "Cyberstalking": {
      "precision": 0.7719298245614035,
      "recall": 0.7333333333333333,
      "f1-score": 0.7521367521367521,
      "support": 60.0
    },
    "Doxing": {
      "precision": 0.8734177215189873,
      "recall": 0.7840909090909091,
      "f1-score": 0.8263473053892215,
      "support": 88.0
    },
    "Revenge Porn": {
      "precision": 0.7674418604651163,
      "recall": 0.868421052631579,
      "f1-score": 0.8148148148148148,
      "support": 76.0
    },
    "Sexual Harassment": {
      "precision": 0.8240740740740741,
      "recall": 0.898989898989899,
      "f1-score": 0.8599033816425121,
      "support": 99.0
    },
    "Slut Shaming": {
      "precision": 0.9456521739130435,
      "recall": 0.8787878787878788,
      "f1-score": 0.9109947643979057,
      "support": 99.0
    }
  },
  "weighted_avg": {
    "precision": 0.8452725803635748,
    "recall": 0.8412322274881516,
    "f1-score": 0.8414493137118101,
    "support": 422.0
  },
  "micro_avg": {
    "precision": 0.8412322274881516,
    "recall": 0.8412322274881516,
    "f1-score": 0.8412322274881516,
    "support": 422
  },
  "macro_avg": {
    "precision": 0.8365031309065248,
    "recall": 0.8327246145667198,
    "f1-score": 0.8328394036762413,
    "support": 422.0
  },
  "accuracy": 0.8412322274881516,
  "inference_time_seconds": 0.30945491790771484,
  "energy_kwh": 1.721698982659031e-05,
  "num_test_samples": 422
}