{
  "per_class": {
    "emotion": {
      "precision": 0.9222222222222223,
      "recall": 0.9075546719681908,
      "f1-score": 0.9148296593186372,
      "support": 1006.0
    },
    "hate": {
      "precision": 0.9584802193497846,
      "recall": 0.9660481642321358,
      "f1-score": 0.9622493118364137,
      "support": 2533.0
    },
    "offensive": {
      "precision": 0.9604136947218259,
      "recall": 0.959045584045584,
      "f1-score": 0.9597291518175338,
      "support": 2808.0
    },
    "religion": {
      "precision": 0.9975938402309913,
      "recall": 0.9995178399228544,
      "f1-score": 0.9985549132947977,
      "support": 2074.0
    },
    "spiritual": {
      "precision": 0.9994209612044007,
      "recall": 0.9971114962449451,
      "f1-score": 0.9982648930017352,
      "support": 1731.0
    }
  },
  "weighted_avg": {
    "precision": 0.9703935100897695,
    "recall": 0.9704491725768322,
    "f1-score": 0.9704112512233289,
    "support": 10152.0
  },
  "micro_avg": {
    "precision": 0.9704491725768322,
    "recall": 0.9704491725768322,
    "f1-score": 0.9704491725768322,
    "support": 10152
  },
  "macro_avg": {
    "precision": 0.967626187545845,
    "recall": 0.9658555512827421,
    "f1-score": 0.9667255858538237,
    "support": 10152.0
  },
  "accuracy": 0.9704491725768322,
  "inference_time_seconds": 7.664290428161621,
  "energy_kwh": 0.0004777444515509584,
  "num_test_samples": 10152
}