{
  "per_class": {
    "emotion": {
      "precision": 0.9144800777453839,
      "recall": 0.9353876739562624,
      "f1-score": 0.9248157248157248,
      "support": 1006.0
    },
    "hate": {
      "precision": 0.9715886354541817,
      "recall": 0.9585471772601658,
      "f1-score": 0.9650238473767886,
      "support": 2533.0
    },
    "offensive": {
      "precision": 0.9638169563675062,
      "recall": 0.9675925925925926,
      "f1-score": 0.9657010840590012,
      "support": 2808.0
    },
    "religion": {
      "precision": 0.9985556090515166,
      "recall": 1.0,
      "f1-score": 0.9992772825825103,
      "support": 2074.0
    },
    "spiritual": {
      "precision": 1.0,
      "recall": 0.9982668977469671,
      "f1-score": 0.9991326973113617,
      "support": 1731.0
    }
  },
  "weighted_avg": {
    "precision": 0.9741335026073779,
    "recall": 0.9739952718676123,
    "f1-score": 0.9740404306274423,
    "support": 10152.0
  },
  "micro_avg": {
    "precision": 0.9739952718676123,
    "recall": 0.9739952718676123,
    "f1-score": 0.9739952718676123,
    "support": 10152
  },
  "macro_avg": {
    "precision": 0.9696882557237176,
    "recall": 0.9719588683111976,
    "f1-score": 0.9707901272290774,
    "support": 10152.0
  },
  "accuracy": 0.9739952718676123,
  "inference_time_seconds": 10.012923955917358,
  "energy_kwh": 0.0005446525380931145,
  "num_test_samples": 10152
}