{
  "per_class": {
    "age": {
      "precision": 0.9847231063017187,
      "recall": 0.9809765377298668,
      "f1-score": 0.9828462515883101,
      "support": 1577.0
    },
    "ethnicity": {
      "precision": 0.990521327014218,
      "recall": 0.9831989247311828,
      "f1-score": 0.9868465430016864,
      "support": 1488.0
    },
    "gender": {
      "precision": 0.9252199413489736,
      "recall": 0.8596730245231607,
      "f1-score": 0.8912429378531074,
      "support": 1468.0
    },
    "not_cyberbullying": {
      "precision": 0.6756152125279642,
      "recall": 0.5012448132780083,
      "f1-score": 0.5755121486422106,
      "support": 1205.0
    },
    "other_cyberbullying": {
      "precision": 0.6114249843063403,
      "recall": 0.808298755186722,
      "f1-score": 0.6962115796997855,
      "support": 1205.0
    },
    "religion": {
      "precision": 0.9474006116207951,
      "recall": 0.9736015084852294,
      "f1-score": 0.9603223806571606,
      "support": 1591.0
    }
  },
  "weighted_avg": {
    "precision": 0.8721847618243826,
    "recall": 0.8670025779235997,
    "f1-score": 0.8655988783439517,
    "support": 8534.0
  },
  "micro_avg": {
    "precision": 0.8670025779235997,
    "recall": 0.8670025779235997,
    "f1-score": 0.8670025779235997,
    "support": 8534
  },
  "macro_avg": {
    "precision": 0.8558175305200016,
    "recall": 0.8511655939890282,
    "f1-score": 0.8488303069070434,
    "support": 8534.0
  },
  "accuracy": 0.8670025779235997,
  "inference_time_seconds": 6.482829332351685,
  "energy_kwh": 0.0004051715363762868,
  "num_test_samples": 8534
}