{
  "per_class": {
    "age": {
      "precision": 0.9861198738170347,
      "recall": 0.9911223842739378,
      "f1-score": 0.9886148007590133,
      "support": 1577.0
    },
    "ethnicity": {
      "precision": 0.9919246298788694,
      "recall": 0.9852941176470589,
      "f1-score": 0.98859825620389,
      "support": 1496.0
    },
    "gender": {
      "precision": 0.9375,
      "recall": 0.8971774193548387,
      "f1-score": 0.9168956043956044,
      "support": 1488.0
    },
    "other_cyberbullying": {
      "precision": 0.8607594936708861,
      "recall": 0.9131121642969984,
      "f1-score": 0.8861632809505557,
      "support": 1266.0
    },
    "religion": {
      "precision": 0.9886148007590133,
      "recall": 0.9817839195979899,
      "f1-score": 0.9851875196974472,
      "support": 1592.0
    }
  },
  "weighted_avg": {
    "precision": 0.9566823789060446,
    "recall": 0.9557891899177787,
    "f1-score": 0.956008954907721,
    "support": 7419.0
  },
  "micro_avg": {
    "precision": 0.9557891899177787,
    "recall": 0.9557891899177787,
    "f1-score": 0.9557891899177787,
    "support": 7419
  },
  "macro_avg": {
    "precision": 0.9529837596251607,
    "recall": 0.9536980010341647,
    "f1-score": 0.9530918924013022,
    "support": 7419.0
  },
  "accuracy": 0.9557891899177787,
  "inference_time_seconds": 3.1447415351867676,
  "energy_kwh": 0.00017912965192197253,
  "num_test_samples": 7419
}