{
  "per_class": {
    "emotion": {
      "precision": 0.8680318543799772,
      "recall": 0.8117021276595745,
      "f1-score": 0.8389224848818032,
      "support": 940.0
    },
    "hate": {
      "precision": 0.947324414715719,
      "recall": 0.9383022774327122,
      "f1-score": 0.9427917620137299,
      "support": 2415.0
    },
    "offensive": {
      "precision": 0.8926669397787792,
      "recall": 0.9221328819297503,
      "f1-score": 0.9071606994171524,
      "support": 2363.0
    },
    "religion": {
      "precision": 0.9956011730205279,
      "recall": 0.9995093228655545,
      "f1-score": 0.9975514201762977,
      "support": 2038.0
    },
    "spiritual": {
      "precision": 1.0,
      "recall": 0.9988324576765908,
      "f1-score": 0.9994158878504673,
      "support": 1713.0
    }
  },
  "weighted_avg": {
    "precision": 0.9457329785583197,
    "recall": 0.9458232125884465,
    "f1-score": 0.9456182473314954,
    "support": 9469.0
  },
  "micro_avg": {
    "precision": 0.9458232125884465,
    "recall": 0.9458232125884465,
    "f1-score": 0.9458232125884465,
    "support": 9469
  },
  "macro_avg": {
    "precision": 0.9407248763790008,
    "recall": 0.9340958135128364,
    "f1-score": 0.93716845086789,
    "support": 9469.0
  },
  "accuracy": 0.9458232125884465,
  "inference_time_seconds": 4.0234739780426025,
  "energy_kwh": 0.000219728539111739,
  "num_test_samples": 9469
}