{
  "per_class": {
    "Cyberstalking": {
      "precision": 0.7931034482758621,
      "recall": 0.7666666666666667,
      "f1-score": 0.7796610169491526,
      "support": 60.0
    },
    "Doxing": {
      "precision": 0.8571428571428571,
      "recall": 0.8181818181818182,
      "f1-score": 0.8372093023255814,
      "support": 88.0
    },
    "Revenge Porn": {
      "precision": 0.7738095238095238,
      "recall": 0.8552631578947368,
      "f1-score": 0.8125,
      "support": 76.0
    },
    "Sexual Harassment": {
      "precision": 0.8627450980392157,
      "recall": 0.8888888888888888,
      "f1-score": 0.8756218905472637,
      "support": 99.0
    },
    "Slut Shaming": {
      "precision": 0.925531914893617,
      "recall": 0.8787878787878788,
      "f1-score": 0.9015544041450777,
      "support": 99.0
    }
  },
  "weighted_avg": {
    "precision": 0.8503879772867239,
    "recall": 0.8483412322274881,
    "f1-score": 0.8486837270050761,
    "support": 422.0
  },
  "micro_avg": {
    "precision": 0.8483412322274881,
    "recall": 0.8483412322274881,
    "f1-score": 0.8483412322274881,
    "support": 422
  },
  "macro_avg": {
    "precision": 0.8424665684322152,
    "recall": 0.8415576820839978,
    "f1-score": 0.8413093227934152,
    "support": 422.0
  },
  "accuracy": 0.8483412322274881,
  "inference_time_seconds": 0.10947394371032715,
  "energy_kwh": 1.209672637012371e-05,
  "num_test_samples": 422
}