{
  "per_class": {
    "Cyberstalking": {
      "precision": 0.7419354838709677,
      "recall": 0.7666666666666667,
      "f1-score": 0.7540983606557377,
      "support": 60.0
    },
    "Doxing": {
      "precision": 0.8571428571428571,
      "recall": 0.8181818181818182,
      "f1-score": 0.8372093023255814,
      "support": 88.0
    },
    "Revenge Porn": {
      "precision": 0.6504854368932039,
      "recall": 0.881578947368421,
      "f1-score": 0.7486033519553073,
      "support": 76.0
    },
    "Sexual Harassment": {
      "precision": 0.9340659340659341,
      "recall": 0.8585858585858586,
      "f1-score": 0.8947368421052632,
      "support": 99.0
    },
    "Slut Shaming": {
      "precision": 0.975609756097561,
      "recall": 0.8080808080808081,
      "f1-score": 0.8839779005524862,
      "support": 99.0
    }
  },
  "weighted_avg": {
    "precision": 0.8493826705945473,
    "recall": 0.8293838862559242,
    "f1-score": 0.8339026884258672,
    "support": 422.0
  },
  "micro_avg": {
    "precision": 0.8293838862559242,
    "recall": 0.8293838862559242,
    "f1-score": 0.8293838862559242,
    "support": 422
  },
  "macro_avg": {
    "precision": 0.8318478936141048,
    "recall": 0.8266188197767146,
    "f1-score": 0.8237251515188753,
    "support": 422.0
  },
  "accuracy": 0.8293838862559242,
  "inference_time_seconds": 0.2846684455871582,
  "energy_kwh": 4.146937407687887e-05,
  "num_test_samples": 422
}