{
  "per_class": {
    "Cyberstalking": {
      "precision": 0.8113207547169812,
      "recall": 0.7166666666666667,
      "f1-score": 0.7610619469026548,
      "support": 60.0
    },
    "Doxing": {
      "precision": 0.8205128205128205,
      "recall": 0.7272727272727273,
      "f1-score": 0.7710843373493976,
      "support": 88.0
    },
    "Revenge Porn": {
      "precision": 0.7619047619047619,
      "recall": 0.8421052631578947,
      "f1-score": 0.8,
      "support": 76.0
    },
    "Sexual Harassment": {
      "precision": 0.8181818181818182,
      "recall": 0.9090909090909091,
      "f1-score": 0.861244019138756,
      "support": 99.0
    },
    "Slut Shaming": {
      "precision": 0.9278350515463918,
      "recall": 0.9090909090909091,
      "f1-score": 0.9183673469387755,
      "support": 99.0
    }
  },
  "weighted_avg": {
    "precision": 0.8332815296113786,
    "recall": 0.8317535545023697,
    "f1-score": 0.8305702932288671,
    "support": 422.0
  },
  "micro_avg": {
    "precision": 0.8317535545023697,
    "recall": 0.8317535545023697,
    "f1-score": 0.8317535545023697,
    "support": 422
  },
  "macro_avg": {
    "precision": 0.8279510413725548,
    "recall": 0.8208452950558213,
    "f1-score": 0.822351530065917,
    "support": 422.0
  },
  "accuracy": 0.8317535545023697,
  "inference_time_seconds": 0.29053187370300293,
  "energy_kwh": 3.993619588289729e-05,
  "num_test_samples": 422
}