{
  "per_class": {
    "emotion": {
      "precision": 0.8671248568155785,
      "recall": 0.807897545357524,
      "f1-score": 0.8364640883977901,
      "support": 937.0
    },
    "hate": {
      "precision": 0.9508474576271186,
      "recall": 0.929192546583851,
      "f1-score": 0.9398952879581152,
      "support": 2415.0
    },
    "offensive": {
      "precision": 0.8848019401778496,
      "recall": 0.9267569856054191,
      "f1-score": 0.9052936311000828,
      "support": 2362.0
    },
    "religion": {
      "precision": 0.9946315275744265,
      "recall": 0.9995095635115253,
      "f1-score": 0.99706457925636,
      "support": 2039.0
    },
    "spiritual": {
      "precision": 1.0,
      "recall": 0.9982476635514018,
      "f1-score": 0.9991230634317451,
      "support": 1712.0
    }
  },
  "weighted_avg": {
    "precision": 0.9444002607955653,
    "recall": 0.9442155309033281,
    "f1-score": 0.9440497506185778,
    "support": 9465.0
  },
  "micro_avg": {
    "precision": 0.9442155309033281,
    "recall": 0.9442155309033281,
    "f1-score": 0.9442155309033281,
    "support": 9465
  },
  "macro_avg": {
    "precision": 0.9394811564389947,
    "recall": 0.9323208609219442,
    "f1-score": 0.9355681300288186,
    "support": 9465.0
  },
  "accuracy": 0.9442155309033281,
  "inference_time_seconds": 15.869581937789917,
  "energy_kwh": 0.0009761890740983608,
  "num_test_samples": 9465
}