{
  "per_class": {
    "Cyberstalking": {
      "precision": 0.8245614035087719,
      "recall": 0.7833333333333333,
      "f1-score": 0.8034188034188035,
      "support": 60.0
    },
    "Doxing": {
      "precision": 0.8333333333333334,
      "recall": 0.8522727272727273,
      "f1-score": 0.8426966292134831,
      "support": 88.0
    },
    "Revenge Porn": {
      "precision": 0.8133333333333334,
      "recall": 0.8026315789473685,
      "f1-score": 0.8079470198675497,
      "support": 76.0
    },
    "Sexual Harassment": {
      "precision": 0.8947368421052632,
      "recall": 0.8585858585858586,
      "f1-score": 0.8762886597938144,
      "support": 99.0
    },
    "Slut Shaming": {
      "precision": 0.8857142857142857,
      "recall": 0.9393939393939394,
      "f1-score": 0.9117647058823529,
      "support": 99.0
    }
  },
  "weighted_avg": {
    "precision": 0.8551777548135743,
    "recall": 0.8554502369668247,
    "f1-score": 0.854937649971064,
    "support": 422.0
  },
  "micro_avg": {
    "precision": 0.8554502369668247,
    "recall": 0.8554502369668247,
    "f1-score": 0.8554502369668247,
    "support": 422
  },
  "macro_avg": {
    "precision": 0.8503358395989975,
    "recall": 0.8472434875066455,
    "f1-score": 0.8484231636352007,
    "support": 422.0
  },
  "accuracy": 0.8554502369668247,
  "inference_time_seconds": 0.31598424911499023,
  "energy_kwh": 2.0434353977543398e-05,
  "num_test_samples": 422
}