{
  "per_class": {
    "age": {
      "precision": 0.9879746835443038,
      "recall": 0.9904822335025381,
      "f1-score": 0.9892268694550064,
      "support": 1576.0
    },
    "ethnicity": {
      "precision": 0.9866131191432396,
      "recall": 0.9872739450770261,
      "f1-score": 0.986943421493137,
      "support": 1493.0
    },
    "gender": {
      "precision": 0.9328671328671329,
      "recall": 0.896505376344086,
      "f1-score": 0.914324880054832,
      "support": 1488.0
    },
    "other_cyberbullying": {
      "precision": 0.8560775540641312,
      "recall": 0.9089469517022961,
      "f1-score": 0.8817204301075269,
      "support": 1263.0
    },
    "religion": {
      "precision": 0.9917038927887684,
      "recall": 0.9761306532663316,
      "f1-score": 0.9838556505223172,
      "support": 1592.0
    }
  },
  "weighted_avg": {
    "precision": 0.9549630774360078,
    "recall": 0.9539935240151106,
    "f1-score": 0.9542572308323352,
    "support": 7412.0
  },
  "micro_avg": {
    "precision": 0.9539935240151106,
    "recall": 0.9539935240151106,
    "f1-score": 0.9539935240151106,
    "support": 7412
  },
  "macro_avg": {
    "precision": 0.9510472764815152,
    "recall": 0.9518678319784556,
    "f1-score": 0.9512142503265639,
    "support": 7412.0
  },
  "accuracy": 0.9539935240151106,
  "inference_time_seconds": 2.561201333999634,
  "energy_kwh": 0.00017506815275580552,
  "num_test_samples": 7412
}