{
  "per_class": {
    "age": {
      "precision": 0.9760589318600368,
      "recall": 0.99375,
      "f1-score": 0.9848250232270053,
      "support": 1600.0
    },
    "ethnicity": {
      "precision": 0.9911671924290221,
      "recall": 0.981875,
      "f1-score": 0.9864992150706436,
      "support": 1600.0
    },
    "gender": {
      "precision": 0.9221122112211221,
      "recall": 0.872579637726421,
      "f1-score": 0.8966623876765083,
      "support": 1601.0
    },
    "other_cyberbullying": {
      "precision": 0.8610614192009541,
      "recall": 0.9019362898188632,
      "f1-score": 0.8810250152532032,
      "support": 1601.0
    },
    "religion": {
      "precision": 0.9830827067669173,
      "recall": 0.980625,
      "f1-score": 0.9818523153942428,
      "support": 1600.0
    }
  },
  "weighted_avg": {
    "precision": 0.9466827183198333,
    "recall": 0.9461384653836541,
    "f1-score": 0.9461584626340285,
    "support": 8002.0
  },
  "micro_avg": {
    "precision": 0.9461384653836541,
    "recall": 0.9461384653836541,
    "f1-score": 0.9461384653836541,
    "support": 8002
  },
  "macro_avg": {
    "precision": 0.9466964922956105,
    "recall": 0.9461531855090568,
    "f1-score": 0.9461727913243207,
    "support": 8002.0
  },
  "accuracy": 0.9461384653836541,
  "inference_time_seconds": 1.918097734451294,
  "energy_kwh": 0.00014147868755803495,
  "num_test_samples": 8002
}