{
  "per_class": {
    "Cyberstalking": {
      "precision": 0.875,
      "recall": 0.6730769230769231,
      "f1-score": 0.7608695652173914,
      "support": 52.0
    },
    "Doxing": {
      "precision": 0.8591549295774648,
      "recall": 0.8243243243243243,
      "f1-score": 0.8413793103448276,
      "support": 74.0
    },
    "Revenge Porn": {
      "precision": 0.7692307692307693,
      "recall": 0.8571428571428571,
      "f1-score": 0.8108108108108109,
      "support": 70.0
    },
    "Sexual Harassment": {
      "precision": 0.7666666666666667,
      "recall": 0.8961038961038961,
      "f1-score": 0.8263473053892215,
      "support": 77.0
    },
    "Slut Shaming": {
      "precision": 0.9761904761904762,
      "recall": 0.9111111111111111,
      "f1-score": 0.9425287356321839,
      "support": 90.0
    }
  },
  "weighted_avg": {
    "precision": 0.8534823548908056,
    "recall": 0.8457300275482094,
    "f1-score": 0.8458412447257436,
    "support": 363.0
  },
  "micro_avg": {
    "precision": 0.8457300275482094,
    "recall": 0.8457300275482094,
    "f1-score": 0.8457300275482094,
    "support": 363
  },
  "macro_avg": {
    "precision": 0.8492485683330754,
    "recall": 0.8323518223518225,
    "f1-score": 0.8363871454788872,
    "support": 363.0
  },
  "accuracy": 0.8457300275482094,
  "inference_time_seconds": 0.16144466400146484,
  "energy_kwh": 4.0653418521933485e-06,
  "num_test_samples": 363
}