{
  "per_class": {
    "Cyberstalking": {
      "precision": 0.6714285714285714,
      "recall": 0.7833333333333333,
      "f1-score": 0.7230769230769231,
      "support": 60.0
    },
    "Doxing": {
      "precision": 0.8354430379746836,
      "recall": 0.75,
      "f1-score": 0.7904191616766467,
      "support": 88.0
    },
    "Revenge Porn": {
      "precision": 0.8243243243243243,
      "recall": 0.8026315789473685,
      "f1-score": 0.8133333333333334,
      "support": 76.0
    },
    "Sexual Harassment": {
      "precision": 0.8113207547169812,
      "recall": 0.8686868686868687,
      "f1-score": 0.8390243902439024,
      "support": 99.0
    },
    "Slut Shaming": {
      "precision": 0.9247311827956989,
      "recall": 0.8686868686868687,
      "f1-score": 0.8958333333333334,
      "support": 99.0
    }
  },
  "weighted_avg": {
    "precision": 0.8254087490281764,
    "recall": 0.8199052132701422,
    "f1-score": 0.8211036719896683,
    "support": 422.0
  },
  "micro_avg": {
    "precision": 0.8199052132701422,
    "recall": 0.8199052132701422,
    "f1-score": 0.8199052132701422,
    "support": 422
  },
  "macro_avg": {
    "precision": 0.8134495742480518,
    "recall": 0.8146677299308879,
    "f1-score": 0.8123374283328278,
    "support": 422.0
  },
  "accuracy": 0.8199052132701422,
  "inference_time_seconds": 0.07467055320739746,
  "energy_kwh": 1.9922501981171017e-05,
  "num_test_samples": 422
}