{
  "per_class": {
    "Cyberstalking": {
      "precision": 0.8275862068965517,
      "recall": 0.8,
      "f1-score": 0.8135593220338984,
      "support": 60.0
    },
    "Doxing": {
      "precision": 0.8111111111111111,
      "recall": 0.8295454545454546,
      "f1-score": 0.8202247191011236,
      "support": 88.0
    },
    "Revenge Porn": {
      "precision": 0.8356164383561644,
      "recall": 0.8026315789473685,
      "f1-score": 0.8187919463087249,
      "support": 76.0
    },
    "Sexual Harassment": {
      "precision": 0.8979591836734694,
      "recall": 0.8888888888888888,
      "f1-score": 0.8934010152284264,
      "support": 99.0
    },
    "Slut Shaming": {
      "precision": 0.9029126213592233,
      "recall": 0.9393939393939394,
      "f1-score": 0.9207920792079208,
      "support": 99.0
    }
  },
  "weighted_avg": {
    "precision": 0.8597775075944929,
    "recall": 0.8601895734597157,
    "f1-score": 0.8597787650985645,
    "support": 422.0
  },
  "micro_avg": {
    "precision": 0.8601895734597157,
    "recall": 0.8601895734597157,
    "f1-score": 0.8601895734597157,
    "support": 422
  },
  "macro_avg": {
    "precision": 0.855037112279304,
    "recall": 0.8520919723551301,
    "f1-score": 0.8533538163760188,
    "support": 422.0
  },
  "accuracy": 0.8601895734597157,
  "inference_time_seconds": 0.3157784938812256,
  "energy_kwh": 1.9271245602150263e-05,
  "num_test_samples": 422
}