{
  "per_class": {
    "emotion": {
      "precision": 0.8757225433526011,
      "recall": 0.9035785288270378,
      "f1-score": 0.8894324853228963,
      "support": 1006.0
    },
    "hate": {
      "precision": 0.9617986470354158,
      "recall": 0.9542045005921832,
      "f1-score": 0.9579865239793897,
      "support": 2533.0
    },
    "offensive": {
      "precision": 0.956350626118068,
      "recall": 0.9519230769230769,
      "f1-score": 0.9541317151525969,
      "support": 2808.0
    },
    "religion": {
      "precision": 0.9971139971139971,
      "recall": 0.9995178399228544,
      "f1-score": 0.9983144714664098,
      "support": 2074.0
    },
    "spiritual": {
      "precision": 1.0,
      "recall": 0.997689196995956,
      "f1-score": 0.9988432620011567,
      "support": 1731.0
    }
  },
  "weighted_avg": {
    "precision": 0.9654905279459605,
    "recall": 0.9652285263987391,
    "f1-score": 0.9653322204460654,
    "support": 10152.0
  },
  "micro_avg": {
    "precision": 0.9652285263987391,
    "recall": 0.9652285263987391,
    "f1-score": 0.9652285263987391,
    "support": 10152
  },
  "macro_avg": {
    "precision": 0.9581971627240164,
    "recall": 0.9613826286522217,
    "f1-score": 0.95974169158449,
    "support": 10152.0
  },
  "accuracy": 0.9652285263987391,
  "inference_time_seconds": 4.984123229980469,
  "energy_kwh": 0.0003192618563047721,
  "num_test_samples": 10152
}