{
  "per_class": {
    "emotion": {
      "precision": 0.8473520249221184,
      "recall": 0.8111332007952287,
      "f1-score": 0.8288471305231082,
      "support": 1006.0
    },
    "hate": {
      "precision": 0.9480360065466449,
      "recall": 0.9147256217923411,
      "f1-score": 0.9310829817158931,
      "support": 2533.0
    },
    "offensive": {
      "precision": 0.8806682577565632,
      "recall": 0.9198717948717948,
      "f1-score": 0.8998432328862568,
      "support": 2808.0
    },
    "religion": {
      "precision": 0.9947191550648103,
      "recall": 0.9990356798457087,
      "f1-score": 0.9968727447678615,
      "support": 2074.0
    },
    "spiritual": {
      "precision": 0.9994216310005783,
      "recall": 0.9982668977469671,
      "f1-score": 0.9988439306358381,
      "support": 1731.0
    }
  },
  "weighted_avg": {
    "precision": 0.9377240130320282,
    "recall": 0.9373522458628841,
    "f1-score": 0.9373055674267526,
    "support": 10152.0
  },
  "micro_avg": {
    "precision": 0.9373522458628841,
    "recall": 0.9373522458628841,
    "f1-score": 0.9373522458628841,
    "support": 10152
  },
  "macro_avg": {
    "precision": 0.934039415058143,
    "recall": 0.9286066390104081,
    "f1-score": 0.9310980041057915,
    "support": 10152.0
  },
  "accuracy": 0.9373522458628841,
  "inference_time_seconds": 16.808316946029663,
  "energy_kwh": 0.0009677674623266309,
  "num_test_samples": 10152
}