{
  "per_class": {
    "emotion": {
      "precision": 0.8824214202561118,
      "recall": 0.7534791252485089,
      "f1-score": 0.8128686327077748,
      "support": 1006.0
    },
    "hate": {
      "precision": 0.9367862969004894,
      "recall": 0.9068298460323727,
      "f1-score": 0.9215646940822467,
      "support": 2533.0
    },
    "offensive": {
      "precision": 0.8626282687851705,
      "recall": 0.9280626780626781,
      "f1-score": 0.8941499399553955,
      "support": 2808.0
    },
    "religion": {
      "precision": 0.9913916786226685,
      "recall": 0.9995178399228544,
      "f1-score": 0.995438175270108,
      "support": 2074.0
    },
    "spiritual": {
      "precision": 0.9994216310005783,
      "recall": 0.9982668977469671,
      "f1-score": 0.9988439306358381,
      "support": 1731.0
    }
  },
  "weighted_avg": {
    "precision": 0.9327227149626441,
    "recall": 0.932033096926714,
    "f1-score": 0.9314794981727682,
    "support": 10152.0
  },
  "micro_avg": {
    "precision": 0.932033096926714,
    "recall": 0.932033096926714,
    "f1-score": 0.932033096926714,
    "support": 10152
  },
  "macro_avg": {
    "precision": 0.9345298591130037,
    "recall": 0.9172312774026763,
    "f1-score": 0.9245730745302726,
    "support": 10152.0
  },
  "accuracy": 0.932033096926714,
  "inference_time_seconds": 8.29984188079834,
  "energy_kwh": 0.00042384524715165706,
  "num_test_samples": 10152
}