{
  "per_class": {
    "emotion": {
      "precision": 0.8367346938775511,
      "recall": 0.8296059637912673,
      "f1-score": 0.8331550802139037,
      "support": 939.0
    },
    "hate": {
      "precision": 0.9370888157894737,
      "recall": 0.9444674678823042,
      "f1-score": 0.9407636738906089,
      "support": 2413.0
    },
    "offensive": {
      "precision": 0.9063702436938863,
      "recall": 0.8979246082168573,
      "f1-score": 0.902127659574468,
      "support": 2361.0
    },
    "religion": {
      "precision": 0.9946025515210991,
      "recall": 0.9926542605288933,
      "f1-score": 0.9936274509803922,
      "support": 2042.0
    },
    "spiritual": {
      "precision": 0.9913194444444444,
      "recall": 1.0,
      "f1-score": 0.995640802092415,
      "support": 1713.0
    }
  },
  "weighted_avg": {
    "precision": 0.9416917991077002,
    "recall": 0.9419095901985636,
    "f1-score": 0.9417869368990791,
    "support": 9468.0
  },
  "micro_avg": {
    "precision": 0.9419095901985636,
    "recall": 0.9419095901985636,
    "f1-score": 0.9419095901985636,
    "support": 9468
  },
  "macro_avg": {
    "precision": 0.933223149865291,
    "recall": 0.9329304600838645,
    "f1-score": 0.9330629333503577,
    "support": 9468.0
  },
  "accuracy": 0.9419095901985636,
  "inference_time_seconds": 6.6501145362854,
  "energy_kwh": 0.000382370843252485,
  "num_test_samples": 9468
}