{
  "per_class": {
    "emotion": {
      "precision": 0.8474204171240395,
      "recall": 0.8327939590075513,
      "f1-score": 0.8400435255712732,
      "support": 927.0
    },
    "hate": {
      "precision": 0.9257907542579076,
      "recall": 0.942998760842627,
      "f1-score": 0.9343155310006138,
      "support": 2421.0
    },
    "offensive": {
      "precision": 0.9142857142857143,
      "recall": 0.897822445561139,
      "f1-score": 0.9059792943165011,
      "support": 2388.0
    },
    "religion": {
      "precision": 0.9931473323543808,
      "recall": 1.0,
      "f1-score": 0.9965618860510805,
      "support": 2029.0
    },
    "spiritual": {
      "precision": 0.9976580796252927,
      "recall": 0.9976580796252927,
      "f1-score": 0.9976580796252927,
      "support": 1708.0
    }
  },
  "weighted_avg": {
    "precision": 0.9426061823913968,
    "recall": 0.9428903198564341,
    "f1-score": 0.9427003980135652,
    "support": 9473.0
  },
  "micro_avg": {
    "precision": 0.9428903198564341,
    "recall": 0.9428903198564341,
    "f1-score": 0.9428903198564341,
    "support": 9473
  },
  "macro_avg": {
    "precision": 0.935660459529467,
    "recall": 0.934254649007322,
    "f1-score": 0.9349116633129523,
    "support": 9473.0
  },
  "accuracy": 0.9428903198564341,
  "inference_time_seconds": 7.802958011627197,
  "energy_kwh": 0.000443472903012268,
  "num_test_samples": 9473
}