{
  "per_class": {
    "age": {
      "precision": 0.9917355371900827,
      "recall": 0.9762202753441802,
      "f1-score": 0.9839167455061495,
      "support": 1598.0
    },
    "ethnicity": {
      "precision": 0.9898283534647171,
      "recall": 0.9780150753768844,
      "f1-score": 0.9838862559241706,
      "support": 1592.0
    },
    "gender": {
      "precision": 0.9246575342465754,
      "recall": 0.8490566037735849,
      "f1-score": 0.8852459016393442,
      "support": 1590.0
    },
    "not_cyberbullying": {
      "precision": 0.7082152974504249,
      "recall": 0.630119722747322,
      "f1-score": 0.6668889629876625,
      "support": 1587.0
    },
    "other_cyberbullying": {
      "precision": 0.6670146137787056,
      "recall": 0.8166134185303514,
      "f1-score": 0.7342717609882218,
      "support": 1565.0
    },
    "religion": {
      "precision": 0.9630788485607009,
      "recall": 0.961875,
      "f1-score": 0.9624765478424016,
      "support": 1600.0
    }
  },
  "weighted_avg": {
    "precision": 0.8749000537046009,
    "recall": 0.8690725975660931,
    "f1-score": 0.8700836581108365,
    "support": 9532.0
  },
  "micro_avg": {
    "precision": 0.8690725975660931,
    "recall": 0.8690725975660931,
    "f1-score": 0.8690725975660931,
    "support": 9532
  },
  "macro_avg": {
    "precision": 0.8740883641152011,
    "recall": 0.8686500159620537,
    "f1-score": 0.8694476958146583,
    "support": 9532.0
  },
  "accuracy": 0.8690725975660931,
  "inference_time_seconds": 4.982589960098267,
  "energy_kwh": 0.0002828649310513274,
  "num_test_samples": 9532
}