{
  "per_class": {
    "emotion": {
      "precision": 0.8423973362930077,
      "recall": 0.8178879310344828,
      "f1-score": 0.8299617277200656,
      "support": 928.0
    },
    "hate": {
      "precision": 0.9372419488026424,
      "recall": 0.9380165289256198,
      "f1-score": 0.9376290788930194,
      "support": 2420.0
    },
    "offensive": {
      "precision": 0.8961362692147902,
      "recall": 0.9028882377563834,
      "f1-score": 0.8994995829858216,
      "support": 2389.0
    },
    "religion": {
      "precision": 0.9950884086444007,
      "recall": 0.9985214391325776,
      "f1-score": 0.9968019680196802,
      "support": 2029.0
    },
    "spiritual": {
      "precision": 0.9982456140350877,
      "recall": 0.9982456140350877,
      "f1-score": 0.9982456140350877,
      "support": 1710.0
    }
  },
  "weighted_avg": {
    "precision": 0.9409850329755096,
    "recall": 0.9412199240185732,
    "f1-score": 0.9410808939542408,
    "support": 9476.0
  },
  "micro_avg": {
    "precision": 0.9412199240185732,
    "recall": 0.9412199240185732,
    "f1-score": 0.9412199240185732,
    "support": 9476
  },
  "macro_avg": {
    "precision": 0.9338219153979856,
    "recall": 0.9311119501768303,
    "f1-score": 0.9324275943307349,
    "support": 9476.0
  },
  "accuracy": 0.9412199240185732,
  "inference_time_seconds": 7.05478310585022,
  "energy_kwh": 0.00044530412988739076,
  "num_test_samples": 9476
}