{
  "per_class": {
    "emotion": {
      "precision": 0.8389473684210527,
      "recall": 0.8487752928647497,
      "f1-score": 0.8438327157226045,
      "support": 939.0
    },
    "hate": {
      "precision": 0.9508474576271186,
      "recall": 0.9295774647887324,
      "f1-score": 0.9400921658986175,
      "support": 2414.0
    },
    "offensive": {
      "precision": 0.9002920317062996,
      "recall": 0.9128595600676819,
      "f1-score": 0.9065322411258139,
      "support": 2364.0
    },
    "religion": {
      "precision": 0.9931673987310884,
      "recall": 0.99950884086444,
      "f1-score": 0.996328029375765,
      "support": 2036.0
    },
    "spiritual": {
      "precision": 1.0,
      "recall": 0.9982507288629737,
      "f1-score": 0.9991245987744383,
      "support": 1715.0
    }
  },
  "weighted_avg": {
    "precision": 0.9451306008058112,
    "recall": 0.9448669201520913,
    "f1-score": 0.9449520681528761,
    "support": 9468.0
  },
  "micro_avg": {
    "precision": 0.9448669201520913,
    "recall": 0.9448669201520913,
    "f1-score": 0.9448669201520913,
    "support": 9468
  },
  "macro_avg": {
    "precision": 0.9366508512971119,
    "recall": 0.9377943774897156,
    "f1-score": 0.9371819501794478,
    "support": 9468.0
  },
  "accuracy": 0.9448669201520913,
  "inference_time_seconds": 5.660629749298096,
  "energy_kwh": 0.0003848092731894485,
  "num_test_samples": 9468
}