{
  "per_class": {
    "Cyberstalking": {
      "precision": 0.7735849056603774,
      "recall": 0.6833333333333333,
      "f1-score": 0.7256637168141593,
      "support": 60.0
    },
    "Doxing": {
      "precision": 0.8539325842696629,
      "recall": 0.8636363636363636,
      "f1-score": 0.8587570621468926,
      "support": 88.0
    },
    "Revenge Porn": {
      "precision": 0.8,
      "recall": 0.7894736842105263,
      "f1-score": 0.7947019867549668,
      "support": 76.0
    },
    "Sexual Harassment": {
      "precision": 0.7889908256880734,
      "recall": 0.8686868686868687,
      "f1-score": 0.8269230769230769,
      "support": 99.0
    },
    "Slut Shaming": {
      "precision": 0.8958333333333334,
      "recall": 0.8686868686868687,
      "f1-score": 0.882051282051282,
      "support": 99.0
    }
  },
  "weighted_avg": {
    "precision": 0.8273904111338205,
    "recall": 0.8270142180094787,
    "f1-score": 0.8262944478900832,
    "support": 422.0
  },
  "micro_avg": {
    "precision": 0.8270142180094787,
    "recall": 0.8270142180094787,
    "f1-score": 0.8270142180094787,
    "support": 422
  },
  "macro_avg": {
    "precision": 0.8224683297902894,
    "recall": 0.8147634237107921,
    "f1-score": 0.8176194249380757,
    "support": 422.0
  },
  "accuracy": 0.8270142180094787,
  "inference_time_seconds": 0.08314204216003418,
  "energy_kwh": 1.6795045546839193e-05,
  "num_test_samples": 422
}