{
  "per_class": {
    "age": {
      "precision": 0.9783852511125238,
      "recall": 0.9846449136276392,
      "f1-score": 0.9815051020408163,
      "support": 1563.0
    },
    "ethnicity": {
      "precision": 0.9852448021462106,
      "recall": 0.9898921832884097,
      "f1-score": 0.987563025210084,
      "support": 1484.0
    },
    "gender": {
      "precision": 0.8971898560657985,
      "recall": 0.8984214138641043,
      "f1-score": 0.8978052126200274,
      "support": 1457.0
    },
    "not_cyberbullying": {
      "precision": 0.6354256233877902,
      "recall": 0.6077302631578947,
      "f1-score": 0.6212694409415721,
      "support": 1216.0
    },
    "other_cyberbullying": {
      "precision": 0.6189989785495403,
      "recall": 0.617737003058104,
      "f1-score": 0.6183673469387755,
      "support": 981.0
    },
    "religion": {
      "precision": 0.9481161210623842,
      "recall": 0.9696778269109286,
      "f1-score": 0.9587757651467833,
      "support": 1583.0
    }
  },
  "weighted_avg": {
    "precision": 0.8666475651617727,
    "recall": 0.8687831965234186,
    "f1-score": 0.8676439211067346,
    "support": 8284.0
  },
  "micro_avg": {
    "precision": 0.8687831965234186,
    "recall": 0.8687831965234186,
    "f1-score": 0.8687831965234186,
    "support": 8284
  },
  "macro_avg": {
    "precision": 0.8438934387207079,
    "recall": 0.8446839339845135,
    "f1-score": 0.8442143154830098,
    "support": 8284.0
  },
  "accuracy": 0.8687831965234186,
  "inference_time_seconds": 6.6802990436553955,
  "energy_kwh": 0.0003810830131335971,
  "num_test_samples": 8284
}