{
  "per_class": {
    "emotion": {
      "precision": 0.9215291750503019,
      "recall": 0.9105367793240556,
      "f1-score": 0.916,
      "support": 1006.0
    },
    "hate": {
      "precision": 0.9585308056872038,
      "recall": 0.9581523884721674,
      "f1-score": 0.9583415597235933,
      "support": 2533.0
    },
    "offensive": {
      "precision": 0.9570617459190915,
      "recall": 0.9604700854700855,
      "f1-score": 0.9587628865979382,
      "support": 2808.0
    },
    "religion": {
      "precision": 0.9966362325804902,
      "recall": 1.0,
      "f1-score": 0.9983152827918171,
      "support": 2074.0
    },
    "spiritual": {
      "precision": 1.0,
      "recall": 0.997689196995956,
      "f1-score": 0.9988432620011567,
      "support": 1731.0
    }
  },
  "weighted_avg": {
    "precision": 0.9693134170428523,
    "recall": 0.9693656422379827,
    "f1-score": 0.9693346078980597,
    "support": 10152.0
  },
  "micro_avg": {
    "precision": 0.9693656422379827,
    "recall": 0.9693656422379827,
    "f1-score": 0.9693656422379827,
    "support": 10152
  },
  "macro_avg": {
    "precision": 0.9667515918474173,
    "recall": 0.965369690052453,
    "f1-score": 0.9660525982229011,
    "support": 10152.0
  },
  "accuracy": 0.9693656422379827,
  "inference_time_seconds": 6.146842956542969,
  "energy_kwh": 0.0004048904670457743,
  "num_test_samples": 10152
}