{
  "per_class": {
    "age": {
      "precision": 0.9885786802030457,
      "recall": 0.9879518072289156,
      "f1-score": 0.9882651443070092,
      "support": 1577.0
    },
    "ethnicity": {
      "precision": 0.988544474393531,
      "recall": 0.9825853985264568,
      "f1-score": 0.9855559287873699,
      "support": 1493.0
    },
    "gender": {
      "precision": 0.9357541899441341,
      "recall": 0.8993288590604027,
      "f1-score": 0.917180013689254,
      "support": 1490.0
    },
    "other_cyberbullying": {
      "precision": 0.8621722846441947,
      "recall": 0.9113222486144101,
      "f1-score": 0.8860662047729022,
      "support": 1263.0
    },
    "religion": {
      "precision": 0.9880352644836272,
      "recall": 0.9855527638190955,
      "f1-score": 0.9867924528301887,
      "support": 1592.0
    }
  },
  "weighted_avg": {
    "precision": 0.9563095021618419,
    "recall": 0.9554956169925826,
    "f1-score": 0.9557117405505758,
    "support": 7415.0
  },
  "micro_avg": {
    "precision": 0.9554956169925826,
    "recall": 0.9554956169925826,
    "f1-score": 0.9554956169925826,
    "support": 7415
  },
  "macro_avg": {
    "precision": 0.9526169787337064,
    "recall": 0.953348215449856,
    "f1-score": 0.9527719488773447,
    "support": 7415.0
  },
  "accuracy": 0.9554956169925826,
  "inference_time_seconds": 3.0504796504974365,
  "energy_kwh": 0.00016789838283807774,
  "num_test_samples": 7415
}