{
  "per_class": {
    "Cyberstalking": {
      "precision": 0.6785714285714286,
      "recall": 0.6666666666666666,
      "f1-score": 0.672566371681416,
      "support": 57.0
    },
    "Doxing": {
      "precision": 0.7666666666666667,
      "recall": 0.8734177215189873,
      "f1-score": 0.8165680473372781,
      "support": 79.0
    },
    "Revenge Porn": {
      "precision": 0.7692307692307693,
      "recall": 0.8450704225352113,
      "f1-score": 0.8053691275167785,
      "support": 71.0
    },
    "Sexual Harassment": {
      "precision": 0.9393939393939394,
      "recall": 0.7560975609756098,
      "f1-score": 0.8378378378378378,
      "support": 82.0
    },
    "Slut Shaming": {
      "precision": 0.8977272727272727,
      "recall": 0.8876404494382022,
      "f1-score": 0.8926553672316384,
      "support": 89.0
    }
  },
  "weighted_avg": {
    "precision": 0.8221922037398227,
    "recall": 0.8148148148148148,
    "f1-score": 0.8152788290092473,
    "support": 378.0
  },
  "micro_avg": {
    "precision": 0.8148148148148148,
    "recall": 0.8148148148148148,
    "f1-score": 0.8148148148148148,
    "support": 378
  },
  "macro_avg": {
    "precision": 0.8103180153180153,
    "recall": 0.8057785642269355,
    "f1-score": 0.8049993503209898,
    "support": 378.0
  },
  "accuracy": 0.8148148148148148,
  "inference_time_seconds": 0.28310275077819824,
  "energy_kwh": 1.2137776365524294e-05,
  "num_test_samples": 378
}