{
  "per_class": {
    "age": {
      "precision": 0.9814696485623003,
      "recall": 0.982725527831094,
      "f1-score": 0.9820971867007673,
      "support": 1563.0
    },
    "ethnicity": {
      "precision": 0.9759519038076152,
      "recall": 0.9871621621621621,
      "f1-score": 0.9815250251931474,
      "support": 1480.0
    },
    "gender": {
      "precision": 0.8927097661623109,
      "recall": 0.8908716540837337,
      "f1-score": 0.8917897629680522,
      "support": 1457.0
    },
    "not_cyberbullying": {
      "precision": 0.6371453138435081,
      "recall": 0.6113861386138614,
      "f1-score": 0.624,
      "support": 1212.0
    },
    "other_cyberbullying": {
      "precision": 0.6188118811881188,
      "recall": 0.6371049949031601,
      "f1-score": 0.6278252134605726,
      "support": 981.0
    },
    "religion": {
      "precision": 0.9559193954659949,
      "recall": 0.9583333333333334,
      "f1-score": 0.957124842370744,
      "support": 1584.0
    }
  },
  "weighted_avg": {
    "precision": 0.8665669815003799,
    "recall": 0.8673432403044581,
    "f1-score": 0.866894153614074,
    "support": 8277.0
  },
  "micro_avg": {
    "precision": 0.8673432403044581,
    "recall": 0.8673432403044581,
    "f1-score": 0.8673432403044581,
    "support": 8277
  },
  "macro_avg": {
    "precision": 0.8436679848383081,
    "recall": 0.844597301821224,
    "f1-score": 0.8440603384488807,
    "support": 8277.0
  },
  "accuracy": 0.8673432403044581,
  "inference_time_seconds": 3.4139790534973145,
  "energy_kwh": 0.0001880856648144804,
  "num_test_samples": 8277
}