{
  "per_class": {
    "age": {
      "precision": 0.9887570268582137,
      "recall": 0.989375,
      "f1-score": 0.9890659169009685,
      "support": 1600.0
    },
    "ethnicity": {
      "precision": 0.9955611921369689,
      "recall": 0.98125,
      "f1-score": 0.9883537928863708,
      "support": 1600.0
    },
    "gender": {
      "precision": 0.916015625,
      "recall": 0.8788257339163024,
      "f1-score": 0.8970353841249602,
      "support": 1601.0
    },
    "other_cyberbullying": {
      "precision": 0.852992446252179,
      "recall": 0.9169269206745784,
      "f1-score": 0.8838049367850692,
      "support": 1601.0
    },
    "religion": {
      "precision": 0.9948947032546267,
      "recall": 0.974375,
      "f1-score": 0.9845279444269024,
      "support": 1600.0
    }
  },
  "weighted_avg": {
    "precision": 0.9496279177298717,
    "recall": 0.9481379655086228,
    "f1-score": 0.9485430642988932,
    "support": 8002.0
  },
  "micro_avg": {
    "precision": 0.9481379655086228,
    "recall": 0.9481379655086228,
    "f1-score": 0.9481379655086228,
    "support": 8002
  },
  "macro_avg": {
    "precision": 0.9496441987003976,
    "recall": 0.9481505309181761,
    "f1-score": 0.9485575950248541,
    "support": 8002.0
  },
  "accuracy": 0.9481379655086228,
  "inference_time_seconds": 2.6080195903778076,
  "energy_kwh": 0.00016837138002114425,
  "num_test_samples": 8002
}