{
  "per_class": {
    "Cyberstalking": {
      "precision": 0.671875,
      "recall": 0.7166666666666667,
      "f1-score": 0.6935483870967742,
      "support": 60.0
    },
    "Doxing": {
      "precision": 0.8441558441558441,
      "recall": 0.7386363636363636,
      "f1-score": 0.7878787878787878,
      "support": 88.0
    },
    "Revenge Porn": {
      "precision": 0.6938775510204082,
      "recall": 0.8947368421052632,
      "f1-score": 0.7816091954022989,
      "support": 76.0
    },
    "Sexual Harassment": {
      "precision": 0.8791208791208791,
      "recall": 0.8080808080808081,
      "f1-score": 0.8421052631578947,
      "support": 99.0
    },
    "Slut Shaming": {
      "precision": 0.9239130434782609,
      "recall": 0.8585858585858586,
      "f1-score": 0.8900523560209425,
      "support": 99.0
    }
  },
  "weighted_avg": {
    "precision": 0.8195101101909483,
    "recall": 0.8080568720379147,
    "f1-score": 0.8100287670815624,
    "support": 422.0
  },
  "micro_avg": {
    "precision": 0.8080568720379147,
    "recall": 0.8080568720379147,
    "f1-score": 0.8080568720379147,
    "support": 422
  },
  "macro_avg": {
    "precision": 0.8025884635550785,
    "recall": 0.803341307814992,
    "f1-score": 0.7990387979113396,
    "support": 422.0
  },
  "accuracy": 0.8080568720379147,
  "inference_time_seconds": 0.23796725273132324,
  "energy_kwh": 3.3407862382785036e-05,
  "num_test_samples": 422
}