{
  "per_class": {
    "age": {
      "precision": 0.9874055415617129,
      "recall": 0.981226533166458,
      "f1-score": 0.9843063402385436,
      "support": 1598.0
    },
    "ethnicity": {
      "precision": 0.9898348157560356,
      "recall": 0.9786432160804021,
      "f1-score": 0.9842072015161086,
      "support": 1592.0
    },
    "gender": {
      "precision": 0.9344490934449093,
      "recall": 0.8427672955974843,
      "f1-score": 0.8862433862433863,
      "support": 1590.0
    },
    "not_cyberbullying": {
      "precision": 0.7725245316681534,
      "recall": 0.5456836798991809,
      "f1-score": 0.6395864106351551,
      "support": 1587.0
    },
    "other_cyberbullying": {
      "precision": 0.6358139534883721,
      "recall": 0.873482428115016,
      "f1-score": 0.735935397039031,
      "support": 1565.0
    },
    "religion": {
      "precision": 0.9435435435435435,
      "recall": 0.981875,
      "f1-score": 0.9623277182235834,
      "support": 1600.0
    }
  },
  "weighted_avg": {
    "precision": 0.8781137305196142,
    "recall": 0.8676038606798153,
    "f1-score": 0.8660714708186771,
    "support": 9532.0
  },
  "micro_avg": {
    "precision": 0.8676038606798153,
    "recall": 0.8676038606798153,
    "f1-score": 0.8676038606798153,
    "support": 9532
  },
  "macro_avg": {
    "precision": 0.8772619132437879,
    "recall": 0.8672796921430903,
    "f1-score": 0.8654344089826346,
    "support": 9532.0
  },
  "accuracy": 0.8676038606798153,
  "inference_time_seconds": 4.997158527374268,
  "energy_kwh": 0.0002817061692327595,
  "num_test_samples": 9532
}