{
  "per_class": {
    "emotion": {
      "precision": 0.7705943691345151,
      "recall": 0.7954790096878364,
      "f1-score": 0.7828389830508474,
      "support": 929.0
    },
    "hate": {
      "precision": 0.928395061728395,
      "recall": 0.9310771770532398,
      "f1-score": 0.9297341850401813,
      "support": 2423.0
    },
    "offensive": {
      "precision": 0.8894107600341589,
      "recall": 0.8726434855467113,
      "f1-score": 0.8809473461619792,
      "support": 2387.0
    },
    "religion": {
      "precision": 0.9931372549019608,
      "recall": 0.9985214391325776,
      "f1-score": 0.9958220693044975,
      "support": 2029.0
    },
    "spiritual": {
      "precision": 0.9994138335287222,
      "recall": 0.9976594499707431,
      "f1-score": 0.9985358711566618,
      "support": 1709.0
    }
  },
  "weighted_avg": {
    "precision": 0.9297753106881995,
    "recall": 0.9295135591431888,
    "f1-score": 0.9296027691591012,
    "support": 9477.0
  },
  "micro_avg": {
    "precision": 0.9295135591431888,
    "recall": 0.9295135591431888,
    "f1-score": 0.9295135591431888,
    "support": 9477
  },
  "macro_avg": {
    "precision": 0.9161902558655504,
    "recall": 0.9190761122782216,
    "f1-score": 0.9175756909428335,
    "support": 9477.0
  },
  "accuracy": 0.9295135591431888,
  "inference_time_seconds": 8.647592306137085,
  "energy_kwh": 0.0004483098135233127,
  "num_test_samples": 9477
}