{
  "per_class": {
    "Cyberstalking": {
      "precision": 0.7931034482758621,
      "recall": 0.7666666666666667,
      "f1-score": 0.7796610169491526,
      "support": 60.0
    },
    "Doxing": {
      "precision": 0.8831168831168831,
      "recall": 0.7727272727272727,
      "f1-score": 0.8242424242424242,
      "support": 88.0
    },
    "Revenge Porn": {
      "precision": 0.6633663366336634,
      "recall": 0.881578947368421,
      "f1-score": 0.7570621468926554,
      "support": 76.0
    },
    "Sexual Harassment": {
      "precision": 0.9042553191489362,
      "recall": 0.8585858585858586,
      "f1-score": 0.8808290155440415,
      "support": 99.0
    },
    "Slut Shaming": {
      "precision": 0.9239130434782609,
      "recall": 0.8585858585858586,
      "f1-score": 0.8900523560209425,
      "support": 99.0
    }
  },
  "weighted_avg": {
    "precision": 0.8452725168130055,
    "recall": 0.8317535545023697,
    "f1-score": 0.8345188940735965,
    "support": 422.0
  },
  "micro_avg": {
    "precision": 0.8317535545023697,
    "recall": 0.8317535545023697,
    "f1-score": 0.8317535545023697,
    "support": 422
  },
  "macro_avg": {
    "precision": 0.8335510061307211,
    "recall": 0.8276289207868155,
    "f1-score": 0.8263693919298433,
    "support": 422.0
  },
  "accuracy": 0.8317535545023697,
  "inference_time_seconds": 0.252213716506958,
  "energy_kwh": 3.734483893128409e-05,
  "num_test_samples": 422
}