{
  "per_class": {
    "Cyberstalking": {
      "precision": 0.7272727272727273,
      "recall": 0.8,
      "f1-score": 0.7619047619047619,
      "support": 60.0
    },
    "Doxing": {
      "precision": 0.8170731707317073,
      "recall": 0.7613636363636364,
      "f1-score": 0.788235294117647,
      "support": 88.0
    },
    "Revenge Porn": {
      "precision": 0.7721518987341772,
      "recall": 0.8026315789473685,
      "f1-score": 0.7870967741935484,
      "support": 76.0
    },
    "Sexual Harassment": {
      "precision": 0.9139784946236559,
      "recall": 0.8585858585858586,
      "f1-score": 0.8854166666666666,
      "support": 99.0
    },
    "Slut Shaming": {
      "precision": 0.9313725490196079,
      "recall": 0.9595959595959596,
      "f1-score": 0.945273631840796,
      "support": 99.0
    }
  },
  "weighted_avg": {
    "precision": 0.8457632708180911,
    "recall": 0.8436018957345972,
    "f1-score": 0.8439257961791164,
    "support": 422.0
  },
  "micro_avg": {
    "precision": 0.8436018957345972,
    "recall": 0.8436018957345972,
    "f1-score": 0.8436018957345972,
    "support": 422
  },
  "macro_avg": {
    "precision": 0.8323697680763752,
    "recall": 0.8364354066985646,
    "f1-score": 0.833585425744684,
    "support": 422.0
  },
  "accuracy": 0.8436018957345972,
  "inference_time_seconds": 0.34046101570129395,
  "energy_kwh": 1.6163994561240785e-05,
  "num_test_samples": 422
}