{
  "per_class": {
    "emotion": {
      "precision": 0.9138276553106213,
      "recall": 0.9065606361829026,
      "f1-score": 0.9101796407185628,
      "support": 1006.0
    },
    "hate": {
      "precision": 0.9707162643450732,
      "recall": 0.9684168969601263,
      "f1-score": 0.9695652173913043,
      "support": 2533.0
    },
    "offensive": {
      "precision": 0.9617157036511875,
      "recall": 0.9661680911680912,
      "f1-score": 0.9639367560845621,
      "support": 2808.0
    },
    "religion": {
      "precision": 0.9980741454020221,
      "recall": 0.9995178399228544,
      "f1-score": 0.9987954709708504,
      "support": 2074.0
    },
    "spiritual": {
      "precision": 0.9994216310005783,
      "recall": 0.9982668977469671,
      "f1-score": 0.9988439306358381,
      "support": 1731.0
    }
  },
  "weighted_avg": {
    "precision": 0.973073013741813,
    "recall": 0.9731087470449172,
    "f1-score": 0.9730875173389162,
    "support": 10152.0
  },
  "micro_avg": {
    "precision": 0.9731087470449172,
    "recall": 0.9731087470449172,
    "f1-score": 0.9731087470449172,
    "support": 10152
  },
  "macro_avg": {
    "precision": 0.9687510799418966,
    "recall": 0.9677860723961883,
    "f1-score": 0.9682642031602235,
    "support": 10152.0
  },
  "accuracy": 0.9731087470449172,
  "inference_time_seconds": 2.4287595748901367,
  "energy_kwh": 0.00016683146252647105,
  "num_test_samples": 10152
}