{
  "per_class": {
    "emotion": {
      "precision": 0.8488499452354874,
      "recall": 0.8360302049622438,
      "f1-score": 0.842391304347826,
      "support": 927.0
    },
    "hate": {
      "precision": 0.9333062220414803,
      "recall": 0.9475639966969447,
      "f1-score": 0.9403810694529809,
      "support": 2422.0
    },
    "offensive": {
      "precision": 0.9107522311942201,
      "recall": 0.8981559094719195,
      "f1-score": 0.9044102131251319,
      "support": 2386.0
    },
    "religion": {
      "precision": 0.9916870415647921,
      "recall": 0.9985228951255539,
      "f1-score": 0.9950932286555446,
      "support": 2031.0
    },
    "spiritual": {
      "precision": 0.9988283538371412,
      "recall": 0.9964932787843367,
      "f1-score": 0.9976594499707431,
      "support": 1711.0
    }
  },
  "weighted_avg": {
    "precision": 0.9437077226422511,
    "recall": 0.9439696106362773,
    "f1-score": 0.9438062809076154,
    "support": 9477.0
  },
  "micro_avg": {
    "precision": 0.9439696106362773,
    "recall": 0.9439696106362773,
    "f1-score": 0.9439696106362773,
    "support": 9477
  },
  "macro_avg": {
    "precision": 0.9366847587746243,
    "recall": 0.9353532570081997,
    "f1-score": 0.9359870531104454,
    "support": 9477.0
  },
  "accuracy": 0.9439696106362773,
  "inference_time_seconds": 7.7526819705963135,
  "energy_kwh": 0.00047238007876556384,
  "num_test_samples": 9477
}