{
  "per_class": {
    "Cyberstalking": {
      "precision": 0.7,
      "recall": 0.6730769230769231,
      "f1-score": 0.6862745098039216,
      "support": 52.0
    },
    "Doxing": {
      "precision": 0.8787878787878788,
      "recall": 0.7837837837837838,
      "f1-score": 0.8285714285714286,
      "support": 74.0
    },
    "Revenge Porn": {
      "precision": 0.7638888888888888,
      "recall": 0.7857142857142857,
      "f1-score": 0.7746478873239436,
      "support": 70.0
    },
    "Sexual Harassment": {
      "precision": 0.7415730337078652,
      "recall": 0.8461538461538461,
      "f1-score": 0.7904191616766467,
      "support": 78.0
    },
    "Slut Shaming": {
      "precision": 0.9080459770114943,
      "recall": 0.8777777777777778,
      "f1-score": 0.8926553672316384,
      "support": 90.0
    }
  },
  "weighted_avg": {
    "precision": 0.808981757727399,
    "recall": 0.804945054945055,
    "f1-score": 0.805542829665911,
    "support": 364.0
  },
  "micro_avg": {
    "precision": 0.804945054945055,
    "recall": 0.804945054945055,
    "f1-score": 0.804945054945055,
    "support": 364
  },
  "macro_avg": {
    "precision": 0.7984591556792254,
    "recall": 0.7933013233013233,
    "f1-score": 0.7945136709215157,
    "support": 364.0
  },
  "accuracy": 0.804945054945055,
  "inference_time_seconds": 0.2719001770019531,
  "energy_kwh": 1.6591304644381872e-05,
  "num_test_samples": 364
}