{
  "per_class": {
    "emotion": {
      "precision": 0.9409282700421941,
      "recall": 0.8866799204771372,
      "f1-score": 0.9129989764585466,
      "support": 1006.0
    },
    "hate": {
      "precision": 0.9652036378015025,
      "recall": 0.9636794315041453,
      "f1-score": 0.9644409324377716,
      "support": 2533.0
    },
    "offensive": {
      "precision": 0.9542916957431961,
      "recall": 0.9740028490028491,
      "f1-score": 0.9640465280225591,
      "support": 2808.0
    },
    "religion": {
      "precision": 0.9961575408261287,
      "recall": 1.0,
      "f1-score": 0.9980750721847931,
      "support": 2074.0
    },
    "spiritual": {
      "precision": 1.0,
      "recall": 0.997689196995956,
      "f1-score": 0.9988432620011567,
      "support": 1731.0
    }
  },
  "weighted_avg": {
    "precision": 0.9720366898674093,
    "recall": 0.972123719464145,
    "f1-score": 0.9719714232766729,
    "support": 10152.0
  },
  "micro_avg": {
    "precision": 0.972123719464145,
    "recall": 0.972123719464145,
    "f1-score": 0.972123719464145,
    "support": 10152
  },
  "macro_avg": {
    "precision": 0.9713162288826043,
    "recall": 0.9644102795960174,
    "f1-score": 0.9676809542209653,
    "support": 10152.0
  },
  "accuracy": 0.972123719464145,
  "inference_time_seconds": 7.898143768310547,
  "energy_kwh": 0.0005202419067124778,
  "num_test_samples": 10152
}