{
  "per_class": {
    "age": {
      "precision": 0.9733415995040298,
      "recall": 0.9824780976220275,
      "f1-score": 0.9778885082528808,
      "support": 1598.0
    },
    "ethnicity": {
      "precision": 0.9885496183206107,
      "recall": 0.9761306532663316,
      "f1-score": 0.9823008849557522,
      "support": 1592.0
    },
    "gender": {
      "precision": 0.8698588090853284,
      "recall": 0.8911949685534591,
      "f1-score": 0.8803976390183287,
      "support": 1590.0
    },
    "not_cyberbullying": {
      "precision": 0.7050037341299478,
      "recall": 0.594833018273472,
      "f1-score": 0.6452494873547505,
      "support": 1587.0
    },
    "other_cyberbullying": {
      "precision": 0.6862068965517242,
      "recall": 0.7629392971246006,
      "f1-score": 0.7225416036308623,
      "support": 1565.0
    },
    "religion": {
      "precision": 0.9456985967053081,
      "recall": 0.96875,
      "f1-score": 0.9570855202222909,
      "support": 1600.0
    }
  },
  "weighted_avg": {
    "precision": 0.8621610206373995,
    "recall": 0.8633025597985732,
    "f1-score": 0.8615659326003733,
    "support": 9532.0
  },
  "micro_avg": {
    "precision": 0.8633025597985732,
    "recall": 0.8633025597985732,
    "f1-score": 0.8633025597985732,
    "support": 9532
  },
  "macro_avg": {
    "precision": 0.8614432090494915,
    "recall": 0.8627210058066485,
    "f1-score": 0.8609106072391443,
    "support": 9532.0
  },
  "accuracy": 0.8633025597985732,
  "inference_time_seconds": 11.680763959884644,
  "energy_kwh": 0.000675505793329678,
  "num_test_samples": 9532
}