{
  "per_class": {
    "age": {
      "precision": 0.9851116625310173,
      "recall": 0.9925,
      "f1-score": 0.9887920298879203,
      "support": 1600.0
    },
    "ethnicity": {
      "precision": 0.9943109987357776,
      "recall": 0.983125,
      "f1-score": 0.988686360779384,
      "support": 1600.0
    },
    "gender": {
      "precision": 0.9087009803921569,
      "recall": 0.9262960649594004,
      "f1-score": 0.9174141664089082,
      "support": 1601.0
    },
    "other_cyberbullying": {
      "precision": 0.9086873811033608,
      "recall": 0.8950655840099938,
      "f1-score": 0.9018250471994965,
      "support": 1601.0
    },
    "religion": {
      "precision": 0.9874921826141339,
      "recall": 0.986875,
      "f1-score": 0.9871834948421382,
      "support": 1600.0
    }
  },
  "weighted_avg": {
    "precision": 0.9568486024698588,
    "recall": 0.9567608097975506,
    "f1-score": 0.9567684326171162,
    "support": 8002.0
  },
  "micro_avg": {
    "precision": 0.9567608097975506,
    "recall": 0.9567608097975506,
    "f1-score": 0.9567608097975506,
    "support": 8002
  },
  "macro_avg": {
    "precision": 0.9568606410752893,
    "recall": 0.9567723297938787,
    "f1-score": 0.9567802198235693,
    "support": 8002.0
  },
  "accuracy": 0.9567608097975506,
  "inference_time_seconds": 2.7819340229034424,
  "energy_kwh": 0.00018976078511929697,
  "num_test_samples": 8002
}