{
  "per_class": {
    "age": {
      "precision": 0.9764414135151891,
      "recall": 0.9856070087609512,
      "f1-score": 0.9810028028651511,
      "support": 1598.0
    },
    "ethnicity": {
      "precision": 0.994256541161455,
      "recall": 0.9786432160804021,
      "f1-score": 0.9863880974992086,
      "support": 1592.0
    },
    "gender": {
      "precision": 0.8485895221646517,
      "recall": 0.9270440251572327,
      "f1-score": 0.8860835587616471,
      "support": 1590.0
    },
    "not_cyberbullying": {
      "precision": 0.7690972222222222,
      "recall": 0.5582860743541272,
      "f1-score": 0.646951442132165,
      "support": 1587.0
    },
    "other_cyberbullying": {
      "precision": 0.6911602209944752,
      "recall": 0.7993610223642172,
      "f1-score": 0.7413333333333333,
      "support": 1565.0
    },
    "religion": {
      "precision": 0.9485783424077435,
      "recall": 0.98,
      "f1-score": 0.9640332001229635,
      "support": 1600.0
    }
  },
  "weighted_avg": {
    "precision": 0.872053663233688,
    "recall": 0.8720100713386487,
    "f1-score": 0.8682539775656133,
    "support": 9532.0
  },
  "micro_avg": {
    "precision": 0.8720100713386487,
    "recall": 0.8720100713386487,
    "f1-score": 0.8720100713386487,
    "support": 9532
  },
  "macro_avg": {
    "precision": 0.8713538770776229,
    "recall": 0.8714902244528216,
    "f1-score": 0.8676320724524115,
    "support": 9532.0
  },
  "accuracy": 0.8720100713386487,
  "inference_time_seconds": 3.378159523010254,
  "energy_kwh": 0.00021199815354244444,
  "num_test_samples": 9532
}