{
  "per_class": {
    "Cyberstalking": {
      "precision": 0.75,
      "recall": 0.6923076923076923,
      "f1-score": 0.72,
      "support": 52.0
    },
    "Doxing": {
      "precision": 0.7857142857142857,
      "recall": 0.7432432432432432,
      "f1-score": 0.7638888888888888,
      "support": 74.0
    },
    "Revenge Porn": {
      "precision": 0.686046511627907,
      "recall": 0.8428571428571429,
      "f1-score": 0.7564102564102564,
      "support": 70.0
    },
    "Sexual Harassment": {
      "precision": 0.8857142857142857,
      "recall": 0.7948717948717948,
      "f1-score": 0.8378378378378378,
      "support": 78.0
    },
    "Slut Shaming": {
      "precision": 0.9111111111111111,
      "recall": 0.9111111111111111,
      "f1-score": 0.9111111111111111,
      "support": 90.0
    }
  },
  "weighted_avg": {
    "precision": 0.8138786462706727,
    "recall": 0.8076923076923077,
    "f1-score": 0.8084281513127667,
    "support": 364.0
  },
  "micro_avg": {
    "precision": 0.8076923076923077,
    "recall": 0.8076923076923077,
    "f1-score": 0.8076923076923077,
    "support": 364
  },
  "macro_avg": {
    "precision": 0.8037172388335179,
    "recall": 0.7968781968781968,
    "f1-score": 0.7978496188496188,
    "support": 364.0
  },
  "accuracy": 0.8076923076923077,
  "inference_time_seconds": 0.2746589183807373,
  "energy_kwh": 1.690506750879592e-05,
  "num_test_samples": 364
}