{
  "per_class": {
    "Cyberstalking": {
      "precision": 0.696969696969697,
      "recall": 0.7666666666666667,
      "f1-score": 0.7301587301587301,
      "support": 60.0
    },
    "Doxing": {
      "precision": 0.8152173913043478,
      "recall": 0.8522727272727273,
      "f1-score": 0.8333333333333334,
      "support": 88.0
    },
    "Revenge Porn": {
      "precision": 0.8656716417910447,
      "recall": 0.7631578947368421,
      "f1-score": 0.8111888111888111,
      "support": 76.0
    },
    "Sexual Harassment": {
      "precision": 0.8712871287128713,
      "recall": 0.8888888888888888,
      "f1-score": 0.88,
      "support": 99.0
    },
    "Slut Shaming": {
      "precision": 0.9270833333333334,
      "recall": 0.898989898989899,
      "f1-score": 0.9128205128205128,
      "support": 99.0
    }
  },
  "weighted_avg": {
    "precision": 0.8468887032503746,
    "recall": 0.8436018957345972,
    "f1-score": 0.8442711790579088,
    "support": 422.0
  },
  "micro_avg": {
    "precision": 0.8436018957345972,
    "recall": 0.8436018957345972,
    "f1-score": 0.8436018957345972,
    "support": 422
  },
  "macro_avg": {
    "precision": 0.8352458384222589,
    "recall": 0.8339952153110047,
    "f1-score": 0.8335002775002774,
    "support": 422.0
  },
  "accuracy": 0.8436018957345972,
  "inference_time_seconds": 0.29390478134155273,
  "energy_kwh": 3.7397043513588614e-05,
  "num_test_samples": 422
}