{
  "per_class": {
    "age": {
      "precision": 0.9838909541511772,
      "recall": 0.9925,
      "f1-score": 0.9881767268201618,
      "support": 1600.0
    },
    "ethnicity": {
      "precision": 0.9949302915082383,
      "recall": 0.98125,
      "f1-score": 0.9880427942101951,
      "support": 1600.0
    },
    "gender": {
      "precision": 0.9119537275064268,
      "recall": 0.8863210493441599,
      "f1-score": 0.8989547038327527,
      "support": 1601.0
    },
    "other_cyberbullying": {
      "precision": 0.8661464585834334,
      "recall": 0.9013116801998751,
      "f1-score": 0.8833792470156107,
      "support": 1601.0
    },
    "religion": {
      "precision": 0.9899244332493703,
      "recall": 0.9825,
      "f1-score": 0.986198243412798,
      "support": 1600.0
    }
  },
  "weighted_avg": {
    "precision": 0.9493540969987407,
    "recall": 0.9487628092976755,
    "f1-score": 0.948935900826953,
    "support": 8002.0
  },
  "micro_avg": {
    "precision": 0.9487628092976755,
    "recall": 0.9487628092976755,
    "f1-score": 0.9487628092976755,
    "support": 8002
  },
  "macro_avg": {
    "precision": 0.9493691729997291,
    "recall": 0.948776545908807,
    "f1-score": 0.9489503430583037,
    "support": 8002.0
  },
  "accuracy": 0.9487628092976755,
  "inference_time_seconds": 2.4154934883117676,
  "energy_kwh": 0.00015762019434751703,
  "num_test_samples": 8002
}