{
  "per_class": {
    "emotion": {
      "precision": 0.9127382146439318,
      "recall": 0.904572564612326,
      "f1-score": 0.90863704443335,
      "support": 1006.0
    },
    "hate": {
      "precision": 0.9655172413793104,
      "recall": 0.9617054875641532,
      "f1-score": 0.9636075949367089,
      "support": 2533.0
    },
    "offensive": {
      "precision": 0.9589671029359745,
      "recall": 0.9654558404558404,
      "f1-score": 0.9622005323868678,
      "support": 2808.0
    },
    "religion": {
      "precision": 0.9980750721847931,
      "recall": 1.0,
      "f1-score": 0.9990366088631984,
      "support": 2074.0
    },
    "spiritual": {
      "precision": 1.0,
      "recall": 0.997689196995956,
      "f1-score": 0.9988432620011567,
      "support": 1731.0
    }
  },
  "weighted_avg": {
    "precision": 0.9710064165781193,
    "recall": 0.9710401891252955,
    "f1-score": 0.9710171013517764,
    "support": 10152.0
  },
  "micro_avg": {
    "precision": 0.9710401891252955,
    "recall": 0.9710401891252955,
    "f1-score": 0.9710401891252955,
    "support": 10152
  },
  "macro_avg": {
    "precision": 0.967059526228802,
    "recall": 0.9658846179256552,
    "f1-score": 0.9664650085242563,
    "support": 10152.0
  },
  "accuracy": 0.9710401891252955,
  "inference_time_seconds": 7.917036771774292,
  "energy_kwh": 0.000514414247986998,
  "num_test_samples": 10152
}