{
  "per_class": {
    "Cyberstalking": {
      "precision": 0.6285714285714286,
      "recall": 0.7333333333333333,
      "f1-score": 0.676923076923077,
      "support": 60.0
    },
    "Doxing": {
      "precision": 0.7647058823529411,
      "recall": 0.7386363636363636,
      "f1-score": 0.7514450867052023,
      "support": 88.0
    },
    "Revenge Porn": {
      "precision": 0.7692307692307693,
      "recall": 0.7894736842105263,
      "f1-score": 0.7792207792207793,
      "support": 76.0
    },
    "Sexual Harassment": {
      "precision": 0.8617021276595744,
      "recall": 0.8181818181818182,
      "f1-score": 0.8393782383419689,
      "support": 99.0
    },
    "Slut Shaming": {
      "precision": 0.9052631578947369,
      "recall": 0.8686868686868687,
      "f1-score": 0.8865979381443299,
      "support": 99.0
    }
  },
  "weighted_avg": {
    "precision": 0.8018945618311845,
    "recall": 0.7962085308056872,
    "f1-score": 0.7981871396643725,
    "support": 422.0
  },
  "micro_avg": {
    "precision": 0.7962085308056872,
    "recall": 0.7962085308056872,
    "f1-score": 0.7962085308056872,
    "support": 422
  },
  "macro_avg": {
    "precision": 0.78589467314189,
    "recall": 0.7896624136097821,
    "f1-score": 0.7867130238670714,
    "support": 422.0
  },
  "accuracy": 0.7962085308056872,
  "inference_time_seconds": 0.19921445846557617,
  "energy_kwh": 2.316688894587758e-05,
  "num_test_samples": 422
}