{
  "per_class": {
    "age": {
      "precision": 0.9789942711648632,
      "recall": 0.9833759590792839,
      "f1-score": 0.9811802232854865,
      "support": 1564.0
    },
    "ethnicity": {
      "precision": 0.9739478957915831,
      "recall": 0.9824797843665768,
      "f1-score": 0.9781952364978195,
      "support": 1484.0
    },
    "gender": {
      "precision": 0.8807402330363262,
      "recall": 0.882554945054945,
      "f1-score": 0.8816466552315609,
      "support": 1456.0
    },
    "not_cyberbullying": {
      "precision": 0.6476540938362465,
      "recall": 0.5813377374071016,
      "f1-score": 0.6127067014795474,
      "support": 1211.0
    },
    "other_cyberbullying": {
      "precision": 0.6112167300380228,
      "recall": 0.6554536187563711,
      "f1-score": 0.632562715199213,
      "support": 981.0
    },
    "religion": {
      "precision": 0.9553626782393057,
      "recall": 0.9734680985470625,
      "f1-score": 0.9643304130162703,
      "support": 1583.0
    }
  },
  "weighted_avg": {
    "precision": 0.8642463263936783,
    "recall": 0.8659258364536779,
    "f1-score": 0.8647121648877079,
    "support": 8279.0
  },
  "micro_avg": {
    "precision": 0.8659258364536779,
    "recall": 0.8659258364536779,
    "f1-score": 0.8659258364536779,
    "support": 8279
  },
  "macro_avg": {
    "precision": 0.8413193170177246,
    "recall": 0.8431116905352235,
    "f1-score": 0.8417703241183162,
    "support": 8279.0
  },
  "accuracy": 0.8659258364536779,
  "inference_time_seconds": 7.5459630489349365,
  "energy_kwh": 0.0003890100673812528,
  "num_test_samples": 8279
}