{
  "per_class": {
    "emotion": {
      "precision": 0.851,
      "recall": 0.8459244532803181,
      "f1-score": 0.8484546360917248,
      "support": 1006.0
    },
    "hate": {
      "precision": 0.9223263075722092,
      "recall": 0.9328859060402684,
      "f1-score": 0.9275760549558391,
      "support": 2533.0
    },
    "offensive": {
      "precision": 0.9275675675675675,
      "recall": 0.9166666666666666,
      "f1-score": 0.9220849005910801,
      "support": 2808.0
    },
    "religion": {
      "precision": 0.9937679769894535,
      "recall": 0.9995178399228544,
      "f1-score": 0.9966346153846154,
      "support": 2074.0
    },
    "spiritual": {
      "precision": 0.9988432620011567,
      "recall": 0.997689196995956,
      "f1-score": 0.9982658959537573,
      "support": 1731.0
    }
  },
  "weighted_avg": {
    "precision": 0.9443499544533358,
    "recall": 0.9444444444444444,
    "f1-score": 0.9443782870542567,
    "support": 10152.0
  },
  "micro_avg": {
    "precision": 0.9444444444444444,
    "recall": 0.9444444444444444,
    "f1-score": 0.9444444444444444,
    "support": 10152
  },
  "macro_avg": {
    "precision": 0.9387010228260774,
    "recall": 0.9385368125812127,
    "f1-score": 0.9386032205954032,
    "support": 10152.0
  },
  "accuracy": 0.9444444444444444,
  "inference_time_seconds": 7.007544994354248,
  "energy_kwh": 0.0004412564355201891,
  "num_test_samples": 10152
}