{
  "per_class": {
    "Cyberstalking": {
      "precision": 0.7301587301587301,
      "recall": 0.7666666666666667,
      "f1-score": 0.7479674796747967,
      "support": 60.0
    },
    "Doxing": {
      "precision": 0.8235294117647058,
      "recall": 0.7954545454545454,
      "f1-score": 0.8092485549132948,
      "support": 88.0
    },
    "Revenge Porn": {
      "precision": 0.7529411764705882,
      "recall": 0.8421052631578947,
      "f1-score": 0.7950310559006211,
      "support": 76.0
    },
    "Sexual Harassment": {
      "precision": 0.8901098901098901,
      "recall": 0.8181818181818182,
      "f1-score": 0.8526315789473684,
      "support": 99.0
    },
    "Slut Shaming": {
      "precision": 0.9285714285714286,
      "recall": 0.9191919191919192,
      "f1-score": 0.9238578680203046,
      "support": 99.0
    }
  },
  "weighted_avg": {
    "precision": 0.8378035355593203,
    "recall": 0.8341232227488151,
    "f1-score": 0.8350396614007216,
    "support": 422.0
  },
  "micro_avg": {
    "precision": 0.8341232227488151,
    "recall": 0.8341232227488151,
    "f1-score": 0.8341232227488151,
    "support": 422
  },
  "macro_avg": {
    "precision": 0.8250621274150685,
    "recall": 0.8283200425305688,
    "f1-score": 0.8257473074912772,
    "support": 422.0
  },
  "accuracy": 0.8341232227488151,
  "inference_time_seconds": 0.31810665130615234,
  "energy_kwh": 2.3440866439003954e-05,
  "num_test_samples": 422
}