{
  "per_class": {
    "emotion": {
      "precision": 0.8660022148394242,
      "recall": 0.7773359840954275,
      "f1-score": 0.8192771084337349,
      "support": 1006.0
    },
    "hate": {
      "precision": 0.9393322475570033,
      "recall": 0.9107777339123568,
      "f1-score": 0.9248346361996392,
      "support": 2533.0
    },
    "offensive": {
      "precision": 0.8914650537634409,
      "recall": 0.9448005698005698,
      "f1-score": 0.9173582295988935,
      "support": 2808.0
    },
    "religion": {
      "precision": 0.9923444976076555,
      "recall": 1.0,
      "f1-score": 0.9961575408261287,
      "support": 2074.0
    },
    "spiritual": {
      "precision": 1.0,
      "recall": 0.997689196995956,
      "f1-score": 0.9988432620011567,
      "support": 1731.0
    }
  },
  "weighted_avg": {
    "precision": 0.9400003122730861,
    "recall": 0.9400118203309693,
    "f1-score": 0.9394965759938052,
    "support": 10152.0
  },
  "micro_avg": {
    "precision": 0.9400118203309693,
    "recall": 0.9400118203309693,
    "f1-score": 0.9400118203309693,
    "support": 10152
  },
  "macro_avg": {
    "precision": 0.9378288027535049,
    "recall": 0.9261206969608621,
    "f1-score": 0.9312941554119106,
    "support": 10152.0
  },
  "accuracy": 0.9400118203309693,
  "inference_time_seconds": 3.300114631652832,
  "energy_kwh": 0.00020820342275983944,
  "num_test_samples": 10152
}