{
  "per_class": {
    "Cyberstalking": {
      "precision": 0.8627450980392157,
      "recall": 0.7333333333333333,
      "f1-score": 0.7927927927927928,
      "support": 60.0
    },
    "Doxing": {
      "precision": 0.79,
      "recall": 0.8977272727272727,
      "f1-score": 0.8404255319148937,
      "support": 88.0
    },
    "Revenge Porn": {
      "precision": 0.875,
      "recall": 0.8289473684210527,
      "f1-score": 0.8513513513513513,
      "support": 76.0
    },
    "Sexual Harassment": {
      "precision": 0.87,
      "recall": 0.8787878787878788,
      "f1-score": 0.8743718592964824,
      "support": 99.0
    },
    "Slut Shaming": {
      "precision": 0.9393939393939394,
      "recall": 0.9393939393939394,
      "f1-score": 0.9393939393939394,
      "support": 99.0
    }
  },
  "weighted_avg": {
    "precision": 0.8694661276833009,
    "recall": 0.8672985781990521,
    "f1-score": 0.8668022065145324,
    "support": 422.0
  },
  "micro_avg": {
    "precision": 0.8672985781990521,
    "recall": 0.8672985781990521,
    "f1-score": 0.8672985781990521,
    "support": 422
  },
  "macro_avg": {
    "precision": 0.8674278074866312,
    "recall": 0.8556379585326954,
    "f1-score": 0.8596670949498918,
    "support": 422.0
  },
  "accuracy": 0.8672985781990521,
  "inference_time_seconds": 0.3115839958190918,
  "energy_kwh": 1.5515938806005377e-05,
  "num_test_samples": 422
}