{
  "per_class": {
    "age": {
      "precision": 0.983271375464684,
      "recall": 0.991875,
      "f1-score": 0.9875544492843809,
      "support": 1600.0
    },
    "ethnicity": {
      "precision": 0.9905362776025236,
      "recall": 0.98125,
      "f1-score": 0.9858712715855573,
      "support": 1600.0
    },
    "gender": {
      "precision": 0.9153702551337897,
      "recall": 0.9188007495315428,
      "f1-score": 0.9170822942643392,
      "support": 1601.0
    },
    "other_cyberbullying": {
      "precision": 0.9042553191489362,
      "recall": 0.9025608994378513,
      "f1-score": 0.9034073147858706,
      "support": 1601.0
    },
    "religion": {
      "precision": 0.9874843554443054,
      "recall": 0.98625,
      "f1-score": 0.9868667917448405,
      "support": 1600.0
    }
  },
  "weighted_avg": {
    "precision": 0.9561719267739397,
    "recall": 0.9561359660084979,
    "f1-score": 0.9561449492968049,
    "support": 8002.0
  },
  "micro_avg": {
    "precision": 0.9561359660084979,
    "recall": 0.9561359660084979,
    "f1-score": 0.9561359660084979,
    "support": 8002
  },
  "macro_avg": {
    "precision": 0.9561835165588477,
    "recall": 0.9561473297938787,
    "f1-score": 0.9561564243329977,
    "support": 8002.0
  },
  "accuracy": 0.9561359660084979,
  "inference_time_seconds": 2.9913814067840576,
  "energy_kwh": 0.0002005347685691869,
  "num_test_samples": 8002
}