{
  "per_class": {
    "emotion": {
      "precision": 0.8358050847457628,
      "recall": 0.8411513859275054,
      "f1-score": 0.8384697130712009,
      "support": 938.0
    },
    "hate": {
      "precision": 0.9573643410852714,
      "recall": 0.9201158940397351,
      "f1-score": 0.9383706205149852,
      "support": 2416.0
    },
    "offensive": {
      "precision": 0.8835870012340601,
      "recall": 0.9097839898348158,
      "f1-score": 0.8964941569282137,
      "support": 2361.0
    },
    "religion": {
      "precision": 0.9917355371900827,
      "recall": 1.0,
      "f1-score": 0.995850622406639,
      "support": 2040.0
    },
    "spiritual": {
      "precision": 0.9982497082847142,
      "recall": 0.9988324576765908,
      "f1-score": 0.9985409979573971,
      "support": 1713.0
    }
  },
  "weighted_avg": {
    "precision": 0.9417267188029828,
    "recall": 0.9411702577101817,
    "f1-score": 0.9413019342778907,
    "support": 9468.0
  },
  "micro_avg": {
    "precision": 0.9411702577101817,
    "recall": 0.9411702577101817,
    "f1-score": 0.9411702577101817,
    "support": 9468
  },
  "macro_avg": {
    "precision": 0.9333483345079783,
    "recall": 0.9339767454957295,
    "f1-score": 0.9335452221756873,
    "support": 9468.0
  },
  "accuracy": 0.9411702577101817,
  "inference_time_seconds": 6.919309377670288,
  "energy_kwh": 0.0003922254421311375,
  "num_test_samples": 9468
}