{
  "per_class": {
    "emotion": {
      "precision": 0.8806544754571703,
      "recall": 0.9095427435387674,
      "f1-score": 0.8948655256723717,
      "support": 1006.0
    },
    "hate": {
      "precision": 0.9727974015428339,
      "recall": 0.9459139360442164,
      "f1-score": 0.9591673338670936,
      "support": 2533.0
    },
    "offensive": {
      "precision": 0.956368754398311,
      "recall": 0.967948717948718,
      "f1-score": 0.9621238938053097,
      "support": 2808.0
    },
    "religion": {
      "precision": 0.9966346153846154,
      "recall": 0.9995178399228544,
      "f1-score": 0.9980741454020221,
      "support": 2074.0
    },
    "spiritual": {
      "precision": 0.9994212962962963,
      "recall": 0.997689196995956,
      "f1-score": 0.9985544955189362,
      "support": 1731.0
    }
  },
  "weighted_avg": {
    "precision": 0.9685319285820478,
    "recall": 0.968183609141056,
    "f1-score": 0.9682774900141977,
    "support": 10152.0
  },
  "micro_avg": {
    "precision": 0.968183609141056,
    "recall": 0.968183609141056,
    "f1-score": 0.968183609141056,
    "support": 10152
  },
  "macro_avg": {
    "precision": 0.9611753086158454,
    "recall": 0.9641224868901025,
    "f1-score": 0.9625570788531468,
    "support": 10152.0
  },
  "accuracy": 0.968183609141056,
  "inference_time_seconds": 2.549149513244629,
  "energy_kwh": 0.0001416049448976714,
  "num_test_samples": 10152
}