{
  "per_class": {
    "emotion": {
      "precision": 0.8347280334728033,
      "recall": 0.7932405566600398,
      "f1-score": 0.8134556574923547,
      "support": 1006.0
    },
    "hate": {
      "precision": 0.933546837469976,
      "recall": 0.9206474536123174,
      "f1-score": 0.9270522758894852,
      "support": 2533.0
    },
    "offensive": {
      "precision": 0.8782518210197711,
      "recall": 0.9017094017094017,
      "f1-score": 0.889826041117554,
      "support": 2808.0
    },
    "religion": {
      "precision": 0.9942473633748802,
      "recall": 1.0,
      "f1-score": 0.9971153846153846,
      "support": 2074.0
    },
    "spiritual": {
      "precision": 0.9994216310005783,
      "recall": 0.9982668977469671,
      "f1-score": 0.9988439306358381,
      "support": 1731.0
    }
  },
  "weighted_avg": {
    "precision": 0.9320931372448886,
    "recall": 0.9322301024428684,
    "f1-score": 0.932053534411585,
    "support": 10152.0
  },
  "micro_avg": {
    "precision": 0.9322301024428684,
    "recall": 0.9322301024428684,
    "f1-score": 0.9322301024428684,
    "support": 10152
  },
  "macro_avg": {
    "precision": 0.9280391372676018,
    "recall": 0.9227728619457451,
    "f1-score": 0.9252586579501234,
    "support": 10152.0
  },
  "accuracy": 0.9322301024428684,
  "inference_time_seconds": 10.58419418334961,
  "energy_kwh": 0.0005668335865839937,
  "num_test_samples": 10152
}