{
  "per_class": {
    "Cyberstalking": {
      "precision": 0.703125,
      "recall": 0.8490566037735849,
      "f1-score": 0.7692307692307693,
      "support": 53.0
    },
    "Doxing": {
      "precision": 0.8676470588235294,
      "recall": 0.7972972972972973,
      "f1-score": 0.8309859154929577,
      "support": 74.0
    },
    "Revenge Porn": {
      "precision": 0.7746478873239436,
      "recall": 0.7857142857142857,
      "f1-score": 0.7801418439716312,
      "support": 70.0
    },
    "Sexual Harassment": {
      "precision": 0.8450704225352113,
      "recall": 0.7792207792207793,
      "f1-score": 0.8108108108108109,
      "support": 77.0
    },
    "Slut Shaming": {
      "precision": 0.9222222222222223,
      "recall": 0.9222222222222223,
      "f1-score": 0.9222222222222223,
      "support": 90.0
    }
  },
  "weighted_avg": {
    "precision": 0.834525500002276,
    "recall": 0.8296703296703297,
    "f1-score": 0.8305070055663634,
    "support": 364.0
  },
  "micro_avg": {
    "precision": 0.8296703296703297,
    "recall": 0.8296703296703297,
    "f1-score": 0.8296703296703297,
    "support": 364
  },
  "macro_avg": {
    "precision": 0.8225425181809813,
    "recall": 0.8267022376456339,
    "f1-score": 0.8226783123456783,
    "support": 364.0
  },
  "accuracy": 0.8296703296703297,
  "inference_time_seconds": 0.44517970085144043,
  "energy_kwh": 2.6406794907209837e-05,
  "num_test_samples": 364
}