{
  "per_class": {
    "Cyberstalking": {
      "precision": 0.7142857142857143,
      "recall": 0.6666666666666666,
      "f1-score": 0.6896551724137931,
      "support": 60.0
    },
    "Doxing": {
      "precision": 0.7009345794392523,
      "recall": 0.8522727272727273,
      "f1-score": 0.7692307692307693,
      "support": 88.0
    },
    "Revenge Porn": {
      "precision": 0.9310344827586207,
      "recall": 0.7105263157894737,
      "f1-score": 0.8059701492537313,
      "support": 76.0
    },
    "Sexual Harassment": {
      "precision": 0.8529411764705882,
      "recall": 0.8787878787878788,
      "f1-score": 0.8656716417910447,
      "support": 99.0
    },
    "Slut Shaming": {
      "precision": 0.9191919191919192,
      "recall": 0.9191919191919192,
      "f1-score": 0.9191919191919192,
      "support": 99.0
    }
  },
  "weighted_avg": {
    "precision": 0.8311355047583897,
    "recall": 0.8222748815165877,
    "f1-score": 0.8223384879567115,
    "support": 422.0
  },
  "micro_avg": {
    "precision": 0.8222748815165877,
    "recall": 0.8222748815165877,
    "f1-score": 0.8222748815165877,
    "support": 422
  },
  "macro_avg": {
    "precision": 0.8236775744292191,
    "recall": 0.8054891015417333,
    "f1-score": 0.8099439303762516,
    "support": 422.0
  },
  "accuracy": 0.8222748815165877,
  "inference_time_seconds": 0.30841779708862305,
  "energy_kwh": 1.719341831111501e-05,
  "num_test_samples": 422
}