{
  "per_class": {
    "Cyberstalking": {
      "precision": 0.7272727272727273,
      "recall": 0.7692307692307693,
      "f1-score": 0.7476635514018691,
      "support": 52.0
    },
    "Doxing": {
      "precision": 0.8769230769230769,
      "recall": 0.7702702702702703,
      "f1-score": 0.8201438848920863,
      "support": 74.0
    },
    "Revenge Porn": {
      "precision": 0.8688524590163934,
      "recall": 0.7571428571428571,
      "f1-score": 0.8091603053435115,
      "support": 70.0
    },
    "Sexual Harassment": {
      "precision": 0.7741935483870968,
      "recall": 0.9230769230769231,
      "f1-score": 0.8421052631578947,
      "support": 78.0
    },
    "Slut Shaming": {
      "precision": 0.9111111111111111,
      "recall": 0.9111111111111111,
      "f1-score": 0.9111111111111111,
      "support": 90.0
    }
  },
  "weighted_avg": {
    "precision": 0.8404320286149192,
    "recall": 0.8351648351648352,
    "f1-score": 0.8348752309210802,
    "support": 364.0
  },
  "micro_avg": {
    "precision": 0.8351648351648352,
    "recall": 0.8351648351648352,
    "f1-score": 0.8351648351648352,
    "support": 364
  },
  "macro_avg": {
    "precision": 0.8316705845420811,
    "recall": 0.8261663861663863,
    "f1-score": 0.8260368231812946,
    "support": 364.0
  },
  "accuracy": 0.8351648351648352,
  "inference_time_seconds": 0.08106374740600586,
  "energy_kwh": 3.829037450890169e-06,
  "num_test_samples": 364
}