{
  "per_class": {
    "age": {
      "precision": 0.989821882951654,
      "recall": 0.9879365079365079,
      "f1-score": 0.9888782967905942,
      "support": 1575.0
    },
    "ethnicity": {
      "precision": 0.9986348122866894,
      "recall": 0.9772879091516367,
      "f1-score": 0.987846049966239,
      "support": 1497.0
    },
    "gender": {
      "precision": 0.9276773296244785,
      "recall": 0.8959032907991941,
      "f1-score": 0.9115134950461223,
      "support": 1489.0
    },
    "other_cyberbullying": {
      "precision": 0.8455344070278185,
      "recall": 0.9137658227848101,
      "f1-score": 0.8783269961977186,
      "support": 1264.0
    },
    "religion": {
      "precision": 0.9892131979695431,
      "recall": 0.9792713567839196,
      "f1-score": 0.9842171717171717,
      "support": 1592.0
    }
  },
  "weighted_avg": {
    "precision": 0.9544047762037956,
    "recall": 0.952811109613051,
    "f1-score": 0.9532980327539403,
    "support": 7417.0
  },
  "micro_avg": {
    "precision": 0.952811109613051,
    "recall": 0.952811109613051,
    "f1-score": 0.952811109613051,
    "support": 7417
  },
  "macro_avg": {
    "precision": 0.9501763259720366,
    "recall": 0.9508329774912138,
    "f1-score": 0.9501564019435691,
    "support": 7417.0
  },
  "accuracy": 0.952811109613051,
  "inference_time_seconds": 7.24831485748291,
  "energy_kwh": 0.00045863377462001154,
  "num_test_samples": 7417
}