{
  "per_class": {
    "age": {
      "precision": 0.9710412815773259,
      "recall": 0.986232790988736,
      "f1-score": 0.9785780813411984,
      "support": 1598.0
    },
    "ethnicity": {
      "precision": 0.9923664122137404,
      "recall": 0.9798994974874372,
      "f1-score": 0.9860935524652339,
      "support": 1592.0
    },
    "gender": {
      "precision": 0.8704503392967304,
      "recall": 0.8874213836477988,
      "f1-score": 0.8788539395826845,
      "support": 1590.0
    },
    "not_cyberbullying": {
      "precision": 0.7036163522012578,
      "recall": 0.5639571518588532,
      "f1-score": 0.6260930395243092,
      "support": 1587.0
    },
    "other_cyberbullying": {
      "precision": 0.6629895201323773,
      "recall": 0.7680511182108626,
      "f1-score": 0.7116637063351096,
      "support": 1565.0
    },
    "religion": {
      "precision": 0.9509503372164316,
      "recall": 0.969375,
      "f1-score": 0.9600742804085423,
      "support": 1600.0
    }
  },
  "weighted_avg": {
    "precision": 0.8593501495156841,
    "recall": 0.85973562736047,
    "f1-score": 0.8575837889464487,
    "support": 9532.0
  },
  "micro_avg": {
    "precision": 0.85973562736047,
    "recall": 0.85973562736047,
    "f1-score": 0.85973562736047,
    "support": 9532
  },
  "macro_avg": {
    "precision": 0.8585690404396439,
    "recall": 0.8591561570322813,
    "f1-score": 0.856892766609513,
    "support": 9532.0
  },
  "accuracy": 0.85973562736047,
  "inference_time_seconds": 8.369080066680908,
  "energy_kwh": 0.0004183064127584302,
  "num_test_samples": 9532
}