{
  "per_class": {
    "Cyberstalking": {
      "precision": 0.8363636363636363,
      "recall": 0.7666666666666667,
      "f1-score": 0.8,
      "support": 60.0
    },
    "Doxing": {
      "precision": 0.8021978021978022,
      "recall": 0.8295454545454546,
      "f1-score": 0.8156424581005587,
      "support": 88.0
    },
    "Revenge Porn": {
      "precision": 0.8133333333333334,
      "recall": 0.8026315789473685,
      "f1-score": 0.8079470198675497,
      "support": 76.0
    },
    "Sexual Harassment": {
      "precision": 0.7818181818181819,
      "recall": 0.8686868686868687,
      "f1-score": 0.8229665071770335,
      "support": 99.0
    },
    "Slut Shaming": {
      "precision": 0.9120879120879121,
      "recall": 0.8383838383838383,
      "f1-score": 0.8736842105263158,
      "support": 99.0
    }
  },
  "weighted_avg": {
    "precision": 0.8300598611499085,
    "recall": 0.8270142180094787,
    "f1-score": 0.8273671347758638,
    "support": 422.0
  },
  "micro_avg": {
    "precision": 0.8270142180094787,
    "recall": 0.8270142180094787,
    "f1-score": 0.8270142180094787,
    "support": 422
  },
  "macro_avg": {
    "precision": 0.8291601731601732,
    "recall": 0.8211828814460393,
    "f1-score": 0.8240480391342915,
    "support": 422.0
  },
  "accuracy": 0.8270142180094787,
  "inference_time_seconds": 0.1515960693359375,
  "energy_kwh": 8.072018692994403e-06,
  "num_test_samples": 422
}