{
  "per_class": {
    "emotion": {
      "precision": 0.8887804878048781,
      "recall": 0.9055666003976143,
      "f1-score": 0.897095027080256,
      "support": 1006.0
    },
    "hate": {
      "precision": 0.9665205261060184,
      "recall": 0.9573628108961706,
      "f1-score": 0.9619198730662436,
      "support": 2533.0
    },
    "offensive": {
      "precision": 0.9586747417171357,
      "recall": 0.9583333333333334,
      "f1-score": 0.9585040071237756,
      "support": 2808.0
    },
    "religion": {
      "precision": 0.9947191550648103,
      "recall": 0.9990356798457087,
      "f1-score": 0.9968727447678615,
      "support": 2074.0
    },
    "spiritual": {
      "precision": 1.0,
      "recall": 0.9982668977469671,
      "f1-score": 0.9991326973113617,
      "support": 1731.0
    }
  },
  "weighted_avg": {
    "precision": 0.9681162200260427,
    "recall": 0.9679866036249015,
    "f1-score": 0.9680371019914901,
    "support": 10152.0
  },
  "micro_avg": {
    "precision": 0.9679866036249015,
    "recall": 0.9679866036249015,
    "f1-score": 0.9679866036249015,
    "support": 10152
  },
  "macro_avg": {
    "precision": 0.9617389821385686,
    "recall": 0.9637130644439587,
    "f1-score": 0.9627048698698998,
    "support": 10152.0
  },
  "accuracy": 0.9679866036249015,
  "inference_time_seconds": 8.787090063095093,
  "energy_kwh": 0.0004648868804196919,
  "num_test_samples": 10152
}