{
  "per_class": {
    "Cyberstalking": {
      "precision": 0.8085106382978723,
      "recall": 0.7307692307692307,
      "f1-score": 0.7676767676767676,
      "support": 52.0
    },
    "Doxing": {
      "precision": 0.8591549295774648,
      "recall": 0.8243243243243243,
      "f1-score": 0.8413793103448276,
      "support": 74.0
    },
    "Revenge Porn": {
      "precision": 0.8235294117647058,
      "recall": 0.8,
      "f1-score": 0.8115942028985508,
      "support": 70.0
    },
    "Sexual Harassment": {
      "precision": 0.8023255813953488,
      "recall": 0.8961038961038961,
      "f1-score": 0.8466257668711656,
      "support": 77.0
    },
    "Slut Shaming": {
      "precision": 0.9230769230769231,
      "recall": 0.9333333333333333,
      "f1-score": 0.9281767955801105,
      "support": 90.0
    }
  },
  "weighted_avg": {
    "precision": 0.8488238833281435,
    "recall": 0.8484848484848485,
    "f1-score": 0.8477106080961362,
    "support": 363.0
  },
  "micro_avg": {
    "precision": 0.8484848484848485,
    "recall": 0.8484848484848485,
    "f1-score": 0.8484848484848485,
    "support": 363
  },
  "macro_avg": {
    "precision": 0.843319496822463,
    "recall": 0.836906156906157,
    "f1-score": 0.8390905686742844,
    "support": 363.0
  },
  "accuracy": 0.8484848484848485,
  "inference_time_seconds": 0.16095781326293945,
  "energy_kwh": 6.338773745378733e-06,
  "num_test_samples": 363
}