{
  "per_class": {
    "Cyberstalking": {
      "precision": 0.6833333333333333,
      "recall": 0.7192982456140351,
      "f1-score": 0.7008547008547008,
      "support": 57.0
    },
    "Doxing": {
      "precision": 0.8356164383561644,
      "recall": 0.7721518987341772,
      "f1-score": 0.8026315789473685,
      "support": 79.0
    },
    "Revenge Porn": {
      "precision": 0.7763157894736842,
      "recall": 0.8309859154929577,
      "f1-score": 0.8027210884353742,
      "support": 71.0
    },
    "Sexual Harassment": {
      "precision": 0.8023255813953488,
      "recall": 0.8414634146341463,
      "f1-score": 0.8214285714285714,
      "support": 82.0
    },
    "Slut Shaming": {
      "precision": 0.926829268292683,
      "recall": 0.8636363636363636,
      "f1-score": 0.8941176470588236,
      "support": 88.0
    }
  },
  "weighted_avg": {
    "precision": 0.8154742519017063,
    "recall": 0.8116710875331565,
    "f1-score": 0.8127037288137692,
    "support": 377.0
  },
  "micro_avg": {
    "precision": 0.8116710875331565,
    "recall": 0.8116710875331565,
    "f1-score": 0.8116710875331565,
    "support": 377
  },
  "macro_avg": {
    "precision": 0.8048840821702428,
    "recall": 0.805507167622336,
    "f1-score": 0.8043507173449678,
    "support": 377.0
  },
  "accuracy": 0.8116710875331565,
  "inference_time_seconds": 0.28473925590515137,
  "energy_kwh": 1.9484207880895357e-05,
  "num_test_samples": 377
}