{
  "per_class": {
    "Cyberstalking": {
      "precision": 0.8035714285714286,
      "recall": 0.75,
      "f1-score": 0.7758620689655172,
      "support": 60.0
    },
    "Doxing": {
      "precision": 0.7956989247311828,
      "recall": 0.8409090909090909,
      "f1-score": 0.8176795580110497,
      "support": 88.0
    },
    "Revenge Porn": {
      "precision": 0.782051282051282,
      "recall": 0.8026315789473685,
      "f1-score": 0.7922077922077922,
      "support": 76.0
    },
    "Sexual Harassment": {
      "precision": 0.8736842105263158,
      "recall": 0.8383838383838383,
      "f1-score": 0.8556701030927835,
      "support": 99.0
    },
    "Slut Shaming": {
      "precision": 0.88,
      "recall": 0.8888888888888888,
      "f1-score": 0.8844221105527639,
      "support": 99.0
    }
  },
  "weighted_avg": {
    "precision": 0.8324322876033945,
    "recall": 0.8317535545023697,
    "f1-score": 0.8317166981080684,
    "support": 422.0
  },
  "micro_avg": {
    "precision": 0.8317535545023697,
    "recall": 0.8317535545023697,
    "f1-score": 0.8317535545023697,
    "support": 422
  },
  "macro_avg": {
    "precision": 0.8270011691760418,
    "recall": 0.8241626794258373,
    "f1-score": 0.8251683265659814,
    "support": 422.0
  },
  "accuracy": 0.8317535545023697,
  "inference_time_seconds": 0.6614294052124023,
  "energy_kwh": 4.3361823551904244e-05,
  "num_test_samples": 422
}