{
  "per_class": {
    "Cyberstalking": {
      "precision": 0.8936170212765957,
      "recall": 0.7,
      "f1-score": 0.7850467289719626,
      "support": 60.0
    },
    "Doxing": {
      "precision": 0.6090225563909775,
      "recall": 0.9204545454545454,
      "f1-score": 0.7330316742081447,
      "support": 88.0
    },
    "Revenge Porn": {
      "precision": 0.855072463768116,
      "recall": 0.7763157894736842,
      "f1-score": 0.8137931034482758,
      "support": 76.0
    },
    "Sexual Harassment": {
      "precision": 0.9259259259259259,
      "recall": 0.7575757575757576,
      "f1-score": 0.8333333333333334,
      "support": 99.0
    },
    "Slut Shaming": {
      "precision": 0.9239130434782609,
      "recall": 0.8585858585858586,
      "f1-score": 0.8900523560209425,
      "support": 99.0
    }
  },
  "weighted_avg": {
    "precision": 0.8420155721715475,
    "recall": 0.8104265402843602,
    "f1-score": 0.8153389814615563,
    "support": 422.0
  },
  "micro_avg": {
    "precision": 0.8104265402843602,
    "recall": 0.8104265402843602,
    "f1-score": 0.8104265402843602,
    "support": 422
  },
  "macro_avg": {
    "precision": 0.8415102021679752,
    "recall": 0.8025863902179691,
    "f1-score": 0.8110514391965319,
    "support": 422.0
  },
  "accuracy": 0.8104265402843602,
  "inference_time_seconds": 0.36649250984191895,
  "energy_kwh": 1.7058934347058313e-05,
  "num_test_samples": 422
}