{
  "per_class": {
    "emotion": {
      "precision": 0.9101338432122371,
      "recall": 0.9463220675944334,
      "f1-score": 0.9278752436647173,
      "support": 1006.0
    },
    "hate": {
      "precision": 0.9731892757102841,
      "recall": 0.9601263324121595,
      "f1-score": 0.9666136724960255,
      "support": 2533.0
    },
    "offensive": {
      "precision": 0.9678800856531049,
      "recall": 0.9658119658119658,
      "f1-score": 0.9668449197860962,
      "support": 2808.0
    },
    "religion": {
      "precision": 0.9985556090515166,
      "recall": 1.0,
      "f1-score": 0.9992772825825103,
      "support": 2074.0
    },
    "spiritual": {
      "precision": 1.0,
      "recall": 0.9982668977469671,
      "f1-score": 0.9991326973113617,
      "support": 1731.0
    }
  },
  "weighted_avg": {
    "precision": 0.9752260338191908,
    "recall": 0.9749802994483846,
    "f1-score": 0.9750566632624694,
    "support": 10152.0
  },
  "micro_avg": {
    "precision": 0.9749802994483846,
    "recall": 0.9749802994483846,
    "f1-score": 0.9749802994483846,
    "support": 10152
  },
  "macro_avg": {
    "precision": 0.9699517627254286,
    "recall": 0.9741054527131052,
    "f1-score": 0.9719487631681423,
    "support": 10152.0
  },
  "accuracy": 0.9749802994483846,
  "inference_time_seconds": 10.012356281280518,
  "energy_kwh": 0.0005453824784360901,
  "num_test_samples": 10152
}