{
  "per_class": {
    "age": {
      "precision": 0.9842668344870988,
      "recall": 0.991128010139417,
      "f1-score": 0.9876855067887591,
      "support": 1578.0
    },
    "ethnicity": {
      "precision": 0.9865229110512129,
      "recall": 0.9805760214333556,
      "f1-score": 0.9835404769902586,
      "support": 1493.0
    },
    "gender": {
      "precision": 0.9288182446440912,
      "recall": 0.9032258064516129,
      "f1-score": 0.9158432708688246,
      "support": 1488.0
    },
    "other_cyberbullying": {
      "precision": 0.8655913978494624,
      "recall": 0.895866454689984,
      "f1-score": 0.88046875,
      "support": 1258.0
    },
    "religion": {
      "precision": 0.9836065573770492,
      "recall": 0.9805153991200503,
      "f1-score": 0.9820585457979226,
      "support": 1591.0
    }
  },
  "weighted_avg": {
    "precision": 0.9532890564703049,
    "recall": 0.9528887688984882,
    "f1-score": 0.9530039528585885,
    "support": 7408.0
  },
  "micro_avg": {
    "precision": 0.9528887688984882,
    "recall": 0.9528887688984882,
    "f1-score": 0.9528887688984882,
    "support": 7408
  },
  "macro_avg": {
    "precision": 0.949761189081783,
    "recall": 0.950262338366884,
    "f1-score": 0.949919310089153,
    "support": 7408.0
  },
  "accuracy": 0.9528887688984882,
  "inference_time_seconds": 2.5497829914093018,
  "energy_kwh": 0.00017564982389377747,
  "num_test_samples": 7408
}