{
  "per_class": {
    "Cyberstalking": {
      "precision": 0.6764705882352942,
      "recall": 0.7666666666666667,
      "f1-score": 0.71875,
      "support": 60.0
    },
    "Doxing": {
      "precision": 0.8095238095238095,
      "recall": 0.7727272727272727,
      "f1-score": 0.7906976744186046,
      "support": 88.0
    },
    "Revenge Porn": {
      "precision": 0.8181818181818182,
      "recall": 0.8289473684210527,
      "f1-score": 0.8235294117647058,
      "support": 76.0
    },
    "Sexual Harassment": {
      "precision": 0.8484848484848485,
      "recall": 0.8484848484848485,
      "f1-score": 0.8484848484848485,
      "support": 99.0
    },
    "Slut Shaming": {
      "precision": 0.9468085106382979,
      "recall": 0.898989898989899,
      "f1-score": 0.9222797927461139,
      "support": 99.0
    }
  },
  "weighted_avg": {
    "precision": 0.8335123015810962,
    "recall": 0.8293838862559242,
    "f1-score": 0.8308064694900952,
    "support": 422.0
  },
  "micro_avg": {
    "precision": 0.8293838862559242,
    "recall": 0.8293838862559242,
    "f1-score": 0.8293838862559242,
    "support": 422
  },
  "macro_avg": {
    "precision": 0.8198939150128137,
    "recall": 0.8231632110579479,
    "f1-score": 0.8207483454828546,
    "support": 422.0
  },
  "accuracy": 0.8293838862559242,
  "inference_time_seconds": 0.08988022804260254,
  "energy_kwh": 3.88648179855411e-06,
  "num_test_samples": 422
}