{
  "per_class": {
    "emotion": {
      "precision": 0.920863309352518,
      "recall": 0.8906560636182903,
      "f1-score": 0.9055078322385043,
      "support": 1006.0
    },
    "hate": {
      "precision": 0.9664031620553359,
      "recall": 0.965258586656139,
      "f1-score": 0.9658305352557772,
      "support": 2533.0
    },
    "offensive": {
      "precision": 0.9573643410852714,
      "recall": 0.9675925925925926,
      "f1-score": 0.9624512929507616,
      "support": 2808.0
    },
    "religion": {
      "precision": 0.9956793086893903,
      "recall": 1.0,
      "f1-score": 0.997834977146981,
      "support": 2074.0
    },
    "spiritual": {
      "precision": 1.0,
      "recall": 0.9982668977469671,
      "f1-score": 0.9991326973113617,
      "support": 1731.0
    }
  },
  "weighted_avg": {
    "precision": 0.9710998477821154,
    "recall": 0.97123719464145,
    "f1-score": 0.9711348795596301,
    "support": 10152.0
  },
  "micro_avg": {
    "precision": 0.97123719464145,
    "recall": 0.97123719464145,
    "f1-score": 0.97123719464145,
    "support": 10152
  },
  "macro_avg": {
    "precision": 0.968062024236503,
    "recall": 0.9643548281227978,
    "f1-score": 0.9661514669806772,
    "support": 10152.0
  },
  "accuracy": 0.97123719464145,
  "inference_time_seconds": 4.068394422531128,
  "energy_kwh": 0.00024497071687857013,
  "num_test_samples": 10152
}