{
  "per_class": {
    "age": {
      "precision": 0.978750804893754,
      "recall": 0.9724888035828535,
      "f1-score": 0.975609756097561,
      "support": 1563.0
    },
    "ethnicity": {
      "precision": 0.9865319865319865,
      "recall": 0.9885290148448043,
      "f1-score": 0.9875294910684193,
      "support": 1482.0
    },
    "gender": {
      "precision": 0.8972027972027972,
      "recall": 0.8811813186813187,
      "f1-score": 0.8891198891198892,
      "support": 1456.0
    },
    "not_cyberbullying": {
      "precision": 0.6179867986798679,
      "recall": 0.6164609053497943,
      "f1-score": 0.6172229089410796,
      "support": 1215.0
    },
    "other_cyberbullying": {
      "precision": 0.6128078817733991,
      "recall": 0.6340468909276249,
      "f1-score": 0.6232464929859719,
      "support": 981.0
    },
    "religion": {
      "precision": 0.9577553593947037,
      "recall": 0.9589646464646465,
      "f1-score": 0.9583596214511041,
      "support": 1584.0
    }
  },
  "weighted_avg": {
    "precision": 0.8655063599219381,
    "recall": 0.8643883588938533,
    "f1-score": 0.864910952477194,
    "support": 8281.0
  },
  "micro_avg": {
    "precision": 0.8643883588938533,
    "recall": 0.8643883588938533,
    "f1-score": 0.8643883588938533,
    "support": 8281
  },
  "macro_avg": {
    "precision": 0.8418392714127515,
    "recall": 0.8419452633085069,
    "f1-score": 0.8418480266106707,
    "support": 8281.0
  },
  "accuracy": 0.8643883588938533,
  "inference_time_seconds": 6.58315110206604,
  "energy_kwh": 0.0003820294340928197,
  "num_test_samples": 8281
}