{
  "per_class": {
    "emotion": {
      "precision": 0.8196891191709844,
      "recall": 0.8423855165069223,
      "f1-score": 0.8308823529411765,
      "support": 939.0
    },
    "hate": {
      "precision": 0.9438625890238793,
      "recall": 0.9336924989639453,
      "f1-score": 0.93875,
      "support": 2413.0
    },
    "offensive": {
      "precision": 0.899067005937235,
      "recall": 0.8956485002112379,
      "f1-score": 0.8973544973544973,
      "support": 2367.0
    },
    "religion": {
      "precision": 0.9936678032148076,
      "recall": 0.9990205680705191,
      "f1-score": 0.9963369963369964,
      "support": 2042.0
    },
    "spiritual": {
      "precision": 1.0,
      "recall": 0.9988331388564761,
      "f1-score": 0.9994162288382954,
      "support": 1714.0
    }
  },
  "weighted_avg": {
    "precision": 0.9412548567212926,
    "recall": 0.9410026385224275,
    "f1-score": 0.941103951176659,
    "support": 9475.0
  },
  "micro_avg": {
    "precision": 0.9410026385224275,
    "recall": 0.9410026385224275,
    "f1-score": 0.9410026385224275,
    "support": 9475
  },
  "macro_avg": {
    "precision": 0.9312573034693813,
    "recall": 0.9339160445218202,
    "f1-score": 0.9325480150941929,
    "support": 9475.0
  },
  "accuracy": 0.9410026385224275,
  "inference_time_seconds": 9.579513549804688,
  "energy_kwh": 0.0005950467097107424,
  "num_test_samples": 9475
}