{
  "per_class": {
    "Cyberstalking": {
      "precision": 0.7857142857142857,
      "recall": 0.6346153846153846,
      "f1-score": 0.7021276595744681,
      "support": 52.0
    },
    "Doxing": {
      "precision": 0.7560975609756098,
      "recall": 0.8378378378378378,
      "f1-score": 0.7948717948717948,
      "support": 74.0
    },
    "Revenge Porn": {
      "precision": 0.8103448275862069,
      "recall": 0.6811594202898551,
      "f1-score": 0.7401574803149606,
      "support": 69.0
    },
    "Sexual Harassment": {
      "precision": 0.7415730337078652,
      "recall": 0.8461538461538461,
      "f1-score": 0.7904191616766467,
      "support": 78.0
    },
    "Slut Shaming": {
      "precision": 0.8901098901098901,
      "recall": 0.9101123595505618,
      "f1-score": 0.9,
      "support": 89.0
    }
  },
  "weighted_avg": {
    "precision": 0.8005100340380662,
    "recall": 0.7983425414364641,
    "f1-score": 0.796007491356066,
    "support": 362.0
  },
  "micro_avg": {
    "precision": 0.7983425414364641,
    "recall": 0.7983425414364641,
    "f1-score": 0.7983425414364641,
    "support": 362
  },
  "macro_avg": {
    "precision": 0.7967679196187716,
    "recall": 0.7819757696894971,
    "f1-score": 0.7855152192875741,
    "support": 362.0
  },
  "accuracy": 0.7983425414364641,
  "inference_time_seconds": 0.3018040657043457,
  "energy_kwh": 1.4860326004532843e-05,
  "num_test_samples": 362
}