{
  "per_class": {
    "Cyberstalking": {
      "precision": 0.7636363636363637,
      "recall": 0.8076923076923077,
      "f1-score": 0.7850467289719626,
      "support": 52.0
    },
    "Doxing": {
      "precision": 0.8055555555555556,
      "recall": 0.7837837837837838,
      "f1-score": 0.7945205479452054,
      "support": 74.0
    },
    "Revenge Porn": {
      "precision": 0.7536231884057971,
      "recall": 0.7428571428571429,
      "f1-score": 0.7482014388489209,
      "support": 70.0
    },
    "Sexual Harassment": {
      "precision": 0.8571428571428571,
      "recall": 0.8461538461538461,
      "f1-score": 0.8516129032258064,
      "support": 78.0
    },
    "Slut Shaming": {
      "precision": 0.8681318681318682,
      "recall": 0.8777777777777778,
      "f1-score": 0.8729281767955801,
      "support": 90.0
    }
  },
  "weighted_avg": {
    "precision": 0.8161066928506011,
    "recall": 0.8159340659340659,
    "f1-score": 0.8158802020250738,
    "support": 364.0
  },
  "micro_avg": {
    "precision": 0.8159340659340659,
    "recall": 0.8159340659340659,
    "f1-score": 0.8159340659340659,
    "support": 364
  },
  "macro_avg": {
    "precision": 0.8096179665744885,
    "recall": 0.8116529716529717,
    "f1-score": 0.8104619591574951,
    "support": 364.0
  },
  "accuracy": 0.8159340659340659,
  "inference_time_seconds": 0.43686580657958984,
  "energy_kwh": 2.62909469214726e-05,
  "num_test_samples": 364
}