{
  "per_class": {
    "Cyberstalking": {
      "precision": 0.7543859649122807,
      "recall": 0.7166666666666667,
      "f1-score": 0.7350427350427351,
      "support": 60.0
    },
    "Doxing": {
      "precision": 0.8157894736842105,
      "recall": 0.7045454545454546,
      "f1-score": 0.7560975609756098,
      "support": 88.0
    },
    "Revenge Porn": {
      "precision": 0.6111111111111112,
      "recall": 0.868421052631579,
      "f1-score": 0.717391304347826,
      "support": 76.0
    },
    "Sexual Harassment": {
      "precision": 0.90625,
      "recall": 0.8787878787878788,
      "f1-score": 0.8923076923076924,
      "support": 99.0
    },
    "Slut Shaming": {
      "precision": 0.9764705882352941,
      "recall": 0.8383838383838383,
      "f1-score": 0.9021739130434783,
      "support": 99.0
    }
  },
  "weighted_avg": {
    "precision": 0.8291147257314833,
    "recall": 0.8080568720379147,
    "f1-score": 0.8123567950915129,
    "support": 422.0
  },
  "micro_avg": {
    "precision": 0.8080568720379147,
    "recall": 0.8080568720379147,
    "f1-score": 0.8080568720379147,
    "support": 422
  },
  "macro_avg": {
    "precision": 0.8128014275885793,
    "recall": 0.8013609782030835,
    "f1-score": 0.8006026411434682,
    "support": 422.0
  },
  "accuracy": 0.8080568720379147,
  "inference_time_seconds": 0.3964531421661377,
  "energy_kwh": 4.826860841575358e-05,
  "num_test_samples": 422
}