{
  "per_class": {
    "age": {
      "precision": 0.9905956112852664,
      "recall": 0.9875,
      "f1-score": 0.9890453834115805,
      "support": 1600.0
    },
    "ethnicity": {
      "precision": 0.9930686830497795,
      "recall": 0.985,
      "f1-score": 0.9890178851584562,
      "support": 1600.0
    },
    "gender": {
      "precision": 0.9127906976744186,
      "recall": 0.8825733916302311,
      "f1-score": 0.8974277548428072,
      "support": 1601.0
    },
    "other_cyberbullying": {
      "precision": 0.8596802841918295,
      "recall": 0.9069331667707683,
      "f1-score": 0.8826747720364742,
      "support": 1601.0
    },
    "religion": {
      "precision": 0.9886291850915983,
      "recall": 0.978125,
      "f1-score": 0.98334904178448,
      "support": 1600.0
    }
  },
  "weighted_avg": {
    "precision": 0.9489372168271049,
    "recall": 0.9480129967508123,
    "f1-score": 0.9482884081605795,
    "support": 8002.0
  },
  "micro_avg": {
    "precision": 0.9480129967508123,
    "recall": 0.9480129967508123,
    "f1-score": 0.9480129967508123,
    "support": 8002
  },
  "macro_avg": {
    "precision": 0.9489528922585784,
    "recall": 0.9480263116802,
    "f1-score": 0.9483029674467597,
    "support": 8002.0
  },
  "accuracy": 0.9480129967508123,
  "inference_time_seconds": 5.481899976730347,
  "energy_kwh": 0.00035680227618575084,
  "num_test_samples": 8002
}