{
  "per_class": {
    "Cyberstalking": {
      "precision": 0.8035714285714286,
      "recall": 0.75,
      "f1-score": 0.7758620689655172,
      "support": 60.0
    },
    "Doxing": {
      "precision": 0.7766990291262136,
      "recall": 0.9090909090909091,
      "f1-score": 0.837696335078534,
      "support": 88.0
    },
    "Revenge Porn": {
      "precision": 0.921875,
      "recall": 0.7763157894736842,
      "f1-score": 0.8428571428571429,
      "support": 76.0
    },
    "Sexual Harassment": {
      "precision": 0.8269230769230769,
      "recall": 0.8686868686868687,
      "f1-score": 0.8472906403940886,
      "support": 99.0
    },
    "Slut Shaming": {
      "precision": 0.9263157894736842,
      "recall": 0.8888888888888888,
      "f1-score": 0.9072164948453608,
      "support": 99.0
    }
  },
  "weighted_avg": {
    "precision": 0.8535472702622555,
    "recall": 0.8483412322274881,
    "f1-score": 0.8483941963760436,
    "support": 422.0
  },
  "micro_avg": {
    "precision": 0.8483412322274881,
    "recall": 0.8483412322274881,
    "f1-score": 0.8483412322274881,
    "support": 422
  },
  "macro_avg": {
    "precision": 0.8510768648188807,
    "recall": 0.8385964912280702,
    "f1-score": 0.8421845364281287,
    "support": 422.0
  },
  "accuracy": 0.8483412322274881,
  "inference_time_seconds": 0.2555654048919678,
  "energy_kwh": 1.565003549338643e-05,
  "num_test_samples": 422
}