{
  "per_class": {
    "emotion": {
      "precision": 0.8179979777553084,
      "recall": 0.8041749502982107,
      "f1-score": 0.8110275689223058,
      "support": 1006.0
    },
    "hate": {
      "precision": 0.9184397163120568,
      "recall": 0.920252664824319,
      "f1-score": 0.9193452967856438,
      "support": 2533.0
    },
    "offensive": {
      "precision": 0.9096085409252669,
      "recall": 0.9102564102564102,
      "f1-score": 0.9099323602705589,
      "support": 2808.0
    },
    "religion": {
      "precision": 0.9942418426103646,
      "recall": 0.9990356798457087,
      "f1-score": 0.9966329966329966,
      "support": 2074.0
    },
    "spiritual": {
      "precision": 0.998844598497978,
      "recall": 0.998844598497978,
      "f1-score": 0.998844598497978,
      "support": 1731.0
    }
  },
  "weighted_avg": {
    "precision": 0.9352395716639407,
    "recall": 0.9354806934594169,
    "f1-score": 0.9353528638446061,
    "support": 10152.0
  },
  "micro_avg": {
    "precision": 0.9354806934594169,
    "recall": 0.9354806934594169,
    "f1-score": 0.9354806934594169,
    "support": 10152
  },
  "macro_avg": {
    "precision": 0.9278265352201951,
    "recall": 0.9265128607445254,
    "f1-score": 0.9271565642218966,
    "support": 10152.0
  },
  "accuracy": 0.9354806934594169,
  "inference_time_seconds": 11.790949583053589,
  "energy_kwh": 0.0006972046092983999,
  "num_test_samples": 10152
}