{
  "per_class": {
    "age": {
      "precision": 0.9676616915422885,
      "recall": 0.9737171464330413,
      "f1-score": 0.9706799750467873,
      "support": 1598.0
    },
    "ethnicity": {
      "precision": 0.9771863117870723,
      "recall": 0.9685929648241206,
      "f1-score": 0.9728706624605679,
      "support": 1592.0
    },
    "gender": {
      "precision": 0.887189292543021,
      "recall": 0.8754716981132076,
      "f1-score": 0.8812915479582146,
      "support": 1590.0
    },
    "not_cyberbullying": {
      "precision": 0.6681096681096681,
      "recall": 0.5834908632640201,
      "f1-score": 0.6229397914564413,
      "support": 1587.0
    },
    "other_cyberbullying": {
      "precision": 0.6447963800904978,
      "recall": 0.7284345047923323,
      "f1-score": 0.684068406840684,
      "support": 1565.0
    },
    "religion": {
      "precision": 0.9463955637707948,
      "recall": 0.96,
      "f1-score": 0.9531492398386596,
      "support": 1600.0
    }
  },
  "weighted_avg": {
    "precision": 0.8493772814475392,
    "recall": 0.8489299202685691,
    "f1-score": 0.8482397760705466,
    "support": 9532.0
  },
  "micro_avg": {
    "precision": 0.8489299202685691,
    "recall": 0.8489299202685691,
    "f1-score": 0.8489299202685691,
    "support": 9532
  },
  "macro_avg": {
    "precision": 0.848556484640557,
    "recall": 0.8482845295711203,
    "f1-score": 0.8474999372668924,
    "support": 9532.0
  },
  "accuracy": 0.8489299202685691,
  "inference_time_seconds": 7.175510406494141,
  "energy_kwh": 0.0004460887962975507,
  "num_test_samples": 9532
}