{
  "per_class": {
    "age": {
      "precision": 0.9912115505335845,
      "recall": 0.986875,
      "f1-score": 0.989038521766364,
      "support": 1600.0
    },
    "ethnicity": {
      "precision": 0.9917355371900827,
      "recall": 0.975,
      "f1-score": 0.9832965647652064,
      "support": 1600.0
    },
    "gender": {
      "precision": 0.929903536977492,
      "recall": 0.9031855090568395,
      "f1-score": 0.9163498098859315,
      "support": 1601.0
    },
    "other_cyberbullying": {
      "precision": 0.8747805734347571,
      "recall": 0.933791380387258,
      "f1-score": 0.9033232628398792,
      "support": 1601.0
    },
    "religion": {
      "precision": 0.9936386768447837,
      "recall": 0.97625,
      "f1-score": 0.9848675914249685,
      "support": 1600.0
    }
  },
  "weighted_avg": {
    "precision": 0.9562405003848453,
    "recall": 0.955011247188203,
    "f1-score": 0.9553637683284785,
    "support": 8002.0
  },
  "micro_avg": {
    "precision": 0.955011247188203,
    "recall": 0.955011247188203,
    "f1-score": 0.955011247188203,
    "support": 8002
  },
  "macro_avg": {
    "precision": 0.9562539749961398,
    "recall": 0.9550203778888194,
    "f1-score": 0.9553751501364699,
    "support": 8002.0
  },
  "accuracy": 0.955011247188203,
  "inference_time_seconds": 13.286443710327148,
  "energy_kwh": 0.0008379663678628278,
  "num_test_samples": 8002
}