{
  "per_class": {
    "age": {
      "precision": 0.9906073888541015,
      "recall": 0.98875,
      "f1-score": 0.9896778229590241,
      "support": 1600.0
    },
    "ethnicity": {
      "precision": 0.9961685823754789,
      "recall": 0.975,
      "f1-score": 0.98547062539482,
      "support": 1600.0
    },
    "gender": {
      "precision": 0.9190051020408163,
      "recall": 0.9000624609618988,
      "f1-score": 0.9094351530451247,
      "support": 1601.0
    },
    "other_cyberbullying": {
      "precision": 0.8768590124925639,
      "recall": 0.9206745783885072,
      "f1-score": 0.8982327848872639,
      "support": 1601.0
    },
    "religion": {
      "precision": 0.9911949685534591,
      "recall": 0.985,
      "f1-score": 0.9880877742946709,
      "support": 1600.0
    }
  },
  "weighted_avg": {
    "precision": 0.9547528056761817,
    "recall": 0.953886528367908,
    "f1-score": 0.9541682485462858,
    "support": 8002.0
  },
  "micro_avg": {
    "precision": 0.953886528367908,
    "recall": 0.953886528367908,
    "f1-score": 0.953886528367908,
    "support": 8002
  },
  "macro_avg": {
    "precision": 0.954767010863284,
    "recall": 0.9538974078700813,
    "f1-score": 0.9541808321161808,
    "support": 8002.0
  },
  "accuracy": 0.953886528367908,
  "inference_time_seconds": 1.5040779113769531,
  "energy_kwh": 0.00010594667176626193,
  "num_test_samples": 8002
}