{
  "per_class": {
    "age": {
      "precision": 0.9807930607187113,
      "recall": 0.989375,
      "f1-score": 0.985065339141257,
      "support": 1600.0
    },
    "ethnicity": {
      "precision": 0.9836375078665828,
      "recall": 0.976875,
      "f1-score": 0.980244590780809,
      "support": 1600.0
    },
    "gender": {
      "precision": 0.9329829172141918,
      "recall": 0.886945658963148,
      "f1-score": 0.909382004482869,
      "support": 1601.0
    },
    "other_cyberbullying": {
      "precision": 0.875,
      "recall": 0.9181761399125546,
      "f1-score": 0.8960682718683328,
      "support": 1601.0
    },
    "religion": {
      "precision": 0.9818409517845961,
      "recall": 0.98,
      "f1-score": 0.9809196121363779,
      "support": 1600.0
    }
  },
  "weighted_avg": {
    "precision": 0.9508391755875713,
    "recall": 0.9502624343914021,
    "f1-score": 0.9503240639504854,
    "support": 8002.0
  },
  "micro_avg": {
    "precision": 0.9502624343914021,
    "recall": 0.9502624343914021,
    "f1-score": 0.9502624343914021,
    "support": 8002
  },
  "macro_avg": {
    "precision": 0.9508508875168165,
    "recall": 0.9502743597751404,
    "f1-score": 0.9503359636819292,
    "support": 8002.0
  },
  "accuracy": 0.9502624343914021,
  "inference_time_seconds": 5.933517694473267,
  "energy_kwh": 0.00038579270705527797,
  "num_test_samples": 8002
}