{
  "per_class": {
    "age": {
      "precision": 0.978776529338327,
      "recall": 0.981226533166458,
      "f1-score": 0.98,
      "support": 1598.0
    },
    "ethnicity": {
      "precision": 0.9910828025477707,
      "recall": 0.9773869346733668,
      "f1-score": 0.9841872232764073,
      "support": 1592.0
    },
    "gender": {
      "precision": 0.8877364246491763,
      "recall": 0.9150943396226415,
      "f1-score": 0.901207804273769,
      "support": 1590.0
    },
    "not_cyberbullying": {
      "precision": 0.7149964463397299,
      "recall": 0.6339004410838059,
      "f1-score": 0.6720106880427522,
      "support": 1587.0
    },
    "other_cyberbullying": {
      "precision": 0.717948717948718,
      "recall": 0.7693290734824281,
      "f1-score": 0.742751388032079,
      "support": 1565.0
    },
    "religion": {
      "precision": 0.9511301160659743,
      "recall": 0.973125,
      "f1-score": 0.9620018535681186,
      "support": 1600.0
    }
  },
  "weighted_avg": {
    "precision": 0.8742642593755078,
    "recall": 0.875577003776752,
    "f1-score": 0.87430511101074,
    "support": 9532.0
  },
  "micro_avg": {
    "precision": 0.875577003776752,
    "recall": 0.875577003776752,
    "f1-score": 0.875577003776752,
    "support": 9532
  },
  "macro_avg": {
    "precision": 0.8736118394816161,
    "recall": 0.8750103870047834,
    "f1-score": 0.8736931595321876,
    "support": 9532.0
  },
  "accuracy": 0.875577003776752,
  "inference_time_seconds": 8.780349254608154,
  "energy_kwh": 0.0005640219450884583,
  "num_test_samples": 9532
}