{
  "per_class": {
    "Cyberstalking": {
      "precision": 0.7213114754098361,
      "recall": 0.7719298245614035,
      "f1-score": 0.7457627118644068,
      "support": 57.0
    },
    "Doxing": {
      "precision": 0.8529411764705882,
      "recall": 0.7341772151898734,
      "f1-score": 0.7891156462585034,
      "support": 79.0
    },
    "Revenge Porn": {
      "precision": 0.7916666666666666,
      "recall": 0.8028169014084507,
      "f1-score": 0.7972027972027972,
      "support": 71.0
    },
    "Sexual Harassment": {
      "precision": 0.8,
      "recall": 0.8780487804878049,
      "f1-score": 0.8372093023255814,
      "support": 82.0
    },
    "Slut Shaming": {
      "precision": 0.9186046511627907,
      "recall": 0.8977272727272727,
      "f1-score": 0.9080459770114943,
      "support": 88.0
    }
  },
  "weighted_avg": {
    "precision": 0.8253120681039683,
    "recall": 0.8222811671087533,
    "f1-score": 0.8223056180366067,
    "support": 377.0
  },
  "micro_avg": {
    "precision": 0.8222811671087533,
    "recall": 0.8222811671087533,
    "f1-score": 0.8222811671087533,
    "support": 377
  },
  "macro_avg": {
    "precision": 0.8169047939419762,
    "recall": 0.816939998874961,
    "f1-score": 0.8154672869325565,
    "support": 377.0
  },
  "accuracy": 0.8222811671087533,
  "inference_time_seconds": 0.28888678550720215,
  "energy_kwh": 1.5545144892266043e-05,
  "num_test_samples": 377
}