{
  "per_class": {
    "emotion": {
      "precision": 0.9189723320158103,
      "recall": 0.9244532803180915,
      "f1-score": 0.9217046580773043,
      "support": 1006.0
    },
    "hate": {
      "precision": 0.9652448657187994,
      "recall": 0.9648637978681406,
      "f1-score": 0.9650542941757156,
      "support": 2533.0
    },
    "offensive": {
      "precision": 0.967891544773457,
      "recall": 0.9661680911680912,
      "f1-score": 0.9670290500801996,
      "support": 2808.0
    },
    "religion": {
      "precision": 0.9990366088631984,
      "recall": 1.0,
      "f1-score": 0.9995180722891567,
      "support": 2074.0
    },
    "spiritual": {
      "precision": 1.0,
      "recall": 0.998844598497978,
      "f1-score": 0.999421965317919,
      "support": 1731.0
    }
  },
  "weighted_avg": {
    "precision": 0.9742211185362258,
    "recall": 0.9741922773837668,
    "f1-score": 0.9742055643903749,
    "support": 10152.0
  },
  "micro_avg": {
    "precision": 0.9741922773837668,
    "recall": 0.9741922773837668,
    "f1-score": 0.9741922773837668,
    "support": 10152
  },
  "macro_avg": {
    "precision": 0.9702290702742531,
    "recall": 0.9708659535704603,
    "f1-score": 0.9705456079880591,
    "support": 10152.0
  },
  "accuracy": 0.9741922773837668,
  "inference_time_seconds": 9.8134286403656,
  "energy_kwh": 0.0005361042120483573,
  "num_test_samples": 10152
}