{
  "per_class": {
    "emotion": {
      "precision": 0.9202825428859738,
      "recall": 0.9065606361829026,
      "f1-score": 0.9133700550826239,
      "support": 1006.0
    },
    "hate": {
      "precision": 0.9738745980707395,
      "recall": 0.9565732333201737,
      "f1-score": 0.9651463851822346,
      "support": 2533.0
    },
    "offensive": {
      "precision": 0.9525636553889083,
      "recall": 0.9725783475783476,
      "f1-score": 0.962466960352423,
      "support": 2808.0
    },
    "religion": {
      "precision": 0.9980732177263969,
      "recall": 0.9990356798457087,
      "f1-score": 0.9985542168674699,
      "support": 2074.0
    },
    "spiritual": {
      "precision": 0.9988439306358381,
      "recall": 0.9982668977469671,
      "f1-score": 0.9985553308292401,
      "support": 1731.0
    }
  },
  "weighted_avg": {
    "precision": 0.9718705710090337,
    "recall": 0.9718282111899134,
    "f1-score": 0.9717961009848178,
    "support": 10152.0
  },
  "micro_avg": {
    "precision": 0.9718282111899134,
    "recall": 0.9718282111899134,
    "f1-score": 0.9718282111899134,
    "support": 10152
  },
  "macro_avg": {
    "precision": 0.9687275889415712,
    "recall": 0.9666029589348198,
    "f1-score": 0.9676185896627982,
    "support": 10152.0
  },
  "accuracy": 0.9718282111899134,
  "inference_time_seconds": 7.71788477897644,
  "energy_kwh": 0.00048393105491851125,
  "num_test_samples": 10152
}