{
  "per_class": {
    "Cyberstalking": {
      "precision": 0.8541666666666666,
      "recall": 0.7192982456140351,
      "f1-score": 0.780952380952381,
      "support": 57.0
    },
    "Doxing": {
      "precision": 0.711340206185567,
      "recall": 0.8734177215189873,
      "f1-score": 0.7840909090909091,
      "support": 79.0
    },
    "Revenge Porn": {
      "precision": 0.6823529411764706,
      "recall": 0.8285714285714286,
      "f1-score": 0.7483870967741936,
      "support": 70.0
    },
    "Sexual Harassment": {
      "precision": 0.9545454545454546,
      "recall": 0.7682926829268293,
      "f1-score": 0.8513513513513513,
      "support": 82.0
    },
    "Slut Shaming": {
      "precision": 0.9113924050632911,
      "recall": 0.8275862068965517,
      "f1-score": 0.8674698795180723,
      "support": 87.0
    }
  },
  "weighted_avg": {
    "precision": 0.8272318631579902,
    "recall": 0.808,
    "f1-score": 0.8110006790281179,
    "support": 375.0
  },
  "micro_avg": {
    "precision": 0.808,
    "recall": 0.808,
    "f1-score": 0.808,
    "support": 375
  },
  "macro_avg": {
    "precision": 0.82275953472749,
    "recall": 0.8034332571055665,
    "f1-score": 0.8064503235373814,
    "support": 375.0
  },
  "accuracy": 0.808,
  "inference_time_seconds": 0.5913350582122803,
  "energy_kwh": 3.802399910417072e-05,
  "num_test_samples": 375
}