{
  "per_class": {
    "Cyberstalking": {
      "precision": 0.8974358974358975,
      "recall": 0.6730769230769231,
      "f1-score": 0.7692307692307693,
      "support": 52.0
    },
    "Doxing": {
      "precision": 0.8243243243243243,
      "recall": 0.8243243243243243,
      "f1-score": 0.8243243243243243,
      "support": 74.0
    },
    "Revenge Porn": {
      "precision": 0.7971014492753623,
      "recall": 0.7857142857142857,
      "f1-score": 0.7913669064748201,
      "support": 70.0
    },
    "Sexual Harassment": {
      "precision": 0.7692307692307693,
      "recall": 0.9090909090909091,
      "f1-score": 0.8333333333333334,
      "support": 77.0
    },
    "Slut Shaming": {
      "precision": 0.9,
      "recall": 0.9,
      "f1-score": 0.9,
      "support": 90.0
    }
  },
  "weighted_avg": {
    "precision": 0.836624069825651,
    "recall": 0.8319559228650137,
    "f1-score": 0.8307502758124079,
    "support": 363.0
  },
  "micro_avg": {
    "precision": 0.8319559228650137,
    "recall": 0.8319559228650137,
    "f1-score": 0.8319559228650137,
    "support": 363
  },
  "macro_avg": {
    "precision": 0.8376184880532707,
    "recall": 0.8184412884412884,
    "f1-score": 0.8236510666726495,
    "support": 363.0
  },
  "accuracy": 0.8319559228650137,
  "inference_time_seconds": 0.13606834411621094,
  "energy_kwh": 7.075470706666733e-06,
  "num_test_samples": 363
}