{
  "per_class": {
    "Cyberstalking": {
      "precision": 0.7254901960784313,
      "recall": 0.6491228070175439,
      "f1-score": 0.6851851851851852,
      "support": 57.0
    },
    "Doxing": {
      "precision": 0.7209302325581395,
      "recall": 0.775,
      "f1-score": 0.7469879518072289,
      "support": 80.0
    },
    "Revenge Porn": {
      "precision": 0.6276595744680851,
      "recall": 0.8309859154929577,
      "f1-score": 0.7151515151515152,
      "support": 71.0
    },
    "Sexual Harassment": {
      "precision": 0.9354838709677419,
      "recall": 0.7073170731707317,
      "f1-score": 0.8055555555555556,
      "support": 82.0
    },
    "Slut Shaming": {
      "precision": 0.8953488372093024,
      "recall": 0.8651685393258427,
      "f1-score": 0.88,
      "support": 89.0
    }
  },
  "weighted_avg": {
    "precision": 0.791522199206698,
    "recall": 0.7730870712401056,
    "f1-score": 0.7756356328006517,
    "support": 379.0
  },
  "micro_avg": {
    "precision": 0.7730870712401056,
    "recall": 0.7730870712401056,
    "f1-score": 0.7730870712401056,
    "support": 379
  },
  "macro_avg": {
    "precision": 0.7809825422563401,
    "recall": 0.7655188670014152,
    "f1-score": 0.7665760415398969,
    "support": 379.0
  },
  "accuracy": 0.7730870712401056,
  "inference_time_seconds": 0.36031174659729004,
  "energy_kwh": 4.148731124394333e-05,
  "num_test_samples": 379
}