{
  "per_class": {
    "Cyberstalking": {
      "precision": 0.6578947368421053,
      "recall": 0.8333333333333334,
      "f1-score": 0.7352941176470589,
      "support": 60.0
    },
    "Doxing": {
      "precision": 0.8648648648648649,
      "recall": 0.7272727272727273,
      "f1-score": 0.7901234567901234,
      "support": 88.0
    },
    "Revenge Porn": {
      "precision": 0.7848101265822784,
      "recall": 0.8157894736842105,
      "f1-score": 0.8,
      "support": 76.0
    },
    "Sexual Harassment": {
      "precision": 0.8686868686868687,
      "recall": 0.8686868686868687,
      "f1-score": 0.8686868686868687,
      "support": 99.0
    },
    "Slut Shaming": {
      "precision": 0.9361702127659575,
      "recall": 0.8888888888888888,
      "f1-score": 0.9119170984455959,
      "support": 99.0
    }
  },
  "weighted_avg": {
    "precision": 0.838645054508809,
    "recall": 0.8293838862559242,
    "f1-score": 0.8311097251243329,
    "support": 422.0
  },
  "micro_avg": {
    "precision": 0.8293838862559242,
    "recall": 0.8293838862559242,
    "f1-score": 0.8293838862559242,
    "support": 422
  },
  "macro_avg": {
    "precision": 0.8224853619484149,
    "recall": 0.8267942583732057,
    "f1-score": 0.8212043083139292,
    "support": 422.0
  },
  "accuracy": 0.8293838862559242,
  "inference_time_seconds": 0.32224202156066895,
  "energy_kwh": 1.8418079928001462e-05,
  "num_test_samples": 422
}