{
  "per_class": {
    "Cyberstalking": {
      "precision": 0.7962962962962963,
      "recall": 0.7166666666666667,
      "f1-score": 0.7543859649122807,
      "support": 60.0
    },
    "Doxing": {
      "precision": 0.7333333333333333,
      "recall": 0.875,
      "f1-score": 0.7979274611398963,
      "support": 88.0
    },
    "Revenge Porn": {
      "precision": 0.8,
      "recall": 0.7894736842105263,
      "f1-score": 0.7947019867549668,
      "support": 76.0
    },
    "Sexual Harassment": {
      "precision": 0.875,
      "recall": 0.8484848484848485,
      "f1-score": 0.8615384615384616,
      "support": 99.0
    },
    "Slut Shaming": {
      "precision": 0.9456521739130435,
      "recall": 0.8787878787878788,
      "f1-score": 0.9109947643979057,
      "support": 99.0
    }
  },
  "weighted_avg": {
    "precision": 0.8373357258969251,
    "recall": 0.8317535545023697,
    "f1-score": 0.8326040635927147,
    "support": 422.0
  },
  "micro_avg": {
    "precision": 0.8317535545023697,
    "recall": 0.8317535545023697,
    "f1-score": 0.8317535545023697,
    "support": 422
  },
  "macro_avg": {
    "precision": 0.8300563607085347,
    "recall": 0.8216826156299841,
    "f1-score": 0.8239097277487023,
    "support": 422.0
  },
  "accuracy": 0.8317535545023697,
  "inference_time_seconds": 0.3667030334472656,
  "energy_kwh": 1.7501401419685284e-05,
  "num_test_samples": 422
}