{
  "per_class": {
    "emotion": {
      "precision": 0.8362831858407079,
      "recall": 0.8042553191489362,
      "f1-score": 0.8199566160520607,
      "support": 940.0
    },
    "hate": {
      "precision": 0.9421797004991681,
      "recall": 0.9382767191383595,
      "f1-score": 0.9402241594022416,
      "support": 2414.0
    },
    "offensive": {
      "precision": 0.8925447730112454,
      "recall": 0.9068980110029623,
      "f1-score": 0.899664147774979,
      "support": 2363.0
    },
    "religion": {
      "precision": 0.9946341463414634,
      "recall": 0.9995098039215686,
      "f1-score": 0.9970660146699266,
      "support": 2040.0
    },
    "spiritual": {
      "precision": 1.0,
      "recall": 0.9988338192419826,
      "f1-score": 0.9994165694282381,
      "support": 1715.0
    }
  },
  "weighted_avg": {
    "precision": 0.9410541542290345,
    "recall": 0.9413006756756757,
    "f1-score": 0.9411297305293815,
    "support": 9472.0
  },
  "micro_avg": {
    "precision": 0.9413006756756757,
    "recall": 0.9413006756756757,
    "f1-score": 0.9413006756756757,
    "support": 9472
  },
  "macro_avg": {
    "precision": 0.9331283611385169,
    "recall": 0.9295547344907618,
    "f1-score": 0.9312655014654891,
    "support": 9472.0
  },
  "accuracy": 0.9413006756756757,
  "inference_time_seconds": 1.2799084186553955,
  "energy_kwh": 9.14207931899915e-05,
  "num_test_samples": 9472
}