{
  "per_class": {
    "emotion": {
      "precision": 0.9095330739299611,
      "recall": 0.9294234592445328,
      "f1-score": 0.9193706981317601,
      "support": 1006.0
    },
    "hate": {
      "precision": 0.9660481642321358,
      "recall": 0.9660481642321358,
      "f1-score": 0.9660481642321358,
      "support": 2533.0
    },
    "offensive": {
      "precision": 0.9687724335965542,
      "recall": 0.9611823361823362,
      "f1-score": 0.964962459778334,
      "support": 2808.0
    },
    "religion": {
      "precision": 0.9985556090515166,
      "recall": 1.0,
      "f1-score": 0.9992772825825103,
      "support": 2074.0
    },
    "spiritual": {
      "precision": 1.0,
      "recall": 0.9982668977469671,
      "f1-score": 0.9991326973113617,
      "support": 1731.0
    }
  },
  "weighted_avg": {
    "precision": 0.9736315601936082,
    "recall": 0.9735027580772262,
    "f1-score": 0.9735521367711,
    "support": 10152.0
  },
  "micro_avg": {
    "precision": 0.9735027580772262,
    "recall": 0.9735027580772262,
    "f1-score": 0.9735027580772262,
    "support": 10152
  },
  "macro_avg": {
    "precision": 0.9685818561620335,
    "recall": 0.9709841714811944,
    "f1-score": 0.9697582604072205,
    "support": 10152.0
  },
  "accuracy": 0.9735027580772262,
  "inference_time_seconds": 9.960906982421875,
  "energy_kwh": 0.0006229484328217124,
  "num_test_samples": 10152
}