{
  "per_class": {
    "emotion": {
      "precision": 0.9069990412272292,
      "recall": 0.9403578528827038,
      "f1-score": 0.9233772571986335,
      "support": 1006.0
    },
    "hate": {
      "precision": 0.9736526946107784,
      "recall": 0.9628898539281484,
      "f1-score": 0.9682413656212783,
      "support": 2533.0
    },
    "offensive": {
      "precision": 0.9692527708258849,
      "recall": 0.9654558404558404,
      "f1-score": 0.9673505798394291,
      "support": 2808.0
    },
    "religion": {
      "precision": 0.9971153846153846,
      "recall": 1.0,
      "f1-score": 0.9985556090515166,
      "support": 2074.0
    },
    "spiritual": {
      "precision": 1.0,
      "recall": 0.997689196995956,
      "f1-score": 0.9988432620011567,
      "support": 1731.0
    }
  },
  "weighted_avg": {
    "precision": 0.9751164695720141,
    "recall": 0.9748817966903073,
    "f1-score": 0.9749601406369668,
    "support": 10152.0
  },
  "micro_avg": {
    "precision": 0.9748817966903073,
    "recall": 0.9748817966903073,
    "f1-score": 0.9748817966903073,
    "support": 10152
  },
  "macro_avg": {
    "precision": 0.9694039782558554,
    "recall": 0.9732785488525296,
    "f1-score": 0.9712736147424028,
    "support": 10152.0
  },
  "accuracy": 0.9748817966903073,
  "inference_time_seconds": 9.960185050964355,
  "energy_kwh": 0.0006194104850679498,
  "num_test_samples": 10152
}