{
  "per_class": {
    "age": {
      "precision": 0.9820397690827454,
      "recall": 0.9795265515035189,
      "f1-score": 0.9807815502882767,
      "support": 1563.0
    },
    "ethnicity": {
      "precision": 0.9772575250836121,
      "recall": 0.9845013477088949,
      "f1-score": 0.9808660624370594,
      "support": 1484.0
    },
    "gender": {
      "precision": 0.8804347826086957,
      "recall": 0.8894989704873026,
      "f1-score": 0.8849436667804712,
      "support": 1457.0
    },
    "not_cyberbullying": {
      "precision": 0.6560449859418932,
      "recall": 0.5770816158285244,
      "f1-score": 0.6140350877192983,
      "support": 1213.0
    },
    "other_cyberbullying": {
      "precision": 0.6091846298031866,
      "recall": 0.6612410986775178,
      "f1-score": 0.6341463414634146,
      "support": 983.0
    },
    "religion": {
      "precision": 0.9488601355514479,
      "recall": 0.9728363866077069,
      "f1-score": 0.9606986899563319,
      "support": 1583.0
    }
  },
  "weighted_avg": {
    "precision": 0.864979893538968,
    "recall": 0.86659422914403,
    "f1-score": 0.8652548790920244,
    "support": 8283.0
  },
  "micro_avg": {
    "precision": 0.86659422914403,
    "recall": 0.86659422914403,
    "f1-score": 0.86659422914403,
    "support": 8283
  },
  "macro_avg": {
    "precision": 0.8423036380119302,
    "recall": 0.8441143284689109,
    "f1-score": 0.8425785664408086,
    "support": 8283.0
  },
  "accuracy": 0.86659422914403,
  "inference_time_seconds": 7.551162242889404,
  "energy_kwh": 0.0003907308734886301,
  "num_test_samples": 8283
}