{
  "per_class": {
    "age": {
      "precision": 0.9757462686567164,
      "recall": 0.9942965779467681,
      "f1-score": 0.9849340866290018,
      "support": 1578.0
    },
    "ethnicity": {
      "precision": 0.9879113498992612,
      "recall": 0.9839464882943144,
      "f1-score": 0.9859249329758714,
      "support": 1495.0
    },
    "gender": {
      "precision": 0.9213793103448276,
      "recall": 0.8996632996632996,
      "f1-score": 0.9103918228279386,
      "support": 1485.0
    },
    "other_cyberbullying": {
      "precision": 0.8682352941176471,
      "recall": 0.8785714285714286,
      "f1-score": 0.8733727810650888,
      "support": 1260.0
    },
    "religion": {
      "precision": 0.9842668344870988,
      "recall": 0.9817953546767106,
      "f1-score": 0.983029541169076,
      "support": 1593.0
    }
  },
  "weighted_avg": {
    "precision": 0.9508591139964845,
    "recall": 0.9508838213466468,
    "f1-score": 0.9508205888035799,
    "support": 7411.0
  },
  "micro_avg": {
    "precision": 0.9508838213466468,
    "recall": 0.9508838213466468,
    "f1-score": 0.9508838213466468,
    "support": 7411
  },
  "macro_avg": {
    "precision": 0.9475078115011101,
    "recall": 0.9476546298305042,
    "f1-score": 0.9475306329333953,
    "support": 7411.0
  },
  "accuracy": 0.9508838213466468,
  "inference_time_seconds": 6.751410961151123,
  "energy_kwh": 0.0003334003559231861,
  "num_test_samples": 7411
}