{
  "per_class": {
    "Cyberstalking": {
      "precision": 0.7096774193548387,
      "recall": 0.7719298245614035,
      "f1-score": 0.7394957983193278,
      "support": 57.0
    },
    "Doxing": {
      "precision": 0.8309859154929577,
      "recall": 0.7468354430379747,
      "f1-score": 0.7866666666666666,
      "support": 79.0
    },
    "Revenge Porn": {
      "precision": 0.7887323943661971,
      "recall": 0.7887323943661971,
      "f1-score": 0.7887323943661971,
      "support": 71.0
    },
    "Sexual Harassment": {
      "precision": 0.7912087912087912,
      "recall": 0.8780487804878049,
      "f1-score": 0.8323699421965318,
      "support": 82.0
    },
    "Slut Shaming": {
      "precision": 0.9285714285714286,
      "recall": 0.8666666666666667,
      "f1-score": 0.896551724137931,
      "support": 90.0
    }
  },
  "weighted_avg": {
    "precision": 0.8193932709174642,
    "recall": 0.8153034300791556,
    "f1-score": 0.8159417351013133,
    "support": 379.0
  },
  "micro_avg": {
    "precision": 0.8153034300791556,
    "recall": 0.8153034300791556,
    "f1-score": 0.8153034300791556,
    "support": 379
  },
  "macro_avg": {
    "precision": 0.8098351897988426,
    "recall": 0.8104426218240093,
    "f1-score": 0.808763305137331,
    "support": 379.0
  },
  "accuracy": 0.8153034300791556,
  "inference_time_seconds": 0.1901993751525879,
  "energy_kwh": 6.453493986684644e-06,
  "num_test_samples": 379
}