{
  "per_class": {
    "Cyberstalking": {
      "precision": 0.8604651162790697,
      "recall": 0.7115384615384616,
      "f1-score": 0.7789473684210526,
      "support": 52.0
    },
    "Doxing": {
      "precision": 0.8266666666666667,
      "recall": 0.8378378378378378,
      "f1-score": 0.8322147651006712,
      "support": 74.0
    },
    "Revenge Porn": {
      "precision": 0.7714285714285715,
      "recall": 0.7714285714285715,
      "f1-score": 0.7714285714285715,
      "support": 70.0
    },
    "Sexual Harassment": {
      "precision": 0.8170731707317073,
      "recall": 0.8701298701298701,
      "f1-score": 0.8427672955974843,
      "support": 77.0
    },
    "Slut Shaming": {
      "precision": 0.9032258064516129,
      "recall": 0.9333333333333333,
      "f1-score": 0.9180327868852459,
      "support": 90.0
    }
  },
  "weighted_avg": {
    "precision": 0.8378029644816297,
    "recall": 0.837465564738292,
    "f1-score": 0.8363779293554348,
    "support": 363.0
  },
  "micro_avg": {
    "precision": 0.837465564738292,
    "recall": 0.837465564738292,
    "f1-score": 0.837465564738292,
    "support": 363
  },
  "macro_avg": {
    "precision": 0.8357718663115256,
    "recall": 0.8248536148536149,
    "f1-score": 0.8286781574866051,
    "support": 363.0
  },
  "accuracy": 0.837465564738292,
  "inference_time_seconds": 0.2738838195800781,
  "energy_kwh": 1.3748682364579349e-05,
  "num_test_samples": 363
}