{
  "per_class": {
    "emotion": {
      "precision": 0.9201596806387226,
      "recall": 0.9165009940357853,
      "f1-score": 0.9183266932270916,
      "support": 1006.0
    },
    "hate": {
      "precision": 0.954225352112676,
      "recall": 0.9628898539281484,
      "f1-score": 0.9585380231872667,
      "support": 2533.0
    },
    "offensive": {
      "precision": 0.9616212338593975,
      "recall": 0.9547720797720798,
      "f1-score": 0.9581844174410293,
      "support": 2808.0
    },
    "religion": {
      "precision": 0.9975949975949976,
      "recall": 1.0,
      "f1-score": 0.9987960510474356,
      "support": 2074.0
    },
    "spiritual": {
      "precision": 1.0,
      "recall": 0.997689196995956,
      "f1-score": 0.9988432620011567,
      "support": 1731.0
    }
  },
  "weighted_avg": {
    "precision": 0.9695604713665462,
    "recall": 0.9695626477541371,
    "f1-score": 0.9695524041263391,
    "support": 10152.0
  },
  "micro_avg": {
    "precision": 0.9695626477541371,
    "recall": 0.9695626477541371,
    "f1-score": 0.9695626477541371,
    "support": 10152
  },
  "macro_avg": {
    "precision": 0.9667202528411586,
    "recall": 0.9663704249463938,
    "f1-score": 0.966537689380796,
    "support": 10152.0
  },
  "accuracy": 0.9695626477541371,
  "inference_time_seconds": 6.092310667037964,
  "energy_kwh": 0.0004079027965674353,
  "num_test_samples": 10152
}