{
  "per_class": {
    "age": {
      "precision": 0.9848675914249685,
      "recall": 0.9892336922102597,
      "f1-score": 0.987045813586098,
      "support": 1579.0
    },
    "ethnicity": {
      "precision": 0.9945872801082544,
      "recall": 0.98,
      "f1-score": 0.9872397582269979,
      "support": 1500.0
    },
    "gender": {
      "precision": 0.9400428265524625,
      "recall": 0.8850806451612904,
      "f1-score": 0.9117341640706127,
      "support": 1488.0
    },
    "other_cyberbullying": {
      "precision": 0.842296511627907,
      "recall": 0.9183835182250396,
      "f1-score": 0.8786959818043972,
      "support": 1262.0
    },
    "religion": {
      "precision": 0.9898670044331855,
      "recall": 0.9824010056568196,
      "f1-score": 0.9861198738170347,
      "support": 1591.0
    }
  },
  "weighted_avg": {
    "precision": 0.9546667351293919,
    "recall": 0.9529649595687332,
    "f1-score": 0.9533553182493354,
    "support": 7420.0
  },
  "micro_avg": {
    "precision": 0.9529649595687332,
    "recall": 0.9529649595687332,
    "f1-score": 0.9529649595687332,
    "support": 7420
  },
  "macro_avg": {
    "precision": 0.9503322428293556,
    "recall": 0.9510197722506819,
    "f1-score": 0.9501671183010281,
    "support": 7420.0
  },
  "accuracy": 0.9529649595687332,
  "inference_time_seconds": 2.7474403381347656,
  "energy_kwh": 0.0001875834951633565,
  "num_test_samples": 7420
}