{
  "per_class": {
    "age": {
      "precision": 0.9868831980012492,
      "recall": 0.9875,
      "f1-score": 0.9871915026554202,
      "support": 1600.0
    },
    "ethnicity": {
      "precision": 0.9899180844360429,
      "recall": 0.981875,
      "f1-score": 0.9858801380608723,
      "support": 1600.0
    },
    "gender": {
      "precision": 0.933243425488874,
      "recall": 0.8644597126795752,
      "f1-score": 0.8975356679636836,
      "support": 1601.0
    },
    "other_cyberbullying": {
      "precision": 0.8496543778801844,
      "recall": 0.9212991880074953,
      "f1-score": 0.8840275696733593,
      "support": 1601.0
    },
    "religion": {
      "precision": 0.9849529780564263,
      "recall": 0.981875,
      "f1-score": 0.9834115805946791,
      "support": 1600.0
    }
  },
  "weighted_avg": {
    "precision": 0.9489160459864798,
    "recall": 0.9473881529617596,
    "f1-score": 0.9475950884222019,
    "support": 8002.0
  },
  "micro_avg": {
    "precision": 0.9473881529617596,
    "recall": 0.9473881529617596,
    "f1-score": 0.9473881529617596,
    "support": 8002
  },
  "macro_avg": {
    "precision": 0.9489304127725553,
    "recall": 0.9474017801374142,
    "f1-score": 0.9476092917896028,
    "support": 8002.0
  },
  "accuracy": 0.9473881529617596,
  "inference_time_seconds": 2.146852493286133,
  "energy_kwh": 0.00013177803146233115,
  "num_test_samples": 8002
}