{
  "per_class": {
    "emotion": {
      "precision": 0.8452115812917594,
      "recall": 0.8065887353878852,
      "f1-score": 0.8254486133768353,
      "support": 941.0
    },
    "hate": {
      "precision": 0.9461827284105131,
      "recall": 0.9395194697597349,
      "f1-score": 0.9428393265433381,
      "support": 2414.0
    },
    "offensive": {
      "precision": 0.8941908713692946,
      "recall": 0.9127488352393054,
      "f1-score": 0.9033745546007126,
      "support": 2361.0
    },
    "religion": {
      "precision": 0.9936647173489279,
      "recall": 1.0,
      "f1-score": 0.9968222928379369,
      "support": 2039.0
    },
    "spiritual": {
      "precision": 1.0,
      "recall": 0.9988338192419826,
      "f1-score": 0.9994165694282381,
      "support": 1715.0
    }
  },
  "weighted_avg": {
    "precision": 0.9431569387915409,
    "recall": 0.9434002111932418,
    "f1-score": 0.9432047174806213,
    "support": 9470.0
  },
  "micro_avg": {
    "precision": 0.9434002111932418,
    "recall": 0.9434002111932418,
    "f1-score": 0.9434002111932418,
    "support": 9470
  },
  "macro_avg": {
    "precision": 0.935849979684099,
    "recall": 0.9315381719257816,
    "f1-score": 0.9335802713574122,
    "support": 9470.0
  },
  "accuracy": 0.9434002111932418,
  "inference_time_seconds": 5.753323316574097,
  "energy_kwh": 0.0003747198898839187,
  "num_test_samples": 9470
}