{
  "per_class": {
    "age": {
      "precision": 0.9766708701134931,
      "recall": 0.9828680203045685,
      "f1-score": 0.9797596457938014,
      "support": 1576.0
    },
    "ethnicity": {
      "precision": 0.9891378139850645,
      "recall": 0.97719651240778,
      "f1-score": 0.9831309041835358,
      "support": 1491.0
    },
    "gender": {
      "precision": 0.9301277235161532,
      "recall": 0.8421768707482993,
      "f1-score": 0.8839700107104606,
      "support": 1470.0
    },
    "not_cyberbullying": {
      "precision": 0.6083650190114068,
      "recall": 0.5306799336650083,
      "f1-score": 0.566873339238264,
      "support": 1206.0
    },
    "other_cyberbullying": {
      "precision": 0.607661822985469,
      "recall": 0.7578253706754531,
      "f1-score": 0.6744868035190615,
      "support": 1214.0
    },
    "religion": {
      "precision": 0.9547738693467337,
      "recall": 0.9553739786297926,
      "f1-score": 0.9550738297203896,
      "support": 1591.0
    }
  },
  "weighted_avg": {
    "precision": 0.8623959309408179,
    "recall": 0.8568086102012167,
    "f1-score": 0.8576724362811988,
    "support": 8548.0
  },
  "micro_avg": {
    "precision": 0.8568086102012167,
    "recall": 0.8568086102012167,
    "f1-score": 0.8568086102012167,
    "support": 8548
  },
  "macro_avg": {
    "precision": 0.8444561864930534,
    "recall": 0.8410201144051502,
    "f1-score": 0.8405490888609188,
    "support": 8548.0
  },
  "accuracy": 0.8568086102012167,
  "inference_time_seconds": 8.601937294006348,
  "energy_kwh": 0.0005311748016913001,
  "num_test_samples": 8548
}