{
  "per_class": {
    "age": {
      "precision": 0.9812382739212008,
      "recall": 0.9818523153942428,
      "f1-score": 0.9815451986237097,
      "support": 1598.0
    },
    "ethnicity": {
      "precision": 0.9860583016476553,
      "recall": 0.9773869346733668,
      "f1-score": 0.9817034700315458,
      "support": 1592.0
    },
    "gender": {
      "precision": 0.8863065326633166,
      "recall": 0.8874213836477988,
      "f1-score": 0.8868636077938403,
      "support": 1590.0
    },
    "not_cyberbullying": {
      "precision": 0.6675824175824175,
      "recall": 0.6124763705103969,
      "f1-score": 0.6388432467959251,
      "support": 1587.0
    },
    "other_cyberbullying": {
      "precision": 0.6727919383521044,
      "recall": 0.7252396166134185,
      "f1-score": 0.6980319803198032,
      "support": 1565.0
    },
    "religion": {
      "precision": 0.9592592592592593,
      "recall": 0.97125,
      "f1-score": 0.9652173913043478,
      "support": 1600.0
    }
  },
  "weighted_avg": {
    "precision": 0.8596557343603624,
    "recall": 0.8599454469156526,
    "f1-score": 0.8594320600121378,
    "support": 9532.0
  },
  "micro_avg": {
    "precision": 0.8599454469156526,
    "recall": 0.8599454469156526,
    "f1-score": 0.8599454469156526,
    "support": 9532
  },
  "macro_avg": {
    "precision": 0.8588727872376589,
    "recall": 0.8592711034732039,
    "f1-score": 0.8587008158115287,
    "support": 9532.0
  },
  "accuracy": 0.8599454469156526,
  "inference_time_seconds": 7.7310099601745605,
  "energy_kwh": 0.0004375982484154484,
  "num_test_samples": 9532
}