{
  "per_class": {
    "Cyberstalking": {
      "precision": 0.7857142857142857,
      "recall": 0.7333333333333333,
      "f1-score": 0.7586206896551724,
      "support": 60.0
    },
    "Doxing": {
      "precision": 0.8354430379746836,
      "recall": 0.75,
      "f1-score": 0.7904191616766467,
      "support": 88.0
    },
    "Revenge Porn": {
      "precision": 0.7407407407407407,
      "recall": 0.7894736842105263,
      "f1-score": 0.7643312101910829,
      "support": 76.0
    },
    "Sexual Harassment": {
      "precision": 0.8301886792452831,
      "recall": 0.8888888888888888,
      "f1-score": 0.8585365853658536,
      "support": 99.0
    },
    "Slut Shaming": {
      "precision": 0.9,
      "recall": 0.9090909090909091,
      "f1-score": 0.9045226130653267,
      "support": 99.0
    }
  },
  "weighted_avg": {
    "precision": 0.8252294313417267,
    "recall": 0.8246445497630331,
    "f1-score": 0.8239482469811953,
    "support": 422.0
  },
  "micro_avg": {
    "precision": 0.8246445497630331,
    "recall": 0.8246445497630331,
    "f1-score": 0.8246445497630331,
    "support": 422
  },
  "macro_avg": {
    "precision": 0.8184173487349986,
    "recall": 0.8141573631047315,
    "f1-score": 0.8152860519908165,
    "support": 422.0
  },
  "accuracy": 0.8246445497630331,
  "inference_time_seconds": 0.320753812789917,
  "energy_kwh": 2.2390932984616313e-05,
  "num_test_samples": 422
}