{
  "per_class": {
    "age": {
      "precision": 0.9848580441640379,
      "recall": 0.9892268694550064,
      "f1-score": 0.987037622510275,
      "support": 1578.0
    },
    "ethnicity": {
      "precision": 0.9878787878787879,
      "recall": 0.9786524349566378,
      "f1-score": 0.9832439678284183,
      "support": 1499.0
    },
    "gender": {
      "precision": 0.9228668941979522,
      "recall": 0.9086021505376344,
      "f1-score": 0.9156789705384355,
      "support": 1488.0
    },
    "other_cyberbullying": {
      "precision": 0.8682170542635659,
      "recall": 0.8874801901743264,
      "f1-score": 0.877742946708464,
      "support": 1262.0
    },
    "religion": {
      "precision": 0.9836888331242158,
      "recall": 0.9849246231155779,
      "f1-score": 0.9843063402385436,
      "support": 1592.0
    }
  },
  "weighted_avg": {
    "precision": 0.9529430893789027,
    "recall": 0.952689041649818,
    "f1-score": 0.9527814633593541,
    "support": 7419.0
  },
  "micro_avg": {
    "precision": 0.952689041649818,
    "recall": 0.952689041649818,
    "f1-score": 0.952689041649818,
    "support": 7419
  },
  "macro_avg": {
    "precision": 0.9495019227257119,
    "recall": 0.9497772536478367,
    "f1-score": 0.9496019695648273,
    "support": 7419.0
  },
  "accuracy": 0.952689041649818,
  "inference_time_seconds": 2.5701029300689697,
  "energy_kwh": 0.00017499677678455594,
  "num_test_samples": 7419
}