{
  "per_class": {
    "age": {
      "precision": 0.9816106531388713,
      "recall": 0.9828571428571429,
      "f1-score": 0.9822335025380711,
      "support": 1575.0
    },
    "ethnicity": {
      "precision": 0.9945578231292517,
      "recall": 0.9818670248488919,
      "f1-score": 0.9881716796214938,
      "support": 1489.0
    },
    "gender": {
      "precision": 0.8969866853538893,
      "recall": 0.8701563562202583,
      "f1-score": 0.883367839889579,
      "support": 1471.0
    },
    "not_cyberbullying": {
      "precision": 0.5515297906602254,
      "recall": 0.5679933665008292,
      "f1-score": 0.559640522875817,
      "support": 1206.0
    },
    "other_cyberbullying": {
      "precision": 0.5907274180655475,
      "recall": 0.6107438016528925,
      "f1-score": 0.600568874441284,
      "support": 1210.0
    },
    "religion": {
      "precision": 0.96,
      "recall": 0.950345694531741,
      "f1-score": 0.9551484523057486,
      "support": 1591.0
    }
  },
  "weighted_avg": {
    "precision": 0.8491788685184142,
    "recall": 0.8459377195036292,
    "f1-score": 0.8474707897696174,
    "support": 8542.0
  },
  "micro_avg": {
    "precision": 0.8459377195036292,
    "recall": 0.8459377195036292,
    "f1-score": 0.8459377195036292,
    "support": 8542
  },
  "macro_avg": {
    "precision": 0.8292353950579643,
    "recall": 0.8273272311019593,
    "f1-score": 0.8281884786119988,
    "support": 8542.0
  },
  "accuracy": 0.8459377195036292,
  "inference_time_seconds": 3.2556405067443848,
  "energy_kwh": 0.00021079584982235363,
  "num_test_samples": 8542
}