{
  "per_class": {
    "age": {
      "precision": 0.9793491864831039,
      "recall": 0.9793491864831039,
      "f1-score": 0.9793491864831039,
      "support": 1598.0
    },
    "ethnicity": {
      "precision": 0.9877813504823151,
      "recall": 0.964824120603015,
      "f1-score": 0.9761677788369876,
      "support": 1592.0
    },
    "gender": {
      "precision": 0.8941629249518922,
      "recall": 0.8767295597484277,
      "f1-score": 0.8853604318831375,
      "support": 1590.0
    },
    "not_cyberbullying": {
      "precision": 0.7346938775510204,
      "recall": 0.5671077504725898,
      "f1-score": 0.6401137980085349,
      "support": 1587.0
    },
    "other_cyberbullying": {
      "precision": 0.6731070496083551,
      "recall": 0.8236421725239617,
      "f1-score": 0.7408045977011494,
      "support": 1565.0
    },
    "religion": {
      "precision": 0.924404761904762,
      "recall": 0.970625,
      "f1-score": 0.9469512195121951,
      "support": 1600.0
    }
  },
  "weighted_avg": {
    "precision": 0.8663120327318,
    "recall": 0.8641418380193034,
    "f1-score": 0.8620566444255171,
    "support": 9532.0
  },
  "micro_avg": {
    "precision": 0.8641418380193034,
    "recall": 0.8641418380193034,
    "f1-score": 0.8641418380193034,
    "support": 9532
  },
  "macro_avg": {
    "precision": 0.8655831918302415,
    "recall": 0.8637129649718497,
    "f1-score": 0.8614578354041847,
    "support": 9532.0
  },
  "accuracy": 0.8641418380193034,
  "inference_time_seconds": 7.213658332824707,
  "energy_kwh": 0.000445628988174825,
  "num_test_samples": 9532
}