{
  "per_class": {
    "age": {
      "precision": 0.9870633893919794,
      "recall": 0.9763275751759437,
      "f1-score": 0.9816661305886137,
      "support": 1563.0
    },
    "ethnicity": {
      "precision": 0.9772879091516367,
      "recall": 0.9871794871794872,
      "f1-score": 0.9822087948976167,
      "support": 1482.0
    },
    "gender": {
      "precision": 0.8879668049792531,
      "recall": 0.8824742268041237,
      "f1-score": 0.8852119958634953,
      "support": 1455.0
    },
    "not_cyberbullying": {
      "precision": 0.6530078465562337,
      "recall": 0.6179867986798679,
      "f1-score": 0.6350148367952523,
      "support": 1212.0
    },
    "other_cyberbullying": {
      "precision": 0.6303088803088803,
      "recall": 0.6656472986748216,
      "f1-score": 0.6474962816063461,
      "support": 981.0
    },
    "religion": {
      "precision": 0.9514018691588785,
      "recall": 0.9640151515151515,
      "f1-score": 0.9576669802445907,
      "support": 1584.0
    }
  },
  "weighted_avg": {
    "precision": 0.8698697043112278,
    "recall": 0.8701220248882445,
    "f1-score": 0.8698486627146019,
    "support": 8277.0
  },
  "micro_avg": {
    "precision": 0.8701220248882445,
    "recall": 0.8701220248882445,
    "f1-score": 0.8701220248882445,
    "support": 8277
  },
  "macro_avg": {
    "precision": 0.8478394499244769,
    "recall": 0.8489384230048992,
    "f1-score": 0.8482108366659858,
    "support": 8277.0
  },
  "accuracy": 0.8701220248882445,
  "inference_time_seconds": 6.442394971847534,
  "energy_kwh": 0.00038355427329871697,
  "num_test_samples": 8277
}