{
  "per_class": {
    "Cyberstalking": {
      "precision": 0.7368421052631579,
      "recall": 0.7,
      "f1-score": 0.717948717948718,
      "support": 60.0
    },
    "Doxing": {
      "precision": 0.6869565217391305,
      "recall": 0.8977272727272727,
      "f1-score": 0.7783251231527094,
      "support": 88.0
    },
    "Revenge Porn": {
      "precision": 0.8840579710144928,
      "recall": 0.8026315789473685,
      "f1-score": 0.8413793103448276,
      "support": 76.0
    },
    "Sexual Harassment": {
      "precision": 0.9545454545454546,
      "recall": 0.8484848484848485,
      "f1-score": 0.8983957219251337,
      "support": 99.0
    },
    "Slut Shaming": {
      "precision": 0.946236559139785,
      "recall": 0.8888888888888888,
      "f1-score": 0.9166666666666666,
      "support": 99.0
    }
  },
  "weighted_avg": {
    "precision": 0.853148164409415,
    "recall": 0.8388625592417062,
    "f1-score": 0.8417192842918405,
    "support": 422.0
  },
  "micro_avg": {
    "precision": 0.8388625592417062,
    "recall": 0.8388625592417062,
    "f1-score": 0.8388625592417062,
    "support": 422
  },
  "macro_avg": {
    "precision": 0.8417277223404043,
    "recall": 0.8275465178096757,
    "f1-score": 0.8305431080076111,
    "support": 422.0
  },
  "accuracy": 0.8388625592417062,
  "inference_time_seconds": 0.253201961517334,
  "energy_kwh": 3.426214877687694e-05,
  "num_test_samples": 422
}