{
  "per_class": {
    "Cyberstalking": {
      "precision": 0.7627118644067796,
      "recall": 0.75,
      "f1-score": 0.7563025210084033,
      "support": 60.0
    },
    "Doxing": {
      "precision": 0.7553191489361702,
      "recall": 0.8068181818181818,
      "f1-score": 0.7802197802197802,
      "support": 88.0
    },
    "Revenge Porn": {
      "precision": 0.8311688311688312,
      "recall": 0.8421052631578947,
      "f1-score": 0.8366013071895425,
      "support": 76.0
    },
    "Sexual Harassment": {
      "precision": 0.8686868686868687,
      "recall": 0.8686868686868687,
      "f1-score": 0.8686868686868687,
      "support": 99.0
    },
    "Slut Shaming": {
      "precision": 0.9354838709677419,
      "recall": 0.8787878787878788,
      "f1-score": 0.90625,
      "support": 99.0
    }
  },
  "weighted_avg": {
    "precision": 0.838892254420444,
    "recall": 0.8364928909952607,
    "f1-score": 0.8372936996830571,
    "support": 422.0
  },
  "micro_avg": {
    "precision": 0.8364928909952607,
    "recall": 0.8364928909952607,
    "f1-score": 0.8364928909952607,
    "support": 422
  },
  "macro_avg": {
    "precision": 0.8306741168332783,
    "recall": 0.8292796384901647,
    "f1-score": 0.829612095420919,
    "support": 422.0
  },
  "accuracy": 0.8364928909952607,
  "inference_time_seconds": 0.18867063522338867,
  "energy_kwh": 1.7341127349202122e-05,
  "num_test_samples": 422
}