{
  "per_class": {
    "age": {
      "precision": 0.9912280701754386,
      "recall": 0.98875,
      "f1-score": 0.9899874843554443,
      "support": 1600.0
    },
    "ethnicity": {
      "precision": 0.9923906150919467,
      "recall": 0.978125,
      "f1-score": 0.9852061693421467,
      "support": 1600.0
    },
    "gender": {
      "precision": 0.9333768778576094,
      "recall": 0.8925671455340413,
      "f1-score": 0.9125159642401022,
      "support": 1601.0
    },
    "other_cyberbullying": {
      "precision": 0.8691588785046729,
      "recall": 0.929419113054341,
      "f1-score": 0.8982795049803803,
      "support": 1601.0
    },
    "religion": {
      "precision": 0.9924337957124842,
      "recall": 0.98375,
      "f1-score": 0.9880728185812931,
      "support": 1600.0
    }
  },
  "weighted_avg": {
    "precision": 0.9557040384283686,
    "recall": 0.9545113721569608,
    "f1-score": 0.9548000377240949,
    "support": 8002.0
  },
  "micro_avg": {
    "precision": 0.9545113721569608,
    "recall": 0.9545113721569608,
    "f1-score": 0.9545113721569608,
    "support": 8002
  },
  "macro_avg": {
    "precision": 0.9557176474684305,
    "recall": 0.9545222517176765,
    "f1-score": 0.9548123882998732,
    "support": 8002.0
  },
  "accuracy": 0.9545113721569608,
  "inference_time_seconds": 4.084428071975708,
  "energy_kwh": 0.00025433350920416807,
  "num_test_samples": 8002
}