{
  "per_class": {
    "age": {
      "precision": 0.9792843691148776,
      "recall": 0.9898477157360406,
      "f1-score": 0.9845377090564847,
      "support": 1576.0
    },
    "ethnicity": {
      "precision": 0.9925322471147319,
      "recall": 0.9818670248488919,
      "f1-score": 0.9871708305199189,
      "support": 1489.0
    },
    "gender": {
      "precision": 0.9196488858879136,
      "recall": 0.9159381304640215,
      "f1-score": 0.9177897574123989,
      "support": 1487.0
    },
    "other_cyberbullying": {
      "precision": 0.8763779527559055,
      "recall": 0.881933438985737,
      "f1-score": 0.8791469194312796,
      "support": 1262.0
    },
    "religion": {
      "precision": 0.9861635220125786,
      "recall": 0.9843063402385436,
      "f1-score": 0.9852340559220861,
      "support": 1593.0
    }
  },
  "weighted_avg": {
    "precision": 0.9539217013552317,
    "recall": 0.9538274605103281,
    "f1-score": 0.9538603252052887,
    "support": 7407.0
  },
  "micro_avg": {
    "precision": 0.9538274605103281,
    "recall": 0.9538274605103281,
    "f1-score": 0.9538274605103281,
    "support": 7407
  },
  "macro_avg": {
    "precision": 0.9508013953772014,
    "recall": 0.9507785300546467,
    "f1-score": 0.9507758544684336,
    "support": 7407.0
  },
  "accuracy": 0.9538274605103281,
  "inference_time_seconds": 5.8082592487335205,
  "energy_kwh": 0.0003895097270792151,
  "num_test_samples": 7407
}