{
  "per_class": {
    "Cyberstalking": {
      "precision": 0.8333333333333334,
      "recall": 0.75,
      "f1-score": 0.7894736842105263,
      "support": 60.0
    },
    "Doxing": {
      "precision": 0.7692307692307693,
      "recall": 0.7954545454545454,
      "f1-score": 0.7821229050279329,
      "support": 88.0
    },
    "Revenge Porn": {
      "precision": 0.8026315789473685,
      "recall": 0.8026315789473685,
      "f1-score": 0.8026315789473685,
      "support": 76.0
    },
    "Sexual Harassment": {
      "precision": 0.8686868686868687,
      "recall": 0.8686868686868687,
      "f1-score": 0.8686868686868687,
      "support": 99.0
    },
    "Slut Shaming": {
      "precision": 0.9019607843137255,
      "recall": 0.9292929292929293,
      "f1-score": 0.9154228855721394,
      "support": 99.0
    }
  },
  "weighted_avg": {
    "precision": 0.8388303917994469,
    "recall": 0.8388625592417062,
    "f1-score": 0.8384410008690318,
    "support": 422.0
  },
  "micro_avg": {
    "precision": 0.8388625592417062,
    "recall": 0.8388625592417062,
    "f1-score": 0.8388625592417062,
    "support": 422
  },
  "macro_avg": {
    "precision": 0.8351686669024131,
    "recall": 0.8292131844763423,
    "f1-score": 0.8316675844889673,
    "support": 422.0
  },
  "accuracy": 0.8388625592417062,
  "inference_time_seconds": 0.31563520431518555,
  "energy_kwh": 1.7038123454653376e-05,
  "num_test_samples": 422
}