{
  "per_class": {
    "emotion": {
      "precision": 0.8188405797101449,
      "recall": 0.8423855165069223,
      "f1-score": 0.8304461942257217,
      "support": 939.0
    },
    "hate": {
      "precision": 0.941496030087756,
      "recall": 0.9356312292358804,
      "f1-score": 0.9385544678192044,
      "support": 2408.0
    },
    "offensive": {
      "precision": 0.9032395566922421,
      "recall": 0.8975010588733587,
      "f1-score": 0.9003611642234969,
      "support": 2361.0
    },
    "religion": {
      "precision": 0.9951171875,
      "recall": 0.9980411361410382,
      "f1-score": 0.9965770171149144,
      "support": 2042.0
    },
    "spiritual": {
      "precision": 1.0,
      "recall": 0.9982497082847142,
      "f1-score": 0.9991240875912408,
      "support": 1714.0
    }
  },
  "weighted_avg": {
    "precision": 0.9419475523060573,
    "recall": 0.9416737109044802,
    "f1-score": 0.9417888629224762,
    "support": 9464.0
  },
  "micro_avg": {
    "precision": 0.9416737109044802,
    "recall": 0.9416737109044802,
    "f1-score": 0.9416737109044802,
    "support": 9464
  },
  "macro_avg": {
    "precision": 0.9317386707980286,
    "recall": 0.9343617298083828,
    "f1-score": 0.9330125861949157,
    "support": 9464.0
  },
  "accuracy": 0.9416737109044802,
  "inference_time_seconds": 4.642761945724487,
  "energy_kwh": 0.00027577741026166335,
  "num_test_samples": 9464
}