{
  "per_class": {
    "age": {
      "precision": 0.981261711430356,
      "recall": 0.9831038798498123,
      "f1-score": 0.9821819318537043,
      "support": 1598.0
    },
    "ethnicity": {
      "precision": 0.9936183790682833,
      "recall": 0.9780150753768844,
      "f1-score": 0.9857549857549858,
      "support": 1592.0
    },
    "gender": {
      "precision": 0.8842364532019704,
      "recall": 0.9031446540880503,
      "f1-score": 0.8935905413814561,
      "support": 1590.0
    },
    "not_cyberbullying": {
      "precision": 0.7068245125348189,
      "recall": 0.6395715185885318,
      "f1-score": 0.6715183592457823,
      "support": 1587.0
    },
    "other_cyberbullying": {
      "precision": 0.7036592681463707,
      "recall": 0.7495207667731629,
      "f1-score": 0.7258663366336634,
      "support": 1565.0
    },
    "religion": {
      "precision": 0.9511301160659743,
      "recall": 0.973125,
      "f1-score": 0.9620018535681186,
      "support": 1600.0
    }
  },
  "weighted_avg": {
    "precision": 0.8708138980991331,
    "recall": 0.871695342005875,
    "f1-score": 0.8708079148011332,
    "support": 9532.0
  },
  "micro_avg": {
    "precision": 0.871695342005875,
    "recall": 0.871695342005875,
    "f1-score": 0.871695342005875,
    "support": 9532
  },
  "macro_avg": {
    "precision": 0.8701217400746292,
    "recall": 0.8710801491127403,
    "f1-score": 0.8701523347396183,
    "support": 9532.0
  },
  "accuracy": 0.871695342005875,
  "inference_time_seconds": 7.785342216491699,
  "energy_kwh": 0.0005004102579441975,
  "num_test_samples": 9532
}