{
  "per_class": {
    "Cyberstalking": {
      "precision": 0.7121212121212122,
      "recall": 0.7833333333333333,
      "f1-score": 0.746031746031746,
      "support": 60.0
    },
    "Doxing": {
      "precision": 0.7529411764705882,
      "recall": 0.7272727272727273,
      "f1-score": 0.7398843930635838,
      "support": 88.0
    },
    "Revenge Porn": {
      "precision": 0.7380952380952381,
      "recall": 0.8157894736842105,
      "f1-score": 0.775,
      "support": 76.0
    },
    "Sexual Harassment": {
      "precision": 0.9042553191489362,
      "recall": 0.8585858585858586,
      "f1-score": 0.8808290155440415,
      "support": 99.0
    },
    "Slut Shaming": {
      "precision": 0.9247311827956989,
      "recall": 0.8686868686868687,
      "f1-score": 0.8958333333333334,
      "support": 99.0
    }
  },
  "weighted_avg": {
    "precision": 0.8202630285413305,
    "recall": 0.8151658767772512,
    "f1-score": 0.8167329476074888,
    "support": 422.0
  },
  "micro_avg": {
    "precision": 0.8151658767772512,
    "recall": 0.8151658767772512,
    "f1-score": 0.8151658767772512,
    "support": 422
  },
  "macro_avg": {
    "precision": 0.8064288257263346,
    "recall": 0.8107336523125998,
    "f1-score": 0.807515697594541,
    "support": 422.0
  },
  "accuracy": 0.8151658767772512,
  "inference_time_seconds": 0.12098526954650879,
  "energy_kwh": 1.8215602469347598e-05,
  "num_test_samples": 422
}