{
  "per_class": {
    "Cyberstalking": {
      "precision": 0.6923076923076923,
      "recall": 0.75,
      "f1-score": 0.72,
      "support": 60.0
    },
    "Doxing": {
      "precision": 0.8271604938271605,
      "recall": 0.7613636363636364,
      "f1-score": 0.7928994082840237,
      "support": 88.0
    },
    "Revenge Porn": {
      "precision": 0.775,
      "recall": 0.8157894736842105,
      "f1-score": 0.7948717948717948,
      "support": 76.0
    },
    "Sexual Harassment": {
      "precision": 0.8173076923076923,
      "recall": 0.8585858585858586,
      "f1-score": 0.8374384236453202,
      "support": 99.0
    },
    "Slut Shaming": {
      "precision": 0.9130434782608695,
      "recall": 0.8484848484848485,
      "f1-score": 0.8795811518324608,
      "support": 99.0
    }
  },
  "weighted_avg": {
    "precision": 0.8164297414254484,
    "recall": 0.8127962085308057,
    "f1-score": 0.8136737969468028,
    "support": 422.0
  },
  "micro_avg": {
    "precision": 0.8127962085308057,
    "recall": 0.8127962085308057,
    "f1-score": 0.8127962085308057,
    "support": 422
  },
  "macro_avg": {
    "precision": 0.8049638713406828,
    "recall": 0.8068447634237108,
    "f1-score": 0.8049581557267199,
    "support": 422.0
  },
  "accuracy": 0.8127962085308057,
  "inference_time_seconds": 0.4144124984741211,
  "energy_kwh": 2.4213272091211727e-05,
  "num_test_samples": 422
}