{
  "per_class": {
    "emotion": {
      "precision": 0.906813627254509,
      "recall": 0.8996023856858847,
      "f1-score": 0.9031936127744511,
      "support": 1006.0
    },
    "hate": {
      "precision": 0.954563413670486,
      "recall": 0.9538097118041847,
      "f1-score": 0.9541864139020537,
      "support": 2533.0
    },
    "offensive": {
      "precision": 0.9524316648917288,
      "recall": 0.9554843304843305,
      "f1-score": 0.9539555555555556,
      "support": 2808.0
    },
    "religion": {
      "precision": 0.9975949975949976,
      "recall": 1.0,
      "f1-score": 0.9987960510474356,
      "support": 2074.0
    },
    "spiritual": {
      "precision": 1.0,
      "recall": 0.997689196995956,
      "f1-score": 0.9988432620011567,
      "support": 1731.0
    }
  },
  "weighted_avg": {
    "precision": 0.9657805137779134,
    "recall": 0.9658195429472025,
    "f1-score": 0.9657973657664878,
    "support": 10152.0
  },
  "micro_avg": {
    "precision": 0.9658195429472025,
    "recall": 0.9658195429472025,
    "f1-score": 0.9658195429472025,
    "support": 10152
  },
  "macro_avg": {
    "precision": 0.9622807406823444,
    "recall": 0.9613171249940711,
    "f1-score": 0.9617949790561304,
    "support": 10152.0
  },
  "accuracy": 0.9658195429472025,
  "inference_time_seconds": 7.673842906951904,
  "energy_kwh": 0.00047599710378596173,
  "num_test_samples": 10152
}