{
  "per_class": {
    "Cyberstalking": {
      "precision": 0.5769230769230769,
      "recall": 0.7894736842105263,
      "f1-score": 0.6666666666666666,
      "support": 57.0
    },
    "Doxing": {
      "precision": 0.8852459016393442,
      "recall": 0.6835443037974683,
      "f1-score": 0.7714285714285715,
      "support": 79.0
    },
    "Revenge Porn": {
      "precision": 0.7837837837837838,
      "recall": 0.8169014084507042,
      "f1-score": 0.8,
      "support": 71.0
    },
    "Sexual Harassment": {
      "precision": 0.8518518518518519,
      "recall": 0.8414634146341463,
      "f1-score": 0.8466257668711656,
      "support": 82.0
    },
    "Slut Shaming": {
      "precision": 0.9047619047619048,
      "recall": 0.8539325842696629,
      "f1-score": 0.8786127167630058,
      "support": 89.0
    }
  },
  "weighted_avg": {
    "precision": 0.8170459038053798,
    "recall": 0.798941798941799,
    "f1-score": 0.802546830206879,
    "support": 378.0
  },
  "micro_avg": {
    "precision": 0.798941798941799,
    "recall": 0.798941798941799,
    "f1-score": 0.798941798941799,
    "support": 378
  },
  "macro_avg": {
    "precision": 0.8005133037919924,
    "recall": 0.7970630790725016,
    "f1-score": 0.7926667443458819,
    "support": 378.0
  },
  "accuracy": 0.798941798941799,
  "inference_time_seconds": 0.16235876083374023,
  "energy_kwh": 6.980877047213169e-06,
  "num_test_samples": 378
}