{
  "per_class": {
    "age": {
      "precision": 0.9800249687890137,
      "recall": 0.9824780976220275,
      "f1-score": 0.98125,
      "support": 1598.0
    },
    "ethnicity": {
      "precision": 0.9904580152671756,
      "recall": 0.9780150753768844,
      "f1-score": 0.984197218710493,
      "support": 1592.0
    },
    "gender": {
      "precision": 0.8877679697351829,
      "recall": 0.8855345911949686,
      "f1-score": 0.8866498740554156,
      "support": 1590.0
    },
    "not_cyberbullying": {
      "precision": 0.6691474966170501,
      "recall": 0.6231884057971014,
      "f1-score": 0.6453507340946166,
      "support": 1587.0
    },
    "other_cyberbullying": {
      "precision": 0.6736905478627333,
      "recall": 0.7150159744408946,
      "f1-score": 0.6937383756974581,
      "support": 1565.0
    },
    "religion": {
      "precision": 0.9503980404164115,
      "recall": 0.97,
      "f1-score": 0.960098979276214,
      "support": 1600.0
    }
  },
  "weighted_avg": {
    "precision": 0.85935163465294,
    "recall": 0.85973562736047,
    "f1-score": 0.8592827645564243,
    "support": 9532.0
  },
  "micro_avg": {
    "precision": 0.85973562736047,
    "recall": 0.85973562736047,
    "f1-score": 0.85973562736047,
    "support": 9532
  },
  "macro_avg": {
    "precision": 0.8585811731145946,
    "recall": 0.8590386907386461,
    "f1-score": 0.8585475303056995,
    "support": 9532.0
  },
  "accuracy": 0.85973562736047,
  "inference_time_seconds": 3.9716124534606934,
  "energy_kwh": 0.00022876167439932804,
  "num_test_samples": 9532
}