{
  "per_class": {
    "Cyberstalking": {
      "precision": 0.8372093023255814,
      "recall": 0.6923076923076923,
      "f1-score": 0.7578947368421053,
      "support": 52.0
    },
    "Doxing": {
      "precision": 0.6336633663366337,
      "recall": 0.8648648648648649,
      "f1-score": 0.7314285714285714,
      "support": 74.0
    },
    "Revenge Porn": {
      "precision": 0.9636363636363636,
      "recall": 0.7571428571428571,
      "f1-score": 0.848,
      "support": 70.0
    },
    "Sexual Harassment": {
      "precision": 0.7901234567901234,
      "recall": 0.8205128205128205,
      "f1-score": 0.8050314465408805,
      "support": 78.0
    },
    "Slut Shaming": {
      "precision": 0.9166666666666666,
      "recall": 0.8555555555555555,
      "f1-score": 0.8850574712643678,
      "support": 90.0
    }
  },
  "weighted_avg": {
    "precision": 0.8296982085549897,
    "recall": 0.8076923076923077,
    "f1-score": 0.8113842468282569,
    "support": 364.0
  },
  "micro_avg": {
    "precision": 0.8076923076923077,
    "recall": 0.8076923076923077,
    "f1-score": 0.8076923076923077,
    "support": 364
  },
  "macro_avg": {
    "precision": 0.8282598311510737,
    "recall": 0.798076758076758,
    "f1-score": 0.805482445215185,
    "support": 364.0
  },
  "accuracy": 0.8076923076923077,
  "inference_time_seconds": 0.3429074287414551,
  "energy_kwh": 1.4759326924961912e-05,
  "num_test_samples": 364
}