{
  "per_class": {
    "age": {
      "precision": 0.9874921826141339,
      "recall": 0.986875,
      "f1-score": 0.9871834948421382,
      "support": 1600.0
    },
    "ethnicity": {
      "precision": 0.978629792583281,
      "recall": 0.973125,
      "f1-score": 0.9758696333437794,
      "support": 1600.0
    },
    "gender": {
      "precision": 0.9287103046014258,
      "recall": 0.8950655840099938,
      "f1-score": 0.9115776081424937,
      "support": 1601.0
    },
    "other_cyberbullying": {
      "precision": 0.8738207547169812,
      "recall": 0.9256714553404123,
      "f1-score": 0.8989990900818926,
      "support": 1601.0
    },
    "religion": {
      "precision": 0.9879211697393515,
      "recall": 0.97125,
      "f1-score": 0.9795146549007249,
      "support": 1600.0
    }
  },
  "weighted_avg": {
    "precision": 0.9513023316505367,
    "recall": 0.9503874031492127,
    "f1-score": 0.9506175639584942,
    "support": 8002.0
  },
  "micro_avg": {
    "precision": 0.9503874031492127,
    "recall": 0.9503874031492127,
    "f1-score": 0.9503874031492127,
    "support": 8002
  },
  "macro_avg": {
    "precision": 0.9513148408510347,
    "recall": 0.9503974078700812,
    "f1-score": 0.9506288962622058,
    "support": 8002.0
  },
  "accuracy": 0.9503874031492127,
  "inference_time_seconds": 3.7929768562316895,
  "energy_kwh": 0.0002235471013561301,
  "num_test_samples": 8002
}