{
  "per_class": {
    "emotion": {
      "precision": 0.9252049180327869,
      "recall": 0.8976143141153081,
      "f1-score": 0.9112008072653885,
      "support": 1006.0
    },
    "hate": {
      "precision": 0.9671287128712871,
      "recall": 0.9640742202921437,
      "f1-score": 0.9655990510083037,
      "support": 2533.0
    },
    "offensive": {
      "precision": 0.9587883057414582,
      "recall": 0.9693732193732194,
      "f1-score": 0.9640517088719674,
      "support": 2808.0
    },
    "religion": {
      "precision": 0.9942446043165467,
      "recall": 0.9995178399228544,
      "f1-score": 0.9968742486174561,
      "support": 2074.0
    },
    "spiritual": {
      "precision": 1.0,
      "recall": 0.997689196995956,
      "f1-score": 0.9988432620011567,
      "support": 1731.0
    }
  },
  "weighted_avg": {
    "precision": 0.9718118645703788,
    "recall": 0.9719267139479906,
    "f1-score": 0.9718383062433121,
    "support": 10152.0
  },
  "micro_avg": {
    "precision": 0.9719267139479906,
    "recall": 0.9719267139479906,
    "f1-score": 0.9719267139479906,
    "support": 10152
  },
  "macro_avg": {
    "precision": 0.9690733081924158,
    "recall": 0.9656537581398963,
    "f1-score": 0.9673138155528545,
    "support": 10152.0
  },
  "accuracy": 0.9719267139479906,
  "inference_time_seconds": 7.792771577835083,
  "energy_kwh": 0.0005518110729580307,
  "num_test_samples": 10152
}