{
  "per_class": {
    "age": {
      "precision": 0.9960912052117263,
      "recall": 0.9701776649746193,
      "f1-score": 0.9829636772741883,
      "support": 1576.0
    },
    "ethnicity": {
      "precision": 0.9871099050203528,
      "recall": 0.9811193526635199,
      "f1-score": 0.9841055123435914,
      "support": 1483.0
    },
    "gender": {
      "precision": 0.895438596491228,
      "recall": 0.8692098092643051,
      "f1-score": 0.8821292775665399,
      "support": 1468.0
    },
    "not_cyberbullying": {
      "precision": 0.6498855835240275,
      "recall": 0.4717607973421927,
      "f1-score": 0.546679499518768,
      "support": 1204.0
    },
    "other_cyberbullying": {
      "precision": 0.5940777297964219,
      "recall": 0.7978458989229494,
      "f1-score": 0.6810466760961811,
      "support": 1207.0
    },
    "religion": {
      "precision": 0.9575,
      "recall": 0.9629164047768699,
      "f1-score": 0.9602005640864932,
      "support": 1591.0
    }
  },
  "weighted_avg": {
    "precision": 0.8642424845392422,
    "recall": 0.8586000703482237,
    "f1-score": 0.8572458157565536,
    "support": 8529.0
  },
  "micro_avg": {
    "precision": 0.8586000703482237,
    "recall": 0.8586000703482237,
    "f1-score": 0.8586000703482237,
    "support": 8529
  },
  "macro_avg": {
    "precision": 0.8466838366739594,
    "recall": 0.8421716546574093,
    "f1-score": 0.8395208678142937,
    "support": 8529.0
  },
  "accuracy": 0.8586000703482237,
  "inference_time_seconds": 7.591040372848511,
  "energy_kwh": 0.0003790601470318388,
  "num_test_samples": 8529
}