{
  "per_class": {
    "age": {
      "precision": 0.9917091836734694,
      "recall": 0.985424588086185,
      "f1-score": 0.9885568976478067,
      "support": 1578.0
    },
    "ethnicity": {
      "precision": 0.9959541469993257,
      "recall": 0.9813953488372092,
      "f1-score": 0.9886211512717537,
      "support": 1505.0
    },
    "gender": {
      "precision": 0.9185336048879837,
      "recall": 0.9086635325721961,
      "f1-score": 0.9135719108710331,
      "support": 1489.0
    },
    "other_cyberbullying": {
      "precision": 0.8640183346065698,
      "recall": 0.8947784810126582,
      "f1-score": 0.8791294209094442,
      "support": 1264.0
    },
    "religion": {
      "precision": 0.9774436090225563,
      "recall": 0.9792843691148776,
      "f1-score": 0.9783631232361242,
      "support": 1593.0
    }
  },
  "weighted_avg": {
    "precision": 0.9531177096331356,
    "recall": 0.9524835105666981,
    "f1-score": 0.9527363354130947,
    "support": 7429.0
  },
  "micro_avg": {
    "precision": 0.9524835105666981,
    "recall": 0.9524835105666981,
    "f1-score": 0.9524835105666981,
    "support": 7429
  },
  "macro_avg": {
    "precision": 0.9495317758379809,
    "recall": 0.9499092639246254,
    "f1-score": 0.9496485007872323,
    "support": 7429.0
  },
  "accuracy": 0.9524835105666981,
  "inference_time_seconds": 6.359759569168091,
  "energy_kwh": 0.0003200734873931768,
  "num_test_samples": 7429
}