{
  "per_class": {
    "age": {
      "precision": 0.9881398252184769,
      "recall": 0.989375,
      "f1-score": 0.9887570268582137,
      "support": 1600.0
    },
    "ethnicity": {
      "precision": 0.9905422446406053,
      "recall": 0.981875,
      "f1-score": 0.9861895794099184,
      "support": 1600.0
    },
    "gender": {
      "precision": 0.9212350346565847,
      "recall": 0.9131792629606496,
      "f1-score": 0.917189460476788,
      "support": 1601.0
    },
    "other_cyberbullying": {
      "precision": 0.8908536585365854,
      "recall": 0.9125546533416614,
      "f1-score": 0.9015735883986424,
      "support": 1601.0
    },
    "religion": {
      "precision": 0.9905482041587902,
      "recall": 0.9825,
      "f1-score": 0.9865076874803891,
      "support": 1600.0
    }
  },
  "weighted_avg": {
    "precision": 0.9562512417184279,
    "recall": 0.9558860284928767,
    "f1-score": 0.9560318059544111,
    "support": 8002.0
  },
  "micro_avg": {
    "precision": 0.9558860284928767,
    "recall": 0.9558860284928767,
    "f1-score": 0.9558860284928767,
    "support": 8002
  },
  "macro_avg": {
    "precision": 0.9562637934422084,
    "recall": 0.9558967832604622,
    "f1-score": 0.9560434685247902,
    "support": 8002.0
  },
  "accuracy": 0.9558860284928767,
  "inference_time_seconds": 4.004611015319824,
  "energy_kwh": 0.00024407784617743852,
  "num_test_samples": 8002
}