{
  "per_class": {
    "Cyberstalking": {
      "precision": 0.7321428571428571,
      "recall": 0.7192982456140351,
      "f1-score": 0.7256637168141593,
      "support": 57.0
    },
    "Doxing": {
      "precision": 0.8055555555555556,
      "recall": 0.7341772151898734,
      "f1-score": 0.7682119205298014,
      "support": 79.0
    },
    "Revenge Porn": {
      "precision": 0.7272727272727273,
      "recall": 0.8,
      "f1-score": 0.7619047619047619,
      "support": 70.0
    },
    "Sexual Harassment": {
      "precision": 0.8048780487804879,
      "recall": 0.8048780487804879,
      "f1-score": 0.8048780487804879,
      "support": 82.0
    },
    "Slut Shaming": {
      "precision": 0.9,
      "recall": 0.9101123595505618,
      "f1-score": 0.9050279329608939,
      "support": 89.0
    }
  },
  "weighted_avg": {
    "precision": 0.8020692908623943,
    "recall": 0.8010610079575596,
    "f1-score": 0.8008816789048124,
    "support": 377.0
  },
  "micro_avg": {
    "precision": 0.8010610079575596,
    "recall": 0.8010610079575596,
    "f1-score": 0.8010610079575596,
    "support": 377
  },
  "macro_avg": {
    "precision": 0.7939698377503255,
    "recall": 0.7936931738269916,
    "f1-score": 0.7931372761980209,
    "support": 377.0
  },
  "accuracy": 0.8010610079575596,
  "inference_time_seconds": 0.28870296478271484,
  "energy_kwh": 1.3554947476818836e-05,
  "num_test_samples": 377
}