{
  "per_class": {
    "age": {
      "precision": 0.9873657612128869,
      "recall": 0.9898670044331855,
      "f1-score": 0.9886148007590133,
      "support": 1579.0
    },
    "ethnicity": {
      "precision": 0.9925474254742548,
      "recall": 0.979933110367893,
      "f1-score": 0.9861999326825984,
      "support": 1495.0
    },
    "gender": {
      "precision": 0.9179206566347469,
      "recall": 0.902488231338265,
      "f1-score": 0.910139030179722,
      "support": 1487.0
    },
    "other_cyberbullying": {
      "precision": 0.8594346829640948,
      "recall": 0.8921490880253767,
      "f1-score": 0.8754863813229572,
      "support": 1261.0
    },
    "religion": {
      "precision": 0.98801261829653,
      "recall": 0.9830508474576272,
      "f1-score": 0.9855254877281309,
      "support": 1593.0
    }
  },
  "weighted_avg": {
    "precision": 0.9528669171435097,
    "recall": 0.9522589345920431,
    "f1-score": 0.9524880426750336,
    "support": 7415.0
  },
  "micro_avg": {
    "precision": 0.9522589345920431,
    "recall": 0.9522589345920431,
    "f1-score": 0.9522589345920431,
    "support": 7415
  },
  "macro_avg": {
    "precision": 0.9490562289165027,
    "recall": 0.9494976563244695,
    "f1-score": 0.9491931265344844,
    "support": 7415.0
  },
  "accuracy": 0.9522589345920431,
  "inference_time_seconds": 2.7552309036254883,
  "energy_kwh": 0.00018304133872591312,
  "num_test_samples": 7415
}