{
  "per_class": {
    "age": {
      "precision": 0.9912170639899623,
      "recall": 0.9875,
      "f1-score": 0.989355040701315,
      "support": 1600.0
    },
    "ethnicity": {
      "precision": 0.9868173258003766,
      "recall": 0.9825,
      "f1-score": 0.9846539304729095,
      "support": 1600.0
    },
    "gender": {
      "precision": 0.9265175718849841,
      "recall": 0.905683947532792,
      "f1-score": 0.915982312065698,
      "support": 1601.0
    },
    "other_cyberbullying": {
      "precision": 0.8825665859564165,
      "recall": 0.9106808244846971,
      "f1-score": 0.8964033200122964,
      "support": 1601.0
    },
    "religion": {
      "precision": 0.986232790988736,
      "recall": 0.985,
      "f1-score": 0.9856160100062539,
      "support": 1600.0
    }
  },
  "weighted_avg": {
    "precision": 0.954657738809123,
    "recall": 0.9542614346413396,
    "f1-score": 0.9543900733373699,
    "support": 8002.0
  },
  "micro_avg": {
    "precision": 0.9542614346413396,
    "recall": 0.9542614346413396,
    "f1-score": 0.9542614346413396,
    "support": 8002
  },
  "macro_avg": {
    "precision": 0.9546702677240951,
    "recall": 0.9542729544034978,
    "f1-score": 0.9544021226516947,
    "support": 8002.0
  },
  "accuracy": 0.9542614346413396,
  "inference_time_seconds": 4.007558822631836,
  "energy_kwh": 0.00024276668988318714,
  "num_test_samples": 8002
}