{
  "per_class": {
    "emotion": {
      "precision": 0.9108216432865731,
      "recall": 0.9035785288270378,
      "f1-score": 0.907185628742515,
      "support": 1006.0
    },
    "hate": {
      "precision": 0.9747191011235955,
      "recall": 0.9589419660481643,
      "f1-score": 0.9667661691542289,
      "support": 2533.0
    },
    "offensive": {
      "precision": 0.9558514365802383,
      "recall": 0.9715099715099715,
      "f1-score": 0.963617096432356,
      "support": 2808.0
    },
    "religion": {
      "precision": 0.9971153846153846,
      "recall": 1.0,
      "f1-score": 0.9985556090515166,
      "support": 2074.0
    },
    "spiritual": {
      "precision": 1.0,
      "recall": 0.9982668977469671,
      "f1-score": 0.9991326973113617,
      "support": 1731.0
    }
  },
  "weighted_avg": {
    "precision": 0.9720545900218653,
    "recall": 0.9720252167060678,
    "f1-score": 0.9720042639857663,
    "support": 10152.0
  },
  "micro_avg": {
    "precision": 0.9720252167060678,
    "recall": 0.9720252167060678,
    "f1-score": 0.9720252167060678,
    "support": 10152
  },
  "macro_avg": {
    "precision": 0.9677015131211583,
    "recall": 0.966459472826428,
    "f1-score": 0.9670514401383956,
    "support": 10152.0
  },
  "accuracy": 0.9720252167060678,
  "inference_time_seconds": 2.4378185272216797,
  "energy_kwh": 0.00016791932027181058,
  "num_test_samples": 10152
}