{
  "per_class": {
    "emotion": {
      "precision": 0.899803536345776,
      "recall": 0.9105367793240556,
      "f1-score": 0.9051383399209486,
      "support": 1006.0
    },
    "hate": {
      "precision": 0.969047619047619,
      "recall": 0.9640742202921437,
      "f1-score": 0.9665545220660994,
      "support": 2533.0
    },
    "offensive": {
      "precision": 0.9632011432654519,
      "recall": 0.9601139601139601,
      "f1-score": 0.9616550740146246,
      "support": 2808.0
    },
    "religion": {
      "precision": 0.9942473633748802,
      "recall": 1.0,
      "f1-score": 0.9971153846153846,
      "support": 2074.0
    },
    "spiritual": {
      "precision": 0.9994216310005783,
      "recall": 0.9982668977469671,
      "f1-score": 0.9988439306358381,
      "support": 1731.0
    }
  },
  "weighted_avg": {
    "precision": 0.9708960462768284,
    "recall": 0.970843183609141,
    "f1-score": 0.9708624284682738,
    "support": 10152.0
  },
  "micro_avg": {
    "precision": 0.970843183609141,
    "recall": 0.970843183609141,
    "f1-score": 0.970843183609141,
    "support": 10152
  },
  "macro_avg": {
    "precision": 0.9651442586068611,
    "recall": 0.9665983714954253,
    "f1-score": 0.9658614502505791,
    "support": 10152.0
  },
  "accuracy": 0.970843183609141,
  "inference_time_seconds": 3.6028177738189697,
  "energy_kwh": 0.00022455965459733932,
  "num_test_samples": 10152
}