{
  "per_class": {
    "emotion": {
      "precision": 0.8326180257510729,
      "recall": 0.8299465240641711,
      "f1-score": 0.8312801285484734,
      "support": 935.0
    },
    "hate": {
      "precision": 0.9563169164882227,
      "recall": 0.9265560165975104,
      "f1-score": 0.9412012644889357,
      "support": 2410.0
    },
    "offensive": {
      "precision": 0.8865131578947368,
      "recall": 0.9120135363790186,
      "f1-score": 0.8990825688073395,
      "support": 2364.0
    },
    "religion": {
      "precision": 0.9936708860759493,
      "recall": 0.9990210474791973,
      "f1-score": 0.9963387844764462,
      "support": 2043.0
    },
    "spiritual": {
      "precision": 0.9988338192419826,
      "recall": 0.9982517482517482,
      "f1-score": 0.9985426989215972,
      "support": 1716.0
    }
  },
  "weighted_avg": {
    "precision": 0.9424384434040384,
    "recall": 0.9420152091254753,
    "f1-score": 0.9421200431248995,
    "support": 9468.0
  },
  "micro_avg": {
    "precision": 0.9420152091254753,
    "recall": 0.9420152091254753,
    "f1-score": 0.9420152091254753,
    "support": 9468
  },
  "macro_avg": {
    "precision": 0.9335905610903928,
    "recall": 0.933157774554329,
    "f1-score": 0.9332890890485585,
    "support": 9468.0
  },
  "accuracy": 0.9420152091254753,
  "inference_time_seconds": 15.910458326339722,
  "energy_kwh": 0.0009003507287002295,
  "num_test_samples": 9468
}