{
  "per_class": {
    "age": {
      "precision": 0.9806973848069739,
      "recall": 0.9856070087609512,
      "f1-score": 0.9831460674157303,
      "support": 1598.0
    },
    "ethnicity": {
      "precision": 0.9898348157560356,
      "recall": 0.9786432160804021,
      "f1-score": 0.9842072015161086,
      "support": 1592.0
    },
    "gender": {
      "precision": 0.8965303593556382,
      "recall": 0.910062893081761,
      "f1-score": 0.9032459425717853,
      "support": 1590.0
    },
    "not_cyberbullying": {
      "precision": 0.735933983495874,
      "recall": 0.6181474480151229,
      "f1-score": 0.6719178082191781,
      "support": 1587.0
    },
    "other_cyberbullying": {
      "precision": 0.7049830124575311,
      "recall": 0.7955271565495208,
      "f1-score": 0.7475232662864005,
      "support": 1565.0
    },
    "religion": {
      "precision": 0.951189749847468,
      "recall": 0.974375,
      "f1-score": 0.9626427909848718,
      "support": 1600.0
    }
  },
  "weighted_avg": {
    "precision": 0.8772119140831469,
    "recall": 0.8775702895509861,
    "f1-score": 0.8760514339268745,
    "support": 9532.0
  },
  "micro_avg": {
    "precision": 0.8775702895509861,
    "recall": 0.8775702895509861,
    "f1-score": 0.8775702895509861,
    "support": 9532
  },
  "macro_avg": {
    "precision": 0.8765282176199202,
    "recall": 0.8770604537479597,
    "f1-score": 0.8754471794990124,
    "support": 9532.0
  },
  "accuracy": 0.8775702895509861,
  "inference_time_seconds": 7.872323751449585,
  "energy_kwh": 0.00046772048739952783,
  "num_test_samples": 9532
}