{
  "per_class": {
    "emotion": {
      "precision": 0.7583892617449665,
      "recall": 0.8505376344086022,
      "f1-score": 0.8018246325392803,
      "support": 930.0
    },
    "hate": {
      "precision": 0.9386401326699834,
      "recall": 0.93476465730801,
      "f1-score": 0.936698386429458,
      "support": 2422.0
    },
    "offensive": {
      "precision": 0.905726872246696,
      "recall": 0.8609715242881072,
      "f1-score": 0.8827823100042936,
      "support": 2388.0
    },
    "religion": {
      "precision": 0.9912066438690766,
      "recall": 1.0,
      "f1-score": 0.9955839057899902,
      "support": 2029.0
    },
    "spiritual": {
      "precision": 0.9994138335287222,
      "recall": 0.9976594499707431,
      "f1-score": 0.9985358711566618,
      "support": 1709.0
    }
  },
  "weighted_avg": {
    "precision": 0.9348724105914296,
    "recall": 0.9332137581768306,
    "f1-score": 0.9336360102488452,
    "support": 9478.0
  },
  "micro_avg": {
    "precision": 0.9332137581768306,
    "recall": 0.9332137581768306,
    "f1-score": 0.9332137581768306,
    "support": 9478
  },
  "macro_avg": {
    "precision": 0.9186753488118888,
    "recall": 0.9287866531950926,
    "f1-score": 0.9230850211839368,
    "support": 9478.0
  },
  "accuracy": 0.9332137581768306,
  "inference_time_seconds": 8.643462657928467,
  "energy_kwh": 0.00045250759855614426,
  "num_test_samples": 9478
}