{
  "per_class": {
    "age": {
      "precision": 0.9893882646691635,
      "recall": 0.990625,
      "f1-score": 0.9900062460961899,
      "support": 1600.0
    },
    "ethnicity": {
      "precision": 0.9899307740717432,
      "recall": 0.983125,
      "f1-score": 0.9865161492630918,
      "support": 1600.0
    },
    "gender": {
      "precision": 0.9190207156308852,
      "recall": 0.9144284821986258,
      "f1-score": 0.9167188478396995,
      "support": 1601.0
    },
    "other_cyberbullying": {
      "precision": 0.8951264651449723,
      "recall": 0.9063085571517802,
      "f1-score": 0.9006828057107387,
      "support": 1601.0
    },
    "religion": {
      "precision": 0.9912335629304947,
      "recall": 0.989375,
      "f1-score": 0.990303409446356,
      "support": 1600.0
    }
  },
  "weighted_avg": {
    "precision": 0.9569274930137953,
    "recall": 0.9567608097975506,
    "f1-score": 0.9568334585132807,
    "support": 8002.0
  },
  "micro_avg": {
    "precision": 0.9567608097975506,
    "recall": 0.9567608097975506,
    "f1-score": 0.9567608097975506,
    "support": 8002
  },
  "macro_avg": {
    "precision": 0.9569399564894517,
    "recall": 0.9567724078700811,
    "f1-score": 0.9568454916712152,
    "support": 8002.0
  },
  "accuracy": 0.9567608097975506,
  "inference_time_seconds": 4.082231044769287,
  "energy_kwh": 0.00025499306306775833,
  "num_test_samples": 8002
}