{
  "per_class": {
    "age": {
      "precision": 0.9821542383683876,
      "recall": 0.9771718452758402,
      "f1-score": 0.9796567069294342,
      "support": 1577.0
    },
    "ethnicity": {
      "precision": 0.9938524590163934,
      "recall": 0.9732441471571907,
      "f1-score": 0.9834403514700912,
      "support": 1495.0
    },
    "gender": {
      "precision": 0.9086330935251798,
      "recall": 0.8627049180327869,
      "f1-score": 0.885073580939033,
      "support": 1464.0
    },
    "not_cyberbullying": {
      "precision": 0.6495176848874598,
      "recall": 0.5020712510356256,
      "f1-score": 0.5663551401869159,
      "support": 1207.0
    },
    "other_cyberbullying": {
      "precision": 0.6044585987261146,
      "recall": 0.7823577906018137,
      "f1-score": 0.68199784405318,
      "support": 1213.0
    },
    "religion": {
      "precision": 0.9524397776405188,
      "recall": 0.9704216488357458,
      "f1-score": 0.9613466334164589,
      "support": 1589.0
    }
  },
  "weighted_avg": {
    "precision": 0.8654778749727376,
    "recall": 0.8608543007606788,
    "f1-score": 0.8600753088719856,
    "support": 8545.0
  },
  "micro_avg": {
    "precision": 0.8608543007606788,
    "recall": 0.8608543007606788,
    "f1-score": 0.8608543007606788,
    "support": 8545
  },
  "macro_avg": {
    "precision": 0.848509308694009,
    "recall": 0.8446619334898339,
    "f1-score": 0.8429783761658523,
    "support": 8545.0
  },
  "accuracy": 0.8608543007606788,
  "inference_time_seconds": 8.621145725250244,
  "energy_kwh": 0.0005378929605885819,
  "num_test_samples": 8545
}