{
  "per_class": {
    "age": {
      "precision": 0.9897106109324759,
      "recall": 0.9759036144578314,
      "f1-score": 0.9827586206896551,
      "support": 1577.0
    },
    "ethnicity": {
      "precision": 0.9945205479452055,
      "recall": 0.976462676529926,
      "f1-score": 0.985408890397014,
      "support": 1487.0
    },
    "gender": {
      "precision": 0.8926862611073137,
      "recall": 0.8890401633764465,
      "f1-score": 0.8908594815825375,
      "support": 1469.0
    },
    "not_cyberbullying": {
      "precision": 0.6378433367243134,
      "recall": 0.5194697597348799,
      "f1-score": 0.5726027397260274,
      "support": 1207.0
    },
    "other_cyberbullying": {
      "precision": 0.6222067039106145,
      "recall": 0.7388059701492538,
      "f1-score": 0.6755117513267627,
      "support": 1206.0
    },
    "religion": {
      "precision": 0.9464394400486914,
      "recall": 0.9779874213836478,
      "f1-score": 0.9619548407052273,
      "support": 1590.0
    }
  },
  "weighted_avg": {
    "precision": 0.8641141878891221,
    "recall": 0.8634020618556701,
    "f1-score": 0.8621242758860586,
    "support": 8536.0
  },
  "micro_avg": {
    "precision": 0.8634020618556701,
    "recall": 0.8634020618556701,
    "f1-score": 0.8634020618556701,
    "support": 8536
  },
  "macro_avg": {
    "precision": 0.847234483444769,
    "recall": 0.846278267605331,
    "f1-score": 0.8448493874045373,
    "support": 8536.0
  },
  "accuracy": 0.8634020618556701,
  "inference_time_seconds": 7.616024971008301,
  "energy_kwh": 0.0003788842872984518,
  "num_test_samples": 8536
}