{
  "per_class": {
    "emotion": {
      "precision": 0.8380952380952381,
      "recall": 0.8434504792332268,
      "f1-score": 0.8407643312101911,
      "support": 939.0
    },
    "hate": {
      "precision": 0.9407622203811102,
      "recall": 0.9431063122923588,
      "f1-score": 0.9419328079635007,
      "support": 2408.0
    },
    "offensive": {
      "precision": 0.9099829351535836,
      "recall": 0.9015215553677092,
      "f1-score": 0.9057324840764331,
      "support": 2366.0
    },
    "religion": {
      "precision": 0.9941463414634146,
      "recall": 0.9990196078431373,
      "f1-score": 0.9965770171149144,
      "support": 2040.0
    },
    "spiritual": {
      "precision": 0.9994148624926857,
      "recall": 0.9994148624926857,
      "f1-score": 0.9994148624926857,
      "support": 1709.0
    }
  },
  "weighted_avg": {
    "precision": 0.9449804498423047,
    "recall": 0.9450433312196153,
    "f1-score": 0.9450044473495821,
    "support": 9462.0
  },
  "micro_avg": {
    "precision": 0.9450433312196153,
    "recall": 0.9450433312196153,
    "f1-score": 0.9450433312196153,
    "support": 9462
  },
  "macro_avg": {
    "precision": 0.9364803195172066,
    "recall": 0.9373025634458235,
    "f1-score": 0.9368843005715451,
    "support": 9462.0
  },
  "accuracy": 0.9450433312196153,
  "inference_time_seconds": 3.055020570755005,
  "energy_kwh": 0.00020393557044112186,
  "num_test_samples": 9462
}