{
  "per_class": {
    "Cyberstalking": {
      "precision": 0.7543859649122807,
      "recall": 0.7166666666666667,
      "f1-score": 0.7350427350427351,
      "support": 60.0
    },
    "Doxing": {
      "precision": 0.7525773195876289,
      "recall": 0.8295454545454546,
      "f1-score": 0.7891891891891892,
      "support": 88.0
    },
    "Revenge Porn": {
      "precision": 0.8472222222222222,
      "recall": 0.8026315789473685,
      "f1-score": 0.8243243243243243,
      "support": 76.0
    },
    "Sexual Harassment": {
      "precision": 0.84,
      "recall": 0.8484848484848485,
      "f1-score": 0.8442211055276382,
      "support": 99.0
    },
    "Slut Shaming": {
      "precision": 0.9375,
      "recall": 0.9090909090909091,
      "f1-score": 0.9230769230769231,
      "support": 99.0
    }
  },
  "weighted_avg": {
    "precision": 0.8337709737140688,
    "recall": 0.8317535545023697,
    "f1-score": 0.832138308605955,
    "support": 422.0
  },
  "micro_avg": {
    "precision": 0.8317535545023697,
    "recall": 0.8317535545023697,
    "f1-score": 0.8317535545023697,
    "support": 422
  },
  "macro_avg": {
    "precision": 0.8263371013444264,
    "recall": 0.8212838915470495,
    "f1-score": 0.8231708554321621,
    "support": 422.0
  },
  "accuracy": 0.8317535545023697,
  "inference_time_seconds": 0.3167996406555176,
  "energy_kwh": 1.9772768353354435e-05,
  "num_test_samples": 422
}