{
  "per_class": {
    "age": {
      "precision": 0.9838709677419355,
      "recall": 0.99125,
      "f1-score": 0.987546699875467,
      "support": 1600.0
    },
    "ethnicity": {
      "precision": 0.990530303030303,
      "recall": 0.980625,
      "f1-score": 0.9855527638190955,
      "support": 1600.0
    },
    "gender": {
      "precision": 0.9039057656540608,
      "recall": 0.9106808244846971,
      "f1-score": 0.9072806471686372,
      "support": 1601.0
    },
    "other_cyberbullying": {
      "precision": 0.8942731277533039,
      "recall": 0.8875702685821362,
      "f1-score": 0.8909090909090909,
      "support": 1601.0
    },
    "religion": {
      "precision": 0.9856608478802993,
      "recall": 0.988125,
      "f1-score": 0.9868913857677902,
      "support": 1600.0
    }
  },
  "weighted_avg": {
    "precision": 0.9516350660071545,
    "recall": 0.9516370907273182,
    "f1-score": 0.9516229854789061,
    "support": 8002.0
  },
  "micro_avg": {
    "precision": 0.9516370907273182,
    "recall": 0.9516370907273182,
    "f1-score": 0.9516370907273182,
    "support": 8002
  },
  "macro_avg": {
    "precision": 0.9516482024119804,
    "recall": 0.9516502186133666,
    "f1-score": 0.9516361175080161,
    "support": 8002.0
  },
  "accuracy": 0.9516370907273182,
  "inference_time_seconds": 5.592127561569214,
  "energy_kwh": 0.00034731835943046006,
  "num_test_samples": 8002
}