{
  "per_class": {
    "age": {
      "precision": 0.9892131979695431,
      "recall": 0.9885859226379201,
      "f1-score": 0.9888994608309547,
      "support": 1577.0
    },
    "ethnicity": {
      "precision": 0.9931880108991825,
      "recall": 0.9798387096774194,
      "f1-score": 0.986468200270636,
      "support": 1488.0
    },
    "gender": {
      "precision": 0.9315455187014821,
      "recall": 0.8888888888888888,
      "f1-score": 0.9097174362508614,
      "support": 1485.0
    },
    "other_cyberbullying": {
      "precision": 0.8520754716981133,
      "recall": 0.8988853503184714,
      "f1-score": 0.8748547074777218,
      "support": 1256.0
    },
    "religion": {
      "precision": 0.9751552795031055,
      "recall": 0.9874213836477987,
      "f1-score": 0.98125,
      "support": 1590.0
    }
  },
  "weighted_avg": {
    "precision": 0.9521230064292079,
    "recall": 0.9513250405624663,
    "f1-score": 0.9515000726281327,
    "support": 7396.0
  },
  "micro_avg": {
    "precision": 0.9513250405624663,
    "recall": 0.9513250405624663,
    "f1-score": 0.9513250405624663,
    "support": 7396
  },
  "macro_avg": {
    "precision": 0.9482354957542853,
    "recall": 0.9487240510340996,
    "f1-score": 0.9482379609660347,
    "support": 7396.0
  },
  "accuracy": 0.9513250405624663,
  "inference_time_seconds": 7.2835235595703125,
  "energy_kwh": 0.00042707697243092845,
  "num_test_samples": 7396
}