{
  "per_class": {
    "emotion": {
      "precision": 0.8122406639004149,
      "recall": 0.8419354838709677,
      "f1-score": 0.8268215417106652,
      "support": 930.0
    },
    "hate": {
      "precision": 0.9391808026479106,
      "recall": 0.9368551382583574,
      "f1-score": 0.9380165289256198,
      "support": 2423.0
    },
    "offensive": {
      "precision": 0.9047822374039283,
      "recall": 0.8880972338642079,
      "f1-score": 0.8963620981387479,
      "support": 2386.0
    },
    "religion": {
      "precision": 0.9921760391198045,
      "recall": 1.0,
      "f1-score": 0.9960726558664703,
      "support": 2029.0
    },
    "spiritual": {
      "precision": 0.9994152046783625,
      "recall": 0.9994152046783625,
      "f1-score": 0.9994152046783625,
      "support": 1710.0
    }
  },
  "weighted_avg": {
    "precision": 0.9402779599138142,
    "recall": 0.9400717450939017,
    "f1-score": 0.9401254978149205,
    "support": 9478.0
  },
  "micro_avg": {
    "precision": 0.9400717450939017,
    "recall": 0.9400717450939017,
    "f1-score": 0.9400717450939017,
    "support": 9478
  },
  "macro_avg": {
    "precision": 0.9295589895500841,
    "recall": 0.933260612134379,
    "f1-score": 0.9313376058639731,
    "support": 9478.0
  },
  "accuracy": 0.9400717450939017,
  "inference_time_seconds": 7.094189167022705,
  "energy_kwh": 0.0004398669957422323,
  "num_test_samples": 9478
}