{
  "per_class": {
    "age": {
      "precision": 0.9628463476070529,
      "recall": 0.9782469609724888,
      "f1-score": 0.9704855601396382,
      "support": 1563.0
    },
    "ethnicity": {
      "precision": 0.9747843397478434,
      "recall": 0.9892255892255892,
      "f1-score": 0.981951871657754,
      "support": 1485.0
    },
    "gender": {
      "precision": 0.8872282608695652,
      "recall": 0.8975945017182131,
      "f1-score": 0.8923812777587974,
      "support": 1455.0
    },
    "not_cyberbullying": {
      "precision": 0.6654240447343895,
      "recall": 0.5881383855024712,
      "f1-score": 0.6243987756886751,
      "support": 1214.0
    },
    "other_cyberbullying": {
      "precision": 0.6136801541425819,
      "recall": 0.6493374108053007,
      "f1-score": 0.6310054482417038,
      "support": 981.0
    },
    "religion": {
      "precision": 0.9557356608478803,
      "recall": 0.9678030303030303,
      "f1-score": 0.9617314930991218,
      "support": 1584.0
    }
  },
  "weighted_avg": {
    "precision": 0.8653865025000061,
    "recall": 0.8679063028254045,
    "f1-score": 0.8662039800204347,
    "support": 8282.0
  },
  "micro_avg": {
    "precision": 0.8679063028254045,
    "recall": 0.8679063028254045,
    "f1-score": 0.8679063028254045,
    "support": 8282
  },
  "macro_avg": {
    "precision": 0.8432831346582188,
    "recall": 0.8450576464211822,
    "f1-score": 0.8436590710976151,
    "support": 8282.0
  },
  "accuracy": 0.8679063028254045,
  "inference_time_seconds": 6.839224576950073,
  "energy_kwh": 0.00038944266075385884,
  "num_test_samples": 8282
}