{
  "per_class": {
    "Cyberstalking": {
      "precision": 0.65625,
      "recall": 0.7368421052631579,
      "f1-score": 0.6942148760330579,
      "support": 57.0
    },
    "Doxing": {
      "precision": 0.8636363636363636,
      "recall": 0.7307692307692307,
      "f1-score": 0.7916666666666666,
      "support": 78.0
    },
    "Revenge Porn": {
      "precision": 0.6595744680851063,
      "recall": 0.8732394366197183,
      "f1-score": 0.7515151515151515,
      "support": 71.0
    },
    "Sexual Harassment": {
      "precision": 0.9027777777777778,
      "recall": 0.8024691358024691,
      "f1-score": 0.8496732026143791,
      "support": 81.0
    },
    "Slut Shaming": {
      "precision": 0.9375,
      "recall": 0.8426966292134831,
      "f1-score": 0.8875739644970414,
      "support": 89.0
    }
  },
  "weighted_avg": {
    "precision": 0.8195802489299971,
    "recall": 0.800531914893617,
    "f1-score": 0.8045091381475038,
    "support": 376.0
  },
  "micro_avg": {
    "precision": 0.800531914893617,
    "recall": 0.800531914893617,
    "f1-score": 0.800531914893617,
    "support": 376
  },
  "macro_avg": {
    "precision": 0.8039477218998495,
    "recall": 0.7972033075336118,
    "f1-score": 0.7949287722652594,
    "support": 376.0
  },
  "accuracy": 0.800531914893617,
  "inference_time_seconds": 0.2011101245880127,
  "energy_kwh": 2.2808107554809557e-05,
  "num_test_samples": 376
}