{
  "per_class": {
    "Cyberstalking": {
      "precision": 0.9069767441860465,
      "recall": 0.65,
      "f1-score": 0.7572815533980582,
      "support": 60.0
    },
    "Doxing": {
      "precision": 0.6909090909090909,
      "recall": 0.8636363636363636,
      "f1-score": 0.7676767676767676,
      "support": 88.0
    },
    "Revenge Porn": {
      "precision": 0.7948717948717948,
      "recall": 0.8157894736842105,
      "f1-score": 0.8051948051948052,
      "support": 76.0
    },
    "Sexual Harassment": {
      "precision": 0.925531914893617,
      "recall": 0.8787878787878788,
      "f1-score": 0.9015544041450777,
      "support": 99.0
    },
    "Slut Shaming": {
      "precision": 0.8865979381443299,
      "recall": 0.8686868686868687,
      "f1-score": 0.8775510204081632,
      "support": 99.0
    }
  },
  "weighted_avg": {
    "precision": 0.84130264576345,
    "recall": 0.8293838862559242,
    "f1-score": 0.8301390781635429,
    "support": 422.0
  },
  "micro_avg": {
    "precision": 0.8293838862559242,
    "recall": 0.8293838862559242,
    "f1-score": 0.8293838862559242,
    "support": 422
  },
  "macro_avg": {
    "precision": 0.8409774966009756,
    "recall": 0.8153801169590643,
    "f1-score": 0.8218517101645745,
    "support": 422.0
  },
  "accuracy": 0.8293838862559242,
  "inference_time_seconds": 0.26596784591674805,
  "energy_kwh": 3.396178397713499e-05,
  "num_test_samples": 422
}