{
  "per_class": {
    "Cyberstalking": {
      "precision": 0.9024390243902439,
      "recall": 0.7115384615384616,
      "f1-score": 0.7956989247311828,
      "support": 52.0
    },
    "Doxing": {
      "precision": 0.8591549295774648,
      "recall": 0.8243243243243243,
      "f1-score": 0.8413793103448276,
      "support": 74.0
    },
    "Revenge Porn": {
      "precision": 0.7945205479452054,
      "recall": 0.8285714285714286,
      "f1-score": 0.8111888111888111,
      "support": 70.0
    },
    "Sexual Harassment": {
      "precision": 0.7906976744186046,
      "recall": 0.8717948717948718,
      "f1-score": 0.8292682926829268,
      "support": 78.0
    },
    "Slut Shaming": {
      "precision": 0.9130434782608695,
      "recall": 0.9438202247191011,
      "f1-score": 0.9281767955801105,
      "support": 89.0
    }
  },
  "weighted_avg": {
    "precision": 0.8513939960965785,
    "recall": 0.8484848484848485,
    "f1-score": 0.8476922630045554,
    "support": 363.0
  },
  "micro_avg": {
    "precision": 0.8484848484848485,
    "recall": 0.8484848484848485,
    "f1-score": 0.8484848484848485,
    "support": 363
  },
  "macro_avg": {
    "precision": 0.8519711309184776,
    "recall": 0.8360098621896375,
    "f1-score": 0.8411424269055718,
    "support": 363.0
  },
  "accuracy": 0.8484848484848485,
  "inference_time_seconds": 0.2770676612854004,
  "energy_kwh": 1.2994573190245437e-05,
  "num_test_samples": 363
}