{
  "per_class": {
    "Cyberstalking": {
      "precision": 0.8235294117647058,
      "recall": 0.8076923076923077,
      "f1-score": 0.8155339805825242,
      "support": 52.0
    },
    "Doxing": {
      "precision": 0.7972972972972973,
      "recall": 0.7972972972972973,
      "f1-score": 0.7972972972972973,
      "support": 74.0
    },
    "Revenge Porn": {
      "precision": 0.8253968253968254,
      "recall": 0.7428571428571429,
      "f1-score": 0.7819548872180451,
      "support": 70.0
    },
    "Sexual Harassment": {
      "precision": 0.825,
      "recall": 0.8571428571428571,
      "f1-score": 0.8407643312101911,
      "support": 77.0
    },
    "Slut Shaming": {
      "precision": 0.8829787234042553,
      "recall": 0.9325842696629213,
      "f1-score": 0.907103825136612,
      "support": 89.0
    }
  },
  "weighted_avg": {
    "precision": 0.8334569435705006,
    "recall": 0.8342541436464088,
    "f1-score": 0.8331925498229215,
    "support": 362.0
  },
  "micro_avg": {
    "precision": 0.8342541436464088,
    "recall": 0.8342541436464088,
    "f1-score": 0.8342541436464088,
    "support": 362
  },
  "macro_avg": {
    "precision": 0.8308404515726167,
    "recall": 0.8275147749305052,
    "f1-score": 0.8285308642889339,
    "support": 362.0
  },
  "accuracy": 0.8342541436464088,
  "inference_time_seconds": 0.2692270278930664,
  "energy_kwh": 1.232566859603582e-05,
  "num_test_samples": 362
}