{
  "per_class": {
    "Cyberstalking": {
      "precision": 0.8421052631578947,
      "recall": 0.6153846153846154,
      "f1-score": 0.7111111111111111,
      "support": 52.0
    },
    "Doxing": {
      "precision": 0.8529411764705882,
      "recall": 0.7837837837837838,
      "f1-score": 0.8169014084507042,
      "support": 74.0
    },
    "Revenge Porn": {
      "precision": 0.7671232876712328,
      "recall": 0.8,
      "f1-score": 0.7832167832167832,
      "support": 70.0
    },
    "Sexual Harassment": {
      "precision": 0.7553191489361702,
      "recall": 0.9102564102564102,
      "f1-score": 0.8255813953488372,
      "support": 78.0
    },
    "Slut Shaming": {
      "precision": 0.9,
      "recall": 0.9101123595505618,
      "f1-score": 0.9050279329608939,
      "support": 89.0
    }
  },
  "weighted_avg": {
    "precision": 0.8254012245097566,
    "recall": 0.8209366391184573,
    "f1-score": 0.8187231176281916,
    "support": 363.0
  },
  "micro_avg": {
    "precision": 0.8209366391184573,
    "recall": 0.8209366391184573,
    "f1-score": 0.8209366391184573,
    "support": 363
  },
  "macro_avg": {
    "precision": 0.8234977752471773,
    "recall": 0.8039074337950742,
    "f1-score": 0.8083677262176661,
    "support": 363.0
  },
  "accuracy": 0.8209366391184573,
  "inference_time_seconds": 0.07896828651428223,
  "energy_kwh": 8.354963766419135e-07,
  "num_test_samples": 363
}