{
  "per_class": {
    "Cyberstalking": {
      "precision": 0.7301587301587301,
      "recall": 0.7666666666666667,
      "f1-score": 0.7479674796747967,
      "support": 60.0
    },
    "Doxing": {
      "precision": 0.85,
      "recall": 0.7727272727272727,
      "f1-score": 0.8095238095238095,
      "support": 88.0
    },
    "Revenge Porn": {
      "precision": 0.863013698630137,
      "recall": 0.8289473684210527,
      "f1-score": 0.8456375838926175,
      "support": 76.0
    },
    "Sexual Harassment": {
      "precision": 0.8125,
      "recall": 0.9191919191919192,
      "f1-score": 0.8625592417061612,
      "support": 99.0
    },
    "Slut Shaming": {
      "precision": 0.9361702127659575,
      "recall": 0.8888888888888888,
      "f1-score": 0.9119170984455959,
      "support": 99.0
    }
  },
  "weighted_avg": {
    "precision": 0.8467225496901517,
    "recall": 0.8436018957345972,
    "f1-score": 0.8437387631977393,
    "support": 422.0
  },
  "micro_avg": {
    "precision": 0.8436018957345972,
    "recall": 0.8436018957345972,
    "f1-score": 0.8436018957345972,
    "support": 422
  },
  "macro_avg": {
    "precision": 0.838368528310965,
    "recall": 0.8352844231791601,
    "f1-score": 0.8355210426485961,
    "support": 422.0
  },
  "accuracy": 0.8436018957345972,
  "inference_time_seconds": 0.23601055145263672,
  "energy_kwh": 2.5510713643792655e-05,
  "num_test_samples": 422
}