{
  "per_class": {
    "Cyberstalking": {
      "precision": 0.8571428571428571,
      "recall": 0.8076923076923077,
      "f1-score": 0.8316831683168316,
      "support": 52.0
    },
    "Doxing": {
      "precision": 0.8227848101265823,
      "recall": 0.8783783783783784,
      "f1-score": 0.8496732026143791,
      "support": 74.0
    },
    "Revenge Porn": {
      "precision": 0.8307692307692308,
      "recall": 0.7714285714285715,
      "f1-score": 0.8,
      "support": 70.0
    },
    "Sexual Harassment": {
      "precision": 0.7906976744186046,
      "recall": 0.8717948717948718,
      "f1-score": 0.8292682926829268,
      "support": 78.0
    },
    "Slut Shaming": {
      "precision": 0.9411764705882353,
      "recall": 0.8888888888888888,
      "f1-score": 0.9142857142857143,
      "support": 90.0
    }
  },
  "weighted_avg": {
    "precision": 0.8516254165720718,
    "recall": 0.8489010989010989,
    "f1-score": 0.8491537990684667,
    "support": 364.0
  },
  "micro_avg": {
    "precision": 0.8489010989010989,
    "recall": 0.8489010989010989,
    "f1-score": 0.8489010989010989,
    "support": 364
  },
  "macro_avg": {
    "precision": 0.848514208609102,
    "recall": 0.8436366036366035,
    "f1-score": 0.8449820755799704,
    "support": 364.0
  },
  "accuracy": 0.8489010989010989,
  "inference_time_seconds": 0.2755000591278076,
  "energy_kwh": 1.407110241927813e-05,
  "num_test_samples": 364
}