{
  "per_class": {
    "age": {
      "precision": 0.9850931677018634,
      "recall": 0.99125,
      "f1-score": 0.9881619937694704,
      "support": 1600.0
    },
    "ethnicity": {
      "precision": 0.9924194567277321,
      "recall": 0.981875,
      "f1-score": 0.9871190700596921,
      "support": 1600.0
    },
    "gender": {
      "precision": 0.9231253938248267,
      "recall": 0.915053091817614,
      "f1-score": 0.9190715181932246,
      "support": 1601.0
    },
    "other_cyberbullying": {
      "precision": 0.8932275777913362,
      "recall": 0.9144284821986258,
      "f1-score": 0.9037037037037037,
      "support": 1601.0
    },
    "religion": {
      "precision": 0.9955780164245104,
      "recall": 0.985,
      "f1-score": 0.9902607602890355,
      "support": 1600.0
    }
  },
  "weighted_avg": {
    "precision": 0.9578762975411206,
    "recall": 0.9575106223444139,
    "f1-score": 0.9576518431449761,
    "support": 8002.0
  },
  "micro_avg": {
    "precision": 0.9575106223444139,
    "recall": 0.9575106223444139,
    "f1-score": 0.9575106223444139,
    "support": 8002
  },
  "macro_avg": {
    "precision": 0.9578887224940538,
    "recall": 0.957521314803248,
    "f1-score": 0.9576634092030252,
    "support": 8002.0
  },
  "accuracy": 0.9575106223444139,
  "inference_time_seconds": 6.247257947921753,
  "energy_kwh": 0.00043562012905740973,
  "num_test_samples": 8002
}