{
  "per_class": {
    "age": {
      "precision": 0.99,
      "recall": 0.99,
      "f1-score": 0.99,
      "support": 1600.0
    },
    "ethnicity": {
      "precision": 0.9911504424778761,
      "recall": 0.98,
      "f1-score": 0.9855436832181018,
      "support": 1600.0
    },
    "gender": {
      "precision": 0.9103803997421018,
      "recall": 0.8819487820112429,
      "f1-score": 0.8959390862944162,
      "support": 1601.0
    },
    "other_cyberbullying": {
      "precision": 0.8646706586826347,
      "recall": 0.9019362898188632,
      "f1-score": 0.8829104249464995,
      "support": 1601.0
    },
    "religion": {
      "precision": 0.9843652282676673,
      "recall": 0.98375,
      "f1-score": 0.984057517974367,
      "support": 1600.0
    }
  },
  "weighted_avg": {
    "precision": 0.9480982026656927,
    "recall": 0.9475131217195701,
    "f1-score": 0.9476755797806369,
    "support": 8002.0
  },
  "micro_avg": {
    "precision": 0.9475131217195701,
    "recall": 0.9475131217195701,
    "f1-score": 0.9475131217195701,
    "support": 8002
  },
  "macro_avg": {
    "precision": 0.948113345834056,
    "recall": 0.9475270143660213,
    "f1-score": 0.9476901424866769,
    "support": 8002.0
  },
  "accuracy": 0.9475131217195701,
  "inference_time_seconds": 4.883420705795288,
  "energy_kwh": 0.0003103025601521143,
  "num_test_samples": 8002
}