{
  "per_class": {
    "age": {
      "precision": 0.9850560398505604,
      "recall": 0.98875,
      "f1-score": 0.9868995633187773,
      "support": 1600.0
    },
    "ethnicity": {
      "precision": 0.9918136020151134,
      "recall": 0.984375,
      "f1-score": 0.9880803011292346,
      "support": 1600.0
    },
    "gender": {
      "precision": 0.9332477535301669,
      "recall": 0.9081823860087446,
      "f1-score": 0.9205444761000317,
      "support": 1601.0
    },
    "other_cyberbullying": {
      "precision": 0.8920386007237636,
      "recall": 0.9237976264834479,
      "f1-score": 0.9076403804848113,
      "support": 1601.0
    },
    "religion": {
      "precision": 0.9899497487437185,
      "recall": 0.985,
      "f1-score": 0.9874686716791979,
      "support": 1600.0
    }
  },
  "weighted_avg": {
    "precision": 0.9584097073401113,
    "recall": 0.9580104973756561,
    "f1-score": 0.9581156727313008,
    "support": 8002.0
  },
  "micro_avg": {
    "precision": 0.9580104973756561,
    "recall": 0.9580104973756561,
    "f1-score": 0.9580104973756561,
    "support": 8002
  },
  "macro_avg": {
    "precision": 0.9584211489726645,
    "recall": 0.9580210024984386,
    "f1-score": 0.9581266785424105,
    "support": 8002.0
  },
  "accuracy": 0.9580104973756561,
  "inference_time_seconds": 1.8144557476043701,
  "energy_kwh": 9.508706633183921e-05,
  "num_test_samples": 8002
}