{
  "per_class": {
    "emotion": {
      "precision": 0.8154158215010142,
      "recall": 0.8654467168998924,
      "f1-score": 0.8396866840731071,
      "support": 929.0
    },
    "hate": {
      "precision": 0.9318275154004106,
      "recall": 0.9368290668868704,
      "f1-score": 0.9343215976940499,
      "support": 2422.0
    },
    "offensive": {
      "precision": 0.915327833260964,
      "recall": 0.8838574423480083,
      "f1-score": 0.8993174061433447,
      "support": 2385.0
    },
    "religion": {
      "precision": 0.993140617344439,
      "recall": 0.9990142927550517,
      "f1-score": 0.9960687960687961,
      "support": 2029.0
    },
    "spiritual": {
      "precision": 0.9988297249853716,
      "recall": 0.9988297249853716,
      "f1-score": 0.9988297249853716,
      "support": 1709.0
    }
  },
  "weighted_avg": {
    "precision": 0.9414763284139225,
    "recall": 0.9409964112307367,
    "f1-score": 0.9410905045381431,
    "support": 9474.0
  },
  "micro_avg": {
    "precision": 0.9409964112307367,
    "recall": 0.9409964112307367,
    "f1-score": 0.9409964112307367,
    "support": 9474
  },
  "macro_avg": {
    "precision": 0.9309083024984399,
    "recall": 0.9367954487750388,
    "f1-score": 0.9336448417929338,
    "support": 9474.0
  },
  "accuracy": 0.9409964112307367,
  "inference_time_seconds": 3.9528002738952637,
  "energy_kwh": 0.00022452266179556938,
  "num_test_samples": 9474
}