{
  "per_class": {
    "age": {
      "precision": 0.9704251386321626,
      "recall": 0.9856070087609512,
      "f1-score": 0.9779571561626824,
      "support": 1598.0
    },
    "ethnicity": {
      "precision": 0.9916932907348243,
      "recall": 0.9748743718592965,
      "f1-score": 0.9832119100411784,
      "support": 1592.0
    },
    "gender": {
      "precision": 0.8893011750154607,
      "recall": 0.9044025157232705,
      "f1-score": 0.8967882756470221,
      "support": 1590.0
    },
    "not_cyberbullying": {
      "precision": 0.6908037653874004,
      "recall": 0.6011342155009451,
      "f1-score": 0.6428571428571429,
      "support": 1587.0
    },
    "other_cyberbullying": {
      "precision": 0.6883802816901409,
      "recall": 0.7495207667731629,
      "f1-score": 0.7176506576934842,
      "support": 1565.0
    },
    "religion": {
      "precision": 0.9470158343483557,
      "recall": 0.971875,
      "f1-score": 0.959284392350401,
      "support": 1600.0
    }
  },
  "weighted_avg": {
    "precision": 0.8636540086163305,
    "recall": 0.8651909357952161,
    "f1-score": 0.8636314359397312,
    "support": 9532.0
  },
  "micro_avg": {
    "precision": 0.8651909357952161,
    "recall": 0.8651909357952161,
    "f1-score": 0.8651909357952161,
    "support": 9532
  },
  "macro_avg": {
    "precision": 0.8629365809680575,
    "recall": 0.8645689797696043,
    "f1-score": 0.8629582557919853,
    "support": 9532.0
  },
  "accuracy": 0.8651909357952161,
  "inference_time_seconds": 7.611650705337524,
  "energy_kwh": 0.00043978769406626445,
  "num_test_samples": 9532
}