{
  "per_class": {
    "Cyberstalking": {
      "precision": 0.6666666666666666,
      "recall": 0.7368421052631579,
      "f1-score": 0.7,
      "support": 57.0
    },
    "Doxing": {
      "precision": 0.8571428571428571,
      "recall": 0.759493670886076,
      "f1-score": 0.8053691275167785,
      "support": 79.0
    },
    "Revenge Porn": {
      "precision": 0.7792207792207793,
      "recall": 0.8450704225352113,
      "f1-score": 0.8108108108108109,
      "support": 71.0
    },
    "Sexual Harassment": {
      "precision": 0.8192771084337349,
      "recall": 0.8292682926829268,
      "f1-score": 0.8242424242424242,
      "support": 82.0
    },
    "Slut Shaming": {
      "precision": 0.8928571428571429,
      "recall": 0.8522727272727273,
      "f1-score": 0.872093023255814,
      "support": 88.0
    }
  },
  "weighted_avg": {
    "precision": 0.8137695291829068,
    "recall": 0.8090185676392573,
    "f1-score": 0.8101426882646777,
    "support": 377.0
  },
  "micro_avg": {
    "precision": 0.8090185676392573,
    "recall": 0.8090185676392573,
    "f1-score": 0.8090185676392573,
    "support": 377
  },
  "macro_avg": {
    "precision": 0.8030329108642361,
    "recall": 0.8045894437280199,
    "f1-score": 0.8025030771651656,
    "support": 377.0
  },
  "accuracy": 0.8090185676392573,
  "inference_time_seconds": 0.061139822006225586,
  "energy_kwh": 1.5221930281320682e-06,
  "num_test_samples": 377
}