{
  "per_class": {
    "emotion": {
      "precision": 0.8937007874015748,
      "recall": 0.9025844930417495,
      "f1-score": 0.8981206726013847,
      "support": 1006.0
    },
    "hate": {
      "precision": 0.9656669297553275,
      "recall": 0.9660481642321358,
      "f1-score": 0.9658575093743833,
      "support": 2533.0
    },
    "offensive": {
      "precision": 0.9631220909416398,
      "recall": 0.957977207977208,
      "f1-score": 0.9605427602213891,
      "support": 2808.0
    },
    "religion": {
      "precision": 0.9966362325804902,
      "recall": 1.0,
      "f1-score": 0.9983152827918171,
      "support": 2074.0
    },
    "spiritual": {
      "precision": 1.0,
      "recall": 0.9982668977469671,
      "f1-score": 0.9991326973113617,
      "support": 1731.0
    }
  },
  "weighted_avg": {
    "precision": 0.9700125790910452,
    "recall": 0.969956658786446,
    "f1-score": 0.9699798201477702,
    "support": 10152.0
  },
  "micro_avg": {
    "precision": 0.969956658786446,
    "recall": 0.969956658786446,
    "f1-score": 0.969956658786446,
    "support": 10152
  },
  "macro_avg": {
    "precision": 0.9638252081358065,
    "recall": 0.9649753525996122,
    "f1-score": 0.9643937844600673,
    "support": 10152.0
  },
  "accuracy": 0.969956658786446,
  "inference_time_seconds": 4.316974401473999,
  "energy_kwh": 0.000235923309647779,
  "num_test_samples": 10152
}