{
  "per_class": {
    "age": {
      "precision": 0.9843260188087775,
      "recall": 0.9824780976220275,
      "f1-score": 0.983401190103351,
      "support": 1598.0
    },
    "ethnicity": {
      "precision": 0.9816571790006325,
      "recall": 0.9748743718592965,
      "f1-score": 0.978254018279231,
      "support": 1592.0
    },
    "gender": {
      "precision": 0.8831488314883149,
      "recall": 0.9031446540880503,
      "f1-score": 0.8930348258706468,
      "support": 1590.0
    },
    "not_cyberbullying": {
      "precision": 0.6650141643059491,
      "recall": 0.5916824196597353,
      "f1-score": 0.6262087362454152,
      "support": 1587.0
    },
    "other_cyberbullying": {
      "precision": 0.6601769911504425,
      "recall": 0.7150159744408946,
      "f1-score": 0.6865030674846626,
      "support": 1565.0
    },
    "religion": {
      "precision": 0.9593345656192237,
      "recall": 0.973125,
      "f1-score": 0.9661805771020788,
      "support": 1600.0
    }
  },
  "weighted_avg": {
    "precision": 0.8564254746104275,
    "recall": 0.857427612253462,
    "f1-score": 0.8563617667245401,
    "support": 9532.0
  },
  "micro_avg": {
    "precision": 0.857427612253462,
    "recall": 0.857427612253462,
    "f1-score": 0.857427612253462,
    "support": 9532
  },
  "macro_avg": {
    "precision": 0.8556096250622235,
    "recall": 0.856720086278334,
    "f1-score": 0.8555970691808975,
    "support": 9532.0
  },
  "accuracy": 0.857427612253462,
  "inference_time_seconds": 7.6921093463897705,
  "energy_kwh": 0.00043646020233367266,
  "num_test_samples": 9532
}