{
  "per_class": {
    "emotion": {
      "precision": 0.8456659619450317,
      "recall": 0.8519701810436635,
      "f1-score": 0.8488063660477454,
      "support": 939.0
    },
    "hate": {
      "precision": 0.9527055815935237,
      "recall": 0.9274160099543758,
      "f1-score": 0.9398907103825137,
      "support": 2411.0
    },
    "offensive": {
      "precision": 0.8963795255930087,
      "recall": 0.9119390347163421,
      "f1-score": 0.9040923399790136,
      "support": 2362.0
    },
    "religion": {
      "precision": 0.9926864943929791,
      "recall": 0.9995090819833088,
      "f1-score": 0.9960861056751468,
      "support": 2037.0
    },
    "spiritual": {
      "precision": 0.9976662777129521,
      "recall": 0.9988317757009346,
      "f1-score": 0.9982486865148862,
      "support": 1712.0
    }
  },
  "weighted_avg": {
    "precision": 0.9447636604441527,
    "recall": 0.9445090370996724,
    "f1-score": 0.9445725542812876,
    "support": 9461.0
  },
  "micro_avg": {
    "precision": 0.9445090370996724,
    "recall": 0.9445090370996724,
    "f1-score": 0.9445090370996724,
    "support": 9461
  },
  "macro_avg": {
    "precision": 0.9370207682474991,
    "recall": 0.937933216679725,
    "f1-score": 0.9374248417198612,
    "support": 9461.0
  },
  "accuracy": 0.9445090370996724,
  "inference_time_seconds": 7.211002349853516,
  "energy_kwh": 0.00045440565540551546,
  "num_test_samples": 9461
}