{
  "per_class": {
    "age": {
      "precision": 0.9924764890282132,
      "recall": 0.989375,
      "f1-score": 0.9909233176838811,
      "support": 1600.0
    },
    "ethnicity": {
      "precision": 0.9911783238815375,
      "recall": 0.983125,
      "f1-score": 0.9871352368999059,
      "support": 1600.0
    },
    "gender": {
      "precision": 0.927143778207608,
      "recall": 0.8981886321049344,
      "f1-score": 0.9124365482233503,
      "support": 1601.0
    },
    "other_cyberbullying": {
      "precision": 0.88,
      "recall": 0.9206745783885072,
      "f1-score": 0.8998778998778999,
      "support": 1601.0
    },
    "religion": {
      "precision": 0.9899623588456713,
      "recall": 0.98625,
      "f1-score": 0.9881026925485284,
      "support": 1600.0
    }
  },
  "weighted_avg": {
    "precision": 0.9561390482028311,
    "recall": 0.9555111222194451,
    "f1-score": 0.9556827576633098,
    "support": 8002.0
  },
  "micro_avg": {
    "precision": 0.9555111222194451,
    "recall": 0.9555111222194451,
    "f1-score": 0.9555111222194451,
    "support": 8002
  },
  "macro_avg": {
    "precision": 0.956152189992606,
    "recall": 0.9555226420986884,
    "f1-score": 0.9556951390467132,
    "support": 8002.0
  },
  "accuracy": 0.9555111222194451,
  "inference_time_seconds": 13.28343915939331,
  "energy_kwh": 0.0008295577182708116,
  "num_test_samples": 8002
}