{
  "per_class": {
    "Cyberstalking": {
      "precision": 0.9166666666666666,
      "recall": 0.8301886792452831,
      "f1-score": 0.8712871287128713,
      "support": 53.0
    },
    "Doxing": {
      "precision": 0.8571428571428571,
      "recall": 0.8918918918918919,
      "f1-score": 0.8741721854304636,
      "support": 74.0
    },
    "Revenge Porn": {
      "precision": 0.8769230769230769,
      "recall": 0.8142857142857143,
      "f1-score": 0.8444444444444444,
      "support": 70.0
    },
    "Sexual Harassment": {
      "precision": 0.8192771084337349,
      "recall": 0.8831168831168831,
      "f1-score": 0.85,
      "support": 77.0
    },
    "Slut Shaming": {
      "precision": 0.9222222222222223,
      "recall": 0.9325842696629213,
      "f1-score": 0.9273743016759777,
      "support": 89.0
    }
  },
  "weighted_avg": {
    "precision": 0.8775719979991612,
    "recall": 0.8760330578512396,
    "f1-score": 0.8759349407821202,
    "support": 363.0
  },
  "micro_avg": {
    "precision": 0.8760330578512396,
    "recall": 0.8760330578512396,
    "f1-score": 0.8760330578512396,
    "support": 363
  },
  "macro_avg": {
    "precision": 0.8784463862777117,
    "recall": 0.8704134876405387,
    "f1-score": 0.8734556120527515,
    "support": 363.0
  },
  "accuracy": 0.8760330578512396,
  "inference_time_seconds": 0.16222262382507324,
  "energy_kwh": 6.94619117671588e-06,
  "num_test_samples": 363
}