{
  "per_class": {
    "age": {
      "precision": 0.9758064516129032,
      "recall": 0.9843554443053817,
      "f1-score": 0.9800623052959502,
      "support": 1598.0
    },
    "ethnicity": {
      "precision": 0.989192625556262,
      "recall": 0.9773869346733668,
      "f1-score": 0.9832543443917852,
      "support": 1592.0
    },
    "gender": {
      "precision": 0.9207077326343381,
      "recall": 0.8836477987421384,
      "f1-score": 0.9017971758664955,
      "support": 1590.0
    },
    "not_cyberbullying": {
      "precision": 0.7448529411764706,
      "recall": 0.6383112791430372,
      "f1-score": 0.6874787919918561,
      "support": 1587.0
    },
    "other_cyberbullying": {
      "precision": 0.6991780821917808,
      "recall": 0.8153354632587859,
      "f1-score": 0.752802359882006,
      "support": 1565.0
    },
    "religion": {
      "precision": 0.9529339853300733,
      "recall": 0.974375,
      "f1-score": 0.9635352286773795,
      "support": 1600.0
    }
  },
  "weighted_avg": {
    "precision": 0.8811422951381556,
    "recall": 0.8793537557700377,
    "f1-score": 0.8787409664029165,
    "support": 9532.0
  },
  "micro_avg": {
    "precision": 0.8793537557700377,
    "recall": 0.8793537557700377,
    "f1-score": 0.8793537557700377,
    "support": 9532
  },
  "macro_avg": {
    "precision": 0.8804453030836381,
    "recall": 0.8789019866871185,
    "f1-score": 0.8781550343509122,
    "support": 9532.0
  },
  "accuracy": 0.8793537557700377,
  "inference_time_seconds": 7.2159388065338135,
  "energy_kwh": 0.00045499935959471385,
  "num_test_samples": 9532
}