{
  "per_class": {
    "Cyberstalking": {
      "precision": 0.7321428571428571,
      "recall": 0.7192982456140351,
      "f1-score": 0.7256637168141593,
      "support": 57.0
    },
    "Doxing": {
      "precision": 0.8615384615384616,
      "recall": 0.7088607594936709,
      "f1-score": 0.7777777777777778,
      "support": 79.0
    },
    "Revenge Porn": {
      "precision": 0.6966292134831461,
      "recall": 0.8732394366197183,
      "f1-score": 0.775,
      "support": 71.0
    },
    "Sexual Harassment": {
      "precision": 0.8192771084337349,
      "recall": 0.8292682926829268,
      "f1-score": 0.8242424242424242,
      "support": 82.0
    },
    "Slut Shaming": {
      "precision": 0.8941176470588236,
      "recall": 0.8539325842696629,
      "f1-score": 0.8735632183908046,
      "support": 89.0
    }
  },
  "weighted_avg": {
    "precision": 0.8095543623168948,
    "recall": 0.8015873015873016,
    "f1-score": 0.8020298453108782,
    "support": 378.0
  },
  "micro_avg": {
    "precision": 0.8015873015873016,
    "recall": 0.8015873015873016,
    "f1-score": 0.8015873015873016,
    "support": 378
  },
  "macro_avg": {
    "precision": 0.8007410575314047,
    "recall": 0.7969198637360028,
    "f1-score": 0.7952494274450332,
    "support": 378.0
  },
  "accuracy": 0.8015873015873016,
  "inference_time_seconds": 0.2811269760131836,
  "energy_kwh": 1.3377463133822434e-05,
  "num_test_samples": 378
}