{
  "per_class": {
    "age": {
      "precision": 0.9808049535603716,
      "recall": 0.99,
      "f1-score": 0.9853810264385692,
      "support": 1600.0
    },
    "ethnicity": {
      "precision": 0.9880728185812931,
      "recall": 0.98375,
      "f1-score": 0.9859066708424679,
      "support": 1600.0
    },
    "gender": {
      "precision": 0.9198497182216656,
      "recall": 0.9175515302935665,
      "f1-score": 0.9186991869918699,
      "support": 1601.0
    },
    "other_cyberbullying": {
      "precision": 0.904375,
      "recall": 0.9038101186758276,
      "f1-score": 0.9040924711027803,
      "support": 1601.0
    },
    "religion": {
      "precision": 0.9874765184721352,
      "recall": 0.985625,
      "f1-score": 0.9865498905223647,
      "support": 1600.0
    }
  },
  "weighted_avg": {
    "precision": 0.9561048036559568,
    "recall": 0.9561359660084979,
    "f1-score": 0.9561146694695049,
    "support": 8002.0
  },
  "micro_avg": {
    "precision": 0.9561359660084979,
    "recall": 0.9561359660084979,
    "f1-score": 0.9561359660084979,
    "support": 8002
  },
  "macro_avg": {
    "precision": 0.9561158017670932,
    "recall": 0.9561473297938787,
    "f1-score": 0.9561258491796103,
    "support": 8002.0
  },
  "accuracy": 0.9561359660084979,
  "inference_time_seconds": 3.4499778747558594,
  "energy_kwh": 0.00018949782664291778,
  "num_test_samples": 8002
}