{
  "per_class": {
    "emotion": {
      "precision": 0.8321013727560718,
      "recall": 0.8482238966630786,
      "f1-score": 0.8400852878464818,
      "support": 929.0
    },
    "hate": {
      "precision": 0.9356029532403609,
      "recall": 0.9417836498761354,
      "f1-score": 0.9386831275720164,
      "support": 2422.0
    },
    "offensive": {
      "precision": 0.9060230670653567,
      "recall": 0.8885630498533724,
      "f1-score": 0.8972081218274112,
      "support": 2387.0
    },
    "religion": {
      "precision": 0.9946078431372549,
      "recall": 1.0,
      "f1-score": 0.9972966330793807,
      "support": 2029.0
    },
    "spiritual": {
      "precision": 0.9988297249853716,
      "recall": 0.9994145199063232,
      "f1-score": 0.9991220368744512,
      "support": 1708.0
    }
  },
  "weighted_avg": {
    "precision": 0.9420358916225917,
    "recall": 0.9420580474934037,
    "f1-score": 0.942013811260207,
    "support": 9475.0
  },
  "micro_avg": {
    "precision": 0.9420580474934037,
    "recall": 0.9420580474934037,
    "f1-score": 0.9420580474934037,
    "support": 9475
  },
  "macro_avg": {
    "precision": 0.9334329922368833,
    "recall": 0.9355970232597819,
    "f1-score": 0.9344790414399482,
    "support": 9475.0
  },
  "accuracy": 0.9420580474934037,
  "inference_time_seconds": 7.5574235916137695,
  "energy_kwh": 0.0004315281295788171,
  "num_test_samples": 9475
}