{
  "per_class": {
    "age": {
      "precision": 0.9764181007010835,
      "recall": 0.9807938540332907,
      "f1-score": 0.9786010859150431,
      "support": 1562.0
    },
    "ethnicity": {
      "precision": 0.9773936170212766,
      "recall": 0.9925725860904794,
      "f1-score": 0.9849246231155779,
      "support": 1481.0
    },
    "gender": {
      "precision": 0.9022662889518414,
      "recall": 0.8743994509265615,
      "f1-score": 0.8881143255489717,
      "support": 1457.0
    },
    "not_cyberbullying": {
      "precision": 0.636963696369637,
      "recall": 0.6348684210526315,
      "f1-score": 0.6359143327841845,
      "support": 1216.0
    },
    "other_cyberbullying": {
      "precision": 0.6326742976066597,
      "recall": 0.6197757390417941,
      "f1-score": 0.6261585993820803,
      "support": 981.0
    },
    "religion": {
      "precision": 0.9488601355514479,
      "recall": 0.9722222222222222,
      "f1-score": 0.9603991269098846,
      "support": 1584.0
    }
  },
  "weighted_avg": {
    "precision": 0.8677071366450357,
    "recall": 0.8689771766694844,
    "f1-score": 0.8682570301947792,
    "support": 8281.0
  },
  "micro_avg": {
    "precision": 0.8689771766694844,
    "recall": 0.8689771766694844,
    "f1-score": 0.8689771766694844,
    "support": 8281
  },
  "macro_avg": {
    "precision": 0.8457626893669912,
    "recall": 0.8457720455611631,
    "f1-score": 0.8456853489426237,
    "support": 8281.0
  },
  "accuracy": 0.8689771766694844,
  "inference_time_seconds": 10.579496383666992,
  "energy_kwh": 0.0006383948305262292,
  "num_test_samples": 8281
}