{
  "per_class": {
    "age": {
      "precision": 0.9885859226379201,
      "recall": 0.9879594423320659,
      "f1-score": 0.9882725832012679,
      "support": 1578.0
    },
    "ethnicity": {
      "precision": 0.9892110586648685,
      "recall": 0.9845637583892617,
      "f1-score": 0.9868819374369324,
      "support": 1490.0
    },
    "gender": {
      "precision": 0.9385593220338984,
      "recall": 0.8943472409152086,
      "f1-score": 0.9159200551343901,
      "support": 1486.0
    },
    "other_cyberbullying": {
      "precision": 0.8462099125364432,
      "recall": 0.9185126582278481,
      "f1-score": 0.8808801213960546,
      "support": 1264.0
    },
    "religion": {
      "precision": 0.9955156950672646,
      "recall": 0.9767441860465116,
      "f1-score": 0.9860406091370558,
      "support": 1591.0
    }
  },
  "weighted_avg": {
    "precision": 0.9558762337931903,
    "recall": 0.9542448373599676,
    "f1-score": 0.954680592196518,
    "support": 7409.0
  },
  "micro_avg": {
    "precision": 0.9542448373599676,
    "recall": 0.9542448373599676,
    "f1-score": 0.9542448373599676,
    "support": 7409
  },
  "macro_avg": {
    "precision": 0.951616382188079,
    "recall": 0.9524254571821793,
    "f1-score": 0.9515990612611402,
    "support": 7409.0
  },
  "accuracy": 0.9542448373599676,
  "inference_time_seconds": 3.874800682067871,
  "energy_kwh": 0.0002377240858263957,
  "num_test_samples": 7409
}