{
  "per_class": {
    "age": {
      "precision": 0.9862928348909658,
      "recall": 0.989375,
      "f1-score": 0.9878315132605304,
      "support": 1600.0
    },
    "ethnicity": {
      "precision": 0.9918032786885246,
      "recall": 0.983125,
      "f1-score": 0.9874450721908349,
      "support": 1600.0
    },
    "gender": {
      "precision": 0.9235372340425532,
      "recall": 0.8675827607745159,
      "f1-score": 0.8946859903381642,
      "support": 1601.0
    },
    "other_cyberbullying": {
      "precision": 0.8504074505238649,
      "recall": 0.9125546533416614,
      "f1-score": 0.8803856583308225,
      "support": 1601.0
    },
    "religion": {
      "precision": 0.9874134675896791,
      "recall": 0.980625,
      "f1-score": 0.9840075258701787,
      "support": 1600.0
    }
  },
  "weighted_avg": {
    "precision": 0.947875627325857,
    "recall": 0.9466383404148963,
    "f1-score": 0.9468563218737215,
    "support": 8002.0
  },
  "micro_avg": {
    "precision": 0.9466383404148963,
    "recall": 0.9466383404148963,
    "f1-score": 0.9466383404148963,
    "support": 8002
  },
  "macro_avg": {
    "precision": 0.9478908531471175,
    "recall": 0.9466524828232356,
    "f1-score": 0.9468711519981061,
    "support": 8002.0
  },
  "accuracy": 0.9466383404148963,
  "inference_time_seconds": 6.196793079376221,
  "energy_kwh": 0.0003947544639610129,
  "num_test_samples": 8002
}