{
  "per_class": {
    "Cyberstalking": {
      "precision": 0.8301886792452831,
      "recall": 0.7333333333333333,
      "f1-score": 0.7787610619469026,
      "support": 60.0
    },
    "Doxing": {
      "precision": 0.6991150442477876,
      "recall": 0.8977272727272727,
      "f1-score": 0.7860696517412935,
      "support": 88.0
    },
    "Revenge Porn": {
      "precision": 0.8695652173913043,
      "recall": 0.7894736842105263,
      "f1-score": 0.8275862068965517,
      "support": 76.0
    },
    "Sexual Harassment": {
      "precision": 0.9753086419753086,
      "recall": 0.797979797979798,
      "f1-score": 0.8777777777777778,
      "support": 99.0
    },
    "Slut Shaming": {
      "precision": 0.8679245283018868,
      "recall": 0.9292929292929293,
      "f1-score": 0.8975609756097561,
      "support": 99.0
    }
  },
  "weighted_avg": {
    "precision": 0.8528447512504829,
    "recall": 0.8388625592417062,
    "f1-score": 0.840177444027374,
    "support": 422.0
  },
  "micro_avg": {
    "precision": 0.8388625592417062,
    "recall": 0.8388625592417062,
    "f1-score": 0.8388625592417062,
    "support": 422
  },
  "macro_avg": {
    "precision": 0.8484204222323142,
    "recall": 0.8295614035087719,
    "f1-score": 0.8335511347944564,
    "support": 422.0
  },
  "accuracy": 0.8388625592417062,
  "inference_time_seconds": 0.6599647998809814,
  "energy_kwh": 4.284984256813027e-05,
  "num_test_samples": 422
}