{
  "per_class": {
    "emotion": {
      "precision": 0.8717647058823529,
      "recall": 0.7908217716115261,
      "f1-score": 0.8293228875209849,
      "support": 937.0
    },
    "hate": {
      "precision": 0.9499579478553406,
      "recall": 0.9354037267080745,
      "f1-score": 0.9426246609639057,
      "support": 2415.0
    },
    "offensive": {
      "precision": 0.884180790960452,
      "recall": 0.9264270613107822,
      "f1-score": 0.9048110675201322,
      "support": 2365.0
    },
    "religion": {
      "precision": 0.99462890625,
      "recall": 1.0,
      "f1-score": 0.9973072215422276,
      "support": 2037.0
    },
    "spiritual": {
      "precision": 0.9988324576765908,
      "recall": 0.9988324576765908,
      "f1-score": 0.9988324576765908,
      "support": 1713.0
    }
  },
  "weighted_avg": {
    "precision": 0.9442419590298015,
    "recall": 0.9442273159395795,
    "f1-score": 0.9439006112603384,
    "support": 9467.0
  },
  "micro_avg": {
    "precision": 0.9442273159395795,
    "recall": 0.9442273159395795,
    "f1-score": 0.9442273159395795,
    "support": 9467
  },
  "macro_avg": {
    "precision": 0.9398729617249473,
    "recall": 0.9302970034613948,
    "f1-score": 0.9345796590447684,
    "support": 9467.0
  },
  "accuracy": 0.9442273159395795,
  "inference_time_seconds": 7.305365562438965,
  "energy_kwh": 0.0004873167014798557,
  "num_test_samples": 9467
}