{
  "per_class": {
    "age": {
      "precision": 0.9954427083333334,
      "recall": 0.9695624603677869,
      "f1-score": 0.9823321554770318,
      "support": 1577.0
    },
    "ethnicity": {
      "precision": 0.9958534899792675,
      "recall": 0.9736486486486486,
      "f1-score": 0.9846258968226853,
      "support": 1480.0
    },
    "gender": {
      "precision": 0.9281391830559758,
      "recall": 0.8358310626702997,
      "f1-score": 0.8795698924731182,
      "support": 1468.0
    },
    "not_cyberbullying": {
      "precision": 0.5980479148181012,
      "recall": 0.5602660016625104,
      "f1-score": 0.5785407725321888,
      "support": 1203.0
    },
    "other_cyberbullying": {
      "precision": 0.5994659546061415,
      "recall": 0.740924092409241,
      "f1-score": 0.6627306273062731,
      "support": 1212.0
    },
    "religion": {
      "precision": 0.95625,
      "recall": 0.9622641509433962,
      "f1-score": 0.9592476489028213,
      "support": 1590.0
    }
  },
  "weighted_avg": {
    "precision": 0.8643172937216852,
    "recall": 0.855685814771395,
    "f1-score": 0.8583834197001527,
    "support": 8530.0
  },
  "micro_avg": {
    "precision": 0.855685814771395,
    "recall": 0.855685814771395,
    "f1-score": 0.855685814771395,
    "support": 8530
  },
  "macro_avg": {
    "precision": 0.8455332084654699,
    "recall": 0.8404160694503139,
    "f1-score": 0.8411744989190199,
    "support": 8530.0
  },
  "accuracy": 0.855685814771395,
  "inference_time_seconds": 7.5968592166900635,
  "energy_kwh": 0.00038086297650480094,
  "num_test_samples": 8530
}