{
  "per_class": {
    "emotion": {
      "precision": 0.8516129032258064,
      "recall": 0.8516129032258064,
      "f1-score": 0.8516129032258064,
      "support": 930.0
    },
    "hate": {
      "precision": 0.9171644763042612,
      "recall": 0.9508670520231214,
      "f1-score": 0.9337117372795459,
      "support": 2422.0
    },
    "offensive": {
      "precision": 0.9205933682373473,
      "recall": 0.8832147341984093,
      "f1-score": 0.9015167699209571,
      "support": 2389.0
    },
    "religion": {
      "precision": 0.9941118743866536,
      "recall": 0.9990138067061144,
      "f1-score": 0.9965568125922283,
      "support": 2028.0
    },
    "spiritual": {
      "precision": 0.9994138335287222,
      "recall": 0.9982435597189696,
      "f1-score": 0.9988283538371412,
      "support": 1708.0
    }
  },
  "weighted_avg": {
    "precision": 0.9428856839982203,
    "recall": 0.9429144243959059,
    "f1-score": 0.9427233761024695,
    "support": 9477.0
  },
  "micro_avg": {
    "precision": 0.9429144243959059,
    "recall": 0.9429144243959059,
    "f1-score": 0.9429144243959059,
    "support": 9477
  },
  "macro_avg": {
    "precision": 0.9365792911365581,
    "recall": 0.9365904111744843,
    "f1-score": 0.9364453153711357,
    "support": 9477.0
  },
  "accuracy": 0.9429144243959059,
  "inference_time_seconds": 7.701943397521973,
  "energy_kwh": 0.0004691052359970009,
  "num_test_samples": 9477
}