{
  "per_class": {
    "age": {
      "precision": 0.9757914338919925,
      "recall": 0.983729662077597,
      "f1-score": 0.9797444686818323,
      "support": 1598.0
    },
    "ethnicity": {
      "precision": 0.9936020473448497,
      "recall": 0.9755025125628141,
      "f1-score": 0.9844690966719493,
      "support": 1592.0
    },
    "gender": {
      "precision": 0.8730350665054414,
      "recall": 0.9081761006289308,
      "f1-score": 0.8902589395807645,
      "support": 1590.0
    },
    "not_cyberbullying": {
      "precision": 0.720734506503443,
      "recall": 0.5935727788279773,
      "f1-score": 0.6510020732550104,
      "support": 1587.0
    },
    "other_cyberbullying": {
      "precision": 0.6952814098919841,
      "recall": 0.7814696485623003,
      "f1-score": 0.7358604091456077,
      "support": 1565.0
    },
    "religion": {
      "precision": 0.9517704517704517,
      "recall": 0.974375,
      "f1-score": 0.9629400864731316,
      "support": 1600.0
    }
  },
  "weighted_avg": {
    "precision": 0.8690735121286928,
    "recall": 0.8700167855644146,
    "f1-score": 0.8680113455428364,
    "support": 9532.0
  },
  "micro_avg": {
    "precision": 0.8700167855644146,
    "recall": 0.8700167855644146,
    "f1-score": 0.8700167855644146,
    "support": 9532
  },
  "macro_avg": {
    "precision": 0.8683691526513604,
    "recall": 0.8694709504432699,
    "f1-score": 0.8673791789680493,
    "support": 9532.0
  },
  "accuracy": 0.8700167855644146,
  "inference_time_seconds": 8.963527917861938,
  "energy_kwh": 0.00045740235705406376,
  "num_test_samples": 9532
}