{
  "per_class": {
    "age": {
      "precision": 0.97702616464582,
      "recall": 0.9795265515035189,
      "f1-score": 0.9782747603833866,
      "support": 1563.0
    },
    "ethnicity": {
      "precision": 0.9676354029062088,
      "recall": 0.9871967654986523,
      "f1-score": 0.9773182121414277,
      "support": 1484.0
    },
    "gender": {
      "precision": 0.8825155494125777,
      "recall": 0.8770604395604396,
      "f1-score": 0.8797795384085428,
      "support": 1456.0
    },
    "not_cyberbullying": {
      "precision": 0.6325823223570191,
      "recall": 0.6013179571663921,
      "f1-score": 0.6165540540540541,
      "support": 1214.0
    },
    "other_cyberbullying": {
      "precision": 0.617,
      "recall": 0.6276703967446592,
      "f1-score": 0.6222894604135148,
      "support": 983.0
    },
    "religion": {
      "precision": 0.9563046192259675,
      "recall": 0.9671717171717171,
      "f1-score": 0.9617074701820465,
      "support": 1584.0
    }
  },
  "weighted_avg": {
    "precision": 0.8615714545381817,
    "recall": 0.8633510381458233,
    "f1-score": 0.8623725831960911,
    "support": 8284.0
  },
  "micro_avg": {
    "precision": 0.8633510381458233,
    "recall": 0.8633510381458233,
    "f1-score": 0.8633510381458233,
    "support": 8284
  },
  "macro_avg": {
    "precision": 0.8388440097579322,
    "recall": 0.8399906379408967,
    "f1-score": 0.839320582597162,
    "support": 8284.0
  },
  "accuracy": 0.8633510381458233,
  "inference_time_seconds": 10.043168067932129,
  "energy_kwh": 0.0005847182985186982,
  "num_test_samples": 8284
}