{
  "per_class": {
    "emotion": {
      "precision": 0.8727678571428571,
      "recall": 0.8345784418356457,
      "f1-score": 0.8532460447354064,
      "support": 937.0
    },
    "hate": {
      "precision": 0.9473905723905723,
      "recall": 0.9324772162386081,
      "f1-score": 0.939874739039666,
      "support": 2414.0
    },
    "offensive": {
      "precision": 0.897119341563786,
      "recall": 0.9229466553767993,
      "f1-score": 0.9098497495826378,
      "support": 2362.0
    },
    "religion": {
      "precision": 0.99365234375,
      "recall": 1.0,
      "f1-score": 0.9968160666176831,
      "support": 2035.0
    },
    "spiritual": {
      "precision": 1.0,
      "recall": 0.9988338192419826,
      "f1-score": 0.9994165694282381,
      "support": 1715.0
    }
  },
  "weighted_avg": {
    "precision": 0.9469367777870245,
    "recall": 0.946951283948008,
    "f1-score": 0.9468386753259466,
    "support": 9463.0
  },
  "micro_avg": {
    "precision": 0.946951283948008,
    "recall": 0.946951283948008,
    "f1-score": 0.946951283948008,
    "support": 9463
  },
  "macro_avg": {
    "precision": 0.9421860229694431,
    "recall": 0.9377672265386071,
    "f1-score": 0.9398406338807263,
    "support": 9463.0
  },
  "accuracy": 0.946951283948008,
  "inference_time_seconds": 3.6152167320251465,
  "energy_kwh": 0.00023583215110049822,
  "num_test_samples": 9463
}