{
  "per_class": {
    "Cyberstalking": {
      "precision": 0.9375,
      "recall": 0.5357142857142857,
      "f1-score": 0.6818181818181818,
      "support": 56.0
    },
    "Doxing": {
      "precision": 0.47468354430379744,
      "recall": 0.9493670886075949,
      "f1-score": 0.6329113924050633,
      "support": 79.0
    },
    "Revenge Porn": {
      "precision": 0.8125,
      "recall": 0.7323943661971831,
      "f1-score": 0.7703703703703704,
      "support": 71.0
    },
    "Sexual Harassment": {
      "precision": 0.9482758620689655,
      "recall": 0.6707317073170732,
      "f1-score": 0.7857142857142857,
      "support": 82.0
    },
    "Slut Shaming": {
      "precision": 1.0,
      "recall": 0.7272727272727273,
      "f1-score": 0.8421052631578947,
      "support": 88.0
    }
  },
  "weighted_avg": {
    "precision": 0.8336332997065298,
    "recall": 0.7340425531914894,
    "f1-score": 0.7484360347462251,
    "support": 376.0
  },
  "micro_avg": {
    "precision": 0.7340425531914894,
    "recall": 0.7340425531914894,
    "f1-score": 0.7340425531914894,
    "support": 376
  },
  "macro_avg": {
    "precision": 0.8345918812745525,
    "recall": 0.7230960350217728,
    "f1-score": 0.7425838986931591,
    "support": 376.0
  },
  "accuracy": 0.7340425531914894,
  "inference_time_seconds": 0.33321380615234375,
  "energy_kwh": 2.2893079111621184e-05,
  "num_test_samples": 376
}