{
  "per_class": {
    "age": {
      "precision": 0.9768934531450578,
      "recall": 0.9731457800511509,
      "f1-score": 0.9750160153747598,
      "support": 1564.0
    },
    "ethnicity": {
      "precision": 0.9792364367046216,
      "recall": 0.9851752021563343,
      "f1-score": 0.9821968424588512,
      "support": 1484.0
    },
    "gender": {
      "precision": 0.8906574394463668,
      "recall": 0.8851444291609354,
      "f1-score": 0.8878923766816144,
      "support": 1454.0
    },
    "not_cyberbullying": {
      "precision": 0.6447368421052632,
      "recall": 0.6044407894736842,
      "f1-score": 0.6239388794567062,
      "support": 1216.0
    },
    "other_cyberbullying": {
      "precision": 0.6314779270633397,
      "recall": 0.6707441386340469,
      "f1-score": 0.6505190311418685,
      "support": 981.0
    },
    "religion": {
      "precision": 0.9526184538653366,
      "recall": 0.965255843335439,
      "f1-score": 0.9588955130216504,
      "support": 1583.0
    }
  },
  "weighted_avg": {
    "precision": 0.8678506409878665,
    "recall": 0.8683892779521855,
    "f1-score": 0.867942661438412,
    "support": 8282.0
  },
  "micro_avg": {
    "precision": 0.8683892779521855,
    "recall": 0.8683892779521855,
    "f1-score": 0.8683892779521855,
    "support": 8282
  },
  "macro_avg": {
    "precision": 0.8459367587216643,
    "recall": 0.847317697135265,
    "f1-score": 0.8464097763559084,
    "support": 8282.0
  },
  "accuracy": 0.8683892779521855,
  "inference_time_seconds": 6.478179931640625,
  "energy_kwh": 0.0003828044501156272,
  "num_test_samples": 8282
}