{
  "per_class": {
    "age": {
      "precision": 0.9848580441640379,
      "recall": 0.9911111111111112,
      "f1-score": 0.9879746835443038,
      "support": 1575.0
    },
    "ethnicity": {
      "precision": 0.9938775510204082,
      "recall": 0.9772575250836121,
      "f1-score": 0.9854974704890388,
      "support": 1495.0
    },
    "gender": {
      "precision": 0.9383070301291249,
      "recall": 0.8790322580645161,
      "f1-score": 0.9077029840388618,
      "support": 1488.0
    },
    "other_cyberbullying": {
      "precision": 0.8420669577874818,
      "recall": 0.9146245059288538,
      "f1-score": 0.8768472906403941,
      "support": 1265.0
    },
    "religion": {
      "precision": 0.9830508474576272,
      "recall": 0.9830508474576272,
      "f1-score": 0.9830508474576272,
      "support": 1593.0
    }
  },
  "weighted_avg": {
    "precision": 0.9525908738898561,
    "recall": 0.9510517799352751,
    "f1-score": 0.9513555431328637,
    "support": 7416.0
  },
  "micro_avg": {
    "precision": 0.9510517799352751,
    "recall": 0.9510517799352751,
    "f1-score": 0.9510517799352751,
    "support": 7416
  },
  "macro_avg": {
    "precision": 0.9484320861117361,
    "recall": 0.949015249529144,
    "f1-score": 0.9482146552340452,
    "support": 7416.0
  },
  "accuracy": 0.9510517799352751,
  "inference_time_seconds": 5.89327073097229,
  "energy_kwh": 0.00031051709435386766,
  "num_test_samples": 7416
}