{
  "per_class": {
    "Cyberstalking": {
      "precision": 0.7213114754098361,
      "recall": 0.7333333333333333,
      "f1-score": 0.7272727272727273,
      "support": 60.0
    },
    "Doxing": {
      "precision": 0.7840909090909091,
      "recall": 0.7840909090909091,
      "f1-score": 0.7840909090909091,
      "support": 88.0
    },
    "Revenge Porn": {
      "precision": 0.8194444444444444,
      "recall": 0.7763157894736842,
      "f1-score": 0.7972972972972973,
      "support": 76.0
    },
    "Sexual Harassment": {
      "precision": 0.8380952380952381,
      "recall": 0.8888888888888888,
      "f1-score": 0.8627450980392157,
      "support": 99.0
    },
    "Slut Shaming": {
      "precision": 0.8958333333333334,
      "recall": 0.8686868686868687,
      "f1-score": 0.882051282051282,
      "support": 99.0
    }
  },
  "weighted_avg": {
    "precision": 0.8204156276630249,
    "recall": 0.8199052132701422,
    "f1-score": 0.8198241702841648,
    "support": 422.0
  },
  "micro_avg": {
    "precision": 0.8199052132701422,
    "recall": 0.8199052132701422,
    "f1-score": 0.8199052132701422,
    "support": 422
  },
  "macro_avg": {
    "precision": 0.8117550800747523,
    "recall": 0.8102631578947369,
    "f1-score": 0.8106914627502864,
    "support": 422.0
  },
  "accuracy": 0.8199052132701422,
  "inference_time_seconds": 0.09258413314819336,
  "energy_kwh": 4.944907360510259e-06,
  "num_test_samples": 422
}