{
  "per_class": {
    "emotion": {
      "precision": 0.915615906886518,
      "recall": 0.9383697813121272,
      "f1-score": 0.9268532155130094,
      "support": 1006.0
    },
    "hate": {
      "precision": 0.9674215335717123,
      "recall": 0.9613106987761547,
      "f1-score": 0.9643564356435643,
      "support": 2533.0
    },
    "offensive": {
      "precision": 0.968560200071454,
      "recall": 0.9654558404558404,
      "f1-score": 0.9670055288032816,
      "support": 2808.0
    },
    "religion": {
      "precision": 0.9985556090515166,
      "recall": 1.0,
      "f1-score": 0.9992772825825103,
      "support": 2074.0
    },
    "spiritual": {
      "precision": 1.0,
      "recall": 0.9982668977469671,
      "f1-score": 0.9991326973113617,
      "support": 1731.0
    }
  },
  "weighted_avg": {
    "precision": 0.9745182941133247,
    "recall": 0.9743892828999212,
    "f1-score": 0.9744366129130165,
    "support": 10152.0
  },
  "micro_avg": {
    "precision": 0.9743892828999212,
    "recall": 0.9743892828999212,
    "f1-score": 0.9743892828999212,
    "support": 10152
  },
  "macro_avg": {
    "precision": 0.9700306499162401,
    "recall": 0.972680643658218,
    "f1-score": 0.9713250319707456,
    "support": 10152.0
  },
  "accuracy": 0.9743892828999212,
  "inference_time_seconds": 9.887389421463013,
  "energy_kwh": 0.0005423253484476069,
  "num_test_samples": 10152
}