{
  "per_class": {
    "age": {
      "precision": 0.9867340492735313,
      "recall": 0.9898605830164765,
      "f1-score": 0.9882948434039861,
      "support": 1578.0
    },
    "ethnicity": {
      "precision": 0.9879919946631087,
      "recall": 0.9866755496335776,
      "f1-score": 0.9873333333333333,
      "support": 1501.0
    },
    "gender": {
      "precision": 0.9365411436541143,
      "recall": 0.9043771043771044,
      "f1-score": 0.9201781431997259,
      "support": 1485.0
    },
    "other_cyberbullying": {
      "precision": 0.8701700154559505,
      "recall": 0.8957836117740652,
      "f1-score": 0.8827910623284986,
      "support": 1257.0
    },
    "religion": {
      "precision": 0.976889444097439,
      "recall": 0.9836477987421384,
      "f1-score": 0.9802569727358195,
      "support": 1590.0
    }
  },
  "weighted_avg": {
    "precision": 0.9550484195941676,
    "recall": 0.9547969234921063,
    "f1-score": 0.9548317488696927,
    "support": 7411.0
  },
  "micro_avg": {
    "precision": 0.9547969234921063,
    "recall": 0.9547969234921063,
    "f1-score": 0.9547969234921063,
    "support": 7411
  },
  "macro_avg": {
    "precision": 0.9516653294288288,
    "recall": 0.9520689295086724,
    "f1-score": 0.9517708710002726,
    "support": 7411.0
  },
  "accuracy": 0.9547969234921063,
  "inference_time_seconds": 5.914505243301392,
  "energy_kwh": 0.0003098839083296987,
  "num_test_samples": 7411
}