{
  "per_class": {
    "Cyberstalking": {
      "precision": 0.7931034482758621,
      "recall": 0.7666666666666667,
      "f1-score": 0.7796610169491526,
      "support": 60.0
    },
    "Doxing": {
      "precision": 0.8021978021978022,
      "recall": 0.8295454545454546,
      "f1-score": 0.8156424581005587,
      "support": 88.0
    },
    "Revenge Porn": {
      "precision": 0.8051948051948052,
      "recall": 0.8157894736842105,
      "f1-score": 0.8104575163398693,
      "support": 76.0
    },
    "Sexual Harassment": {
      "precision": 0.8613861386138614,
      "recall": 0.8787878787878788,
      "f1-score": 0.87,
      "support": 99.0
    },
    "Slut Shaming": {
      "precision": 0.9368421052631579,
      "recall": 0.898989898989899,
      "f1-score": 0.9175257731958762,
      "support": 99.0
    }
  },
  "weighted_avg": {
    "precision": 0.8469170967502095,
    "recall": 0.8459715639810427,
    "f1-score": 0.8462464931706638,
    "support": 422.0
  },
  "micro_avg": {
    "precision": 0.8459715639810427,
    "recall": 0.8459715639810427,
    "f1-score": 0.8459715639810427,
    "support": 422
  },
  "macro_avg": {
    "precision": 0.8397448599090976,
    "recall": 0.837955874534822,
    "f1-score": 0.8386573529170913,
    "support": 422.0
  },
  "accuracy": 0.8459715639810427,
  "inference_time_seconds": 0.1045694351196289,
  "energy_kwh": 1.1773919777736536e-05,
  "num_test_samples": 422
}