{
  "per_class": {
    "emotion": {
      "precision": 0.9309278350515464,
      "recall": 0.8976143141153081,
      "f1-score": 0.9139676113360324,
      "support": 1006.0
    },
    "hate": {
      "precision": 0.9490073958738808,
      "recall": 0.96249506514015,
      "f1-score": 0.955703645629165,
      "support": 2533.0
    },
    "offensive": {
      "precision": 0.9568781183178903,
      "recall": 0.9561965811965812,
      "f1-score": 0.9565372283576772,
      "support": 2808.0
    },
    "religion": {
      "precision": 0.9971153846153846,
      "recall": 1.0,
      "f1-score": 0.9985556090515166,
      "support": 2074.0
    },
    "spiritual": {
      "precision": 1.0,
      "recall": 0.997689196995956,
      "f1-score": 0.9988432620011567,
      "support": 1731.0
    }
  },
  "weighted_avg": {
    "precision": 0.9679157013139618,
    "recall": 0.9679866036249015,
    "f1-score": 0.9679085213069277,
    "support": 10152.0
  },
  "micro_avg": {
    "precision": 0.9679866036249015,
    "recall": 0.9679866036249015,
    "f1-score": 0.9679866036249015,
    "support": 10152
  },
  "macro_avg": {
    "precision": 0.9667857467717405,
    "recall": 0.9627990314895991,
    "f1-score": 0.9647214712751095,
    "support": 10152.0
  },
  "accuracy": 0.9679866036249015,
  "inference_time_seconds": 6.122236013412476,
  "energy_kwh": 0.00040316702964305446,
  "num_test_samples": 10152
}