{
  "per_class": {
    "emotion": {
      "precision": 0.8965853658536586,
      "recall": 0.9135188866799204,
      "f1-score": 0.9049729197439685,
      "support": 1006.0
    },
    "hate": {
      "precision": 0.9651760981400871,
      "recall": 0.9628898539281484,
      "f1-score": 0.9640316205533597,
      "support": 2533.0
    },
    "offensive": {
      "precision": 0.9659985683607731,
      "recall": 0.9611823361823362,
      "f1-score": 0.9635844341306676,
      "support": 2808.0
    },
    "religion": {
      "precision": 0.9975949975949976,
      "recall": 1.0,
      "f1-score": 0.9987960510474356,
      "support": 2074.0
    },
    "spiritual": {
      "precision": 1.0,
      "recall": 0.997689196995956,
      "f1-score": 0.9988432620011567,
      "support": 1731.0
    }
  },
  "weighted_avg": {
    "precision": 0.9711674487398244,
    "recall": 0.9710401891252955,
    "f1-score": 0.9710934436130212,
    "support": 10152.0
  },
  "micro_avg": {
    "precision": 0.9710401891252955,
    "recall": 0.9710401891252955,
    "f1-score": 0.9710401891252955,
    "support": 10152
  },
  "macro_avg": {
    "precision": 0.9650710059899034,
    "recall": 0.9670560547572722,
    "f1-score": 0.9660456574953177,
    "support": 10152.0
  },
  "accuracy": 0.9710401891252955,
  "inference_time_seconds": 7.858502388000488,
  "energy_kwh": 0.0005192502629557102,
  "num_test_samples": 10152
}