{
  "per_class": {
    "age": {
      "precision": 0.9851708575112831,
      "recall": 0.9776071657069738,
      "f1-score": 0.9813744380218369,
      "support": 1563.0
    },
    "ethnicity": {
      "precision": 0.9759036144578314,
      "recall": 0.9851351351351352,
      "f1-score": 0.980497646267653,
      "support": 1480.0
    },
    "gender": {
      "precision": 0.8952843273231623,
      "recall": 0.8866758241758241,
      "f1-score": 0.8909592822636301,
      "support": 1456.0
    },
    "not_cyberbullying": {
      "precision": 0.6232596232596233,
      "recall": 0.6284062758051198,
      "f1-score": 0.6258223684210527,
      "support": 1211.0
    },
    "other_cyberbullying": {
      "precision": 0.6304128902316214,
      "recall": 0.6374745417515275,
      "f1-score": 0.6339240506329114,
      "support": 982.0
    },
    "religion": {
      "precision": 0.963151207115629,
      "recall": 0.9576753000631711,
      "f1-score": 0.9604054482103263,
      "support": 1583.0
    }
  },
  "weighted_avg": {
    "precision": 0.8684223085328274,
    "recall": 0.8676737160120845,
    "f1-score": 0.8680323393929261,
    "support": 8275.0
  },
  "micro_avg": {
    "precision": 0.8676737160120845,
    "recall": 0.8676737160120845,
    "f1-score": 0.8676737160120845,
    "support": 8275
  },
  "macro_avg": {
    "precision": 0.8455304199831918,
    "recall": 0.8454957071062918,
    "f1-score": 0.8454972056362351,
    "support": 8275.0
  },
  "accuracy": 0.8676737160120845,
  "inference_time_seconds": 2.9304652214050293,
  "energy_kwh": 0.00018138220796749902,
  "num_test_samples": 8275
}