{
  "per_class": {
    "Cyberstalking": {
      "precision": 0.7906976744186046,
      "recall": 0.6538461538461539,
      "f1-score": 0.7157894736842105,
      "support": 52.0
    },
    "Doxing": {
      "precision": 0.8,
      "recall": 0.8108108108108109,
      "f1-score": 0.8053691275167785,
      "support": 74.0
    },
    "Revenge Porn": {
      "precision": 0.7625,
      "recall": 0.8714285714285714,
      "f1-score": 0.8133333333333334,
      "support": 70.0
    },
    "Sexual Harassment": {
      "precision": 0.782051282051282,
      "recall": 0.7922077922077922,
      "f1-score": 0.7870967741935484,
      "support": 77.0
    },
    "Slut Shaming": {
      "precision": 0.9425287356321839,
      "recall": 0.9111111111111111,
      "f1-score": 0.9265536723163842,
      "support": 90.0
    }
  },
  "weighted_avg": {
    "precision": 0.8229664297372251,
    "recall": 0.8209366391184573,
    "f1-score": 0.8202423788499495,
    "support": 363.0
  },
  "micro_avg": {
    "precision": 0.8209366391184573,
    "recall": 0.8209366391184573,
    "f1-score": 0.8209366391184573,
    "support": 363
  },
  "macro_avg": {
    "precision": 0.8155555384204141,
    "recall": 0.8078808878808879,
    "f1-score": 0.809628476208851,
    "support": 363.0
  },
  "accuracy": 0.8209366391184573,
  "inference_time_seconds": 0.27459096908569336,
  "energy_kwh": 1.564395935563612e-05,
  "num_test_samples": 363
}