{
  "per_class": {
    "age": {
      "precision": 0.983271375464684,
      "recall": 0.991875,
      "f1-score": 0.9875544492843809,
      "support": 1600.0
    },
    "ethnicity": {
      "precision": 0.9874213836477987,
      "recall": 0.98125,
      "f1-score": 0.9843260188087775,
      "support": 1600.0
    },
    "gender": {
      "precision": 0.920863309352518,
      "recall": 0.8794503435352904,
      "f1-score": 0.8996805111821087,
      "support": 1601.0
    },
    "other_cyberbullying": {
      "precision": 0.86463923673226,
      "recall": 0.905683947532792,
      "f1-score": 0.884685784014643,
      "support": 1601.0
    },
    "religion": {
      "precision": 0.9874371859296482,
      "recall": 0.9825,
      "f1-score": 0.9849624060150376,
      "support": 1600.0
    }
  },
  "weighted_avg": {
    "precision": 0.9487125079166633,
    "recall": 0.9481379655086228,
    "f1-score": 0.9482278226922161,
    "support": 8002.0
  },
  "micro_avg": {
    "precision": 0.9481379655086228,
    "recall": 0.9481379655086228,
    "f1-score": 0.9481379655086228,
    "support": 8002
  },
  "macro_avg": {
    "precision": 0.9487264982253818,
    "recall": 0.9481518582136165,
    "f1-score": 0.9482418338609895,
    "support": 8002.0
  },
  "accuracy": 0.9481379655086228,
  "inference_time_seconds": 2.5908734798431396,
  "energy_kwh": 0.00016779983722646204,
  "num_test_samples": 8002
}