{
  "per_class": {
    "Cyberstalking": {
      "precision": 0.8245614035087719,
      "recall": 0.7833333333333333,
      "f1-score": 0.8034188034188035,
      "support": 60.0
    },
    "Doxing": {
      "precision": 0.9382716049382716,
      "recall": 0.8636363636363636,
      "f1-score": 0.8994082840236687,
      "support": 88.0
    },
    "Revenge Porn": {
      "precision": 0.8148148148148148,
      "recall": 0.868421052631579,
      "f1-score": 0.8407643312101911,
      "support": 76.0
    },
    "Sexual Harassment": {
      "precision": 0.91,
      "recall": 0.9191919191919192,
      "f1-score": 0.914572864321608,
      "support": 99.0
    },
    "Slut Shaming": {
      "precision": 0.9611650485436893,
      "recall": 1.0,
      "f1-score": 0.9801980198019802,
      "support": 99.0
    }
  },
  "weighted_avg": {
    "precision": 0.8986086520778327,
    "recall": 0.8981042654028436,
    "f1-score": 0.8977096300934142,
    "support": 422.0
  },
  "micro_avg": {
    "precision": 0.8981042654028436,
    "recall": 0.8981042654028436,
    "f1-score": 0.8981042654028436,
    "support": 422
  },
  "macro_avg": {
    "precision": 0.8897625743611096,
    "recall": 0.8869165337586391,
    "f1-score": 0.8876724605552502,
    "support": 422.0
  },
  "accuracy": 0.8981042654028436,
  "inference_time_seconds": 0.3386507034301758,
  "energy_kwh": 2.030702113809979e-05,
  "num_test_samples": 422
}