{
  "per_class": {
    "emotion": {
      "precision": 0.8043032786885246,
      "recall": 0.8359957401490948,
      "f1-score": 0.8198433420365535,
      "support": 939.0
    },
    "hate": {
      "precision": 0.9298969072164949,
      "recall": 0.9360730593607306,
      "f1-score": 0.9329747621017791,
      "support": 2409.0
    },
    "offensive": {
      "precision": 0.900391474554154,
      "recall": 0.8767471410419314,
      "f1-score": 0.8884120171673819,
      "support": 2361.0
    },
    "religion": {
      "precision": 0.9946315275744265,
      "recall": 1.0,
      "f1-score": 0.9973085392708588,
      "support": 2038.0
    },
    "spiritual": {
      "precision": 1.0,
      "recall": 0.9988310929281122,
      "f1-score": 0.9994152046783625,
      "support": 1711.0
    }
  },
  "weighted_avg": {
    "precision": 0.9366933551270987,
    "recall": 0.9364559103404525,
    "f1-score": 0.9365007497194319,
    "support": 9458.0
  },
  "micro_avg": {
    "precision": 0.9364559103404525,
    "recall": 0.9364559103404525,
    "f1-score": 0.9364559103404525,
    "support": 9458
  },
  "macro_avg": {
    "precision": 0.92584463760672,
    "recall": 0.9295294066959737,
    "f1-score": 0.9275907730509871,
    "support": 9458.0
  },
  "accuracy": 0.9364559103404525,
  "inference_time_seconds": 9.210939645767212,
  "energy_kwh": 0.0005069084639614004,
  "num_test_samples": 9458
}