{
  "per_class": {
    "age": {
      "precision": 0.9836375078665828,
      "recall": 0.9780976220275344,
      "f1-score": 0.980859742704738,
      "support": 1598.0
    },
    "ethnicity": {
      "precision": 0.9968071519795658,
      "recall": 0.9805276381909548,
      "f1-score": 0.9886003799873337,
      "support": 1592.0
    },
    "gender": {
      "precision": 0.9019607843137255,
      "recall": 0.8968553459119497,
      "f1-score": 0.8994008199306213,
      "support": 1590.0
    },
    "not_cyberbullying": {
      "precision": 0.6915460776846916,
      "recall": 0.5721487082545683,
      "f1-score": 0.6262068965517241,
      "support": 1587.0
    },
    "other_cyberbullying": {
      "precision": 0.660427807486631,
      "recall": 0.7891373801916933,
      "f1-score": 0.7190684133915575,
      "support": 1565.0
    },
    "religion": {
      "precision": 0.95350278983261,
      "recall": 0.96125,
      "f1-score": 0.9573607220666044,
      "support": 1600.0
    }
  },
  "weighted_avg": {
    "precision": 0.8654579289042647,
    "recall": 0.8635123793537558,
    "f1-score": 0.8625915384561095,
    "support": 9532.0
  },
  "micro_avg": {
    "precision": 0.8635123793537558,
    "recall": 0.8635123793537558,
    "f1-score": 0.8635123793537558,
    "support": 9532
  },
  "macro_avg": {
    "precision": 0.8646470198606345,
    "recall": 0.8630027824294499,
    "f1-score": 0.8619161624387632,
    "support": 9532.0
  },
  "accuracy": 0.8635123793537558,
  "inference_time_seconds": 8.353115320205688,
  "energy_kwh": 0.00042042958334305317,
  "num_test_samples": 9532
}