{
  "per_class": {
    "age": {
      "precision": 0.9820544554455446,
      "recall": 0.991875,
      "f1-score": 0.9869402985074627,
      "support": 1600.0
    },
    "ethnicity": {
      "precision": 0.9830827067669173,
      "recall": 0.980625,
      "f1-score": 0.9818523153942428,
      "support": 1600.0
    },
    "gender": {
      "precision": 0.9008838383838383,
      "recall": 0.891317926296065,
      "f1-score": 0.8960753532182104,
      "support": 1601.0
    },
    "other_cyberbullying": {
      "precision": 0.8759351620947631,
      "recall": 0.8775765146783261,
      "f1-score": 0.8767550702028081,
      "support": 1601.0
    },
    "religion": {
      "precision": 0.9837702871410736,
      "recall": 0.985,
      "f1-score": 0.9843847595252967,
      "support": 1600.0
    }
  },
  "weighted_avg": {
    "precision": 0.9451311095640963,
    "recall": 0.9452636840789802,
    "f1-score": 0.9451868664559178,
    "support": 8002.0
  },
  "micro_avg": {
    "precision": 0.9452636840789802,
    "recall": 0.9452636840789802,
    "f1-score": 0.9452636840789802,
    "support": 8002
  },
  "macro_avg": {
    "precision": 0.9451452899664273,
    "recall": 0.9452788881948783,
    "f1-score": 0.9452015593696041,
    "support": 8002.0
  },
  "accuracy": 0.9452636840789802,
  "inference_time_seconds": 1.9157323837280273,
  "energy_kwh": 0.00014133810281889667,
  "num_test_samples": 8002
}