{
  "per_class": {
    "emotion": {
      "precision": 0.9117352056168505,
      "recall": 0.9035785288270378,
      "f1-score": 0.9076385421867199,
      "support": 1006.0
    },
    "hate": {
      "precision": 0.9691455696202531,
      "recall": 0.9672325305961311,
      "f1-score": 0.9681881051175657,
      "support": 2533.0
    },
    "offensive": {
      "precision": 0.961688542036183,
      "recall": 0.9654558404558404,
      "f1-score": 0.9635685089745868,
      "support": 2808.0
    },
    "religion": {
      "precision": 0.9980741454020221,
      "recall": 0.9995178399228544,
      "f1-score": 0.9987954709708504,
      "support": 2074.0
    },
    "spiritual": {
      "precision": 0.998844598497978,
      "recall": 0.998844598497978,
      "f1-score": 0.998844598497978,
      "support": 1731.0
    }
  },
  "weighted_avg": {
    "precision": 0.9723678633077274,
    "recall": 0.9724192277383766,
    "f1-score": 0.9723903687644619,
    "support": 10152.0
  },
  "micro_avg": {
    "precision": 0.9724192277383766,
    "recall": 0.9724192277383766,
    "f1-score": 0.9724192277383766,
    "support": 10152
  },
  "macro_avg": {
    "precision": 0.9678976122346574,
    "recall": 0.9669258676599684,
    "f1-score": 0.9674070451495403,
    "support": 10152.0
  },
  "accuracy": 0.9724192277383766,
  "inference_time_seconds": 2.4175260066986084,
  "energy_kwh": 0.00016984845680211792,
  "num_test_samples": 10152
}