{
  "per_class": {
    "emotion": {
      "precision": 0.8903345724907064,
      "recall": 0.952286282306163,
      "f1-score": 0.920268972142171,
      "support": 1006.0
    },
    "hate": {
      "precision": 0.9737261146496815,
      "recall": 0.9656533754441374,
      "f1-score": 0.9696729435084241,
      "support": 2533.0
    },
    "offensive": {
      "precision": 0.9746376811594203,
      "recall": 0.957977207977208,
      "f1-score": 0.9662356321839081,
      "support": 2808.0
    },
    "religion": {
      "precision": 0.9980722891566265,
      "recall": 0.9985535197685632,
      "f1-score": 0.9983128464690287,
      "support": 2074.0
    },
    "spiritual": {
      "precision": 0.9982648930017352,
      "recall": 0.9971114962449451,
      "f1-score": 0.9976878612716763,
      "support": 1731.0
    }
  },
  "weighted_avg": {
    "precision": 0.9748725270415478,
    "recall": 0.974290780141844,
    "f1-score": 0.9744543280626787,
    "support": 10152.0
  },
  "micro_avg": {
    "precision": 0.974290780141844,
    "recall": 0.974290780141844,
    "f1-score": 0.974290780141844,
    "support": 10152
  },
  "macro_avg": {
    "precision": 0.967007110091634,
    "recall": 0.9743163763482035,
    "f1-score": 0.9704356511150417,
    "support": 10152.0
  },
  "accuracy": 0.974290780141844,
  "inference_time_seconds": 12.409210205078125,
  "energy_kwh": 0.0007191498260618905,
  "num_test_samples": 10152
}