{
  "per_class": {
    "age": {
      "precision": 0.9733415995040298,
      "recall": 0.9824780976220275,
      "f1-score": 0.9778885082528808,
      "support": 1598.0
    },
    "ethnicity": {
      "precision": 0.9873976055450535,
      "recall": 0.9842964824120602,
      "f1-score": 0.9858446052217679,
      "support": 1592.0
    },
    "gender": {
      "precision": 0.8846641318124208,
      "recall": 0.8779874213836478,
      "f1-score": 0.8813131313131313,
      "support": 1590.0
    },
    "not_cyberbullying": {
      "precision": 0.6879377431906615,
      "recall": 0.5570258349086327,
      "f1-score": 0.6155988857938719,
      "support": 1587.0
    },
    "other_cyberbullying": {
      "precision": 0.6636771300448431,
      "recall": 0.7565495207667732,
      "f1-score": 0.7070767393251717,
      "support": 1565.0
    },
    "religion": {
      "precision": 0.9335311572700297,
      "recall": 0.983125,
      "f1-score": 0.9576864535768645,
      "support": 1600.0
    }
  },
  "weighted_avg": {
    "precision": 0.855855496455384,
    "recall": 0.8575325220310533,
    "f1-score": 0.8549357092961382,
    "support": 9532.0
  },
  "micro_avg": {
    "precision": 0.8575325220310533,
    "recall": 0.8575325220310533,
    "f1-score": 0.8575325220310533,
    "support": 9532
  },
  "macro_avg": {
    "precision": 0.8550915612278397,
    "recall": 0.856910392848857,
    "f1-score": 0.8542347205806148,
    "support": 9532.0
  },
  "accuracy": 0.8575325220310533,
  "inference_time_seconds": 8.46238374710083,
  "energy_kwh": 0.00042056402046179,
  "num_test_samples": 9532
}