{
  "per_class": {
    "age": {
      "precision": 0.9930904522613065,
      "recall": 0.988125,
      "f1-score": 0.9906015037593985,
      "support": 1600.0
    },
    "ethnicity": {
      "precision": 0.9924098671726755,
      "recall": 0.980625,
      "f1-score": 0.9864822382898459,
      "support": 1600.0
    },
    "gender": {
      "precision": 0.9393139841688655,
      "recall": 0.8894440974391006,
      "f1-score": 0.9136990696182227,
      "support": 1601.0
    },
    "other_cyberbullying": {
      "precision": 0.8674768518518519,
      "recall": 0.9362898188632105,
      "f1-score": 0.9005707419645539,
      "support": 1601.0
    },
    "religion": {
      "precision": 0.9905362776025236,
      "recall": 0.98125,
      "f1-score": 0.9858712715855573,
      "support": 1600.0
    }
  },
  "weighted_avg": {
    "precision": 0.956552197416593,
    "recall": 0.9551362159460135,
    "f1-score": 0.9554328905473267,
    "support": 8002.0
  },
  "micro_avg": {
    "precision": 0.9551362159460135,
    "recall": 0.9551362159460135,
    "f1-score": 0.9551362159460135,
    "support": 8002
  },
  "macro_avg": {
    "precision": 0.9565654866114446,
    "recall": 0.9551467832604622,
    "f1-score": 0.9554449650435156,
    "support": 8002.0
  },
  "accuracy": 0.9551362159460135,
  "inference_time_seconds": 6.781355381011963,
  "energy_kwh": 0.00034088818241566153,
  "num_test_samples": 8002
}