{
  "per_class": {
    "emotion": {
      "precision": 0.8453837597330367,
      "recall": 0.8093716719914803,
      "f1-score": 0.8269858541893362,
      "support": 939.0
    },
    "hate": {
      "precision": 0.9587274290627688,
      "recall": 0.9245439469320066,
      "f1-score": 0.9413254537779654,
      "support": 2412.0
    },
    "offensive": {
      "precision": 0.878885748889786,
      "recall": 0.9220669207962727,
      "f1-score": 0.8999586606035552,
      "support": 2361.0
    },
    "religion": {
      "precision": 0.9936647173489279,
      "recall": 0.9995098039215686,
      "f1-score": 0.9965786901270772,
      "support": 2040.0
    },
    "spiritual": {
      "precision": 1.0,
      "recall": 0.9988324576765908,
      "f1-score": 0.9994158878504673,
      "support": 1713.0
    }
  },
  "weighted_avg": {
    "precision": 0.9425664221668585,
    "recall": 0.9421024828314845,
    "f1-score": 0.9420854783970757,
    "support": 9465.0
  },
  "micro_avg": {
    "precision": 0.9421024828314845,
    "recall": 0.9421024828314845,
    "f1-score": 0.9421024828314845,
    "support": 9465
  },
  "macro_avg": {
    "precision": 0.9353323310069038,
    "recall": 0.9308649602635837,
    "f1-score": 0.9328529093096802,
    "support": 9465.0
  },
  "accuracy": 0.9421024828314845,
  "inference_time_seconds": 1.2762181758880615,
  "energy_kwh": 8.880471082510686e-05,
  "num_test_samples": 9465
}