{
  "per_class": {
    "Cyberstalking": {
      "precision": 0.7258064516129032,
      "recall": 0.75,
      "f1-score": 0.7377049180327869,
      "support": 60.0
    },
    "Doxing": {
      "precision": 0.9117647058823529,
      "recall": 0.7045454545454546,
      "f1-score": 0.7948717948717948,
      "support": 88.0
    },
    "Revenge Porn": {
      "precision": 0.6126126126126126,
      "recall": 0.8947368421052632,
      "f1-score": 0.7272727272727273,
      "support": 76.0
    },
    "Sexual Harassment": {
      "precision": 0.8631578947368421,
      "recall": 0.8282828282828283,
      "f1-score": 0.845360824742268,
      "support": 99.0
    },
    "Slut Shaming": {
      "precision": 0.9883720930232558,
      "recall": 0.8585858585858586,
      "f1-score": 0.918918918918919,
      "support": 99.0
    }
  },
  "weighted_avg": {
    "precision": 0.8380182667327714,
    "recall": 0.8104265402843602,
    "f1-score": 0.8155152486395023,
    "support": 422.0
  },
  "micro_avg": {
    "precision": 0.8104265402843602,
    "recall": 0.8104265402843602,
    "f1-score": 0.8104265402843602,
    "support": 422
  },
  "macro_avg": {
    "precision": 0.8203427515735934,
    "recall": 0.807230196703881,
    "f1-score": 0.8048258367676991,
    "support": 422.0
  },
  "accuracy": 0.8104265402843602,
  "inference_time_seconds": 0.40303564071655273,
  "energy_kwh": 4.3214238780996254e-05,
  "num_test_samples": 422
}