{
  "per_class": {
    "Cyberstalking": {
      "precision": 0.7543859649122807,
      "recall": 0.7166666666666667,
      "f1-score": 0.7350427350427351,
      "support": 60.0
    },
    "Doxing": {
      "precision": 0.7802197802197802,
      "recall": 0.8068181818181818,
      "f1-score": 0.7932960893854749,
      "support": 88.0
    },
    "Revenge Porn": {
      "precision": 0.7380952380952381,
      "recall": 0.8157894736842105,
      "f1-score": 0.775,
      "support": 76.0
    },
    "Sexual Harassment": {
      "precision": 0.8333333333333334,
      "recall": 0.8585858585858586,
      "f1-score": 0.845771144278607,
      "support": 99.0
    },
    "Slut Shaming": {
      "precision": 0.9431818181818182,
      "recall": 0.8383838383838383,
      "f1-score": 0.8877005347593583,
      "support": 99.0
    }
  },
  "weighted_avg": {
    "precision": 0.8196510347140179,
    "recall": 0.8151658767772512,
    "f1-score": 0.8161761047233281,
    "support": 422.0
  },
  "micro_avg": {
    "precision": 0.8151658767772512,
    "recall": 0.8151658767772512,
    "f1-score": 0.8151658767772512,
    "support": 422
  },
  "macro_avg": {
    "precision": 0.8098432269484901,
    "recall": 0.8072488038277512,
    "f1-score": 0.8073621006932349,
    "support": 422.0
  },
  "accuracy": 0.8151658767772512,
  "inference_time_seconds": 0.11097383499145508,
  "energy_kwh": 1.1824079442852694e-06,
  "num_test_samples": 422
}