{
  "per_class": {
    "age": {
      "precision": 0.9852564102564103,
      "recall": 0.9827365728900256,
      "f1-score": 0.9839948783610756,
      "support": 1564.0
    },
    "ethnicity": {
      "precision": 0.9845844504021448,
      "recall": 0.9905596763317599,
      "f1-score": 0.987563025210084,
      "support": 1483.0
    },
    "gender": {
      "precision": 0.9094101123595506,
      "recall": 0.8882030178326474,
      "f1-score": 0.8986814712005552,
      "support": 1458.0
    },
    "not_cyberbullying": {
      "precision": 0.6368330464716007,
      "recall": 0.6100577081615829,
      "f1-score": 0.6231578947368421,
      "support": 1213.0
    },
    "other_cyberbullying": {
      "precision": 0.6170212765957447,
      "recall": 0.6503567787971458,
      "f1-score": 0.6332506203473945,
      "support": 981.0
    },
    "religion": {
      "precision": 0.9559006211180124,
      "recall": 0.9722046746683513,
      "f1-score": 0.9639837143751957,
      "support": 1583.0
    }
  },
  "weighted_avg": {
    "precision": 0.8715246015875299,
    "recall": 0.8715286162762618,
    "f1-score": 0.8713954534999038,
    "support": 8282.0
  },
  "micro_avg": {
    "precision": 0.8715286162762618,
    "recall": 0.8715286162762618,
    "f1-score": 0.8715286162762618,
    "support": 8282
  },
  "macro_avg": {
    "precision": 0.8481676528672439,
    "recall": 0.8490197381135856,
    "f1-score": 0.8484386007051912,
    "support": 8282.0
  },
  "accuracy": 0.8715286162762618,
  "inference_time_seconds": 6.75213360786438,
  "energy_kwh": 0.0004038552236010225,
  "num_test_samples": 8282
}