{
  "per_class": {
    "age": {
      "precision": 0.9899623588456713,
      "recall": 0.98625,
      "f1-score": 0.9881026925485284,
      "support": 1600.0
    },
    "ethnicity": {
      "precision": 0.9936708860759493,
      "recall": 0.98125,
      "f1-score": 0.9874213836477987,
      "support": 1600.0
    },
    "gender": {
      "precision": 0.9204042956411876,
      "recall": 0.910056214865709,
      "f1-score": 0.9152010050251256,
      "support": 1601.0
    },
    "other_cyberbullying": {
      "precision": 0.887401095556908,
      "recall": 0.9106808244846971,
      "f1-score": 0.8988902589395807,
      "support": 1601.0
    },
    "religion": {
      "precision": 0.9850187265917603,
      "recall": 0.98625,
      "f1-score": 0.985633978763273,
      "support": 1600.0
    }
  },
  "weighted_avg": {
    "precision": 0.9552786285590553,
    "recall": 0.9548862784303924,
    "f1-score": 0.9550378657264252,
    "support": 8002.0
  },
  "micro_avg": {
    "precision": 0.9548862784303924,
    "recall": 0.9548862784303924,
    "f1-score": 0.9548862784303924,
    "support": 8002
  },
  "macro_avg": {
    "precision": 0.9552914725422953,
    "recall": 0.954897407870081,
    "f1-score": 0.9550498637848612,
    "support": 8002.0
  },
  "accuracy": 0.9548862784303924,
  "inference_time_seconds": 4.00371789932251,
  "energy_kwh": 0.0002456438626579443,
  "num_test_samples": 8002
}