{
  "per_class": {
    "age": {
      "precision": 0.9863692688971499,
      "recall": 0.995,
      "f1-score": 0.9906658369632856,
      "support": 1600.0
    },
    "ethnicity": {
      "precision": 0.9856160100062539,
      "recall": 0.985,
      "f1-score": 0.9853079087214754,
      "support": 1600.0
    },
    "gender": {
      "precision": 0.928071292170592,
      "recall": 0.9106808244846971,
      "f1-score": 0.9192938209331651,
      "support": 1601.0
    },
    "other_cyberbullying": {
      "precision": 0.9011735639283508,
      "recall": 0.9113054341036851,
      "f1-score": 0.9062111801242236,
      "support": 1601.0
    },
    "religion": {
      "precision": 0.9887429643527205,
      "recall": 0.988125,
      "f1-score": 0.9884338855892466,
      "support": 1600.0
    }
  },
  "weighted_avg": {
    "precision": 0.9579837795331426,
    "recall": 0.9580104973756561,
    "f1-score": 0.9579712217859649,
    "support": 8002.0
  },
  "micro_avg": {
    "precision": 0.9580104973756561,
    "recall": 0.9580104973756561,
    "f1-score": 0.9580104973756561,
    "support": 8002
  },
  "macro_avg": {
    "precision": 0.9579946198710134,
    "recall": 0.9580222517176764,
    "f1-score": 0.9579825264662795,
    "support": 8002.0
  },
  "accuracy": 0.9580104973756561,
  "inference_time_seconds": 6.230158805847168,
  "energy_kwh": 0.00043526195707728607,
  "num_test_samples": 8002
}