{
  "per_class": {
    "age": {
      "precision": 0.9886291850915983,
      "recall": 0.9793491864831039,
      "f1-score": 0.9839673058786546,
      "support": 1598.0
    },
    "ethnicity": {
      "precision": 0.988621997471555,
      "recall": 0.9824120603015075,
      "f1-score": 0.9855072463768116,
      "support": 1592.0
    },
    "gender": {
      "precision": 0.9089108910891089,
      "recall": 0.8660377358490566,
      "f1-score": 0.8869565217391304,
      "support": 1590.0
    },
    "not_cyberbullying": {
      "precision": 0.6915949702183984,
      "recall": 0.6584751102709515,
      "f1-score": 0.6746287927695287,
      "support": 1587.0
    },
    "other_cyberbullying": {
      "precision": 0.6750142287990893,
      "recall": 0.7578274760383387,
      "f1-score": 0.7140276941601444,
      "support": 1565.0
    },
    "religion": {
      "precision": 0.9659090909090909,
      "recall": 0.95625,
      "f1-score": 0.9610552763819096,
      "support": 1600.0
    }
  },
  "weighted_avg": {
    "precision": 0.8705724932694598,
    "recall": 0.8672891313470416,
    "f1-score": 0.868374510940843,
    "support": 9532.0
  },
  "micro_avg": {
    "precision": 0.8672891313470416,
    "recall": 0.8672891313470416,
    "f1-score": 0.8672891313470416,
    "support": 9532
  },
  "macro_avg": {
    "precision": 0.8697800605964735,
    "recall": 0.866725261490493,
    "f1-score": 0.8676904728843632,
    "support": 9532.0
  },
  "accuracy": 0.8672891313470416,
  "inference_time_seconds": 9.61940598487854,
  "energy_kwh": 0.0005965429795141212,
  "num_test_samples": 9532
}