{
  "per_class": {
    "age": {
      "precision": 0.9814696485623003,
      "recall": 0.9833546734955185,
      "f1-score": 0.9824112567956508,
      "support": 1562.0
    },
    "ethnicity": {
      "precision": 0.9832551908908238,
      "recall": 0.99055330634278,
      "f1-score": 0.986890756302521,
      "support": 1482.0
    },
    "gender": {
      "precision": 0.9018920812894183,
      "recall": 0.883321894303363,
      "f1-score": 0.8925104022191401,
      "support": 1457.0
    },
    "not_cyberbullying": {
      "precision": 0.6469594594594594,
      "recall": 0.6309719934102141,
      "f1-score": 0.6388657214345288,
      "support": 1214.0
    },
    "other_cyberbullying": {
      "precision": 0.6409495548961425,
      "recall": 0.6605504587155964,
      "f1-score": 0.6506024096385542,
      "support": 981.0
    },
    "religion": {
      "precision": 0.954375,
      "recall": 0.9640151515151515,
      "f1-score": 0.9591708542713567,
      "support": 1584.0
    }
  },
  "weighted_avg": {
    "precision": 0.87321338689977,
    "recall": 0.8734299516908213,
    "f1-score": 0.8732653046897584,
    "support": 8280.0
  },
  "micro_avg": {
    "precision": 0.8734299516908213,
    "recall": 0.8734299516908213,
    "f1-score": 0.8734299516908213,
    "support": 8280
  },
  "macro_avg": {
    "precision": 0.851483489183024,
    "recall": 0.8521279129637706,
    "f1-score": 0.851741900110292,
    "support": 8280.0
  },
  "accuracy": 0.8734299516908213,
  "inference_time_seconds": 6.492941856384277,
  "energy_kwh": 0.00037997970172325667,
  "num_test_samples": 8280
}