{
  "per_class": {
    "Cyberstalking": {
      "precision": 0.8095238095238095,
      "recall": 0.5964912280701754,
      "f1-score": 0.6868686868686869,
      "support": 57.0
    },
    "Doxing": {
      "precision": 0.9285714285714286,
      "recall": 0.6582278481012658,
      "f1-score": 0.7703703703703704,
      "support": 79.0
    },
    "Revenge Porn": {
      "precision": 0.6458333333333334,
      "recall": 0.8857142857142857,
      "f1-score": 0.7469879518072289,
      "support": 70.0
    },
    "Sexual Harassment": {
      "precision": 0.8414634146341463,
      "recall": 0.8414634146341463,
      "f1-score": 0.8414634146341463,
      "support": 82.0
    },
    "Slut Shaming": {
      "precision": 0.7920792079207921,
      "recall": 0.898876404494382,
      "f1-score": 0.8421052631578947,
      "support": 89.0
    }
  },
  "weighted_avg": {
    "precision": 0.8069055247699837,
    "recall": 0.7877984084880637,
    "f1-score": 0.7858018553271433,
    "support": 377.0
  },
  "micro_avg": {
    "precision": 0.7877984084880637,
    "recall": 0.7877984084880637,
    "f1-score": 0.7877984084880637,
    "support": 377
  },
  "macro_avg": {
    "precision": 0.8034942387967019,
    "recall": 0.7761546362028511,
    "f1-score": 0.7775591373676654,
    "support": 377.0
  },
  "accuracy": 0.7877984084880637,
  "inference_time_seconds": 0.28499579429626465,
  "energy_kwh": 1.100311733280964e-05,
  "num_test_samples": 377
}