{
  "per_class": {
    "age": {
      "precision": 0.9898670044331855,
      "recall": 0.9904942965779467,
      "f1-score": 0.9901805511561609,
      "support": 1578.0
    },
    "ethnicity": {
      "precision": 0.9918973666441594,
      "recall": 0.9839249832551908,
      "f1-score": 0.9878950907868191,
      "support": 1493.0
    },
    "gender": {
      "precision": 0.9463902787705504,
      "recall": 0.8915824915824916,
      "f1-score": 0.9181692094313454,
      "support": 1485.0
    },
    "other_cyberbullying": {
      "precision": 0.8564102564102564,
      "recall": 0.9292527821939587,
      "f1-score": 0.8913457872664887,
      "support": 1258.0
    },
    "religion": {
      "precision": 0.9879670677644079,
      "recall": 0.9817495280050346,
      "f1-score": 0.9848484848484849,
      "support": 1589.0
    }
  },
  "weighted_avg": {
    "precision": 0.9584690312861422,
    "recall": 0.9570444414426584,
    "f1-score": 0.9573349721842734,
    "support": 7403.0
  },
  "micro_avg": {
    "precision": 0.9570444414426584,
    "recall": 0.9570444414426584,
    "f1-score": 0.9570444414426584,
    "support": 7403
  },
  "macro_avg": {
    "precision": 0.9545063948045118,
    "recall": 0.9554008163229245,
    "f1-score": 0.9544878246978599,
    "support": 7403.0
  },
  "accuracy": 0.9570444414426584,
  "inference_time_seconds": 7.300497055053711,
  "energy_kwh": 0.00042630041102849114,
  "num_test_samples": 7403
}