{
  "per_class": {
    "Cyberstalking": {
      "precision": 0.75,
      "recall": 0.8,
      "f1-score": 0.7741935483870968,
      "support": 60.0
    },
    "Doxing": {
      "precision": 0.8,
      "recall": 0.8181818181818182,
      "f1-score": 0.8089887640449438,
      "support": 88.0
    },
    "Revenge Porn": {
      "precision": 0.8169014084507042,
      "recall": 0.7631578947368421,
      "f1-score": 0.7891156462585034,
      "support": 76.0
    },
    "Sexual Harassment": {
      "precision": 0.8349514563106796,
      "recall": 0.8686868686868687,
      "f1-score": 0.8514851485148515,
      "support": 99.0
    },
    "Slut Shaming": {
      "precision": 0.9680851063829787,
      "recall": 0.9191919191919192,
      "f1-score": 0.9430051813471503,
      "support": 99.0
    }
  },
  "weighted_avg": {
    "precision": 0.843566651063805,
    "recall": 0.8412322274881516,
    "f1-score": 0.8418719334387803,
    "support": 422.0
  },
  "micro_avg": {
    "precision": 0.8412322274881516,
    "recall": 0.8412322274881516,
    "f1-score": 0.8412322274881516,
    "support": 422
  },
  "macro_avg": {
    "precision": 0.8339875942288725,
    "recall": 0.8338437001594897,
    "f1-score": 0.8333576577105092,
    "support": 422.0
  },
  "accuracy": 0.8412322274881516,
  "inference_time_seconds": 0.1074521541595459,
  "energy_kwh": 1.1854195960749017e-05,
  "num_test_samples": 422
}