{
  "per_class": {
    "age": {
      "precision": 0.9839434810533076,
      "recall": 0.9801663467690339,
      "f1-score": 0.982051282051282,
      "support": 1563.0
    },
    "ethnicity": {
      "precision": 0.9754152823920266,
      "recall": 0.9892183288409704,
      "f1-score": 0.9822683171629307,
      "support": 1484.0
    },
    "gender": {
      "precision": 0.8912448700410397,
      "recall": 0.8949175824175825,
      "f1-score": 0.8930774503084304,
      "support": 1456.0
    },
    "not_cyberbullying": {
      "precision": 0.6362839614373357,
      "recall": 0.5980230642504119,
      "f1-score": 0.6165605095541401,
      "support": 1214.0
    },
    "other_cyberbullying": {
      "precision": 0.6101860920666013,
      "recall": 0.6350662589194699,
      "f1-score": 0.6223776223776224,
      "support": 981.0
    },
    "religion": {
      "precision": 0.9592476489028213,
      "recall": 0.9665192672141504,
      "f1-score": 0.9628697293895532,
      "support": 1583.0
    }
  },
  "weighted_avg": {
    "precision": 0.8661517672323716,
    "recall": 0.8672865595942519,
    "f1-score": 0.8665901209926161,
    "support": 8281.0
  },
  "micro_avg": {
    "precision": 0.8672865595942519,
    "recall": 0.8672865595942519,
    "f1-score": 0.8672865595942519,
    "support": 8281
  },
  "macro_avg": {
    "precision": 0.8427202226488554,
    "recall": 0.8439851414019365,
    "f1-score": 0.843200818473993,
    "support": 8281.0
  },
  "accuracy": 0.8672865595942519,
  "inference_time_seconds": 1.6026804447174072,
  "energy_kwh": 9.391976032650283e-05,
  "num_test_samples": 8281
}