{
  "per_class": {
    "age": {
      "precision": 0.9863523573200993,
      "recall": 0.99375,
      "f1-score": 0.9900373599003736,
      "support": 1600.0
    },
    "ethnicity": {
      "precision": 0.9924242424242424,
      "recall": 0.9825,
      "f1-score": 0.9874371859296482,
      "support": 1600.0
    },
    "gender": {
      "precision": 0.9193954659949622,
      "recall": 0.9119300437226733,
      "f1-score": 0.9156475384132957,
      "support": 1601.0
    },
    "other_cyberbullying": {
      "precision": 0.8977061376317421,
      "recall": 0.9044347282948157,
      "f1-score": 0.9010578718108276,
      "support": 1601.0
    },
    "religion": {
      "precision": 0.9838006230529595,
      "recall": 0.986875,
      "f1-score": 0.9853354134165366,
      "support": 1600.0
    }
  },
  "weighted_avg": {
    "precision": 0.9559239220047533,
    "recall": 0.9558860284928767,
    "f1-score": 0.9558911892730961,
    "support": 8002.0
  },
  "micro_avg": {
    "precision": 0.9558860284928767,
    "recall": 0.9558860284928767,
    "f1-score": 0.9558860284928767,
    "support": 8002
  },
  "macro_avg": {
    "precision": 0.9559357652848011,
    "recall": 0.9558979544034978,
    "f1-score": 0.9559030738941363,
    "support": 8002.0
  },
  "accuracy": 0.9558860284928767,
  "inference_time_seconds": 2.7838525772094727,
  "energy_kwh": 0.00018851482701349336,
  "num_test_samples": 8002
}