{
  "per_class": {
    "age": {
      "precision": 0.9886075949367089,
      "recall": 0.9904882688649335,
      "f1-score": 0.9895470383275261,
      "support": 1577.0
    },
    "ethnicity": {
      "precision": 0.9912457912457913,
      "recall": 0.9819879919946631,
      "f1-score": 0.9865951742627346,
      "support": 1499.0
    },
    "gender": {
      "precision": 0.9294605809128631,
      "recall": 0.9032258064516129,
      "f1-score": 0.9161554192229039,
      "support": 1488.0
    },
    "other_cyberbullying": {
      "precision": 0.8628485305199699,
      "recall": 0.9051383399209486,
      "f1-score": 0.8834876543209876,
      "support": 1265.0
    },
    "religion": {
      "precision": 0.990530303030303,
      "recall": 0.9849340866290018,
      "f1-score": 0.987724268177526,
      "support": 1593.0
    }
  },
  "weighted_avg": {
    "precision": 0.9562607284459722,
    "recall": 0.9555375909458367,
    "f1-score": 0.9557690314455506,
    "support": 7422.0
  },
  "micro_avg": {
    "precision": 0.9555375909458367,
    "recall": 0.9555375909458367,
    "f1-score": 0.9555375909458367,
    "support": 7422
  },
  "macro_avg": {
    "precision": 0.9525385601291271,
    "recall": 0.953154898772232,
    "f1-score": 0.9527019108623357,
    "support": 7422.0
  },
  "accuracy": 0.9555375909458367,
  "inference_time_seconds": 2.560615301132202,
  "energy_kwh": 0.0001771321525576517,
  "num_test_samples": 7422
}