{
  "per_class": {
    "age": {
      "precision": 0.9893416927899686,
      "recall": 0.98625,
      "f1-score": 0.9877934272300469,
      "support": 1600.0
    },
    "ethnicity": {
      "precision": 0.9961734693877551,
      "recall": 0.97625,
      "f1-score": 0.9861111111111112,
      "support": 1600.0
    },
    "gender": {
      "precision": 0.9122137404580153,
      "recall": 0.8956901936289818,
      "f1-score": 0.9038764576110936,
      "support": 1601.0
    },
    "other_cyberbullying": {
      "precision": 0.8710843373493976,
      "recall": 0.9031855090568395,
      "f1-score": 0.8868445262189513,
      "support": 1601.0
    },
    "religion": {
      "precision": 0.9819539514623522,
      "recall": 0.98625,
      "f1-score": 0.9840972871842844,
      "support": 1600.0
    }
  },
  "weighted_avg": {
    "precision": 0.9501388158452623,
    "recall": 0.9495126218445389,
    "f1-score": 0.9497309692517633,
    "support": 8002.0
  },
  "micro_avg": {
    "precision": 0.9495126218445389,
    "recall": 0.9495126218445389,
    "f1-score": 0.9495126218445389,
    "support": 8002
  },
  "macro_avg": {
    "precision": 0.9501534382894977,
    "recall": 0.9495251405371642,
    "f1-score": 0.9497445618710975,
    "support": 8002.0
  },
  "accuracy": 0.9495126218445389,
  "inference_time_seconds": 1.916107177734375,
  "energy_kwh": 0.00014253495564514967,
  "num_test_samples": 8002
}