{
  "per_class": {
    "age": {
      "precision": 0.9904701397712834,
      "recall": 0.9879594423320659,
      "f1-score": 0.9892131979695431,
      "support": 1578.0
    },
    "ethnicity": {
      "precision": 0.9965823650034177,
      "recall": 0.9745989304812834,
      "f1-score": 0.9854680635349781,
      "support": 1496.0
    },
    "gender": {
      "precision": 0.9278711484593838,
      "recall": 0.889261744966443,
      "f1-score": 0.90815627141878,
      "support": 1490.0
    },
    "other_cyberbullying": {
      "precision": 0.8490284005979073,
      "recall": 0.9008723235527359,
      "f1-score": 0.8741823778376299,
      "support": 1261.0
    },
    "religion": {
      "precision": 0.9739776951672863,
      "recall": 0.9874371859296482,
      "f1-score": 0.9806612601372426,
      "support": 1592.0
    }
  },
  "weighted_avg": {
    "precision": 0.9515403011553136,
    "recall": 0.9505190777942565,
    "f1-score": 0.9507817444317096,
    "support": 7417.0
  },
  "micro_avg": {
    "precision": 0.9505190777942565,
    "recall": 0.9505190777942565,
    "f1-score": 0.9505190777942565,
    "support": 7417
  },
  "macro_avg": {
    "precision": 0.9475859497998556,
    "recall": 0.9480259254524352,
    "f1-score": 0.9475362341796346,
    "support": 7417.0
  },
  "accuracy": 0.9505190777942565,
  "inference_time_seconds": 3.058225393295288,
  "energy_kwh": 0.000169026340103718,
  "num_test_samples": 7417
}