{
  "per_class": {
    "age": {
      "precision": 0.9897959183673469,
      "recall": 0.984147114774889,
      "f1-score": 0.9869634340222575,
      "support": 1577.0
    },
    "ethnicity": {
      "precision": 0.9919246298788694,
      "recall": 0.9826666666666667,
      "f1-score": 0.9872739450770261,
      "support": 1500.0
    },
    "gender": {
      "precision": 0.9357798165137615,
      "recall": 0.8887399463806971,
      "f1-score": 0.9116534891715367,
      "support": 1492.0
    },
    "other_cyberbullying": {
      "precision": 0.8450807635829662,
      "recall": 0.9113222486144101,
      "f1-score": 0.8769523809523809,
      "support": 1263.0
    },
    "religion": {
      "precision": 0.9817610062893082,
      "recall": 0.9811439346323068,
      "f1-score": 0.9814523734674631,
      "support": 1591.0
    }
  },
  "weighted_avg": {
    "precision": 0.9530240279851432,
    "recall": 0.9516368045264718,
    "f1-score": 0.9519898750157837,
    "support": 7423.0
  },
  "micro_avg": {
    "precision": 0.9516368045264718,
    "recall": 0.9516368045264718,
    "f1-score": 0.9516368045264718,
    "support": 7423
  },
  "macro_avg": {
    "precision": 0.9488684269264505,
    "recall": 0.9496039822137939,
    "f1-score": 0.9488591245381329,
    "support": 7423.0
  },
  "accuracy": 0.9516368045264718,
  "inference_time_seconds": 3.1768648624420166,
  "energy_kwh": 0.00017088005922285597,
  "num_test_samples": 7423
}