{
  "per_class": {
    "age": {
      "precision": 0.9894014962593516,
      "recall": 0.991875,
      "f1-score": 0.9906367041198502,
      "support": 1600.0
    },
    "ethnicity": {
      "precision": 0.993666877770741,
      "recall": 0.980625,
      "f1-score": 0.9871028625353885,
      "support": 1600.0
    },
    "gender": {
      "precision": 0.9125546533416614,
      "recall": 0.9125546533416614,
      "f1-score": 0.9125546533416614,
      "support": 1601.0
    },
    "other_cyberbullying": {
      "precision": 0.8948019801980198,
      "recall": 0.9031855090568395,
      "f1-score": 0.898974199564812,
      "support": 1601.0
    },
    "religion": {
      "precision": 0.9887640449438202,
      "recall": 0.99,
      "f1-score": 0.9893816364772018,
      "support": 1600.0
    }
  },
  "weighted_avg": {
    "precision": 0.9558247738884391,
    "recall": 0.9556360909772557,
    "f1-score": 0.9557175229336626,
    "support": 8002.0
  },
  "micro_avg": {
    "precision": 0.9556360909772557,
    "recall": 0.9556360909772557,
    "f1-score": 0.9556360909772557,
    "support": 8002
  },
  "macro_avg": {
    "precision": 0.9558378105027188,
    "recall": 0.9556480324797002,
    "f1-score": 0.9557300112077828,
    "support": 8002.0
  },
  "accuracy": 0.9556360909772557,
  "inference_time_seconds": 2.7773523330688477,
  "energy_kwh": 0.00018728180366494319,
  "num_test_samples": 8002
}