{
  "per_class": {
    "age": {
      "precision": 0.9936788874841972,
      "recall": 0.9825,
      "f1-score": 0.9880578252671276,
      "support": 1600.0
    },
    "ethnicity": {
      "precision": 0.9942893401015228,
      "recall": 0.979375,
      "f1-score": 0.9867758186397985,
      "support": 1600.0
    },
    "gender": {
      "precision": 0.9328505595786701,
      "recall": 0.8850718301061836,
      "f1-score": 0.9083333333333333,
      "support": 1601.0
    },
    "other_cyberbullying": {
      "precision": 0.8683750728013978,
      "recall": 0.9312929419113054,
      "f1-score": 0.8987341772151899,
      "support": 1601.0
    },
    "religion": {
      "precision": 0.9832089552238806,
      "recall": 0.988125,
      "f1-score": 0.9856608478802993,
      "support": 1600.0
    }
  },
  "weighted_avg": {
    "precision": 0.9544670994671145,
    "recall": 0.9532616845788553,
    "f1-score": 0.953499908928736,
    "support": 8002.0
  },
  "micro_avg": {
    "precision": 0.9532616845788553,
    "recall": 0.9532616845788553,
    "f1-score": 0.9532616845788553,
    "support": 8002
  },
  "macro_avg": {
    "precision": 0.9544805630379336,
    "recall": 0.9532729544034979,
    "f1-score": 0.9535124004671497,
    "support": 8002.0
  },
  "accuracy": 0.9532616845788553,
  "inference_time_seconds": 2.7807085514068604,
  "energy_kwh": 0.00018619696536402203,
  "num_test_samples": 8002
}