{
  "per_class": {
    "age": {
      "precision": 0.9794135995009358,
      "recall": 0.9824780976220275,
      "f1-score": 0.9809434551702593,
      "support": 1598.0
    },
    "ethnicity": {
      "precision": 0.990427568602425,
      "recall": 0.9748743718592965,
      "f1-score": 0.9825894270338715,
      "support": 1592.0
    },
    "gender": {
      "precision": 0.8746958637469586,
      "recall": 0.9044025157232705,
      "f1-score": 0.8893011750154607,
      "support": 1590.0
    },
    "not_cyberbullying": {
      "precision": 0.7121096725057121,
      "recall": 0.5891619407687461,
      "f1-score": 0.6448275862068965,
      "support": 1587.0
    },
    "other_cyberbullying": {
      "precision": 0.6904218928164196,
      "recall": 0.7738019169329073,
      "f1-score": 0.7297378728532691,
      "support": 1565.0
    },
    "religion": {
      "precision": 0.9473046638400969,
      "recall": 0.9775,
      "f1-score": 0.9621654875422947,
      "support": 1600.0
    }
  },
  "weighted_avg": {
    "precision": 0.8664441690352117,
    "recall": 0.8676038606798153,
    "f1-score": 0.8655754099735589,
    "support": 9532.0
  },
  "micro_avg": {
    "precision": 0.8676038606798153,
    "recall": 0.8676038606798153,
    "f1-score": 0.8676038606798153,
    "support": 9532
  },
  "macro_avg": {
    "precision": 0.8657288768354247,
    "recall": 0.867036473817708,
    "f1-score": 0.8649275006370086,
    "support": 9532.0
  },
  "accuracy": 0.8676038606798153,
  "inference_time_seconds": 8.727779388427734,
  "energy_kwh": 0.00044839439148001915,
  "num_test_samples": 9532
}