{
  "per_class": {
    "Cyberstalking": {
      "precision": 0.6956521739130435,
      "recall": 0.8,
      "f1-score": 0.7441860465116279,
      "support": 60.0
    },
    "Doxing": {
      "precision": 0.8275862068965517,
      "recall": 0.8181818181818182,
      "f1-score": 0.8228571428571428,
      "support": 88.0
    },
    "Revenge Porn": {
      "precision": 0.7922077922077922,
      "recall": 0.8026315789473685,
      "f1-score": 0.7973856209150327,
      "support": 76.0
    },
    "Sexual Harassment": {
      "precision": 0.9540229885057471,
      "recall": 0.8383838383838383,
      "f1-score": 0.8924731182795699,
      "support": 99.0
    },
    "Slut Shaming": {
      "precision": 0.8627450980392157,
      "recall": 0.8888888888888888,
      "f1-score": 0.8756218905472637,
      "support": 99.0
    }
  },
  "weighted_avg": {
    "precision": 0.8403662308469733,
    "recall": 0.8341232227488151,
    "f1-score": 0.8357945602500599,
    "support": 422.0
  },
  "micro_avg": {
    "precision": 0.8341232227488151,
    "recall": 0.8341232227488151,
    "f1-score": 0.8341232227488151,
    "support": 422
  },
  "macro_avg": {
    "precision": 0.8264428519124699,
    "recall": 0.8296172248803828,
    "f1-score": 0.8265047638221276,
    "support": 422.0
  },
  "accuracy": 0.8341232227488151,
  "inference_time_seconds": 0.3161122798919678,
  "energy_kwh": 1.6067772577005676e-05,
  "num_test_samples": 422
}