{
  "per_class": {
    "age": {
      "precision": 0.9807568954457986,
      "recall": 0.9776214833759591,
      "f1-score": 0.9791866794748639,
      "support": 1564.0
    },
    "ethnicity": {
      "precision": 0.9871794871794872,
      "recall": 0.9851851851851852,
      "f1-score": 0.9861813279406808,
      "support": 1485.0
    },
    "gender": {
      "precision": 0.8948453608247423,
      "recall": 0.8942307692307693,
      "f1-score": 0.8945379594641016,
      "support": 1456.0
    },
    "not_cyberbullying": {
      "precision": 0.6441666666666667,
      "recall": 0.6367380560131796,
      "f1-score": 0.6404308202154101,
      "support": 1214.0
    },
    "other_cyberbullying": {
      "precision": 0.6248736097067745,
      "recall": 0.6293279022403259,
      "f1-score": 0.6270928462709284,
      "support": 982.0
    },
    "religion": {
      "precision": 0.957473420888055,
      "recall": 0.967150979153506,
      "f1-score": 0.9622878692646134,
      "support": 1583.0
    }
  },
  "weighted_avg": {
    "precision": 0.8708455832485236,
    "recall": 0.87107677450507,
    "f1-score": 0.8709517618898809,
    "support": 8284.0
  },
  "micro_avg": {
    "precision": 0.87107677450507,
    "recall": 0.87107677450507,
    "f1-score": 0.87107677450507,
    "support": 8284
  },
  "macro_avg": {
    "precision": 0.8482159067852542,
    "recall": 0.8483757291998208,
    "f1-score": 0.848286250438433,
    "support": 8284.0
  },
  "accuracy": 0.87107677450507,
  "inference_time_seconds": 6.635797739028931,
  "energy_kwh": 0.0003792353312944015,
  "num_test_samples": 8284
}