{
  "per_class": {
    "Cyberstalking": {
      "precision": 0.7666666666666667,
      "recall": 0.7666666666666667,
      "f1-score": 0.7666666666666667,
      "support": 60.0
    },
    "Doxing": {
      "precision": 0.8214285714285714,
      "recall": 0.7840909090909091,
      "f1-score": 0.8023255813953488,
      "support": 88.0
    },
    "Revenge Porn": {
      "precision": 0.7792207792207793,
      "recall": 0.7894736842105263,
      "f1-score": 0.7843137254901961,
      "support": 76.0
    },
    "Sexual Harassment": {
      "precision": 0.8073394495412844,
      "recall": 0.8888888888888888,
      "f1-score": 0.8461538461538461,
      "support": 99.0
    },
    "Slut Shaming": {
      "precision": 0.9021739130434783,
      "recall": 0.8383838383838383,
      "f1-score": 0.8691099476439791,
      "support": 99.0
    }
  },
  "weighted_avg": {
    "precision": 0.8216784748871682,
    "recall": 0.8199052132701422,
    "f1-score": 0.8199611608673704,
    "support": 422.0
  },
  "micro_avg": {
    "precision": 0.8199052132701422,
    "recall": 0.8199052132701422,
    "f1-score": 0.8199052132701422,
    "support": 422
  },
  "macro_avg": {
    "precision": 0.8153658759801561,
    "recall": 0.813500797448166,
    "f1-score": 0.8137139534700074,
    "support": 422.0
  },
  "accuracy": 0.8199052132701422,
  "inference_time_seconds": 0.4145545959472656,
  "energy_kwh": 2.6105026216347837e-05,
  "num_test_samples": 422
}