{
  "per_class": {
    "age": {
      "precision": 0.9844913151364765,
      "recall": 0.991875,
      "f1-score": 0.9881693648816936,
      "support": 1600.0
    },
    "ethnicity": {
      "precision": 0.9924290220820189,
      "recall": 0.983125,
      "f1-score": 0.9877551020408163,
      "support": 1600.0
    },
    "gender": {
      "precision": 0.9090346534653465,
      "recall": 0.9175515302935665,
      "f1-score": 0.9132732359341001,
      "support": 1601.0
    },
    "other_cyberbullying": {
      "precision": 0.8999374609130707,
      "recall": 0.8988132417239225,
      "f1-score": 0.899375,
      "support": 1601.0
    },
    "religion": {
      "precision": 0.9911949685534591,
      "recall": 0.985,
      "f1-score": 0.9880877742946709,
      "support": 1600.0
    }
  },
  "weighted_avg": {
    "precision": 0.9554047543557826,
    "recall": 0.955261184703824,
    "f1-score": 0.9553198464981233,
    "support": 8002.0
  },
  "micro_avg": {
    "precision": 0.955261184703824,
    "recall": 0.955261184703824,
    "f1-score": 0.955261184703824,
    "support": 8002
  },
  "macro_avg": {
    "precision": 0.9554174840300744,
    "recall": 0.9552729544034978,
    "f1-score": 0.9553320954302562,
    "support": 8002.0
  },
  "accuracy": 0.955261184703824,
  "inference_time_seconds": 1.5029525756835938,
  "energy_kwh": 0.00010083488776221106,
  "num_test_samples": 8002
}