{
  "per_class": {
    "emotion": {
      "precision": 0.8963474827245804,
      "recall": 0.9025844930417495,
      "f1-score": 0.8994551758296186,
      "support": 1006.0
    },
    "hate": {
      "precision": 0.9708,
      "recall": 0.9581523884721674,
      "f1-score": 0.9644347307768727,
      "support": 2533.0
    },
    "offensive": {
      "precision": 0.9576570218772054,
      "recall": 0.9665242165242165,
      "f1-score": 0.9620701878766394,
      "support": 2808.0
    },
    "religion": {
      "precision": 0.9980741454020221,
      "recall": 0.9995178399228544,
      "f1-score": 0.9987954709708504,
      "support": 2074.0
    },
    "spiritual": {
      "precision": 1.0,
      "recall": 0.9982668977469671,
      "f1-score": 0.9991326973113617,
      "support": 1731.0
    }
  },
  "weighted_avg": {
    "precision": 0.9703377327241838,
    "recall": 0.9702521670606777,
    "f1-score": 0.9702776470980624,
    "support": 10152.0
  },
  "micro_avg": {
    "precision": 0.9702521670606777,
    "recall": 0.9702521670606777,
    "f1-score": 0.9702521670606777,
    "support": 10152
  },
  "macro_avg": {
    "precision": 0.9645757300007615,
    "recall": 0.9650091671415909,
    "f1-score": 0.9647776525530686,
    "support": 10152.0
  },
  "accuracy": 0.9702521670606777,
  "inference_time_seconds": 17.14669156074524,
  "energy_kwh": 0.0010483388898817982,
  "num_test_samples": 10152
}