{
  "per_class": {
    "Cyberstalking": {
      "precision": 0.8292682926829268,
      "recall": 0.5964912280701754,
      "f1-score": 0.6938775510204082,
      "support": 57.0
    },
    "Doxing": {
      "precision": 0.875,
      "recall": 0.7088607594936709,
      "f1-score": 0.7832167832167832,
      "support": 79.0
    },
    "Revenge Porn": {
      "precision": 0.7375,
      "recall": 0.8309859154929577,
      "f1-score": 0.7814569536423841,
      "support": 71.0
    },
    "Sexual Harassment": {
      "precision": 0.7816091954022989,
      "recall": 0.8292682926829268,
      "f1-score": 0.8047337278106509,
      "support": 82.0
    },
    "Slut Shaming": {
      "precision": 0.7669902912621359,
      "recall": 0.9186046511627907,
      "f1-score": 0.8359788359788359,
      "support": 86.0
    }
  },
  "weighted_avg": {
    "precision": 0.7968237646785574,
    "recall": 0.7893333333333333,
    "f1-score": 0.7861091615081377,
    "support": 375.0
  },
  "micro_avg": {
    "precision": 0.7893333333333333,
    "recall": 0.7893333333333333,
    "f1-score": 0.7893333333333333,
    "support": 375
  },
  "macro_avg": {
    "precision": 0.7980735558694723,
    "recall": 0.7768421693805042,
    "f1-score": 0.7798527703338125,
    "support": 375.0
  },
  "accuracy": 0.7893333333333333,
  "inference_time_seconds": 0.36373400688171387,
  "energy_kwh": 3.982442989314664e-05,
  "num_test_samples": 375
}