{
  "per_class": {
    "age": {
      "precision": 0.9838909541511772,
      "recall": 0.9925,
      "f1-score": 0.9881767268201618,
      "support": 1600.0
    },
    "ethnicity": {
      "precision": 0.9905362776025236,
      "recall": 0.98125,
      "f1-score": 0.9858712715855573,
      "support": 1600.0
    },
    "gender": {
      "precision": 0.9134060295060936,
      "recall": 0.8894440974391006,
      "f1-score": 0.9012658227848102,
      "support": 1601.0
    },
    "other_cyberbullying": {
      "precision": 0.870516717325228,
      "recall": 0.8944409743910057,
      "f1-score": 0.8823166974738139,
      "support": 1601.0
    },
    "religion": {
      "precision": 0.9849906191369606,
      "recall": 0.984375,
      "f1-score": 0.9846827133479212,
      "support": 1600.0
    }
  },
  "weighted_avg": {
    "precision": 0.9486539464011501,
    "recall": 0.9483879030242439,
    "f1-score": 0.948448482096961,
    "support": 8002.0
  },
  "micro_avg": {
    "precision": 0.9483879030242439,
    "recall": 0.9483879030242439,
    "f1-score": 0.9483879030242439,
    "support": 8002
  },
  "macro_avg": {
    "precision": 0.9486681195443966,
    "recall": 0.9484020143660212,
    "f1-score": 0.9484626464024529,
    "support": 8002.0
  },
  "accuracy": 0.9483879030242439,
  "inference_time_seconds": 10.99830436706543,
  "energy_kwh": 0.0006754959448168516,
  "num_test_samples": 8002
}