{
  "per_class": {
    "Cyberstalking": {
      "precision": 0.8214285714285714,
      "recall": 0.7666666666666667,
      "f1-score": 0.7931034482758621,
      "support": 60.0
    },
    "Doxing": {
      "precision": 0.8823529411764706,
      "recall": 0.8522727272727273,
      "f1-score": 0.8670520231213873,
      "support": 88.0
    },
    "Revenge Porn": {
      "precision": 0.8082191780821918,
      "recall": 0.7763157894736842,
      "f1-score": 0.7919463087248322,
      "support": 76.0
    },
    "Sexual Harassment": {
      "precision": 0.8468468468468469,
      "recall": 0.9494949494949495,
      "f1-score": 0.8952380952380953,
      "support": 99.0
    },
    "Slut Shaming": {
      "precision": 0.9587628865979382,
      "recall": 0.9393939393939394,
      "f1-score": 0.9489795918367347,
      "support": 99.0
    }
  },
  "weighted_avg": {
    "precision": 0.8699355314088244,
    "recall": 0.8696682464454977,
    "f1-score": 0.8688442071439081,
    "support": 422.0
  },
  "micro_avg": {
    "precision": 0.8696682464454977,
    "recall": 0.8696682464454977,
    "f1-score": 0.8696682464454977,
    "support": 422
  },
  "macro_avg": {
    "precision": 0.8635220848264037,
    "recall": 0.8568288144603933,
    "f1-score": 0.8592638934393821,
    "support": 422.0
  },
  "accuracy": 0.8696682464454977,
  "inference_time_seconds": 0.5124599933624268,
  "energy_kwh": 3.2014777119394784e-05,
  "num_test_samples": 422
}