{
  "per_class": {
    "Cyberstalking": {
      "precision": 0.8297872340425532,
      "recall": 0.6964285714285714,
      "f1-score": 0.7572815533980582,
      "support": 56.0
    },
    "Doxing": {
      "precision": 0.873015873015873,
      "recall": 0.6962025316455697,
      "f1-score": 0.7746478873239436,
      "support": 79.0
    },
    "Revenge Porn": {
      "precision": 0.6458333333333334,
      "recall": 0.8732394366197183,
      "f1-score": 0.7425149700598802,
      "support": 71.0
    },
    "Sexual Harassment": {
      "precision": 0.75,
      "recall": 0.8780487804878049,
      "f1-score": 0.8089887640449438,
      "support": 82.0
    },
    "Slut Shaming": {
      "precision": 1.0,
      "recall": 0.8409090909090909,
      "f1-score": 0.9135802469135802,
      "support": 88.0
    }
  },
  "weighted_avg": {
    "precision": 0.8265704939928288,
    "recall": 0.8031914893617021,
    "f1-score": 0.8059990780404648,
    "support": 376.0
  },
  "micro_avg": {
    "precision": 0.8031914893617021,
    "recall": 0.8031914893617021,
    "f1-score": 0.8031914893617021,
    "support": 376
  },
  "macro_avg": {
    "precision": 0.8197272880783519,
    "recall": 0.7969656822181509,
    "f1-score": 0.7994026843480813,
    "support": 376.0
  },
  "accuracy": 0.8031914893617021,
  "inference_time_seconds": 0.5936510562896729,
  "energy_kwh": 5.791453671292008e-05,
  "num_test_samples": 376
}