{
  "per_class": {
    "Cyberstalking": {
      "precision": 0.8,
      "recall": 0.7017543859649122,
      "f1-score": 0.7476635514018691,
      "support": 57.0
    },
    "Doxing": {
      "precision": 0.7674418604651163,
      "recall": 0.8354430379746836,
      "f1-score": 0.8,
      "support": 79.0
    },
    "Revenge Porn": {
      "precision": 0.7792207792207793,
      "recall": 0.8450704225352113,
      "f1-score": 0.8108108108108109,
      "support": 71.0
    },
    "Sexual Harassment": {
      "precision": 0.8414634146341463,
      "recall": 0.8414634146341463,
      "f1-score": 0.8414634146341463,
      "support": 82.0
    },
    "Slut Shaming": {
      "precision": 0.9146341463414634,
      "recall": 0.8522727272727273,
      "f1-score": 0.8823529411764706,
      "support": 88.0
    }
  },
  "weighted_avg": {
    "precision": 0.8250408147996506,
    "recall": 0.8222811671087533,
    "f1-score": 0.8223645857321049,
    "support": 377.0
  },
  "micro_avg": {
    "precision": 0.8222811671087533,
    "recall": 0.8222811671087533,
    "f1-score": 0.8222811671087533,
    "support": 377
  },
  "macro_avg": {
    "precision": 0.820552040132301,
    "recall": 0.8152007976763361,
    "f1-score": 0.8164581436046593,
    "support": 377.0
  },
  "accuracy": 0.8222811671087533,
  "inference_time_seconds": 0.5908570289611816,
  "energy_kwh": 3.931745410358155e-05,
  "num_test_samples": 377
}