{
  "per_class": {
    "emotion": {
      "precision": 0.8174186778593914,
      "recall": 0.8394396551724138,
      "f1-score": 0.8282828282828283,
      "support": 928.0
    },
    "hate": {
      "precision": 0.9376558603491272,
      "recall": 0.9318463444857497,
      "f1-score": 0.9347420758234929,
      "support": 2421.0
    },
    "offensive": {
      "precision": 0.8978902953586498,
      "recall": 0.8907492674759313,
      "f1-score": 0.8943055263710864,
      "support": 2389.0
    },
    "religion": {
      "precision": 0.9941205291523763,
      "recall": 0.999015263417036,
      "f1-score": 0.9965618860510805,
      "support": 2031.0
    },
    "spiritual": {
      "precision": 0.9982445874780573,
      "recall": 0.9976608187134502,
      "f1-score": 0.9979526177244809,
      "support": 1710.0
    }
  },
  "weighted_avg": {
    "precision": 0.9388908456447432,
    "recall": 0.9387066146217955,
    "f1-score": 0.93877720219372,
    "support": 9479.0
  },
  "micro_avg": {
    "precision": 0.9387066146217955,
    "recall": 0.9387066146217955,
    "f1-score": 0.9387066146217955,
    "support": 9479
  },
  "macro_avg": {
    "precision": 0.9290659900395204,
    "recall": 0.9317422698529162,
    "f1-score": 0.9303689868505938,
    "support": 9479.0
  },
  "accuracy": 0.9387066146217955,
  "inference_time_seconds": 1.8325610160827637,
  "energy_kwh": 0.00010700431885871972,
  "num_test_samples": 9479
}