{
  "per_class": {
    "emotion": {
      "precision": 0.9198751300728408,
      "recall": 0.878727634194831,
      "f1-score": 0.8988307066598882,
      "support": 1006.0
    },
    "hate": {
      "precision": 0.9538097118041847,
      "recall": 0.9538097118041847,
      "f1-score": 0.9538097118041847,
      "support": 2533.0
    },
    "offensive": {
      "precision": 0.9385101897399859,
      "recall": 0.9512108262108262,
      "f1-score": 0.9448178280863105,
      "support": 2808.0
    },
    "religion": {
      "precision": 0.9952015355086372,
      "recall": 1.0,
      "f1-score": 0.9975949975949976,
      "support": 2074.0
    },
    "spiritual": {
      "precision": 1.0,
      "recall": 0.9982668977469671,
      "f1-score": 0.9991326973113617,
      "support": 1731.0
    }
  },
  "weighted_avg": {
    "precision": 0.9625471806824342,
    "recall": 0.9626674546887313,
    "f1-score": 0.9625475646398937,
    "support": 10152.0
  },
  "micro_avg": {
    "precision": 0.9626674546887313,
    "recall": 0.9626674546887313,
    "f1-score": 0.9626674546887313,
    "support": 10152
  },
  "macro_avg": {
    "precision": 0.9614793134251297,
    "recall": 0.956403013991362,
    "f1-score": 0.9588371882913485,
    "support": 10152.0
  },
  "accuracy": 0.9626674546887313,
  "inference_time_seconds": 7.833103179931641,
  "energy_kwh": 0.00048230655005872795,
  "num_test_samples": 10152
}