{
  "per_class": {
    "emotion": {
      "precision": 0.8594950603732162,
      "recall": 0.8428417653390743,
      "f1-score": 0.8510869565217392,
      "support": 929.0
    },
    "hate": {
      "precision": 0.9260763606823721,
      "recall": 0.9417596034696406,
      "f1-score": 0.933852140077821,
      "support": 2421.0
    },
    "offensive": {
      "precision": 0.9052273693157671,
      "recall": 0.8915864378401005,
      "f1-score": 0.8983551244200759,
      "support": 2389.0
    },
    "religion": {
      "precision": 0.9916911045943304,
      "recall": 0.9995073891625615,
      "f1-score": 0.9955839057899902,
      "support": 2030.0
    },
    "spiritual": {
      "precision": 0.9982425307557118,
      "recall": 0.9964912280701754,
      "f1-score": 0.9973661106233538,
      "support": 1710.0
    }
  },
  "weighted_avg": {
    "precision": 0.9413669833856806,
    "recall": 0.9416605127123114,
    "f1-score": 0.9414724743006937,
    "support": 9479.0
  },
  "micro_avg": {
    "precision": 0.9416605127123114,
    "recall": 0.9416605127123114,
    "f1-score": 0.9416605127123114,
    "support": 9479
  },
  "macro_avg": {
    "precision": 0.9361464851442796,
    "recall": 0.9344372847763104,
    "f1-score": 0.9352488474865959,
    "support": 9479.0
  },
  "accuracy": 0.9416605127123114,
  "inference_time_seconds": 3.947916030883789,
  "energy_kwh": 0.00022577021613856587,
  "num_test_samples": 9479
}