{
  "per_class": {
    "emotion": {
      "precision": 0.9131767109295199,
      "recall": 0.8886679920477137,
      "f1-score": 0.9007556675062972,
      "support": 1006.0
    },
    "hate": {
      "precision": 0.9727564102564102,
      "recall": 0.9585471772601658,
      "f1-score": 0.9655995227679459,
      "support": 2533.0
    },
    "offensive": {
      "precision": 0.951534170153417,
      "recall": 0.9718660968660968,
      "f1-score": 0.9615926708949964,
      "support": 2808.0
    },
    "religion": {
      "precision": 0.9966362325804902,
      "recall": 1.0,
      "f1-score": 0.9983152827918171,
      "support": 2074.0
    },
    "spiritual": {
      "precision": 1.0,
      "recall": 0.9982668977469671,
      "f1-score": 0.9991326973113617,
      "support": 1731.0
    }
  },
  "weighted_avg": {
    "precision": 0.9705062307463864,
    "recall": 0.9705476753349094,
    "f1-score": 0.9704669629739843,
    "support": 10152.0
  },
  "micro_avg": {
    "precision": 0.9705476753349094,
    "recall": 0.9705476753349094,
    "f1-score": 0.9705476753349094,
    "support": 10152
  },
  "macro_avg": {
    "precision": 0.9668207047839676,
    "recall": 0.9634696327841887,
    "f1-score": 0.9650791682544837,
    "support": 10152.0
  },
  "accuracy": 0.9705476753349094,
  "inference_time_seconds": 2.4926087856292725,
  "energy_kwh": 0.00014296304771137973,
  "num_test_samples": 10152
}