{
  "per_class": {
    "Cyberstalking": {
      "precision": 0.7777777777777778,
      "recall": 0.7,
      "f1-score": 0.7368421052631579,
      "support": 60.0
    },
    "Doxing": {
      "precision": 0.7613636363636364,
      "recall": 0.7613636363636364,
      "f1-score": 0.7613636363636364,
      "support": 88.0
    },
    "Revenge Porn": {
      "precision": 0.7848101265822784,
      "recall": 0.8157894736842105,
      "f1-score": 0.8,
      "support": 76.0
    },
    "Sexual Harassment": {
      "precision": 0.7870370370370371,
      "recall": 0.8585858585858586,
      "f1-score": 0.821256038647343,
      "support": 99.0
    },
    "Slut Shaming": {
      "precision": 0.9354838709677419,
      "recall": 0.8787878787878788,
      "f1-score": 0.90625,
      "support": 99.0
    }
  },
  "weighted_avg": {
    "precision": 0.8147910099037748,
    "recall": 0.8127962085308057,
    "f1-score": 0.8128758865921243,
    "support": 422.0
  },
  "micro_avg": {
    "precision": 0.8127962085308057,
    "recall": 0.8127962085308057,
    "f1-score": 0.8127962085308057,
    "support": 422
  },
  "macro_avg": {
    "precision": 0.8092944897456944,
    "recall": 0.8029053694843169,
    "f1-score": 0.8051423560548274,
    "support": 422.0
  },
  "accuracy": 0.8127962085308057,
  "inference_time_seconds": 0.18361830711364746,
  "energy_kwh": 5.215023213050358e-06,
  "num_test_samples": 422
}