{
  "per_class": {
    "Cyberstalking": {
      "precision": 0.7192982456140351,
      "recall": 0.6833333333333333,
      "f1-score": 0.7008547008547008,
      "support": 60.0
    },
    "Doxing": {
      "precision": 0.6782608695652174,
      "recall": 0.8863636363636364,
      "f1-score": 0.7684729064039408,
      "support": 88.0
    },
    "Revenge Porn": {
      "precision": 0.8888888888888888,
      "recall": 0.8421052631578947,
      "f1-score": 0.8648648648648649,
      "support": 76.0
    },
    "Sexual Harassment": {
      "precision": 0.9425287356321839,
      "recall": 0.8282828282828283,
      "f1-score": 0.8817204301075269,
      "support": 99.0
    },
    "Slut Shaming": {
      "precision": 0.9340659340659341,
      "recall": 0.8585858585858586,
      "f1-score": 0.8947368421052632,
      "support": 99.0
    }
  },
  "weighted_avg": {
    "precision": 0.8440362064318732,
    "recall": 0.8293838862559242,
    "f1-score": 0.8324073400322862,
    "support": 422.0
  },
  "micro_avg": {
    "precision": 0.8293838862559242,
    "recall": 0.8293838862559242,
    "f1-score": 0.8293838862559242,
    "support": 422
  },
  "macro_avg": {
    "precision": 0.8326085347532519,
    "recall": 0.8197341839447102,
    "f1-score": 0.8221299488672592,
    "support": 422.0
  },
  "accuracy": 0.8293838862559242,
  "inference_time_seconds": 0.18221306800842285,
  "energy_kwh": 6.427878207465627e-06,
  "num_test_samples": 422
}