{
  "per_class": {
    "Cyberstalking": {
      "precision": 0.7857142857142857,
      "recall": 0.7719298245614035,
      "f1-score": 0.7787610619469026,
      "support": 57.0
    },
    "Doxing": {
      "precision": 0.8405797101449275,
      "recall": 0.7435897435897436,
      "f1-score": 0.7891156462585034,
      "support": 78.0
    },
    "Revenge Porn": {
      "precision": 0.7692307692307693,
      "recall": 0.8450704225352113,
      "f1-score": 0.8053691275167785,
      "support": 71.0
    },
    "Sexual Harassment": {
      "precision": 0.8045977011494253,
      "recall": 0.875,
      "f1-score": 0.8383233532934131,
      "support": 80.0
    },
    "Slut Shaming": {
      "precision": 0.9047619047619048,
      "recall": 0.8636363636363636,
      "f1-score": 0.8837209302325582,
      "support": 88.0
    }
  },
  "weighted_avg": {
    "precision": 0.8260780213994783,
    "recall": 0.8235294117647058,
    "f1-score": 0.8234088746437598,
    "support": 374.0
  },
  "micro_avg": {
    "precision": 0.8235294117647058,
    "recall": 0.8235294117647058,
    "f1-score": 0.8235294117647058,
    "support": 374
  },
  "macro_avg": {
    "precision": 0.8209768742002626,
    "recall": 0.8198452708645444,
    "f1-score": 0.8190580238496311,
    "support": 374.0
  },
  "accuracy": 0.8235294117647058,
  "inference_time_seconds": 0.12732529640197754,
  "energy_kwh": 2.3098451863907133e-05,
  "num_test_samples": 374
}