{
  "per_class": {
    "age": {
      "precision": 0.9757914338919925,
      "recall": 0.983729662077597,
      "f1-score": 0.9797444686818323,
      "support": 1598.0
    },
    "ethnicity": {
      "precision": 0.9829437776373974,
      "recall": 0.9773869346733668,
      "f1-score": 0.9801574803149606,
      "support": 1592.0
    },
    "gender": {
      "precision": 0.8915065096094235,
      "recall": 0.9044025157232705,
      "f1-score": 0.8979082110521386,
      "support": 1590.0
    },
    "not_cyberbullying": {
      "precision": 0.7062404870624048,
      "recall": 0.5847511027095148,
      "f1-score": 0.6397793864184764,
      "support": 1587.0
    },
    "other_cyberbullying": {
      "precision": 0.6719101123595506,
      "recall": 0.7642172523961661,
      "f1-score": 0.7150971599402093,
      "support": 1565.0
    },
    "religion": {
      "precision": 0.9570815450643777,
      "recall": 0.975625,
      "f1-score": 0.9662643144537295,
      "support": 1600.0
    }
  },
  "weighted_avg": {
    "precision": 0.865015737153888,
    "recall": 0.8656105749055812,
    "f1-score": 0.8638476993145617,
    "support": 9532.0
  },
  "micro_avg": {
    "precision": 0.8656105749055812,
    "recall": 0.8656105749055812,
    "f1-score": 0.8656105749055812,
    "support": 9532
  },
  "macro_avg": {
    "precision": 0.8642456442708578,
    "recall": 0.8650187445966525,
    "f1-score": 0.8631585034768912,
    "support": 9532.0
  },
  "accuracy": 0.8656105749055812,
  "inference_time_seconds": 12.057477712631226,
  "energy_kwh": 0.0007241264026024671,
  "num_test_samples": 9532
}