{
  "per_class": {
    "age": {
      "precision": 0.9788029925187033,
      "recall": 0.9824780976220275,
      "f1-score": 0.9806371018113679,
      "support": 1598.0
    },
    "ethnicity": {
      "precision": 0.9904701397712834,
      "recall": 0.9792713567839196,
      "f1-score": 0.9848389134554643,
      "support": 1592.0
    },
    "gender": {
      "precision": 0.8928571428571429,
      "recall": 0.8962264150943396,
      "f1-score": 0.8945386064030132,
      "support": 1590.0
    },
    "not_cyberbullying": {
      "precision": 0.6713426853707415,
      "recall": 0.6332703213610587,
      "f1-score": 0.6517509727626459,
      "support": 1587.0
    },
    "other_cyberbullying": {
      "precision": 0.6752293577981652,
      "recall": 0.7054313099041534,
      "f1-score": 0.69,
      "support": 1565.0
    },
    "religion": {
      "precision": 0.9538745387453874,
      "recall": 0.969375,
      "f1-score": 0.9615623062616243,
      "support": 1600.0
    }
  },
  "weighted_avg": {
    "precision": 0.8611993863128141,
    "recall": 0.8617289131347041,
    "f1-score": 0.8613005147806729,
    "support": 9532.0
  },
  "micro_avg": {
    "precision": 0.8617289131347041,
    "recall": 0.8617289131347041,
    "f1-score": 0.8617289131347041,
    "support": 9532
  },
  "macro_avg": {
    "precision": 0.860429476176904,
    "recall": 0.8610087501275833,
    "f1-score": 0.8605546501156859,
    "support": 9532.0
  },
  "accuracy": 0.8617289131347041,
  "inference_time_seconds": 2.401508331298828,
  "energy_kwh": 0.00013470306082270529,
  "num_test_samples": 9532
}