{
  "per_class": {
    "emotion": {
      "precision": 0.9039433771486349,
      "recall": 0.8886679920477137,
      "f1-score": 0.8962406015037594,
      "support": 1006.0
    },
    "hate": {
      "precision": 0.9569303054032889,
      "recall": 0.9648637978681406,
      "f1-score": 0.9608806762335365,
      "support": 2533.0
    },
    "offensive": {
      "precision": 0.9627773801002147,
      "recall": 0.957977207977208,
      "f1-score": 0.9603712959657266,
      "support": 2808.0
    },
    "religion": {
      "precision": 0.9937709631049353,
      "recall": 1.0,
      "f1-score": 0.996875751021389,
      "support": 2074.0
    },
    "spiritual": {
      "precision": 1.0,
      "recall": 0.9982668977469671,
      "f1-score": 0.9991326973113617,
      "support": 1731.0
    }
  },
  "weighted_avg": {
    "precision": 0.9681669978131499,
    "recall": 0.9682821118991332,
    "f1-score": 0.9682102446560695,
    "support": 10152.0
  },
  "micro_avg": {
    "precision": 0.9682821118991332,
    "recall": 0.9682821118991332,
    "f1-score": 0.9682821118991332,
    "support": 10152
  },
  "macro_avg": {
    "precision": 0.9634844051514146,
    "recall": 0.961955179128006,
    "f1-score": 0.9627002044071548,
    "support": 10152.0
  },
  "accuracy": 0.9682821118991332,
  "inference_time_seconds": 9.035027265548706,
  "energy_kwh": 0.00044853191993957336,
  "num_test_samples": 10152
}