{
  "per_class": {
    "Cyberstalking": {
      "precision": 0.75,
      "recall": 0.7,
      "f1-score": 0.7241379310344828,
      "support": 60.0
    },
    "Doxing": {
      "precision": 0.8441558441558441,
      "recall": 0.7386363636363636,
      "f1-score": 0.7878787878787878,
      "support": 88.0
    },
    "Revenge Porn": {
      "precision": 0.6881720430107527,
      "recall": 0.8421052631578947,
      "f1-score": 0.757396449704142,
      "support": 76.0
    },
    "Sexual Harassment": {
      "precision": 0.8924731182795699,
      "recall": 0.8383838383838383,
      "f1-score": 0.8645833333333334,
      "support": 99.0
    },
    "Slut Shaming": {
      "precision": 0.8155339805825242,
      "recall": 0.8484848484848485,
      "f1-score": 0.8316831683168316,
      "support": 99.0
    }
  },
  "weighted_avg": {
    "precision": 0.8072973752177223,
    "recall": 0.8009478672985783,
    "f1-score": 0.8015974479532783,
    "support": 422.0
  },
  "micro_avg": {
    "precision": 0.8009478672985783,
    "recall": 0.8009478672985783,
    "f1-score": 0.8009478672985783,
    "support": 422
  },
  "macro_avg": {
    "precision": 0.7980669972057381,
    "recall": 0.793522062732589,
    "f1-score": 0.7931359340535156,
    "support": 422.0
  },
  "accuracy": 0.8009478672985783,
  "inference_time_seconds": 0.45655345916748047,
  "energy_kwh": 3.62490848301237e-05,
  "num_test_samples": 422
}