{
  "per_class": {
    "Cyberstalking": {
      "precision": 0.8297872340425532,
      "recall": 0.7358490566037735,
      "f1-score": 0.78,
      "support": 53.0
    },
    "Doxing": {
      "precision": 0.5673076923076923,
      "recall": 0.7972972972972973,
      "f1-score": 0.6629213483146067,
      "support": 74.0
    },
    "Revenge Porn": {
      "precision": 0.896551724137931,
      "recall": 0.7428571428571429,
      "f1-score": 0.8125,
      "support": 70.0
    },
    "Sexual Harassment": {
      "precision": 0.8169014084507042,
      "recall": 0.7532467532467533,
      "f1-score": 0.7837837837837838,
      "support": 77.0
    },
    "Slut Shaming": {
      "precision": 0.9156626506024096,
      "recall": 0.8539325842696629,
      "f1-score": 0.8837209302325582,
      "support": 89.0
    }
  },
  "weighted_avg": {
    "precision": 0.8074752002176265,
    "recall": 0.7823691460055097,
    "f1-score": 0.7886327656124791,
    "support": 363.0
  },
  "micro_avg": {
    "precision": 0.7823691460055097,
    "recall": 0.7823691460055097,
    "f1-score": 0.7823691460055097,
    "support": 363
  },
  "macro_avg": {
    "precision": 0.805242141908258,
    "recall": 0.7766365668549259,
    "f1-score": 0.7845852124661897,
    "support": 363.0
  },
  "accuracy": 0.7823691460055097,
  "inference_time_seconds": 0.3448514938354492,
  "energy_kwh": 1.4175277685095132e-05,
  "num_test_samples": 363
}