{
  "per_class": {
    "emotion": {
      "precision": 0.8916827852998066,
      "recall": 0.9165009940357853,
      "f1-score": 0.903921568627451,
      "support": 1006.0
    },
    "hate": {
      "precision": 0.9674603174603175,
      "recall": 0.96249506514015,
      "f1-score": 0.9649713041757372,
      "support": 2533.0
    },
    "offensive": {
      "precision": 0.9648997134670487,
      "recall": 0.9594017094017094,
      "f1-score": 0.9621428571428572,
      "support": 2808.0
    },
    "religion": {
      "precision": 0.9985556090515166,
      "recall": 1.0,
      "f1-score": 0.9992772825825103,
      "support": 2074.0
    },
    "spiritual": {
      "precision": 0.9994216310005783,
      "recall": 0.9982668977469671,
      "f1-score": 0.9988439306358381,
      "support": 1731.0
    }
  },
  "weighted_avg": {
    "precision": 0.9710452559090731,
    "recall": 0.970843183609141,
    "f1-score": 0.9709234123700022,
    "support": 10152.0
  },
  "micro_avg": {
    "precision": 0.970843183609141,
    "recall": 0.970843183609141,
    "f1-score": 0.970843183609141,
    "support": 10152
  },
  "macro_avg": {
    "precision": 0.9644040112558535,
    "recall": 0.9673329332649224,
    "f1-score": 0.9658313886328788,
    "support": 10152.0
  },
  "accuracy": 0.970843183609141,
  "inference_time_seconds": 3.6489498615264893,
  "energy_kwh": 0.0002236390828077434,
  "num_test_samples": 10152
}