{
  "per_class": {
    "emotion": {
      "precision": 0.9154639175257732,
      "recall": 0.882703777335984,
      "f1-score": 0.8987854251012146,
      "support": 1006.0
    },
    "hate": {
      "precision": 0.965818759936407,
      "recall": 0.9593367548361627,
      "f1-score": 0.9625668449197861,
      "support": 2533.0
    },
    "offensive": {
      "precision": 0.9537653239929947,
      "recall": 0.9697293447293447,
      "f1-score": 0.9616810877626699,
      "support": 2808.0
    },
    "religion": {
      "precision": 0.9956793086893903,
      "recall": 1.0,
      "f1-score": 0.997834977146981,
      "support": 2074.0
    },
    "spiritual": {
      "precision": 1.0,
      "recall": 0.9982668977469671,
      "f1-score": 0.9991326973113617,
      "support": 1731.0
    }
  },
  "weighted_avg": {
    "precision": 0.9694235161489333,
    "recall": 0.9695626477541371,
    "f1-score": 0.9694413802127682,
    "support": 10152.0
  },
  "micro_avg": {
    "precision": 0.9695626477541371,
    "recall": 0.9695626477541371,
    "f1-score": 0.9695626477541371,
    "support": 10152
  },
  "macro_avg": {
    "precision": 0.9661454620289132,
    "recall": 0.9620073549296917,
    "f1-score": 0.9640002064484028,
    "support": 10152.0
  },
  "accuracy": 0.9695626477541371,
  "inference_time_seconds": 2.4328081607818604,
  "energy_kwh": 0.00016869865083401367,
  "num_test_samples": 10152
}