{
  "per_class": {
    "age": {
      "precision": 0.9826517967781908,
      "recall": 0.99125,
      "f1-score": 0.9869321717485999,
      "support": 1600.0
    },
    "ethnicity": {
      "precision": 0.9880050505050505,
      "recall": 0.978125,
      "f1-score": 0.9830402010050251,
      "support": 1600.0
    },
    "gender": {
      "precision": 0.9209486166007905,
      "recall": 0.8732042473454091,
      "f1-score": 0.8964411670407182,
      "support": 1601.0
    },
    "other_cyberbullying": {
      "precision": 0.8571428571428571,
      "recall": 0.9069331667707683,
      "f1-score": 0.8813353566009104,
      "support": 1601.0
    },
    "religion": {
      "precision": 0.9861809045226131,
      "recall": 0.98125,
      "f1-score": 0.9837092731829574,
      "support": 1600.0
    }
  },
  "weighted_avg": {
    "precision": 0.9469713637031927,
    "recall": 0.9461384653836541,
    "f1-score": 0.9462772866594326,
    "support": 8002.0
  },
  "micro_avg": {
    "precision": 0.9461384653836541,
    "recall": 0.9461384653836541,
    "f1-score": 0.9461384653836541,
    "support": 8002
  },
  "macro_avg": {
    "precision": 0.9469858451099004,
    "recall": 0.9461524828232355,
    "f1-score": 0.9462916339156422,
    "support": 8002.0
  },
  "accuracy": 0.9461384653836541,
  "inference_time_seconds": 4.55837869644165,
  "energy_kwh": 0.000269952383095178,
  "num_test_samples": 8002
}