{
  "per_class": {
    "emotion": {
      "precision": 0.8074074074074075,
      "recall": 0.8143009605122732,
      "f1-score": 0.8108395324123273,
      "support": 937.0
    },
    "hate": {
      "precision": 0.9390142021720969,
      "recall": 0.9320066334991708,
      "f1-score": 0.9354972950478568,
      "support": 2412.0
    },
    "offensive": {
      "precision": 0.886720407297412,
      "recall": 0.885593220338983,
      "f1-score": 0.8861564553741785,
      "support": 2360.0
    },
    "religion": {
      "precision": 0.99317738791423,
      "recall": 1.0,
      "f1-score": 0.9965770171149144,
      "support": 2038.0
    },
    "spiritual": {
      "precision": 0.9994162288382954,
      "recall": 0.9988331388564761,
      "f1-score": 0.9991245987744383,
      "support": 1714.0
    }
  },
  "weighted_avg": {
    "precision": 0.9355457235387137,
    "recall": 0.9355247859634288,
    "f1-score": 0.9355278380074438,
    "support": 9461.0
  },
  "micro_avg": {
    "precision": 0.9355247859634288,
    "recall": 0.9355247859634288,
    "f1-score": 0.9355247859634288,
    "support": 9461
  },
  "macro_avg": {
    "precision": 0.9251471267258882,
    "recall": 0.9261467906413806,
    "f1-score": 0.9256389797447431,
    "support": 9461.0
  },
  "accuracy": 0.9355247859634288,
  "inference_time_seconds": 9.293331384658813,
  "energy_kwh": 0.0005044292711807408,
  "num_test_samples": 9461
}