{
  "per_class": {
    "emotion": {
      "precision": 0.8101629913710451,
      "recall": 0.8399602385685885,
      "f1-score": 0.8247925817471937,
      "support": 1006.0
    },
    "hate": {
      "precision": 0.9505516959542296,
      "recall": 0.9182787208843269,
      "f1-score": 0.934136546184739,
      "support": 2533.0
    },
    "offensive": {
      "precision": 0.8981026001405481,
      "recall": 0.9102564102564102,
      "f1-score": 0.9041386628935267,
      "support": 2808.0
    },
    "religion": {
      "precision": 0.9932918064206996,
      "recall": 0.9995178399228544,
      "f1-score": 0.996395097332372,
      "support": 2074.0
    },
    "spiritual": {
      "precision": 1.0,
      "recall": 0.998844598497978,
      "f1-score": 0.999421965317919,
      "support": 1731.0
    }
  },
  "weighted_avg": {
    "precision": 0.9392957764856703,
    "recall": 0.9386327817178881,
    "f1-score": 0.9388547505872046,
    "support": 10152.0
  },
  "micro_avg": {
    "precision": 0.9386327817178881,
    "recall": 0.9386327817178881,
    "f1-score": 0.9386327817178881,
    "support": 10152
  },
  "macro_avg": {
    "precision": 0.9304218187773046,
    "recall": 0.9333715616260315,
    "f1-score": 0.9317769706951502,
    "support": 10152.0
  },
  "accuracy": 0.9386327817178881,
  "inference_time_seconds": 3.270261764526367,
  "energy_kwh": 0.00021845663587517934,
  "num_test_samples": 10152
}