{
  "per_class": {
    "age": {
      "precision": 0.9874450721908349,
      "recall": 0.983125,
      "f1-score": 0.9852803006576887,
      "support": 1600.0
    },
    "ethnicity": {
      "precision": 0.9849624060150376,
      "recall": 0.9825,
      "f1-score": 0.983729662077597,
      "support": 1600.0
    },
    "gender": {
      "precision": 0.9150650960942344,
      "recall": 0.9219237976264835,
      "f1-score": 0.9184816428126945,
      "support": 1601.0
    },
    "other_cyberbullying": {
      "precision": 0.8957816377171216,
      "recall": 0.9019362898188632,
      "f1-score": 0.898848428260193,
      "support": 1601.0
    },
    "religion": {
      "precision": 0.9911838790931989,
      "recall": 0.98375,
      "f1-score": 0.9874529485570891,
      "support": 1600.0
    }
  },
  "weighted_avg": {
    "precision": 0.9548752552499995,
    "recall": 0.9546363409147713,
    "f1-score": 0.9547470759629457,
    "support": 8002.0
  },
  "micro_avg": {
    "precision": 0.9546363409147713,
    "recall": 0.9546363409147713,
    "f1-score": 0.9546363409147713,
    "support": 8002
  },
  "macro_avg": {
    "precision": 0.9548876182220856,
    "recall": 0.9546470174890693,
    "f1-score": 0.9547585964730525,
    "support": 8002.0
  },
  "accuracy": 0.9546363409147713,
  "inference_time_seconds": 6.401719093322754,
  "energy_kwh": 0.00033331854584723035,
  "num_test_samples": 8002
}