{
  "per_class": {
    "age": {
      "precision": 0.9813624678663239,
      "recall": 0.9763427109974424,
      "f1-score": 0.9788461538461538,
      "support": 1564.0
    },
    "ethnicity": {
      "precision": 0.9792780748663101,
      "recall": 0.9871967654986523,
      "f1-score": 0.9832214765100671,
      "support": 1484.0
    },
    "gender": {
      "precision": 0.868421052631579,
      "recall": 0.905971173644475,
      "f1-score": 0.8867987907289218,
      "support": 1457.0
    },
    "not_cyberbullying": {
      "precision": 0.6586998087954111,
      "recall": 0.5680131904369332,
      "f1-score": 0.6100044267374944,
      "support": 1213.0
    },
    "other_cyberbullying": {
      "precision": 0.6252371916508539,
      "recall": 0.6703967446592065,
      "f1-score": 0.6470299459990182,
      "support": 983.0
    },
    "religion": {
      "precision": 0.9472377405338299,
      "recall": 0.9646017699115044,
      "f1-score": 0.955840901973066,
      "support": 1582.0
    }
  },
  "weighted_avg": {
    "precision": 0.8650887564306274,
    "recall": 0.8675600627791863,
    "f1-score": 0.8656510934829612,
    "support": 8283.0
  },
  "micro_avg": {
    "precision": 0.8675600627791863,
    "recall": 0.8675600627791863,
    "f1-score": 0.8675600627791863,
    "support": 8283
  },
  "macro_avg": {
    "precision": 0.8433727227240514,
    "recall": 0.8454203925247024,
    "f1-score": 0.8436236159657869,
    "support": 8283.0
  },
  "accuracy": 0.8675600627791863,
  "inference_time_seconds": 7.552862167358398,
  "energy_kwh": 0.0003924580103088716,
  "num_test_samples": 8283
}