{
  "per_class": {
    "age": {
      "precision": 0.981875,
      "recall": 0.9831038798498123,
      "f1-score": 0.9824890556597874,
      "support": 1598.0
    },
    "ethnicity": {
      "precision": 0.9892131979695431,
      "recall": 0.9792713567839196,
      "f1-score": 0.9842171717171717,
      "support": 1592.0
    },
    "gender": {
      "precision": 0.8812189054726368,
      "recall": 0.8911949685534591,
      "f1-score": 0.8861788617886179,
      "support": 1590.0
    },
    "not_cyberbullying": {
      "precision": 0.7293233082706767,
      "recall": 0.6112161310649024,
      "f1-score": 0.665066849502914,
      "support": 1587.0
    },
    "other_cyberbullying": {
      "precision": 0.6930022573363431,
      "recall": 0.7846645367412141,
      "f1-score": 0.7359904105483968,
      "support": 1565.0
    },
    "religion": {
      "precision": 0.9459295261239368,
      "recall": 0.973125,
      "f1-score": 0.9593345656192237,
      "support": 1600.0
    }
  },
  "weighted_avg": {
    "precision": 0.8708008377700633,
    "recall": 0.870960973562736,
    "f1-score": 0.8695066120669432,
    "support": 9532.0
  },
  "micro_avg": {
    "precision": 0.870960973562736,
    "recall": 0.870960973562736,
    "f1-score": 0.870960973562736,
    "support": 9532
  },
  "macro_avg": {
    "precision": 0.8700936991955227,
    "recall": 0.8704293121655512,
    "f1-score": 0.8688794858060184,
    "support": 9532.0
  },
  "accuracy": 0.870960973562736,
  "inference_time_seconds": 3.3754541873931885,
  "energy_kwh": 0.0002098973800209944,
  "num_test_samples": 9532
}