{
  "per_class": {
    "Cyberstalking": {
      "precision": 0.7796610169491526,
      "recall": 0.7666666666666667,
      "f1-score": 0.773109243697479,
      "support": 60.0
    },
    "Doxing": {
      "precision": 0.8,
      "recall": 0.8181818181818182,
      "f1-score": 0.8089887640449438,
      "support": 88.0
    },
    "Revenge Porn": {
      "precision": 0.8082191780821918,
      "recall": 0.7763157894736842,
      "f1-score": 0.7919463087248322,
      "support": 76.0
    },
    "Sexual Harassment": {
      "precision": 0.8,
      "recall": 0.8888888888888888,
      "f1-score": 0.8421052631578947,
      "support": 99.0
    },
    "Slut Shaming": {
      "precision": 0.9333333333333333,
      "recall": 0.8484848484848485,
      "f1-score": 0.8888888888888888,
      "support": 99.0
    }
  },
  "weighted_avg": {
    "precision": 0.8298680534388523,
    "recall": 0.8270142180094787,
    "f1-score": 0.8273315316908119,
    "support": 422.0
  },
  "micro_avg": {
    "precision": 0.8270142180094787,
    "recall": 0.8270142180094787,
    "f1-score": 0.8270142180094787,
    "support": 422
  },
  "macro_avg": {
    "precision": 0.8242427056729357,
    "recall": 0.8197076023391812,
    "f1-score": 0.8210076937028077,
    "support": 422.0
  },
  "accuracy": 0.8270142180094787,
  "inference_time_seconds": 0.11244893074035645,
  "energy_kwh": 2.8594687268032326e-06,
  "num_test_samples": 422
}