{
  "per_class": {
    "emotion": {
      "precision": 0.8624161073825504,
      "recall": 0.8228388473852721,
      "f1-score": 0.8421627525942108,
      "support": 937.0
    },
    "hate": {
      "precision": 0.9447444952222683,
      "recall": 0.9408357467935458,
      "f1-score": 0.9427860696517413,
      "support": 2417.0
    },
    "offensive": {
      "precision": 0.9030782029950083,
      "recall": 0.9191363251481796,
      "f1-score": 0.9110365086026018,
      "support": 2362.0
    },
    "religion": {
      "precision": 0.9931707317073171,
      "recall": 0.9995090819833088,
      "f1-score": 0.9963298262784438,
      "support": 2037.0
    },
    "spiritual": {
      "precision": 0.9994158878504673,
      "recall": 0.9982497082847142,
      "f1-score": 0.9988324576765908,
      "support": 1714.0
    }
  },
  "weighted_avg": {
    "precision": 0.946518397095953,
    "recall": 0.946762437942326,
    "f1-score": 0.9465735028451723,
    "support": 9467.0
  },
  "micro_avg": {
    "precision": 0.946762437942326,
    "recall": 0.946762437942326,
    "f1-score": 0.946762437942326,
    "support": 9467
  },
  "macro_avg": {
    "precision": 0.9405650850315223,
    "recall": 0.9361139419190041,
    "f1-score": 0.9382295229607177,
    "support": 9467.0
  },
  "accuracy": 0.946762437942326,
  "inference_time_seconds": 4.008839130401611,
  "energy_kwh": 0.00022058634885279378,
  "num_test_samples": 9467
}