{
  "per_class": {
    "age": {
      "precision": 0.9880877742946709,
      "recall": 0.985,
      "f1-score": 0.9865414710485133,
      "support": 1600.0
    },
    "ethnicity": {
      "precision": 0.9935979513444302,
      "recall": 0.97,
      "f1-score": 0.9816571790006325,
      "support": 1600.0
    },
    "gender": {
      "precision": 0.9099099099099099,
      "recall": 0.8831980012492192,
      "f1-score": 0.8963549920760697,
      "support": 1601.0
    },
    "other_cyberbullying": {
      "precision": 0.8525264394829613,
      "recall": 0.9063085571517802,
      "f1-score": 0.8785952164698758,
      "support": 1601.0
    },
    "religion": {
      "precision": 0.9899307740717432,
      "recall": 0.983125,
      "f1-score": 0.9865161492630918,
      "support": 1600.0
    }
  },
  "weighted_avg": {
    "precision": 0.9467941758204621,
    "recall": 0.9455136215946014,
    "f1-score": 0.9459183907500174,
    "support": 8002.0
  },
  "micro_avg": {
    "precision": 0.9455136215946014,
    "recall": 0.9455136215946014,
    "f1-score": 0.9455136215946014,
    "support": 8002
  },
  "macro_avg": {
    "precision": 0.9468105698207431,
    "recall": 0.9455263116802,
    "f1-score": 0.9459330015716366,
    "support": 8002.0
  },
  "accuracy": 0.9455136215946014,
  "inference_time_seconds": 9.903752565383911,
  "energy_kwh": 0.000591654002705058,
  "num_test_samples": 8002
}