{
  "per_class": {
    "Cyberstalking": {
      "precision": 0.6875,
      "recall": 0.7333333333333333,
      "f1-score": 0.7096774193548387,
      "support": 60.0
    },
    "Doxing": {
      "precision": 0.75,
      "recall": 0.8181818181818182,
      "f1-score": 0.782608695652174,
      "support": 88.0
    },
    "Revenge Porn": {
      "precision": 0.8333333333333334,
      "recall": 0.7894736842105263,
      "f1-score": 0.8108108108108109,
      "support": 76.0
    },
    "Sexual Harassment": {
      "precision": 0.82,
      "recall": 0.8282828282828283,
      "f1-score": 0.8241206030150754,
      "support": 99.0
    },
    "Slut Shaming": {
      "precision": 0.9555555555555556,
      "recall": 0.8686868686868687,
      "f1-score": 0.91005291005291,
      "support": 99.0
    }
  },
  "weighted_avg": {
    "precision": 0.8207661927330174,
    "recall": 0.8151658767772512,
    "f1-score": 0.8169549995119285,
    "support": 422.0
  },
  "micro_avg": {
    "precision": 0.8151658767772512,
    "recall": 0.8151658767772512,
    "f1-score": 0.8151658767772512,
    "support": 422
  },
  "macro_avg": {
    "precision": 0.8092777777777778,
    "recall": 0.807591706539075,
    "f1-score": 0.8074540877771618,
    "support": 422.0
  },
  "accuracy": 0.8151658767772512,
  "inference_time_seconds": 0.0919640064239502,
  "energy_kwh": 3.7619953023650105e-06,
  "num_test_samples": 422
}