{
  "per_class": {
    "age": {
      "precision": 0.9813316739265713,
      "recall": 0.985625,
      "f1-score": 0.9834736513875897,
      "support": 1600.0
    },
    "ethnicity": {
      "precision": 0.9786566227244193,
      "recall": 0.974375,
      "f1-score": 0.9765111180707798,
      "support": 1600.0
    },
    "gender": {
      "precision": 0.9123134328358209,
      "recall": 0.9163023110555902,
      "f1-score": 0.9143035213462137,
      "support": 1601.0
    },
    "other_cyberbullying": {
      "precision": 0.8943792464484249,
      "recall": 0.9044347282948157,
      "f1-score": 0.8993788819875776,
      "support": 1601.0
    },
    "religion": {
      "precision": 0.9879365079365079,
      "recall": 0.9725,
      "f1-score": 0.9801574803149606,
      "support": 1600.0
    }
  },
  "weighted_avg": {
    "precision": 0.950911605457895,
    "recall": 0.9506373406648337,
    "f1-score": 0.9507539524337326,
    "support": 8002.0
  },
  "micro_avg": {
    "precision": 0.9506373406648337,
    "recall": 0.9506373406648337,
    "f1-score": 0.9506373406648337,
    "support": 8002
  },
  "macro_avg": {
    "precision": 0.9509234967743488,
    "recall": 0.9506474078700812,
    "f1-score": 0.9507649306214242,
    "support": 8002.0
  },
  "accuracy": 0.9506373406648337,
  "inference_time_seconds": 3.8003182411193848,
  "energy_kwh": 0.00021917068159817892,
  "num_test_samples": 8002
}