{
  "per_class": {
    "age": {
      "precision": 0.9843847595252967,
      "recall": 0.985,
      "f1-score": 0.9846922836613559,
      "support": 1600.0
    },
    "ethnicity": {
      "precision": 0.9798615481434865,
      "recall": 0.973125,
      "f1-score": 0.9764816556914393,
      "support": 1600.0
    },
    "gender": {
      "precision": 0.9241071428571429,
      "recall": 0.9050593379138039,
      "f1-score": 0.9144840643736194,
      "support": 1601.0
    },
    "other_cyberbullying": {
      "precision": 0.8869300911854103,
      "recall": 0.9113054341036851,
      "f1-score": 0.8989525569932224,
      "support": 1601.0
    },
    "religion": {
      "precision": 0.9812382739212008,
      "recall": 0.980625,
      "f1-score": 0.9809315411065959,
      "support": 1600.0
    }
  },
  "weighted_avg": {
    "precision": 0.9512929195508751,
    "recall": 0.9510122469382655,
    "f1-score": 0.9510973256115145,
    "support": 8002.0
  },
  "micro_avg": {
    "precision": 0.9510122469382655,
    "recall": 0.9510122469382655,
    "f1-score": 0.9510122469382655,
    "support": 8002
  },
  "macro_avg": {
    "precision": 0.9513043631265073,
    "recall": 0.9510229544034978,
    "f1-score": 0.9511084203652466,
    "support": 8002.0
  },
  "accuracy": 0.9510122469382655,
  "inference_time_seconds": 5.92869234085083,
  "energy_kwh": 0.00038459491426814615,
  "num_test_samples": 8002
}