{
  "per_class": {
    "emotion": {
      "precision": 0.9198355601233299,
      "recall": 0.889662027833002,
      "f1-score": 0.9044972208185953,
      "support": 1006.0
    },
    "hate": {
      "precision": 0.9621152328334649,
      "recall": 0.96249506514015,
      "f1-score": 0.962305111505822,
      "support": 2533.0
    },
    "offensive": {
      "precision": 0.9548500881834215,
      "recall": 0.9640313390313391,
      "f1-score": 0.9594187488924331,
      "support": 2808.0
    },
    "religion": {
      "precision": 0.996155694377703,
      "recall": 0.9995178399228544,
      "f1-score": 0.9978339350180505,
      "support": 2074.0
    },
    "spiritual": {
      "precision": 0.9994216310005783,
      "recall": 0.9982668977469671,
      "f1-score": 0.9988439306358381,
      "support": 1731.0
    }
  },
  "weighted_avg": {
    "precision": 0.969231408517695,
    "recall": 0.9693656422379827,
    "f1-score": 0.969266875850648,
    "support": 10152.0
  },
  "micro_avg": {
    "precision": 0.9693656422379827,
    "recall": 0.9693656422379827,
    "f1-score": 0.9693656422379827,
    "support": 10152
  },
  "macro_avg": {
    "precision": 0.9664756413036993,
    "recall": 0.9627946339348625,
    "f1-score": 0.9645797893741477,
    "support": 10152.0
  },
  "accuracy": 0.9693656422379827,
  "inference_time_seconds": 8.313294172286987,
  "energy_kwh": 0.0004679835686390363,
  "num_test_samples": 10152
}