{
  "per_class": {
    "age": {
      "precision": 0.9820433436532507,
      "recall": 0.99125,
      "f1-score": 0.9866251944012442,
      "support": 1600.0
    },
    "ethnicity": {
      "precision": 0.9924146649810367,
      "recall": 0.98125,
      "f1-score": 0.9868007542426147,
      "support": 1600.0
    },
    "gender": {
      "precision": 0.9168278529980658,
      "recall": 0.8881948782011243,
      "f1-score": 0.9022842639593909,
      "support": 1601.0
    },
    "other_cyberbullying": {
      "precision": 0.8700667880995749,
      "recall": 0.8950655840099938,
      "f1-score": 0.8823891625615764,
      "support": 1601.0
    },
    "religion": {
      "precision": 0.9825762289981331,
      "recall": 0.986875,
      "f1-score": 0.9847209229809791,
      "support": 1600.0
    }
  },
  "weighted_avg": {
    "precision": 0.948771944590002,
    "recall": 0.9485128717820545,
    "f1-score": 0.9485500063058996,
    "support": 8002.0
  },
  "micro_avg": {
    "precision": 0.9485128717820545,
    "recall": 0.9485128717820545,
    "f1-score": 0.9485128717820545,
    "support": 8002
  },
  "macro_avg": {
    "precision": 0.9487857757460121,
    "recall": 0.9485270924422237,
    "f1-score": 0.948564059629161,
    "support": 8002.0
  },
  "accuracy": 0.9485128717820545,
  "inference_time_seconds": 6.226475238800049,
  "energy_kwh": 0.00039232083967991597,
  "num_test_samples": 8002
}