{
  "per_class": {
    "age": {
      "precision": 0.9812382739212008,
      "recall": 0.9818523153942428,
      "f1-score": 0.9815451986237097,
      "support": 1598.0
    },
    "ethnicity": {
      "precision": 0.9917144678138942,
      "recall": 0.9773869346733668,
      "f1-score": 0.9844985763998735,
      "support": 1592.0
    },
    "gender": {
      "precision": 0.8943089430894309,
      "recall": 0.89937106918239,
      "f1-score": 0.8968328629664472,
      "support": 1590.0
    },
    "not_cyberbullying": {
      "precision": 0.7155049786628734,
      "recall": 0.6339004410838059,
      "f1-score": 0.6722352155028399,
      "support": 1587.0
    },
    "other_cyberbullying": {
      "precision": 0.6960841613091759,
      "recall": 0.7610223642172524,
      "f1-score": 0.7271062271062271,
      "support": 1565.0
    },
    "religion": {
      "precision": 0.9466019417475728,
      "recall": 0.975,
      "f1-score": 0.9605911330049262,
      "support": 1600.0
    }
  },
  "weighted_avg": {
    "precision": 0.8716135789321181,
    "recall": 0.8720100713386487,
    "f1-score": 0.8711182918986647,
    "support": 9532.0
  },
  "micro_avg": {
    "precision": 0.8720100713386487,
    "recall": 0.8720100713386487,
    "f1-score": 0.8720100713386487,
    "support": 9532
  },
  "macro_avg": {
    "precision": 0.8709087944240247,
    "recall": 0.8714221874251763,
    "f1-score": 0.8704682022673372,
    "support": 9532.0
  },
  "accuracy": 0.8720100713386487,
  "inference_time_seconds": 7.722998142242432,
  "energy_kwh": 0.0005005884458024385,
  "num_test_samples": 9532
}