{
  "per_class": {
    "age": {
      "precision": 0.9881175734834271,
      "recall": 0.9875,
      "f1-score": 0.9878086902156924,
      "support": 1600.0
    },
    "ethnicity": {
      "precision": 0.9948619139370585,
      "recall": 0.968125,
      "f1-score": 0.981311371555274,
      "support": 1600.0
    },
    "gender": {
      "precision": 0.9277955271565496,
      "recall": 0.9069331667707683,
      "f1-score": 0.9172457359444094,
      "support": 1601.0
    },
    "other_cyberbullying": {
      "precision": 0.883623275344931,
      "recall": 0.920049968769519,
      "f1-score": 0.901468788249694,
      "support": 1601.0
    },
    "religion": {
      "precision": 0.9789343246592317,
      "recall": 0.9875,
      "f1-score": 0.9831985065339142,
      "support": 1600.0
    }
  },
  "weighted_avg": {
    "precision": 0.9546542866948786,
    "recall": 0.9540114971257185,
    "f1-score": 0.9541954089630803,
    "support": 8002.0
  },
  "micro_avg": {
    "precision": 0.9540114971257185,
    "recall": 0.9540114971257185,
    "f1-score": 0.9540114971257185,
    "support": 8002
  },
  "macro_avg": {
    "precision": 0.9546665229162397,
    "recall": 0.9540216271080574,
    "f1-score": 0.9542066184997967,
    "support": 8002.0
  },
  "accuracy": 0.9540114971257185,
  "inference_time_seconds": 2.0121684074401855,
  "energy_kwh": 0.00011219243137326342,
  "num_test_samples": 8002
}