{
  "per_class": {
    "emotion": {
      "precision": 0.9049049049049049,
      "recall": 0.8986083499005965,
      "f1-score": 0.9017456359102244,
      "support": 1006.0
    },
    "hate": {
      "precision": 0.967741935483871,
      "recall": 0.9593367548361627,
      "f1-score": 0.9635210150674068,
      "support": 2533.0
    },
    "offensive": {
      "precision": 0.9586718474037442,
      "recall": 0.9665242165242165,
      "f1-score": 0.9625820180883136,
      "support": 2808.0
    },
    "religion": {
      "precision": 0.9956793086893903,
      "recall": 1.0,
      "f1-score": 0.997834977146981,
      "support": 2074.0
    },
    "spiritual": {
      "precision": 1.0,
      "recall": 0.9982668977469671,
      "f1-score": 0.9991326973113617,
      "support": 1731.0
    }
  },
  "weighted_avg": {
    "precision": 0.9702141539249891,
    "recall": 0.9702521670606777,
    "f1-score": 0.9702219847647968,
    "support": 10152.0
  },
  "micro_avg": {
    "precision": 0.9702521670606777,
    "recall": 0.9702521670606777,
    "f1-score": 0.9702521670606777,
    "support": 10152
  },
  "macro_avg": {
    "precision": 0.9653995992963822,
    "recall": 0.9645472438015886,
    "f1-score": 0.9649632687048575,
    "support": 10152.0
  },
  "accuracy": 0.9702521670606777,
  "inference_time_seconds": 10.416212558746338,
  "energy_kwh": 0.0006226809135679646,
  "num_test_samples": 10152
}