{
  "per_class": {
    "emotion": {
      "precision": 0.9105691056910569,
      "recall": 0.8906560636182903,
      "f1-score": 0.9005025125628141,
      "support": 1006.0
    },
    "hate": {
      "precision": 0.9642014162077105,
      "recall": 0.9676273193841295,
      "f1-score": 0.9659113300492611,
      "support": 2533.0
    },
    "offensive": {
      "precision": 0.9609790705924086,
      "recall": 0.9647435897435898,
      "f1-score": 0.9628576506131153,
      "support": 2808.0
    },
    "religion": {
      "precision": 0.9975949975949976,
      "recall": 1.0,
      "f1-score": 0.9987960510474356,
      "support": 2074.0
    },
    "spiritual": {
      "precision": 1.0,
      "recall": 0.9982668977469671,
      "f1-score": 0.9991326973113617,
      "support": 1731.0
    }
  },
  "weighted_avg": {
    "precision": 0.9709215881417299,
    "recall": 0.9710401891252955,
    "f1-score": 0.9709677815694392,
    "support": 10152.0
  },
  "micro_avg": {
    "precision": 0.9710401891252955,
    "recall": 0.9710401891252955,
    "f1-score": 0.9710401891252955,
    "support": 10152
  },
  "macro_avg": {
    "precision": 0.9666689180172348,
    "recall": 0.9642587740985953,
    "f1-score": 0.9654400483167975,
    "support": 10152.0
  },
  "accuracy": 0.9710401891252955,
  "inference_time_seconds": 4.306750059127808,
  "energy_kwh": 0.0002344546125924358,
  "num_test_samples": 10152
}