{
  "per_class": {
    "Cyberstalking": {
      "precision": 0.6052631578947368,
      "recall": 0.8070175438596491,
      "f1-score": 0.6917293233082706,
      "support": 57.0
    },
    "Doxing": {
      "precision": 0.8125,
      "recall": 0.6582278481012658,
      "f1-score": 0.7272727272727273,
      "support": 79.0
    },
    "Revenge Porn": {
      "precision": 0.75,
      "recall": 0.8450704225352113,
      "f1-score": 0.7947019867549668,
      "support": 71.0
    },
    "Sexual Harassment": {
      "precision": 0.9295774647887324,
      "recall": 0.8048780487804879,
      "f1-score": 0.8627450980392157,
      "support": 82.0
    },
    "Slut Shaming": {
      "precision": 0.9294117647058824,
      "recall": 0.9080459770114943,
      "f1-score": 0.9186046511627907,
      "support": 87.0
    }
  },
  "weighted_avg": {
    "precision": 0.821866158622574,
    "recall": 0.8058510638297872,
    "f1-score": 0.8084326080667499,
    "support": 376.0
  },
  "micro_avg": {
    "precision": 0.8058510638297872,
    "recall": 0.8058510638297872,
    "f1-score": 0.8058510638297872,
    "support": 376
  },
  "macro_avg": {
    "precision": 0.8053504774778704,
    "recall": 0.8046479680576215,
    "f1-score": 0.7990107573075942,
    "support": 376.0
  },
  "accuracy": 0.8058510638297872,
  "inference_time_seconds": 0.19347310066223145,
  "energy_kwh": 6.1196366833020985e-06,
  "num_test_samples": 376
}