{
  "per_class": {
    "age": {
      "precision": 0.9912390488110138,
      "recall": 0.99,
      "f1-score": 0.9906191369606003,
      "support": 1600.0
    },
    "ethnicity": {
      "precision": 0.9886291850915983,
      "recall": 0.978125,
      "f1-score": 0.98334904178448,
      "support": 1600.0
    },
    "gender": {
      "precision": 0.9160969546302051,
      "recall": 0.9206745783885072,
      "f1-score": 0.9183800623052959,
      "support": 1601.0
    },
    "other_cyberbullying": {
      "precision": 0.8970406905055487,
      "recall": 0.9088069956277327,
      "f1-score": 0.9028855103940429,
      "support": 1601.0
    },
    "religion": {
      "precision": 0.9911949685534591,
      "recall": 0.985,
      "f1-score": 0.9880877742946709,
      "support": 1600.0
    }
  },
  "weighted_avg": {
    "precision": 0.9568276048228014,
    "recall": 0.9565108722819295,
    "f1-score": 0.9566528001443694,
    "support": 8002.0
  },
  "micro_avg": {
    "precision": 0.9565108722819295,
    "recall": 0.9565108722819295,
    "f1-score": 0.9565108722819295,
    "support": 8002
  },
  "macro_avg": {
    "precision": 0.956840169518365,
    "recall": 0.9565213148032481,
    "f1-score": 0.9566643051478181,
    "support": 8002.0
  },
  "accuracy": 0.9565108722819295,
  "inference_time_seconds": 6.742157459259033,
  "energy_kwh": 0.00033988574092487273,
  "num_test_samples": 8002
}