{
  "per_class": {
    "age": {
      "precision": 0.9968091895341417,
      "recall": 0.97625,
      "f1-score": 0.9864224818440164,
      "support": 1600.0
    },
    "ethnicity": {
      "precision": 0.9849624060150376,
      "recall": 0.9825,
      "f1-score": 0.983729662077597,
      "support": 1600.0
    },
    "gender": {
      "precision": 0.9095052083333334,
      "recall": 0.872579637726421,
      "f1-score": 0.8906598661141217,
      "support": 1601.0
    },
    "other_cyberbullying": {
      "precision": 0.835632183908046,
      "recall": 0.9081823860087446,
      "f1-score": 0.8703980844058665,
      "support": 1601.0
    },
    "religion": {
      "precision": 0.9904030710172744,
      "recall": 0.9675,
      "f1-score": 0.9788175782484982,
      "support": 1600.0
    }
  },
  "weighted_avg": {
    "precision": 0.9434446927624063,
    "recall": 0.9413896525868533,
    "f1-score": 0.9419901692395252,
    "support": 8002.0
  },
  "micro_avg": {
    "precision": 0.9413896525868533,
    "recall": 0.9413896525868533,
    "f1-score": 0.9413896525868533,
    "support": 8002
  },
  "macro_avg": {
    "precision": 0.9434624117615666,
    "recall": 0.9414024047470331,
    "f1-score": 0.9420055345380198,
    "support": 8002.0
  },
  "accuracy": 0.9413896525868533,
  "inference_time_seconds": 4.848482847213745,
  "energy_kwh": 0.00030831808626426377,
  "num_test_samples": 8002
}