{
  "per_class": {
    "emotion": {
      "precision": 0.8798449612403101,
      "recall": 0.9025844930417495,
      "f1-score": 0.8910696761530913,
      "support": 1006.0
    },
    "hate": {
      "precision": 0.9615689381933439,
      "recall": 0.9581523884721674,
      "f1-score": 0.9598576230966976,
      "support": 2533.0
    },
    "offensive": {
      "precision": 0.9630028735632183,
      "recall": 0.9547720797720798,
      "f1-score": 0.9588698140200286,
      "support": 2808.0
    },
    "religion": {
      "precision": 0.9952015355086372,
      "recall": 1.0,
      "f1-score": 0.9975949975949976,
      "support": 2074.0
    },
    "spiritual": {
      "precision": 1.0,
      "recall": 0.9982668977469671,
      "f1-score": 0.9991326973113617,
      "support": 1731.0
    }
  },
  "weighted_avg": {
    "precision": 0.967290997346525,
    "recall": 0.9671000788022065,
    "f1-score": 0.9671742134889852,
    "support": 10152.0
  },
  "micro_avg": {
    "precision": 0.9671000788022065,
    "recall": 0.9671000788022065,
    "f1-score": 0.9671000788022065,
    "support": 10152
  },
  "macro_avg": {
    "precision": 0.959923661701102,
    "recall": 0.9627551718065928,
    "f1-score": 0.9613049616352354,
    "support": 10152.0
  },
  "accuracy": 0.9671000788022065,
  "inference_time_seconds": 1.9652926921844482,
  "energy_kwh": 0.00011774363783281303,
  "num_test_samples": 10152
}