{
  "per_class": {
    "emotion": {
      "precision": 0.8280922431865828,
      "recall": 0.8431163287086446,
      "f1-score": 0.8355367530407192,
      "support": 937.0
    },
    "hate": {
      "precision": 0.9530258146424038,
      "recall": 0.9321192052980133,
      "f1-score": 0.94245658087466,
      "support": 2416.0
    },
    "offensive": {
      "precision": 0.897618052653573,
      "recall": 0.9074778200253485,
      "f1-score": 0.9025210084033614,
      "support": 2367.0
    },
    "religion": {
      "precision": 0.9941463414634146,
      "recall": 1.0,
      "f1-score": 0.99706457925636,
      "support": 2038.0
    },
    "spiritual": {
      "precision": 1.0,
      "recall": 0.9988324576765908,
      "f1-score": 0.9994158878504673,
      "support": 1713.0
    }
  },
  "weighted_avg": {
    "precision": 0.9441627045270111,
    "recall": 0.9438285291943829,
    "f1-score": 0.9439507224469855,
    "support": 9471.0
  },
  "micro_avg": {
    "precision": 0.9438285291943829,
    "recall": 0.9438285291943829,
    "f1-score": 0.9438285291943829,
    "support": 9471
  },
  "macro_avg": {
    "precision": 0.9345764903891949,
    "recall": 0.9363091623417195,
    "f1-score": 0.9353989618851136,
    "support": 9471.0
  },
  "accuracy": 0.9438285291943829,
  "inference_time_seconds": 2.1937553882598877,
  "energy_kwh": 0.00011382216853680567,
  "num_test_samples": 9471
}