{
  "per_class": {
    "emotion": {
      "precision": 0.8298298298298298,
      "recall": 0.8240556660039762,
      "f1-score": 0.8269326683291771,
      "support": 1006.0
    },
    "hate": {
      "precision": 0.93,
      "recall": 0.9178839320963285,
      "f1-score": 0.9239022451818001,
      "support": 2533.0
    },
    "offensive": {
      "precision": 0.9132275132275133,
      "recall": 0.9220085470085471,
      "f1-score": 0.9175970228601807,
      "support": 2808.0
    },
    "religion": {
      "precision": 0.9928195308760173,
      "recall": 1.0,
      "f1-score": 0.9963968292097045,
      "support": 2074.0
    },
    "spiritual": {
      "precision": 0.9988432620011567,
      "recall": 0.997689196995956,
      "f1-score": 0.9982658959537573,
      "support": 1731.0
    }
  },
  "weighted_avg": {
    "precision": 0.9400066055469393,
    "recall": 0.9401103230890465,
    "f1-score": 0.9400390446466629,
    "support": 10152.0
  },
  "micro_avg": {
    "precision": 0.9401103230890465,
    "recall": 0.9401103230890465,
    "f1-score": 0.9401103230890465,
    "support": 10152
  },
  "macro_avg": {
    "precision": 0.9329440271869034,
    "recall": 0.9323274684209615,
    "f1-score": 0.932618932306924,
    "support": 10152.0
  },
  "accuracy": 0.9401103230890465,
  "inference_time_seconds": 13.961976766586304,
  "energy_kwh": 0.0008344010655342643,
  "num_test_samples": 10152
}