{
  "per_class": {
    "Cyberstalking": {
      "precision": 0.8333333333333334,
      "recall": 0.75,
      "f1-score": 0.7894736842105263,
      "support": 60.0
    },
    "Doxing": {
      "precision": 0.8433734939759037,
      "recall": 0.7954545454545454,
      "f1-score": 0.8187134502923976,
      "support": 88.0
    },
    "Revenge Porn": {
      "precision": 0.7529411764705882,
      "recall": 0.8421052631578947,
      "f1-score": 0.7950310559006211,
      "support": 76.0
    },
    "Sexual Harassment": {
      "precision": 0.8272727272727273,
      "recall": 0.9191919191919192,
      "f1-score": 0.8708133971291866,
      "support": 99.0
    },
    "Slut Shaming": {
      "precision": 0.9555555555555556,
      "recall": 0.8686868686868687,
      "f1-score": 0.91005291005291,
      "support": 99.0
    }
  },
  "weighted_avg": {
    "precision": 0.8481999926105314,
    "recall": 0.8436018957345972,
    "f1-score": 0.8439415387152545,
    "support": 422.0
  },
  "micro_avg": {
    "precision": 0.8436018957345972,
    "recall": 0.8436018957345972,
    "f1-score": 0.8436018957345972,
    "support": 422
  },
  "macro_avg": {
    "precision": 0.8424952573216216,
    "recall": 0.8350877192982455,
    "f1-score": 0.8368168995171283,
    "support": 422.0
  },
  "accuracy": 0.8436018957345972,
  "inference_time_seconds": 0.3109397888183594,
  "energy_kwh": 1.5523842580298617e-05,
  "num_test_samples": 422
}