{
  "per_class": {
    "Cyberstalking": {
      "precision": 0.6666666666666666,
      "recall": 0.6538461538461539,
      "f1-score": 0.6601941747572816,
      "support": 52.0
    },
    "Doxing": {
      "precision": 0.7792207792207793,
      "recall": 0.8108108108108109,
      "f1-score": 0.7947019867549668,
      "support": 74.0
    },
    "Revenge Porn": {
      "precision": 0.8153846153846154,
      "recall": 0.7571428571428571,
      "f1-score": 0.7851851851851852,
      "support": 70.0
    },
    "Sexual Harassment": {
      "precision": 0.8375,
      "recall": 0.8701298701298701,
      "f1-score": 0.8535031847133758,
      "support": 77.0
    },
    "Slut Shaming": {
      "precision": 0.9,
      "recall": 0.9,
      "f1-score": 0.9,
      "support": 90.0
    }
  },
  "weighted_avg": {
    "precision": 0.8123785878951169,
    "recall": 0.8126721763085399,
    "f1-score": 0.812178380972835,
    "support": 363.0
  },
  "micro_avg": {
    "precision": 0.8126721763085399,
    "recall": 0.8126721763085399,
    "f1-score": 0.8126721763085399,
    "support": 363
  },
  "macro_avg": {
    "precision": 0.7997544122544122,
    "recall": 0.7983859383859383,
    "f1-score": 0.7987169062821619,
    "support": 363.0
  },
  "accuracy": 0.8126721763085399,
  "inference_time_seconds": 0.3052973747253418,
  "energy_kwh": 1.5005087153907287e-05,
  "num_test_samples": 363
}