{
  "per_class": {
    "age": {
      "precision": 0.992467043314501,
      "recall": 0.988125,
      "f1-score": 0.9902912621359223,
      "support": 1600.0
    },
    "ethnicity": {
      "precision": 0.9923857868020305,
      "recall": 0.9775,
      "f1-score": 0.9848866498740554,
      "support": 1600.0
    },
    "gender": {
      "precision": 0.8860135551447936,
      "recall": 0.8981886321049344,
      "f1-score": 0.892059553349876,
      "support": 1601.0
    },
    "other_cyberbullying": {
      "precision": 0.8687615526802218,
      "recall": 0.8806995627732667,
      "f1-score": 0.8746898263027295,
      "support": 1601.0
    },
    "religion": {
      "precision": 0.9855072463768116,
      "recall": 0.9775,
      "f1-score": 0.9814872921242548,
      "support": 1600.0
    }
  },
  "weighted_avg": {
    "precision": 0.9450101312193451,
    "recall": 0.9443889027743064,
    "f1-score": 0.9446675935314413,
    "support": 8002.0
  },
  "micro_avg": {
    "precision": 0.9443889027743064,
    "recall": 0.9443889027743064,
    "f1-score": 0.9443889027743064,
    "support": 8002
  },
  "macro_avg": {
    "precision": 0.9450270368636717,
    "recall": 0.9444026389756403,
    "f1-score": 0.9446829167573675,
    "support": 8002.0
  },
  "accuracy": 0.9443889027743064,
  "inference_time_seconds": 7.990005970001221,
  "energy_kwh": 0.0004903161148677517,
  "num_test_samples": 8002
}