{
  "per_class": {
    "age": {
      "precision": 0.9842569269521411,
      "recall": 0.9911223842739378,
      "f1-score": 0.9876777251184834,
      "support": 1577.0
    },
    "ethnicity": {
      "precision": 0.991162474507138,
      "recall": 0.9824797843665768,
      "f1-score": 0.9868020304568528,
      "support": 1484.0
    },
    "gender": {
      "precision": 0.9365750528541226,
      "recall": 0.8949494949494949,
      "f1-score": 0.9152892561983471,
      "support": 1485.0
    },
    "other_cyberbullying": {
      "precision": 0.8515742128935532,
      "recall": 0.9059011164274322,
      "f1-score": 0.8778979907264297,
      "support": 1254.0
    },
    "religion": {
      "precision": 0.9886003799873337,
      "recall": 0.9811439346323068,
      "f1-score": 0.9848580441640379,
      "support": 1591.0
    }
  },
  "weighted_avg": {
    "precision": 0.9544864709767087,
    "recall": 0.9534569070491138,
    "f1-score": 0.953724767934013,
    "support": 7391.0
  },
  "micro_avg": {
    "precision": 0.9534569070491138,
    "recall": 0.9534569070491138,
    "f1-score": 0.9534569070491138,
    "support": 7391
  },
  "macro_avg": {
    "precision": 0.9504338094388578,
    "recall": 0.9511193429299498,
    "f1-score": 0.9505050093328302,
    "support": 7391.0
  },
  "accuracy": 0.9534569070491138,
  "inference_time_seconds": 12.306247472763062,
  "energy_kwh": 0.0007101837467200673,
  "num_test_samples": 7391
}