{
  "per_class": {
    "emotion": {
      "precision": 0.808870116156283,
      "recall": 0.8254310344827587,
      "f1-score": 0.8170666666666667,
      "support": 928.0
    },
    "hate": {
      "precision": 0.9275889967637541,
      "recall": 0.9463475030953363,
      "f1-score": 0.9368743615934627,
      "support": 2423.0
    },
    "offensive": {
      "precision": 0.9113321799307958,
      "recall": 0.8823283082077052,
      "f1-score": 0.896595744680851,
      "support": 2388.0
    },
    "religion": {
      "precision": 0.9950908198330879,
      "recall": 0.9990142927550517,
      "f1-score": 0.9970486965076242,
      "support": 2029.0
    },
    "spiritual": {
      "precision": 0.9982456140350877,
      "recall": 0.9982456140350877,
      "f1-score": 0.9982456140350877,
      "support": 1710.0
    }
  },
  "weighted_avg": {
    "precision": 0.9390673270803633,
    "recall": 0.939016670183583,
    "f1-score": 0.9389498721586274,
    "support": 9478.0
  },
  "micro_avg": {
    "precision": 0.939016670183583,
    "recall": 0.939016670183583,
    "f1-score": 0.939016670183583,
    "support": 9478
  },
  "macro_avg": {
    "precision": 0.9282255453438018,
    "recall": 0.9302733505151879,
    "f1-score": 0.9291662166967385,
    "support": 9478.0
  },
  "accuracy": 0.939016670183583,
  "inference_time_seconds": 11.986621379852295,
  "energy_kwh": 0.0007213094155197939,
  "num_test_samples": 9478
}