{
  "per_class": {
    "emotion": {
      "precision": 0.8434237995824635,
      "recall": 0.8706896551724138,
      "f1-score": 0.8568398727465536,
      "support": 928.0
    },
    "hate": {
      "precision": 0.9299878591663294,
      "recall": 0.9495867768595041,
      "f1-score": 0.9396851359640155,
      "support": 2420.0
    },
    "offensive": {
      "precision": 0.9247498912570683,
      "recall": 0.8906577293674068,
      "f1-score": 0.9073836961160905,
      "support": 2387.0
    },
    "religion": {
      "precision": 0.9946051986267779,
      "recall": 0.9990147783251232,
      "f1-score": 0.9968051118210862,
      "support": 2030.0
    },
    "spiritual": {
      "precision": 0.9988283538371412,
      "recall": 0.9976594499707431,
      "f1-score": 0.9982435597189696,
      "support": 1709.0
    }
  },
  "weighted_avg": {
    "precision": 0.9464526182758812,
    "recall": 0.9462740130884526,
    "f1-score": 0.9462342130174533,
    "support": 9474.0
  },
  "micro_avg": {
    "precision": 0.9462740130884526,
    "recall": 0.9462740130884526,
    "f1-score": 0.9462740130884526,
    "support": 9474
  },
  "macro_avg": {
    "precision": 0.9383190204939561,
    "recall": 0.9415216779390383,
    "f1-score": 0.9397914752733432,
    "support": 9474.0
  },
  "accuracy": 0.9462740130884526,
  "inference_time_seconds": 7.631927251815796,
  "energy_kwh": 0.000495987221208376,
  "num_test_samples": 9474
}