{
  "per_class": {
    "age": {
      "precision": 0.9867172675521821,
      "recall": 0.9904761904761905,
      "f1-score": 0.9885931558935361,
      "support": 1575.0
    },
    "ethnicity": {
      "precision": 0.9885752688172043,
      "recall": 0.9819759679572764,
      "f1-score": 0.985264567983925,
      "support": 1498.0
    },
    "gender": {
      "precision": 0.9270833333333334,
      "recall": 0.8953722334004024,
      "f1-score": 0.9109518935516888,
      "support": 1491.0
    },
    "other_cyberbullying": {
      "precision": 0.8604118993135011,
      "recall": 0.891699604743083,
      "f1-score": 0.8757763975155279,
      "support": 1265.0
    },
    "religion": {
      "precision": 0.9781386633354153,
      "recall": 0.9836683417085427,
      "f1-score": 0.9808957093642343,
      "support": 1592.0
    }
  },
  "weighted_avg": {
    "precision": 0.9517402646199191,
    "recall": 0.9513542649238647,
    "f1-score": 0.9514395538098384,
    "support": 7421.0
  },
  "micro_avg": {
    "precision": 0.9513542649238647,
    "recall": 0.9513542649238647,
    "f1-score": 0.9513542649238647,
    "support": 7421
  },
  "macro_avg": {
    "precision": 0.9481852864703273,
    "recall": 0.948638467657099,
    "f1-score": 0.9482963448617825,
    "support": 7421.0
  },
  "accuracy": 0.9513542649238647,
  "inference_time_seconds": 3.1583144664764404,
  "energy_kwh": 0.00017381905241201223,
  "num_test_samples": 7421
}