{
  "per_class": {
    "Cyberstalking": {
      "precision": 0.7213114754098361,
      "recall": 0.7333333333333333,
      "f1-score": 0.7272727272727273,
      "support": 60.0
    },
    "Doxing": {
      "precision": 0.7254901960784313,
      "recall": 0.8409090909090909,
      "f1-score": 0.7789473684210526,
      "support": 88.0
    },
    "Revenge Porn": {
      "precision": 0.9491525423728814,
      "recall": 0.7368421052631579,
      "f1-score": 0.8296296296296296,
      "support": 76.0
    },
    "Sexual Harassment": {
      "precision": 0.8725490196078431,
      "recall": 0.898989898989899,
      "f1-score": 0.8855721393034826,
      "support": 99.0
    },
    "Slut Shaming": {
      "precision": 0.9183673469387755,
      "recall": 0.9090909090909091,
      "f1-score": 0.9137055837563451,
      "support": 99.0
    }
  },
  "weighted_avg": {
    "precision": 0.8449245006823375,
    "recall": 0.8364928909952607,
    "f1-score": 0.8373556362374196,
    "support": 422.0
  },
  "micro_avg": {
    "precision": 0.8364928909952607,
    "recall": 0.8364928909952607,
    "f1-score": 0.8364928909952607,
    "support": 422
  },
  "macro_avg": {
    "precision": 0.8373741160815535,
    "recall": 0.8238330675172781,
    "f1-score": 0.8270254896766474,
    "support": 422.0
  },
  "accuracy": 0.8364928909952607,
  "inference_time_seconds": 0.19892501831054688,
  "energy_kwh": 1.6057025450523313e-05,
  "num_test_samples": 422
}