{
  "per_class": {
    "Cyberstalking": {
      "precision": 0.6875,
      "recall": 0.7333333333333333,
      "f1-score": 0.7096774193548387,
      "support": 60.0
    },
    "Doxing": {
      "precision": 0.5869565217391305,
      "recall": 0.6136363636363636,
      "f1-score": 0.6,
      "support": 88.0
    },
    "Revenge Porn": {
      "precision": 0.7534246575342466,
      "recall": 0.7236842105263158,
      "f1-score": 0.738255033557047,
      "support": 76.0
    },
    "Sexual Harassment": {
      "precision": 0.9010989010989011,
      "recall": 0.8282828282828283,
      "f1-score": 0.8631578947368421,
      "support": 99.0
    },
    "Slut Shaming": {
      "precision": 0.8333333333333334,
      "recall": 0.8585858585858586,
      "f1-score": 0.845771144278607,
      "support": 99.0
    }
  },
  "weighted_avg": {
    "precision": 0.7627280547261551,
    "recall": 0.7582938388625592,
    "f1-score": 0.7598862620240647,
    "support": 422.0
  },
  "micro_avg": {
    "precision": 0.7582938388625592,
    "recall": 0.7582938388625592,
    "f1-score": 0.7582938388625592,
    "support": 422
  },
  "macro_avg": {
    "precision": 0.7524626827411223,
    "recall": 0.7515045188729399,
    "f1-score": 0.7513722983854669,
    "support": 422.0
  },
  "accuracy": 0.7582938388625592,
  "inference_time_seconds": 0.4862024784088135,
  "energy_kwh": 2.9400222828060433e-05,
  "num_test_samples": 422
}