{
  "per_class": {
    "age": {
      "precision": 0.9858520900321543,
      "recall": 0.9801790281329923,
      "f1-score": 0.9830073741583841,
      "support": 1564.0
    },
    "ethnicity": {
      "precision": 0.9831649831649831,
      "recall": 0.9838274932614556,
      "f1-score": 0.983496126641967,
      "support": 1484.0
    },
    "gender": {
      "precision": 0.9079971691436659,
      "recall": 0.8799725651577504,
      "f1-score": 0.8937652385928248,
      "support": 1458.0
    },
    "not_cyberbullying": {
      "precision": 0.6783154121863799,
      "recall": 0.6235584843492586,
      "f1-score": 0.6497854077253219,
      "support": 1214.0
    },
    "other_cyberbullying": {
      "precision": 0.6086956521739131,
      "recall": 0.6971544715447154,
      "f1-score": 0.649928943628612,
      "support": 984.0
    },
    "religion": {
      "precision": 0.9648020113136392,
      "recall": 0.9696778269109286,
      "f1-score": 0.9672337744171392,
      "support": 1583.0
    }
  },
  "weighted_avg": {
    "precision": 0.8778161448632165,
    "recall": 0.875346928924822,
    "f1-score": 0.8760157033184695,
    "support": 8287.0
  },
  "micro_avg": {
    "precision": 0.875346928924822,
    "recall": 0.875346928924822,
    "f1-score": 0.875346928924822,
    "support": 8287
  },
  "macro_avg": {
    "precision": 0.854804553002456,
    "recall": 0.8557283115595169,
    "f1-score": 0.8545361441940416,
    "support": 8287.0
  },
  "accuracy": 0.875346928924822,
  "inference_time_seconds": 6.7930824756622314,
  "energy_kwh": 0.000413081891521696,
  "num_test_samples": 8287
}