{
  "per_class": {
    "emotion": {
      "precision": 0.9372509960159362,
      "recall": 0.9353876739562624,
      "f1-score": 0.936318407960199,
      "support": 1006.0
    },
    "hate": {
      "precision": 0.9730372720063442,
      "recall": 0.9688116857481247,
      "f1-score": 0.970919881305638,
      "support": 2533.0
    },
    "offensive": {
      "precision": 0.9680624556422995,
      "recall": 0.9715099715099715,
      "f1-score": 0.9697831496622823,
      "support": 2808.0
    },
    "religion": {
      "precision": 0.9971139971139971,
      "recall": 0.9995178399228544,
      "f1-score": 0.9983144714664098,
      "support": 2074.0
    },
    "spiritual": {
      "precision": 0.9994216310005783,
      "recall": 0.9982668977469671,
      "f1-score": 0.9988439306358381,
      "support": 1731.0
    }
  },
  "weighted_avg": {
    "precision": 0.9775325611410667,
    "recall": 0.9775413711583925,
    "f1-score": 0.9775345271630024,
    "support": 10152.0
  },
  "micro_avg": {
    "precision": 0.9775413711583925,
    "recall": 0.9775413711583925,
    "f1-score": 0.9775413711583925,
    "support": 10152
  },
  "macro_avg": {
    "precision": 0.974977270355831,
    "recall": 0.974698813776836,
    "f1-score": 0.9748359682060734,
    "support": 10152.0
  },
  "accuracy": 0.9775413711583925,
  "inference_time_seconds": 7.5407395362854,
  "energy_kwh": 0.000489133697864501,
  "num_test_samples": 10152
}