{
  "per_class": {
    "emotion": {
      "precision": 0.9212916246215943,
      "recall": 0.9075546719681908,
      "f1-score": 0.9143715573360041,
      "support": 1006.0
    },
    "hate": {
      "precision": 0.9616903633491312,
      "recall": 0.9613106987761547,
      "f1-score": 0.9615004935834156,
      "support": 2533.0
    },
    "offensive": {
      "precision": 0.9606940509915014,
      "recall": 0.9661680911680912,
      "f1-score": 0.9634232954545454,
      "support": 2808.0
    },
    "religion": {
      "precision": 0.9980741454020221,
      "recall": 0.9995178399228544,
      "f1-score": 0.9987954709708504,
      "support": 2074.0
    },
    "spiritual": {
      "precision": 0.9994212962962963,
      "recall": 0.997689196995956,
      "f1-score": 0.9985544955189362,
      "support": 1731.0
    }
  },
  "weighted_avg": {
    "precision": 0.9712779749181927,
    "recall": 0.9713356973995272,
    "f1-score": 0.9712993291075647,
    "support": 10152.0
  },
  "micro_avg": {
    "precision": 0.9713356973995272,
    "recall": 0.9713356973995272,
    "f1-score": 0.9713356973995272,
    "support": 10152
  },
  "macro_avg": {
    "precision": 0.9682342961321091,
    "recall": 0.9664480997662495,
    "f1-score": 0.9673290625727503,
    "support": 10152.0
  },
  "accuracy": 0.9713356973995272,
  "inference_time_seconds": 7.680973291397095,
  "energy_kwh": 0.0004671974798194225,
  "num_test_samples": 10152
}