{
  "per_class": {
    "Cyberstalking": {
      "precision": 0.7959183673469388,
      "recall": 0.75,
      "f1-score": 0.7722772277227723,
      "support": 52.0
    },
    "Doxing": {
      "precision": 0.8157894736842105,
      "recall": 0.8378378378378378,
      "f1-score": 0.8266666666666667,
      "support": 74.0
    },
    "Revenge Porn": {
      "precision": 0.84375,
      "recall": 0.7714285714285715,
      "f1-score": 0.8059701492537313,
      "support": 70.0
    },
    "Sexual Harassment": {
      "precision": 0.8148148148148148,
      "recall": 0.8571428571428571,
      "f1-score": 0.8354430379746836,
      "support": 77.0
    },
    "Slut Shaming": {
      "precision": 0.9247311827956989,
      "recall": 0.9555555555555556,
      "f1-score": 0.9398907103825137,
      "support": 90.0
    }
  },
  "weighted_avg": {
    "precision": 0.8451383563278954,
    "recall": 0.8457300275482094,
    "f1-score": 0.8448180095899601,
    "support": 363.0
  },
  "micro_avg": {
    "precision": 0.8457300275482094,
    "recall": 0.8457300275482094,
    "f1-score": 0.8457300275482094,
    "support": 363
  },
  "macro_avg": {
    "precision": 0.8390007677283325,
    "recall": 0.8343929643929643,
    "f1-score": 0.8360495584000734,
    "support": 363.0
  },
  "accuracy": 0.8457300275482094,
  "inference_time_seconds": 0.27425408363342285,
  "energy_kwh": 1.311294170704609e-05,
  "num_test_samples": 363
}