{
  "per_class": {
    "age": {
      "precision": 0.9900062460961899,
      "recall": 0.990625,
      "f1-score": 0.9903155263980006,
      "support": 1600.0
    },
    "ethnicity": {
      "precision": 0.9930335655478151,
      "recall": 0.98,
      "f1-score": 0.9864737338785782,
      "support": 1600.0
    },
    "gender": {
      "precision": 0.9135559921414538,
      "recall": 0.8713304184884447,
      "f1-score": 0.8919437340153452,
      "support": 1601.0
    },
    "other_cyberbullying": {
      "precision": 0.8517867603983597,
      "recall": 0.9081823860087446,
      "f1-score": 0.879081015719468,
      "support": 1601.0
    },
    "religion": {
      "precision": 0.9874055415617129,
      "recall": 0.98,
      "f1-score": 0.9836888331242158,
      "support": 1600.0
    }
  },
  "weighted_avg": {
    "precision": 0.9471415036172696,
    "recall": 0.9460134966258436,
    "f1-score": 0.9462853753769941,
    "support": 8002.0
  },
  "micro_avg": {
    "precision": 0.9460134966258436,
    "recall": 0.9460134966258436,
    "f1-score": 0.9460134966258436,
    "support": 8002
  },
  "macro_avg": {
    "precision": 0.9471576211491064,
    "recall": 0.946027560899438,
    "f1-score": 0.9463005686271215,
    "support": 8002.0
  },
  "accuracy": 0.9460134966258436,
  "inference_time_seconds": 4.882052898406982,
  "energy_kwh": 0.00030884215532575533,
  "num_test_samples": 8002
}