{
  "per_class": {
    "age": {
      "precision": 0.9917617237008872,
      "recall": 0.9793491864831039,
      "f1-score": 0.9855163727959698,
      "support": 1598.0
    },
    "ethnicity": {
      "precision": 0.9948619139370585,
      "recall": 0.9729899497487438,
      "f1-score": 0.9838043823436011,
      "support": 1592.0
    },
    "gender": {
      "precision": 0.9409282700421941,
      "recall": 0.8415094339622642,
      "f1-score": 0.8884462151394422,
      "support": 1590.0
    },
    "not_cyberbullying": {
      "precision": 0.6867627785058977,
      "recall": 0.6603654694391935,
      "f1-score": 0.673305493093479,
      "support": 1587.0
    },
    "other_cyberbullying": {
      "precision": 0.678011885467315,
      "recall": 0.8019169329073482,
      "f1-score": 0.7347775175644028,
      "support": 1565.0
    },
    "religion": {
      "precision": 0.9605757196495619,
      "recall": 0.959375,
      "f1-score": 0.9599749843652282,
      "support": 1600.0
    }
  },
  "weighted_avg": {
    "precision": 0.8762729366883562,
    "recall": 0.8697020562316408,
    "f1-score": 0.8716034232063253,
    "support": 9532.0
  },
  "micro_avg": {
    "precision": 0.8697020562316408,
    "recall": 0.8697020562316408,
    "f1-score": 0.8697020562316408,
    "support": 9532
  },
  "macro_avg": {
    "precision": 0.8754837152171525,
    "recall": 0.8692509954234423,
    "f1-score": 0.8709708275503539,
    "support": 9532.0
  },
  "accuracy": 0.8697020562316408,
  "inference_time_seconds": 7.2551891803741455,
  "energy_kwh": 0.0004426952397281052,
  "num_test_samples": 9532
}