{
  "per_class": {
    "age": {
      "precision": 0.9869240348692403,
      "recall": 0.990625,
      "f1-score": 0.9887710542732376,
      "support": 1600.0
    },
    "ethnicity": {
      "precision": 0.9911504424778761,
      "recall": 0.98,
      "f1-score": 0.9855436832181018,
      "support": 1600.0
    },
    "gender": {
      "precision": 0.925761421319797,
      "recall": 0.9113054341036851,
      "f1-score": 0.9184765502045955,
      "support": 1601.0
    },
    "other_cyberbullying": {
      "precision": 0.8909751665657177,
      "recall": 0.9188007495315428,
      "f1-score": 0.9046740467404674,
      "support": 1601.0
    },
    "religion": {
      "precision": 0.9930686830497795,
      "recall": 0.985,
      "f1-score": 0.9890178851584562,
      "support": 1600.0
    }
  },
  "weighted_avg": {
    "precision": 0.9575636508172636,
    "recall": 0.9571357160709822,
    "f1-score": 0.95728521643948,
    "support": 8002.0
  },
  "micro_avg": {
    "precision": 0.9571357160709822,
    "recall": 0.9571357160709822,
    "f1-score": 0.9571357160709822,
    "support": 8002
  },
  "macro_avg": {
    "precision": 0.9575759496564821,
    "recall": 0.9571462367270456,
    "f1-score": 0.9572966439189716,
    "support": 8002.0
  },
  "accuracy": 0.9571357160709822,
  "inference_time_seconds": 3.409263849258423,
  "energy_kwh": 0.00019586693175398023,
  "num_test_samples": 8002
}