{
  "per_class": {
    "emotion": {
      "precision": 0.8308510638297872,
      "recall": 0.8317358892438764,
      "f1-score": 0.8312932410856839,
      "support": 939.0
    },
    "hate": {
      "precision": 0.9432296047098402,
      "recall": 0.9295482801491919,
      "f1-score": 0.9363389689000209,
      "support": 2413.0
    },
    "offensive": {
      "precision": 0.8928421933863542,
      "recall": 0.9026661024121879,
      "f1-score": 0.8977272727272727,
      "support": 2363.0
    },
    "religion": {
      "precision": 0.9941548952752071,
      "recall": 0.9995102840352595,
      "f1-score": 0.9968253968253968,
      "support": 2042.0
    },
    "spiritual": {
      "precision": 1.0,
      "recall": 0.9982507288629737,
      "f1-score": 0.9991245987744383,
      "support": 1715.0
    }
  },
  "weighted_avg": {
    "precision": 0.9407762441115858,
    "recall": 0.9406672297297297,
    "f1-score": 0.9407005888941486,
    "support": 9472.0
  },
  "micro_avg": {
    "precision": 0.9406672297297297,
    "recall": 0.9406672297297297,
    "f1-score": 0.9406672297297297,
    "support": 9472
  },
  "macro_avg": {
    "precision": 0.9322155514402377,
    "recall": 0.9323422569406979,
    "f1-score": 0.9322618956625626,
    "support": 9472.0
  },
  "accuracy": 0.9406672297297297,
  "inference_time_seconds": 4.655123472213745,
  "energy_kwh": 0.0002909685988931149,
  "num_test_samples": 9472
}