{
  "per_class": {
    "Cyberstalking": {
      "precision": 0.8604651162790697,
      "recall": 0.6379310344827587,
      "f1-score": 0.7326732673267327,
      "support": 58.0
    },
    "Doxing": {
      "precision": 0.7446808510638298,
      "recall": 0.875,
      "f1-score": 0.8045977011494253,
      "support": 80.0
    },
    "Revenge Porn": {
      "precision": 0.759493670886076,
      "recall": 0.8571428571428571,
      "f1-score": 0.8053691275167785,
      "support": 70.0
    },
    "Sexual Harassment": {
      "precision": 0.8933333333333333,
      "recall": 0.8271604938271605,
      "f1-score": 0.8589743589743589,
      "support": 81.0
    },
    "Slut Shaming": {
      "precision": 0.9080459770114943,
      "recall": 0.8876404494382022,
      "f1-score": 0.8977272727272727,
      "support": 89.0
    }
  },
  "weighted_avg": {
    "precision": 0.8355081845114836,
    "recall": 0.828042328042328,
    "f1-score": 0.8272840075998131,
    "support": 378.0
  },
  "micro_avg": {
    "precision": 0.828042328042328,
    "recall": 0.828042328042328,
    "f1-score": 0.828042328042328,
    "support": 378
  },
  "macro_avg": {
    "precision": 0.8332037897147606,
    "recall": 0.8169749669781957,
    "f1-score": 0.8198683455389137,
    "support": 378.0
  },
  "accuracy": 0.828042328042328,
  "inference_time_seconds": 0.2178516387939453,
  "energy_kwh": 1.589737581567755e-05,
  "num_test_samples": 378
}