{
  "per_class": {
    "emotion": {
      "precision": 0.7946513849092646,
      "recall": 0.827037773359841,
      "f1-score": 0.8105211885046274,
      "support": 1006.0
    },
    "hate": {
      "precision": 0.9104068857589984,
      "recall": 0.9186735096723253,
      "f1-score": 0.9145215169974454,
      "support": 2533.0
    },
    "offensive": {
      "precision": 0.9154465592972182,
      "recall": 0.8906695156695157,
      "f1-score": 0.9028880866425992,
      "support": 2808.0
    },
    "religion": {
      "precision": 0.9932918064206996,
      "recall": 0.9995178399228544,
      "f1-score": 0.996395097332372,
      "support": 2074.0
    },
    "spiritual": {
      "precision": 0.9988439306358381,
      "recall": 0.9982668977469671,
      "f1-score": 0.9985553308292401,
      "support": 1731.0
    }
  },
  "weighted_avg": {
    "precision": 0.9323423880811682,
    "recall": 0.9319345941686368,
    "f1-score": 0.9320527753167215,
    "support": 10152.0
  },
  "micro_avg": {
    "precision": 0.9319345941686368,
    "recall": 0.9319345941686368,
    "f1-score": 0.9319345941686368,
    "support": 10152
  },
  "macro_avg": {
    "precision": 0.9225281134044039,
    "recall": 0.9268331072743006,
    "f1-score": 0.9245762440612569,
    "support": 10152.0
  },
  "accuracy": 0.9319345941686368,
  "inference_time_seconds": 9.918027639389038,
  "energy_kwh": 0.000521870392186381,
  "num_test_samples": 10152
}