{
  "per_class": {
    "Cyberstalking": {
      "precision": 0.7678571428571429,
      "recall": 0.7166666666666667,
      "f1-score": 0.7413793103448276,
      "support": 60.0
    },
    "Doxing": {
      "precision": 0.8333333333333334,
      "recall": 0.7386363636363636,
      "f1-score": 0.7831325301204819,
      "support": 88.0
    },
    "Revenge Porn": {
      "precision": 0.6931818181818182,
      "recall": 0.8026315789473685,
      "f1-score": 0.7439024390243902,
      "support": 76.0
    },
    "Sexual Harassment": {
      "precision": 0.8316831683168316,
      "recall": 0.8484848484848485,
      "f1-score": 0.84,
      "support": 99.0
    },
    "Slut Shaming": {
      "precision": 0.8585858585858586,
      "recall": 0.8585858585858586,
      "f1-score": 0.8585858585858586,
      "support": 99.0
    }
  },
  "weighted_avg": {
    "precision": 0.8043204117297309,
    "recall": 0.8009478672985783,
    "f1-score": 0.801173001509824,
    "support": 422.0
  },
  "micro_avg": {
    "precision": 0.8009478672985783,
    "recall": 0.8009478672985783,
    "f1-score": 0.8009478672985783,
    "support": 422
  },
  "macro_avg": {
    "precision": 0.796928264254997,
    "recall": 0.7930010632642212,
    "f1-score": 0.7934000276151116,
    "support": 422.0
  },
  "accuracy": 0.8009478672985783,
  "inference_time_seconds": 0.3259103298187256,
  "energy_kwh": 3.927554836104853e-05,
  "num_test_samples": 422
}