{
  "per_class": {
    "age": {
      "precision": 0.9770897832817338,
      "recall": 0.9874843554443054,
      "f1-score": 0.9822595704948646,
      "support": 1598.0
    },
    "ethnicity": {
      "precision": 0.9923371647509579,
      "recall": 0.9761306532663316,
      "f1-score": 0.9841671944268524,
      "support": 1592.0
    },
    "gender": {
      "precision": 0.8919085855466338,
      "recall": 0.9081761006289308,
      "f1-score": 0.8999688376441259,
      "support": 1590.0
    },
    "not_cyberbullying": {
      "precision": 0.7488721804511278,
      "recall": 0.6275992438563327,
      "f1-score": 0.6828933836133013,
      "support": 1587.0
    },
    "other_cyberbullying": {
      "precision": 0.7090909090909091,
      "recall": 0.797444089456869,
      "f1-score": 0.7506766917293233,
      "support": 1565.0
    },
    "religion": {
      "precision": 0.9531059683313033,
      "recall": 0.978125,
      "f1-score": 0.9654534238124615,
      "support": 1600.0
    }
  },
  "weighted_avg": {
    "precision": 0.8794043079542784,
    "recall": 0.8796684851028116,
    "f1-score": 0.8781663574782984,
    "support": 9532.0
  },
  "micro_avg": {
    "precision": 0.8796684851028116,
    "recall": 0.8796684851028116,
    "f1-score": 0.8796684851028116,
    "support": 9532
  },
  "macro_avg": {
    "precision": 0.8787340985754443,
    "recall": 0.8791599071087949,
    "f1-score": 0.8775698502868216,
    "support": 9532.0
  },
  "accuracy": 0.8796684851028116,
  "inference_time_seconds": 7.89124608039856,
  "energy_kwh": 0.00046782370889651356,
  "num_test_samples": 9532
}