{
  "per_class": {
    "Cyberstalking": {
      "precision": 0.82,
      "recall": 0.6833333333333333,
      "f1-score": 0.7454545454545455,
      "support": 60.0
    },
    "Doxing": {
      "precision": 0.782608695652174,
      "recall": 0.8181818181818182,
      "f1-score": 0.8,
      "support": 88.0
    },
    "Revenge Porn": {
      "precision": 0.7692307692307693,
      "recall": 0.7894736842105263,
      "f1-score": 0.7792207792207793,
      "support": 76.0
    },
    "Sexual Harassment": {
      "precision": 0.7927927927927928,
      "recall": 0.8888888888888888,
      "f1-score": 0.8380952380952381,
      "support": 99.0
    },
    "Slut Shaming": {
      "precision": 0.9340659340659341,
      "recall": 0.8585858585858586,
      "f1-score": 0.8947368421052632,
      "support": 99.0
    }
  },
  "weighted_avg": {
    "precision": 0.8234362977202458,
    "recall": 0.8199052132701422,
    "f1-score": 0.8196645210613781,
    "support": 422.0
  },
  "micro_avg": {
    "precision": 0.8199052132701422,
    "recall": 0.8199052132701422,
    "f1-score": 0.8199052132701422,
    "support": 422
  },
  "macro_avg": {
    "precision": 0.8197396383483341,
    "recall": 0.807692716640085,
    "f1-score": 0.8115014809751653,
    "support": 422.0
  },
  "accuracy": 0.8199052132701422,
  "inference_time_seconds": 0.10813713073730469,
  "energy_kwh": 1.779043687396933e-06,
  "num_test_samples": 422
}