{
  "per_class": {
    "Cyberstalking": {
      "precision": 0.7916666666666666,
      "recall": 0.6666666666666666,
      "f1-score": 0.7238095238095238,
      "support": 57.0
    },
    "Doxing": {
      "precision": 0.8285714285714286,
      "recall": 0.7341772151898734,
      "f1-score": 0.7785234899328859,
      "support": 79.0
    },
    "Revenge Porn": {
      "precision": 0.6774193548387096,
      "recall": 0.8873239436619719,
      "f1-score": 0.7682926829268293,
      "support": 71.0
    },
    "Sexual Harassment": {
      "precision": 0.8227848101265823,
      "recall": 0.7926829268292683,
      "f1-score": 0.8074534161490683,
      "support": 82.0
    },
    "Slut Shaming": {
      "precision": 0.8620689655172413,
      "recall": 0.8522727272727273,
      "f1-score": 0.8571428571428571,
      "support": 88.0
    }
  },
  "weighted_avg": {
    "precision": 0.8010857836779528,
    "recall": 0.7931034482758621,
    "f1-score": 0.7929682509348561,
    "support": 377.0
  },
  "micro_avg": {
    "precision": 0.7931034482758621,
    "recall": 0.7931034482758621,
    "f1-score": 0.7931034482758621,
    "support": 377
  },
  "macro_avg": {
    "precision": 0.7965022451441257,
    "recall": 0.7866246959241016,
    "f1-score": 0.7870443939922328,
    "support": 377.0
  },
  "accuracy": 0.7931034482758621,
  "inference_time_seconds": 0.2784755229949951,
  "energy_kwh": 1.7039115774854924e-05,
  "num_test_samples": 377
}