{
  "per_class": {
    "Cyberstalking": {
      "precision": 0.7121212121212122,
      "recall": 0.7833333333333333,
      "f1-score": 0.746031746031746,
      "support": 60.0
    },
    "Doxing": {
      "precision": 0.8441558441558441,
      "recall": 0.7386363636363636,
      "f1-score": 0.7878787878787878,
      "support": 88.0
    },
    "Revenge Porn": {
      "precision": 0.6847826086956522,
      "recall": 0.8289473684210527,
      "f1-score": 0.75,
      "support": 76.0
    },
    "Sexual Harassment": {
      "precision": 0.8617021276595744,
      "recall": 0.8181818181818182,
      "f1-score": 0.8393782383419689,
      "support": 99.0
    },
    "Slut Shaming": {
      "precision": 0.9032258064516129,
      "recall": 0.8484848484848485,
      "f1-score": 0.875,
      "support": 99.0
    }
  },
  "weighted_avg": {
    "precision": 0.8146548122058391,
    "recall": 0.8056872037914692,
    "f1-score": 0.8076272125381351,
    "support": 422.0
  },
  "micro_avg": {
    "precision": 0.8056872037914692,
    "recall": 0.8056872037914692,
    "f1-score": 0.8056872037914692,
    "support": 422
  },
  "macro_avg": {
    "precision": 0.8011975198167791,
    "recall": 0.8035167464114833,
    "f1-score": 0.7996577544505006,
    "support": 422.0
  },
  "accuracy": 0.8056872037914692,
  "inference_time_seconds": 0.3338799476623535,
  "energy_kwh": 3.781299255996456e-05,
  "num_test_samples": 422
}