{
  "per_class": {
    "Cyberstalking": {
      "precision": 0.8571428571428571,
      "recall": 0.6428571428571429,
      "f1-score": 0.7346938775510204,
      "support": 56.0
    },
    "Doxing": {
      "precision": 0.9322033898305084,
      "recall": 0.6962025316455697,
      "f1-score": 0.7971014492753623,
      "support": 79.0
    },
    "Revenge Porn": {
      "precision": 0.6019417475728155,
      "recall": 0.8857142857142857,
      "f1-score": 0.7167630057803468,
      "support": 70.0
    },
    "Sexual Harassment": {
      "precision": 0.8452380952380952,
      "recall": 0.8658536585365854,
      "f1-score": 0.8554216867469879,
      "support": 82.0
    },
    "Slut Shaming": {
      "precision": 0.9101123595505618,
      "recall": 0.9,
      "f1-score": 0.9050279329608939,
      "support": 90.0
    }
  },
  "weighted_avg": {
    "precision": 0.8355427753203757,
    "recall": 0.8090185676392573,
    "f1-score": 0.8113643881166274,
    "support": 377.0
  },
  "micro_avg": {
    "precision": 0.8090185676392573,
    "recall": 0.8090185676392573,
    "f1-score": 0.8090185676392573,
    "support": 377
  },
  "macro_avg": {
    "precision": 0.8293276898669676,
    "recall": 0.7981255237507167,
    "f1-score": 0.8018015904629223,
    "support": 377.0
  },
  "accuracy": 0.8090185676392573,
  "inference_time_seconds": 0.2836167812347412,
  "energy_kwh": 1.4566459961844628e-05,
  "num_test_samples": 377
}