{
  "per_class": {
    "Cyberstalking": {
      "precision": 0.7704918032786885,
      "recall": 0.7833333333333333,
      "f1-score": 0.7768595041322314,
      "support": 60.0
    },
    "Doxing": {
      "precision": 0.8860759493670886,
      "recall": 0.7954545454545454,
      "f1-score": 0.8383233532934131,
      "support": 88.0
    },
    "Revenge Porn": {
      "precision": 0.8205128205128205,
      "recall": 0.8421052631578947,
      "f1-score": 0.8311688311688312,
      "support": 76.0
    },
    "Sexual Harassment": {
      "precision": 0.8979591836734694,
      "recall": 0.8888888888888888,
      "f1-score": 0.8934010152284264,
      "support": 99.0
    },
    "Slut Shaming": {
      "precision": 0.9150943396226415,
      "recall": 0.9797979797979798,
      "f1-score": 0.9463414634146341,
      "support": 99.0
    }
  },
  "weighted_avg": {
    "precision": 0.8674300116263376,
    "recall": 0.8672985781990521,
    "f1-score": 0.8665577296024845,
    "support": 422.0
  },
  "micro_avg": {
    "precision": 0.8672985781990521,
    "recall": 0.8672985781990521,
    "f1-score": 0.8672985781990521,
    "support": 422
  },
  "macro_avg": {
    "precision": 0.8580268192909418,
    "recall": 0.8579160021265284,
    "f1-score": 0.8572188334475073,
    "support": 422.0
  },
  "accuracy": 0.8672985781990521,
  "inference_time_seconds": 0.33144474029541016,
  "energy_kwh": 1.8154142665721287e-05,
  "num_test_samples": 422
}