{
  "per_class": {
    "Cyberstalking": {
      "precision": 0.7755102040816326,
      "recall": 0.7307692307692307,
      "f1-score": 0.7524752475247525,
      "support": 52.0
    },
    "Doxing": {
      "precision": 0.8333333333333334,
      "recall": 0.6756756756756757,
      "f1-score": 0.746268656716418,
      "support": 74.0
    },
    "Revenge Porn": {
      "precision": 0.7272727272727273,
      "recall": 0.8,
      "f1-score": 0.7619047619047619,
      "support": 70.0
    },
    "Sexual Harassment": {
      "precision": 0.7954545454545454,
      "recall": 0.9090909090909091,
      "f1-score": 0.8484848484848485,
      "support": 77.0
    },
    "Slut Shaming": {
      "precision": 0.898876404494382,
      "recall": 0.8888888888888888,
      "f1-score": 0.8938547486033519,
      "support": 90.0
    }
  },
  "weighted_avg": {
    "precision": 0.8128131255991649,
    "recall": 0.8099173553719008,
    "f1-score": 0.8084467975461993,
    "support": 363.0
  },
  "micro_avg": {
    "precision": 0.8099173553719008,
    "recall": 0.8099173553719008,
    "f1-score": 0.8099173553719008,
    "support": 363
  },
  "macro_avg": {
    "precision": 0.8060894429273242,
    "recall": 0.8008849408849408,
    "f1-score": 0.8005976526468267,
    "support": 363.0
  },
  "accuracy": 0.8099173553719008,
  "inference_time_seconds": 0.2681457996368408,
  "energy_kwh": 1.3566354112344745e-05,
  "num_test_samples": 363
}