{
  "per_class": {
    "age": {
      "precision": 0.9861198738170347,
      "recall": 0.9904942965779467,
      "f1-score": 0.9883022447043945,
      "support": 1578.0
    },
    "ethnicity": {
      "precision": 0.9833997343957503,
      "recall": 0.9847074468085106,
      "f1-score": 0.9840531561461794,
      "support": 1504.0
    },
    "gender": {
      "precision": 0.9224489795918367,
      "recall": 0.9106783075889859,
      "f1-score": 0.9165258533288273,
      "support": 1489.0
    },
    "other_cyberbullying": {
      "precision": 0.8748043818466353,
      "recall": 0.8858954041204438,
      "f1-score": 0.8803149606299212,
      "support": 1262.0
    },
    "religion": {
      "precision": 0.9873817034700315,
      "recall": 0.9836580766813325,
      "f1-score": 0.9855163727959698,
      "support": 1591.0
    }
  },
  "weighted_avg": {
    "precision": 0.9541465937685893,
    "recall": 0.9540678879310345,
    "f1-score": 0.9540918526437717,
    "support": 7424.0
  },
  "micro_avg": {
    "precision": 0.9540678879310345,
    "recall": 0.9540678879310345,
    "f1-score": 0.9540678879310345,
    "support": 7424
  },
  "macro_avg": {
    "precision": 0.9508309346242576,
    "recall": 0.9510867063554439,
    "f1-score": 0.9509425175210584,
    "support": 7424.0
  },
  "accuracy": 0.9540678879310345,
  "inference_time_seconds": 3.055727481842041,
  "energy_kwh": 0.00016836819292465426,
  "num_test_samples": 7424
}