{
  "per_class": {
    "age": {
      "precision": 0.984472049689441,
      "recall": 0.990625,
      "f1-score": 0.9875389408099688,
      "support": 1600.0
    },
    "ethnicity": {
      "precision": 0.9917773561037319,
      "recall": 0.98,
      "f1-score": 0.9858535051870481,
      "support": 1600.0
    },
    "gender": {
      "precision": 0.9145352464129757,
      "recall": 0.9156777014366021,
      "f1-score": 0.9151061173533084,
      "support": 1601.0
    },
    "other_cyberbullying": {
      "precision": 0.8952262864228147,
      "recall": 0.9019362898188632,
      "f1-score": 0.8985687616677038,
      "support": 1601.0
    },
    "religion": {
      "precision": 0.9905956112852664,
      "recall": 0.9875,
      "f1-score": 0.9890453834115805,
      "support": 1600.0
    }
  },
  "weighted_avg": {
    "precision": 0.9553087029987007,
    "recall": 0.9551362159460135,
    "f1-score": 0.955210448433691,
    "support": 8002.0
  },
  "micro_avg": {
    "precision": 0.9551362159460135,
    "recall": 0.9551362159460135,
    "f1-score": 0.9551362159460135,
    "support": 8002
  },
  "macro_avg": {
    "precision": 0.9553213099828459,
    "recall": 0.9551477982510932,
    "f1-score": 0.9552225416859219,
    "support": 8002.0
  },
  "accuracy": 0.9551362159460135,
  "inference_time_seconds": 2.7715165615081787,
  "energy_kwh": 0.0001878541576535462,
  "num_test_samples": 8002
}