{
  "per_class": {
    "emotion": {
      "precision": 0.8469162995594713,
      "recall": 0.8198294243070362,
      "f1-score": 0.8331527627302275,
      "support": 938.0
    },
    "hate": {
      "precision": 0.9492170969107068,
      "recall": 0.9303193695562008,
      "f1-score": 0.9396732299958106,
      "support": 2411.0
    },
    "offensive": {
      "precision": 0.8901686548745372,
      "recall": 0.9150105708245243,
      "f1-score": 0.902418682235196,
      "support": 2365.0
    },
    "religion": {
      "precision": 0.99317738791423,
      "recall": 1.0,
      "f1-score": 0.9965770171149144,
      "support": 2038.0
    },
    "spiritual": {
      "precision": 1.0,
      "recall": 0.9988324576765908,
      "f1-score": 0.9994158878504673,
      "support": 1713.0
    }
  },
  "weighted_avg": {
    "precision": 0.9429809080809276,
    "recall": 0.9429477020602218,
    "f1-score": 0.9428730067844835,
    "support": 9465.0
  },
  "micro_avg": {
    "precision": 0.9429477020602218,
    "recall": 0.9429477020602218,
    "f1-score": 0.9429477020602218,
    "support": 9465
  },
  "macro_avg": {
    "precision": 0.9358958878517891,
    "recall": 0.9327983644728703,
    "f1-score": 0.9342475159853233,
    "support": 9465.0
  },
  "accuracy": 0.9429477020602218,
  "inference_time_seconds": 6.717750549316406,
  "energy_kwh": 0.0003861191296935681,
  "num_test_samples": 9465
}