{
  "per_class": {
    "age": {
      "precision": 0.984247006931317,
      "recall": 0.9911167512690355,
      "f1-score": 0.9876699336073348,
      "support": 1576.0
    },
    "ethnicity": {
      "precision": 0.9905596763317599,
      "recall": 0.981951871657754,
      "f1-score": 0.9862369922792884,
      "support": 1496.0
    },
    "gender": {
      "precision": 0.9353932584269663,
      "recall": 0.8945601074546675,
      "f1-score": 0.9145211122554068,
      "support": 1489.0
    },
    "other_cyberbullying": {
      "precision": 0.8514328808446455,
      "recall": 0.8960317460317461,
      "f1-score": 0.8731631863882444,
      "support": 1260.0
    },
    "religion": {
      "precision": 0.9792843691148776,
      "recall": 0.9798994974874372,
      "f1-score": 0.9795918367346939,
      "support": 1592.0
    }
  },
  "weighted_avg": {
    "precision": 0.9520676198582166,
    "recall": 0.9513017671657898,
    "f1-score": 0.9514900999452444,
    "support": 7413.0
  },
  "micro_avg": {
    "precision": 0.9513017671657898,
    "recall": 0.9513017671657898,
    "f1-score": 0.9513017671657898,
    "support": 7413
  },
  "macro_avg": {
    "precision": 0.9481834383299134,
    "recall": 0.9487119947801281,
    "f1-score": 0.9482366122529937,
    "support": 7413.0
  },
  "accuracy": 0.9513017671657898,
  "inference_time_seconds": 3.2136647701263428,
  "energy_kwh": 0.00017084156565137538,
  "num_test_samples": 7413
}