{
  "per_class": {
    "age": {
      "precision": 0.9776357827476039,
      "recall": 0.9782608695652174,
      "f1-score": 0.9779482262703739,
      "support": 1564.0
    },
    "ethnicity": {
      "precision": 0.9786096256684492,
      "recall": 0.9871881321645314,
      "f1-score": 0.9828801611278952,
      "support": 1483.0
    },
    "gender": {
      "precision": 0.9006944444444445,
      "recall": 0.8901853122855182,
      "f1-score": 0.8954090438384535,
      "support": 1457.0
    },
    "not_cyberbullying": {
      "precision": 0.6312997347480106,
      "recall": 0.5876543209876544,
      "f1-score": 0.6086956521739131,
      "support": 1215.0
    },
    "other_cyberbullying": {
      "precision": 0.6099903938520653,
      "recall": 0.6479591836734694,
      "f1-score": 0.6284017812963879,
      "support": 980.0
    },
    "religion": {
      "precision": 0.9440993788819876,
      "recall": 0.9595959595959596,
      "f1-score": 0.9517845961177207,
      "support": 1584.0
    }
  },
  "weighted_avg": {
    "precision": 0.8635621664230403,
    "recall": 0.8644211034649282,
    "f1-score": 0.8637883671404557,
    "support": 8283.0
  },
  "micro_avg": {
    "precision": 0.8644211034649282,
    "recall": 0.8644211034649282,
    "f1-score": 0.8644211034649282,
    "support": 8283
  },
  "macro_avg": {
    "precision": 0.8403882267237601,
    "recall": 0.841807296378725,
    "f1-score": 0.8408532434707907,
    "support": 8283.0
  },
  "accuracy": 0.8644211034649282,
  "inference_time_seconds": 3.420123338699341,
  "energy_kwh": 0.00018344706128044477,
  "num_test_samples": 8283
}