{
  "per_class": {
    "age": {
      "precision": 0.9850746268656716,
      "recall": 0.99,
      "f1-score": 0.9875311720698254,
      "support": 1600.0
    },
    "ethnicity": {
      "precision": 0.9886721208307111,
      "recall": 0.981875,
      "f1-score": 0.9852618375666353,
      "support": 1600.0
    },
    "gender": {
      "precision": 0.9240180296200902,
      "recall": 0.89631480324797,
      "f1-score": 0.9099556119213696,
      "support": 1601.0
    },
    "other_cyberbullying": {
      "precision": 0.8786786786786787,
      "recall": 0.9138038725796377,
      "f1-score": 0.8958971218616044,
      "support": 1601.0
    },
    "religion": {
      "precision": 0.9911783238815375,
      "recall": 0.983125,
      "f1-score": 0.9871352368999059,
      "support": 1600.0
    }
  },
  "weighted_avg": {
    "precision": 0.9535113152350664,
    "recall": 0.9530117470632342,
    "f1-score": 0.9531436417451548,
    "support": 8002.0
  },
  "micro_avg": {
    "precision": 0.9530117470632342,
    "recall": 0.9530117470632342,
    "f1-score": 0.9530117470632342,
    "support": 8002
  },
  "macro_avg": {
    "precision": 0.9535243559753377,
    "recall": 0.9530237351655215,
    "f1-score": 0.9531561960638681,
    "support": 8002.0
  },
  "accuracy": 0.9530117470632342,
  "inference_time_seconds": 5.613434076309204,
  "energy_kwh": 0.0003490254476141938,
  "num_test_samples": 8002
}