{
  "per_class": {
    "age": {
      "precision": 0.9904822335025381,
      "recall": 0.989854153455929,
      "f1-score": 0.9901680938788455,
      "support": 1577.0
    },
    "ethnicity": {
      "precision": 0.9885906040268456,
      "recall": 0.9833110814419226,
      "f1-score": 0.9859437751004017,
      "support": 1498.0
    },
    "gender": {
      "precision": 0.9270326615705351,
      "recall": 0.8971082716879624,
      "f1-score": 0.911825017088175,
      "support": 1487.0
    },
    "other_cyberbullying": {
      "precision": 0.8575757575757575,
      "recall": 0.8969889064976229,
      "f1-score": 0.876839659178931,
      "support": 1262.0
    },
    "religion": {
      "precision": 0.9830508474576272,
      "recall": 0.9824341279799247,
      "f1-score": 0.9827423909632883,
      "support": 1594.0
    }
  },
  "weighted_avg": {
    "precision": 0.9531734202924194,
    "recall": 0.9525478565651119,
    "f1-score": 0.9527346563274129,
    "support": 7418.0
  },
  "micro_avg": {
    "precision": 0.9525478565651119,
    "recall": 0.9525478565651119,
    "f1-score": 0.9525478565651119,
    "support": 7418
  },
  "macro_avg": {
    "precision": 0.9493464208266607,
    "recall": 0.9499393082126725,
    "f1-score": 0.9495037872419282,
    "support": 7418.0
  },
  "accuracy": 0.9525478565651119,
  "inference_time_seconds": 5.463426113128662,
  "energy_kwh": 0.0003593394207917684,
  "num_test_samples": 7418
}