{
  "per_class": {
    "age": {
      "precision": 0.9911111111111112,
      "recall": 0.9892268694550064,
      "f1-score": 0.9901680938788455,
      "support": 1578.0
    },
    "ethnicity": {
      "precision": 0.9878950907868191,
      "recall": 0.9832663989290495,
      "f1-score": 0.9855753102985575,
      "support": 1494.0
    },
    "gender": {
      "precision": 0.9187542315504401,
      "recall": 0.9113498992612492,
      "f1-score": 0.9150370869858395,
      "support": 1489.0
    },
    "other_cyberbullying": {
      "precision": 0.8694638694638694,
      "recall": 0.8888006354249405,
      "f1-score": 0.8790259230164965,
      "support": 1259.0
    },
    "religion": {
      "precision": 0.982356647763075,
      "recall": 0.9786566227244193,
      "f1-score": 0.980503144654088,
      "support": 1593.0
    }
  },
  "weighted_avg": {
    "precision": 0.9533876704828054,
    "recall": 0.953055443140429,
    "f1-score": 0.9531984533603818,
    "support": 7413.0
  },
  "micro_avg": {
    "precision": 0.953055443140429,
    "recall": 0.953055443140429,
    "f1-score": 0.953055443140429,
    "support": 7413
  },
  "macro_avg": {
    "precision": 0.9499161901350629,
    "recall": 0.950260085158933,
    "f1-score": 0.9500619117667656,
    "support": 7413.0
  },
  "accuracy": 0.953055443140429,
  "inference_time_seconds": 3.0537917613983154,
  "energy_kwh": 0.00016991832327073895,
  "num_test_samples": 7413
}