{
  "per_class": {
    "age": {
      "precision": 0.9779319041614124,
      "recall": 0.9828897338403042,
      "f1-score": 0.9804045512010113,
      "support": 1578.0
    },
    "ethnicity": {
      "precision": 0.9911383776414451,
      "recall": 0.9764942914707858,
      "f1-score": 0.9837618403247632,
      "support": 1489.0
    },
    "gender": {
      "precision": 0.8742554599602912,
      "recall": 0.9010914051841746,
      "f1-score": 0.8874706079946255,
      "support": 1466.0
    },
    "not_cyberbullying": {
      "precision": 0.6434689507494646,
      "recall": 0.49751655629139074,
      "f1-score": 0.5611577964519141,
      "support": 1208.0
    },
    "other_cyberbullying": {
      "precision": 0.6157635467980296,
      "recall": 0.7231404958677686,
      "f1-score": 0.6651463321930825,
      "support": 1210.0
    },
    "religion": {
      "precision": 0.9519408502772643,
      "recall": 0.9710873664362036,
      "f1-score": 0.9614187927815806,
      "support": 1591.0
    }
  },
  "weighted_avg": {
    "precision": 0.8589981702527164,
    "recall": 0.8601030203699368,
    "f1-score": 0.8575573229620611,
    "support": 8542.0
  },
  "micro_avg": {
    "precision": 0.8601030203699368,
    "recall": 0.8601030203699368,
    "f1-score": 0.8601030203699368,
    "support": 8542
  },
  "macro_avg": {
    "precision": 0.8424165149313178,
    "recall": 0.8420366415151047,
    "f1-score": 0.8398933201578296,
    "support": 8542.0
  },
  "accuracy": 0.8601030203699368,
  "inference_time_seconds": 3.630336046218872,
  "energy_kwh": 0.000198491859203003,
  "num_test_samples": 8542
}