{
  "per_class": {
    "age": {
      "precision": 0.9734239802224969,
      "recall": 0.9856070087609512,
      "f1-score": 0.9794776119402985,
      "support": 1598.0
    },
    "ethnicity": {
      "precision": 0.9942528735632183,
      "recall": 0.9780150753768844,
      "f1-score": 0.9860671310956302,
      "support": 1592.0
    },
    "gender": {
      "precision": 0.9152202937249666,
      "recall": 0.8622641509433963,
      "f1-score": 0.8879533678756477,
      "support": 1590.0
    },
    "not_cyberbullying": {
      "precision": 0.6806666666666666,
      "recall": 0.6433522369250158,
      "f1-score": 0.6614836410754779,
      "support": 1587.0
    },
    "other_cyberbullying": {
      "precision": 0.6789689513766842,
      "recall": 0.7405750798722045,
      "f1-score": 0.7084352078239609,
      "support": 1565.0
    },
    "religion": {
      "precision": 0.9506999391357274,
      "recall": 0.97625,
      "f1-score": 0.9633055812519272,
      "support": 1600.0
    }
  },
  "weighted_avg": {
    "precision": 0.8662931885913306,
    "recall": 0.8649811162400336,
    "f1-score": 0.8651525933845453,
    "support": 9532.0
  },
  "micro_avg": {
    "precision": 0.8649811162400336,
    "recall": 0.8649811162400336,
    "f1-score": 0.8649811162400336,
    "support": 9532
  },
  "macro_avg": {
    "precision": 0.86553878411496,
    "recall": 0.8643439253130754,
    "f1-score": 0.8644537568438238,
    "support": 9532.0
  },
  "accuracy": 0.8649811162400336,
  "inference_time_seconds": 4.994604110717773,
  "energy_kwh": 0.0002817676297797717,
  "num_test_samples": 9532
}