{
  "per_class": {
    "Cyberstalking": {
      "precision": 0.6493506493506493,
      "recall": 0.8333333333333334,
      "f1-score": 0.7299270072992701,
      "support": 60.0
    },
    "Doxing": {
      "precision": 0.84,
      "recall": 0.7159090909090909,
      "f1-score": 0.7730061349693251,
      "support": 88.0
    },
    "Revenge Porn": {
      "precision": 0.6966292134831461,
      "recall": 0.8157894736842105,
      "f1-score": 0.7515151515151515,
      "support": 76.0
    },
    "Sexual Harassment": {
      "precision": 0.9010989010989011,
      "recall": 0.8282828282828283,
      "f1-score": 0.8631578947368421,
      "support": 99.0
    },
    "Slut Shaming": {
      "precision": 0.9444444444444444,
      "recall": 0.8585858585858586,
      "f1-score": 0.8994708994708994,
      "support": 99.0
    }
  },
  "weighted_avg": {
    "precision": 0.8259091241576997,
    "recall": 0.8104265402843602,
    "f1-score": 0.8138283470544424,
    "support": 422.0
  },
  "micro_avg": {
    "precision": 0.8104265402843602,
    "recall": 0.8104265402843602,
    "f1-score": 0.8104265402843602,
    "support": 422
  },
  "macro_avg": {
    "precision": 0.806304641675428,
    "recall": 0.8103801169590643,
    "f1-score": 0.8034154175982977,
    "support": 422.0
  },
  "accuracy": 0.8104265402843602,
  "inference_time_seconds": 0.11060309410095215,
  "energy_kwh": 1.9934077975938595e-06,
  "num_test_samples": 422
}