{
  "per_class": {
    "Cyberstalking": {
      "precision": 0.6885245901639344,
      "recall": 0.7,
      "f1-score": 0.6942148760330579,
      "support": 60.0
    },
    "Doxing": {
      "precision": 0.7727272727272727,
      "recall": 0.7727272727272727,
      "f1-score": 0.7727272727272727,
      "support": 88.0
    },
    "Revenge Porn": {
      "precision": 0.7439024390243902,
      "recall": 0.8026315789473685,
      "f1-score": 0.7721518987341772,
      "support": 76.0
    },
    "Sexual Harassment": {
      "precision": 0.8484848484848485,
      "recall": 0.8484848484848485,
      "f1-score": 0.8484848484848485,
      "support": 99.0
    },
    "Slut Shaming": {
      "precision": 0.9130434782608695,
      "recall": 0.8484848484848485,
      "f1-score": 0.8795811518324608,
      "support": 99.0
    }
  },
  "weighted_avg": {
    "precision": 0.8062544197239712,
    "recall": 0.8033175355450237,
    "f1-score": 0.8043008789033047,
    "support": 422.0
  },
  "micro_avg": {
    "precision": 0.8033175355450237,
    "recall": 0.8033175355450237,
    "f1-score": 0.8033175355450237,
    "support": 422
  },
  "macro_avg": {
    "precision": 0.7933365257322632,
    "recall": 0.7944657097288677,
    "f1-score": 0.7934320095623635,
    "support": 422.0
  },
  "accuracy": 0.8033175355450237,
  "inference_time_seconds": 0.11499261856079102,
  "energy_kwh": 3.178493110767532e-06,
  "num_test_samples": 422
}