{
  "per_class": {
    "Cyberstalking": {
      "precision": 0.6388888888888888,
      "recall": 0.7666666666666667,
      "f1-score": 0.696969696969697,
      "support": 60.0
    },
    "Doxing": {
      "precision": 0.7926829268292683,
      "recall": 0.7386363636363636,
      "f1-score": 0.7647058823529411,
      "support": 88.0
    },
    "Revenge Porn": {
      "precision": 0.7530864197530864,
      "recall": 0.8026315789473685,
      "f1-score": 0.7770700636942676,
      "support": 76.0
    },
    "Sexual Harassment": {
      "precision": 0.9139784946236559,
      "recall": 0.8585858585858586,
      "f1-score": 0.8854166666666666,
      "support": 99.0
    },
    "Slut Shaming": {
      "precision": 0.925531914893617,
      "recall": 0.8787878787878788,
      "f1-score": 0.9015544041450777,
      "support": 99.0
    }
  },
  "weighted_avg": {
    "precision": 0.8233069415586577,
    "recall": 0.8151658767772512,
    "f1-score": 0.8177245505127195,
    "support": 422.0
  },
  "micro_avg": {
    "precision": 0.8151658767772512,
    "recall": 0.8151658767772512,
    "f1-score": 0.8151658767772512,
    "support": 422
  },
  "macro_avg": {
    "precision": 0.8048337289977032,
    "recall": 0.8090616693248271,
    "f1-score": 0.80514334276573,
    "support": 422.0
  },
  "accuracy": 0.8151658767772512,
  "inference_time_seconds": 0.1134638786315918,
  "energy_kwh": 2.741600302835645e-06,
  "num_test_samples": 422
}