{
  "per_class": {
    "emotion": {
      "precision": 0.9001996007984032,
      "recall": 0.8966202783300199,
      "f1-score": 0.898406374501992,
      "support": 1006.0
    },
    "hate": {
      "precision": 0.966626936829559,
      "recall": 0.9605211212001579,
      "f1-score": 0.9635643564356435,
      "support": 2533.0
    },
    "offensive": {
      "precision": 0.9589235127478754,
      "recall": 0.9643874643874644,
      "f1-score": 0.9616477272727273,
      "support": 2808.0
    },
    "religion": {
      "precision": 0.9966362325804902,
      "recall": 1.0,
      "f1-score": 0.9983152827918171,
      "support": 2074.0
    },
    "spiritual": {
      "precision": 1.0,
      "recall": 0.9982668977469671,
      "f1-score": 0.9991326973113617,
      "support": 1731.0
    }
  },
  "weighted_avg": {
    "precision": 0.9697347911308546,
    "recall": 0.9697596532702916,
    "f1-score": 0.9697416017866927,
    "support": 10152.0
  },
  "micro_avg": {
    "precision": 0.9697596532702916,
    "recall": 0.9697596532702916,
    "f1-score": 0.9697596532702916,
    "support": 10152
  },
  "macro_avg": {
    "precision": 0.9644772565912655,
    "recall": 0.963959152332922,
    "f1-score": 0.9642132876627084,
    "support": 10152.0
  },
  "accuracy": 0.9697596532702916,
  "inference_time_seconds": 2.560485601425171,
  "energy_kwh": 0.00014259517787479028,
  "num_test_samples": 10152
}