{
  "per_class": {
    "Cyberstalking": {
      "precision": 0.6911764705882353,
      "recall": 0.7833333333333333,
      "f1-score": 0.734375,
      "support": 60.0
    },
    "Doxing": {
      "precision": 0.7582417582417582,
      "recall": 0.7840909090909091,
      "f1-score": 0.770949720670391,
      "support": 88.0
    },
    "Revenge Porn": {
      "precision": 0.890625,
      "recall": 0.75,
      "f1-score": 0.8142857142857143,
      "support": 76.0
    },
    "Sexual Harassment": {
      "precision": 0.8557692307692307,
      "recall": 0.898989898989899,
      "f1-score": 0.8768472906403941,
      "support": 99.0
    },
    "Slut Shaming": {
      "precision": 0.9157894736842105,
      "recall": 0.8787878787878788,
      "f1-score": 0.8969072164948454,
      "support": 99.0
    }
  },
  "weighted_avg": {
    "precision": 0.8323878547427952,
    "recall": 0.8270142180094787,
    "f1-score": 0.8279466490784299,
    "support": 422.0
  },
  "micro_avg": {
    "precision": 0.8270142180094787,
    "recall": 0.8270142180094787,
    "f1-score": 0.8270142180094787,
    "support": 422
  },
  "macro_avg": {
    "precision": 0.8223203866566869,
    "recall": 0.819040404040404,
    "f1-score": 0.818672988418269,
    "support": 422.0
  },
  "accuracy": 0.8270142180094787,
  "inference_time_seconds": 0.10447430610656738,
  "energy_kwh": 1.8388280848243266e-05,
  "num_test_samples": 422
}