{
  "per_class": {
    "emotion": {
      "precision": 0.9025906735751296,
      "recall": 0.8658051689860835,
      "f1-score": 0.8838153221714865,
      "support": 1006.0
    },
    "hate": {
      "precision": 0.9576237623762376,
      "recall": 0.9545992893801816,
      "f1-score": 0.9561091340450771,
      "support": 2533.0
    },
    "offensive": {
      "precision": 0.9505089505089505,
      "recall": 0.9643874643874644,
      "f1-score": 0.9573979140887396,
      "support": 2808.0
    },
    "religion": {
      "precision": 0.9942446043165467,
      "recall": 0.9995178399228544,
      "f1-score": 0.9968742486174561,
      "support": 2074.0
    },
    "spiritual": {
      "precision": 1.0,
      "recall": 0.9982668977469671,
      "f1-score": 0.9991326973113617,
      "support": 1731.0
    }
  },
  "weighted_avg": {
    "precision": 0.9649093429961821,
    "recall": 0.9651300236406619,
    "f1-score": 0.9649657096217935,
    "support": 10152.0
  },
  "micro_avg": {
    "precision": 0.9651300236406619,
    "recall": 0.9651300236406619,
    "f1-score": 0.9651300236406619,
    "support": 10152
  },
  "macro_avg": {
    "precision": 0.9609935981553729,
    "recall": 0.9565153320847102,
    "f1-score": 0.9586658632468241,
    "support": 10152.0
  },
  "accuracy": 0.9651300236406619,
  "inference_time_seconds": 8.912311792373657,
  "energy_kwh": 0.0004463690166821359,
  "num_test_samples": 10152
}