{
  "per_class": {
    "age": {
      "precision": 0.992948717948718,
      "recall": 0.9828680203045685,
      "f1-score": 0.9878826530612245,
      "support": 1576.0
    },
    "ethnicity": {
      "precision": 0.9938983050847457,
      "recall": 0.9858776059179556,
      "f1-score": 0.9898717083051992,
      "support": 1487.0
    },
    "gender": {
      "precision": 0.9181879648411089,
      "recall": 0.9107981220657277,
      "f1-score": 0.9144781144781144,
      "support": 1491.0
    },
    "other_cyberbullying": {
      "precision": 0.8653404743687835,
      "recall": 0.8983320095313742,
      "f1-score": 0.8815276695245519,
      "support": 1259.0
    },
    "religion": {
      "precision": 0.9867424242424242,
      "recall": 0.9817839195979899,
      "f1-score": 0.9842569269521411,
      "support": 1592.0
    }
  },
  "weighted_avg": {
    "precision": 0.9550560177380861,
    "recall": 0.9543551654287643,
    "f1-score": 0.9546400437272666,
    "support": 7405.0
  },
  "micro_avg": {
    "precision": 0.9543551654287643,
    "recall": 0.9543551654287643,
    "f1-score": 0.9543551654287643,
    "support": 7405
  },
  "macro_avg": {
    "precision": 0.951423577297156,
    "recall": 0.9519319354835233,
    "f1-score": 0.9516034144642461,
    "support": 7405.0
  },
  "accuracy": 0.9543551654287643,
  "inference_time_seconds": 5.41933798789978,
  "energy_kwh": 0.00036006103879657154,
  "num_test_samples": 7405
}