{
  "per_class": {
    "emotion": {
      "precision": 0.8344017094017094,
      "recall": 0.8397849462365592,
      "f1-score": 0.8370846730975349,
      "support": 930.0
    },
    "hate": {
      "precision": 0.9258809234507898,
      "recall": 0.9442379182156134,
      "f1-score": 0.9349693251533743,
      "support": 2421.0
    },
    "offensive": {
      "precision": 0.9051502145922746,
      "recall": 0.8820577164366374,
      "f1-score": 0.8934547765303961,
      "support": 2391.0
    },
    "religion": {
      "precision": 0.9965635738831615,
      "recall": 0.999507631708518,
      "f1-score": 0.9980334316617503,
      "support": 2031.0
    },
    "spiritual": {
      "precision": 0.9988297249853716,
      "recall": 0.9994145199063232,
      "f1-score": 0.9991220368744512,
      "support": 1708.0
    }
  },
  "weighted_avg": {
    "precision": 0.9399627947832292,
    "recall": 0.940090707731252,
    "f1-score": 0.9399647918518913,
    "support": 9481.0
  },
  "micro_avg": {
    "precision": 0.940090707731252,
    "recall": 0.940090707731252,
    "f1-score": 0.940090707731252,
    "support": 9481
  },
  "macro_avg": {
    "precision": 0.9321652292626614,
    "recall": 0.9330005465007302,
    "f1-score": 0.9325328486635014,
    "support": 9481.0
  },
  "accuracy": 0.940090707731252,
  "inference_time_seconds": 11.940518617630005,
  "energy_kwh": 0.0007264733430489223,
  "num_test_samples": 9481
}