{
  "per_class": {
    "emotion": {
      "precision": 0.8626560726447219,
      "recall": 0.8093716719914803,
      "f1-score": 0.8351648351648352,
      "support": 939.0
    },
    "hate": {
      "precision": 0.9613069647463457,
      "recall": 0.9278008298755187,
      "f1-score": 0.9442567567567568,
      "support": 2410.0
    },
    "offensive": {
      "precision": 0.8822115384615384,
      "recall": 0.9314720812182741,
      "f1-score": 0.9061728395061729,
      "support": 2364.0
    },
    "religion": {
      "precision": 0.9936616284739151,
      "recall": 1.0,
      "f1-score": 0.9968207385668868,
      "support": 2038.0
    },
    "spiritual": {
      "precision": 1.0,
      "recall": 0.9982497082847142,
      "f1-score": 0.9991240875912408,
      "support": 1714.0
    }
  },
  "weighted_avg": {
    "precision": 0.9457384377184367,
    "recall": 0.9452720549392498,
    "f1-score": 0.9451759649156743,
    "support": 9465.0
  },
  "micro_avg": {
    "precision": 0.9452720549392498,
    "recall": 0.9452720549392498,
    "f1-score": 0.9452720549392498,
    "support": 9465
  },
  "macro_avg": {
    "precision": 0.9399672408653043,
    "recall": 0.9333788582739974,
    "f1-score": 0.9363078515171784,
    "support": 9465.0
  },
  "accuracy": 0.9452720549392498,
  "inference_time_seconds": 7.29857611656189,
  "energy_kwh": 0.00048637659359067423,
  "num_test_samples": 9465
}