{
  "per_class": {
    "emotion": {
      "precision": 0.8206896551724138,
      "recall": 0.8280318091451292,
      "f1-score": 0.8243443839683325,
      "support": 1006.0
    },
    "hate": {
      "precision": 0.9169303797468354,
      "recall": 0.9151204105803395,
      "f1-score": 0.9160245010867417,
      "support": 2533.0
    },
    "offensive": {
      "precision": 0.9098389982110913,
      "recall": 0.9056267806267806,
      "f1-score": 0.9077280028556131,
      "support": 2808.0
    },
    "religion": {
      "precision": 0.9937649880095923,
      "recall": 0.9990356798457087,
      "f1-score": 0.9963933637893725,
      "support": 2074.0
    },
    "spiritual": {
      "precision": 0.9994216310005783,
      "recall": 0.9982668977469671,
      "f1-score": 0.9988439306358381,
      "support": 1731.0
    }
  },
  "weighted_avg": {
    "precision": 0.9351944228105615,
    "recall": 0.9351851851851852,
    "f1-score": 0.9351851284449582,
    "support": 10152.0
  },
  "micro_avg": {
    "precision": 0.9351851851851852,
    "recall": 0.9351851851851852,
    "f1-score": 0.9351851851851852,
    "support": 10152
  },
  "macro_avg": {
    "precision": 0.9281291304281023,
    "recall": 0.9292163155889849,
    "f1-score": 0.9286668364671797,
    "support": 10152.0
  },
  "accuracy": 0.9351851851851852,
  "inference_time_seconds": 12.739161729812622,
  "energy_kwh": 0.0007367367889992883,
  "num_test_samples": 10152
}