{
  "per_class": {
    "Cyberstalking": {
      "precision": 0.7735849056603774,
      "recall": 0.7192982456140351,
      "f1-score": 0.7454545454545455,
      "support": 57.0
    },
    "Doxing": {
      "precision": 0.9193548387096774,
      "recall": 0.7125,
      "f1-score": 0.8028169014084507,
      "support": 80.0
    },
    "Revenge Porn": {
      "precision": 0.7532467532467533,
      "recall": 0.8169014084507042,
      "f1-score": 0.7837837837837838,
      "support": 71.0
    },
    "Sexual Harassment": {
      "precision": 0.8313253012048193,
      "recall": 0.8414634146341463,
      "f1-score": 0.8363636363636363,
      "support": 82.0
    },
    "Slut Shaming": {
      "precision": 0.8155339805825242,
      "recall": 0.9545454545454546,
      "f1-score": 0.8795811518324608,
      "support": 88.0
    }
  },
  "weighted_avg": {
    "precision": 0.8229071724602977,
    "recall": 0.8174603174603174,
    "f1-score": 0.815740395225684,
    "support": 378.0
  },
  "micro_avg": {
    "precision": 0.8174603174603174,
    "recall": 0.8174603174603174,
    "f1-score": 0.8174603174603174,
    "support": 378
  },
  "macro_avg": {
    "precision": 0.8186091558808304,
    "recall": 0.808941704648868,
    "f1-score": 0.8096000037685755,
    "support": 378.0
  },
  "accuracy": 0.8174603174603174,
  "inference_time_seconds": 0.20267271995544434,
  "energy_kwh": 2.486453667022284e-05,
  "num_test_samples": 378
}