{
  "per_class": {
    "age": {
      "precision": 0.9824010056568196,
      "recall": 0.9904942965779467,
      "f1-score": 0.9864310508046702,
      "support": 1578.0
    },
    "ethnicity": {
      "precision": 0.9906040268456375,
      "recall": 0.9853137516688919,
      "f1-score": 0.9879518072289156,
      "support": 1498.0
    },
    "gender": {
      "precision": 0.9272976680384087,
      "recall": 0.9073825503355705,
      "f1-score": 0.9172320217096337,
      "support": 1490.0
    },
    "other_cyberbullying": {
      "precision": 0.877630553390491,
      "recall": 0.8908227848101266,
      "f1-score": 0.8841774636827641,
      "support": 1264.0
    },
    "religion": {
      "precision": 0.9831038798498123,
      "recall": 0.9880503144654088,
      "f1-score": 0.9855708908406524,
      "support": 1590.0
    }
  },
  "weighted_avg": {
    "precision": 0.9552947888093312,
    "recall": 0.955256064690027,
    "f1-score": 0.9552390496331119,
    "support": 7420.0
  },
  "micro_avg": {
    "precision": 0.955256064690027,
    "recall": 0.955256064690027,
    "f1-score": 0.955256064690027,
    "support": 7420
  },
  "macro_avg": {
    "precision": 0.9522074267562338,
    "recall": 0.952412739571589,
    "f1-score": 0.9522726468533271,
    "support": 7420.0
  },
  "accuracy": 0.955256064690027,
  "inference_time_seconds": 5.43938422203064,
  "energy_kwh": 0.0003633641736702176,
  "num_test_samples": 7420
}