{
  "per_class": {
    "age": {
      "precision": 0.9856519026824704,
      "recall": 0.9875,
      "f1-score": 0.986575085857009,
      "support": 1600.0
    },
    "ethnicity": {
      "precision": 0.9867591424968474,
      "recall": 0.978125,
      "f1-score": 0.9824231010671689,
      "support": 1600.0
    },
    "gender": {
      "precision": 0.9187919463087248,
      "recall": 0.8550905683947533,
      "f1-score": 0.8857974765448076,
      "support": 1601.0
    },
    "other_cyberbullying": {
      "precision": 0.8421665695981363,
      "recall": 0.9031855090568395,
      "f1-score": 0.8716094032549728,
      "support": 1601.0
    },
    "religion": {
      "precision": 0.9782067247820673,
      "recall": 0.981875,
      "f1-score": 0.9800374298190893,
      "support": 1600.0
    }
  },
  "weighted_avg": {
    "precision": 0.9422998020376282,
    "recall": 0.9411397150712322,
    "f1-score": 0.9412728569543459,
    "support": 8002.0
  },
  "micro_avg": {
    "precision": 0.9411397150712322,
    "recall": 0.9411397150712322,
    "f1-score": 0.9411397150712322,
    "support": 8002
  },
  "macro_avg": {
    "precision": 0.9423152571736493,
    "recall": 0.9411552154903186,
    "f1-score": 0.9412884993086095,
    "support": 8002.0
  },
  "accuracy": 0.9411397150712322,
  "inference_time_seconds": 8.048480749130249,
  "energy_kwh": 0.00047393492052212653,
  "num_test_samples": 8002
}