{
  "per_class": {
    "age": {
      "precision": 0.9861111111111112,
      "recall": 0.9898605830164765,
      "f1-score": 0.9879822896900696,
      "support": 1578.0
    },
    "ethnicity": {
      "precision": 0.9938566552901024,
      "recall": 0.9745649263721553,
      "f1-score": 0.9841162554917202,
      "support": 1494.0
    },
    "gender": {
      "precision": 0.9204389574759945,
      "recall": 0.9000670690811536,
      "f1-score": 0.910139030179722,
      "support": 1491.0
    },
    "other_cyberbullying": {
      "precision": 0.8503401360544217,
      "recall": 0.8914421553090333,
      "f1-score": 0.8704061895551257,
      "support": 1262.0
    },
    "religion": {
      "precision": 0.982356647763075,
      "recall": 0.9792713567839196,
      "f1-score": 0.9808115759672853,
      "support": 1592.0
    }
  },
  "weighted_avg": {
    "precision": 0.9505623158787853,
    "recall": 0.949710125387623,
    "f1-score": 0.9500104722923031,
    "support": 7417.0
  },
  "micro_avg": {
    "precision": 0.949710125387623,
    "recall": 0.949710125387623,
    "f1-score": 0.949710125387623,
    "support": 7417
  },
  "macro_avg": {
    "precision": 0.9466207015389407,
    "recall": 0.9470412181125477,
    "f1-score": 0.9466910681767846,
    "support": 7417.0
  },
  "accuracy": 0.949710125387623,
  "inference_time_seconds": 3.7019152641296387,
  "energy_kwh": 0.00022463015820461894,
  "num_test_samples": 7417
}