{
  "per_class": {
    "age": {
      "precision": 0.9778900821225521,
      "recall": 0.9822335025380711,
      "f1-score": 0.98005698005698,
      "support": 1576.0
    },
    "ethnicity": {
      "precision": 0.9785090664875755,
      "recall": 0.9804845222072678,
      "f1-score": 0.9794957983193278,
      "support": 1486.0
    },
    "gender": {
      "precision": 0.9282544378698225,
      "recall": 0.8543226684819605,
      "f1-score": 0.8897554058844381,
      "support": 1469.0
    },
    "not_cyberbullying": {
      "precision": 0.6336336336336337,
      "recall": 0.5248756218905473,
      "f1-score": 0.5741496598639456,
      "support": 1206.0
    },
    "other_cyberbullying": {
      "precision": 0.6204081632653061,
      "recall": 0.7549668874172185,
      "f1-score": 0.6811053024645257,
      "support": 1208.0
    },
    "religion": {
      "precision": 0.9390986601705238,
      "recall": 0.969811320754717,
      "f1-score": 0.9542079207920792,
      "support": 1590.0
    }
  },
  "weighted_avg": {
    "precision": 0.8629885301129742,
    "recall": 0.8608084358523725,
    "f1-score": 0.8599345679377893,
    "support": 8535.0
  },
  "micro_avg": {
    "precision": 0.8608084358523725,
    "recall": 0.8608084358523725,
    "f1-score": 0.8608084358523725,
    "support": 8535
  },
  "macro_avg": {
    "precision": 0.8462990072582356,
    "recall": 0.8444490872149637,
    "f1-score": 0.843128511230216,
    "support": 8535.0
  },
  "accuracy": 0.8608084358523725,
  "inference_time_seconds": 6.497435092926025,
  "energy_kwh": 0.00040154467715219574,
  "num_test_samples": 8535
}