{
  "per_class": {
    "age": {
      "precision": 0.9795788130185067,
      "recall": 0.981457800511509,
      "f1-score": 0.9805174065793676,
      "support": 1564.0
    },
    "ethnicity": {
      "precision": 0.9851652056641942,
      "recall": 0.9858299595141701,
      "f1-score": 0.9854974704890388,
      "support": 1482.0
    },
    "gender": {
      "precision": 0.8934993084370678,
      "recall": 0.8873626373626373,
      "f1-score": 0.8904203997243281,
      "support": 1456.0
    },
    "not_cyberbullying": {
      "precision": 0.6552901023890785,
      "recall": 0.6320987654320988,
      "f1-score": 0.6434855467113532,
      "support": 1215.0
    },
    "other_cyberbullying": {
      "precision": 0.6340257171117705,
      "recall": 0.6547497446373851,
      "f1-score": 0.6442211055276382,
      "support": 979.0
    },
    "religion": {
      "precision": 0.9569019362898189,
      "recall": 0.9671717171717171,
      "f1-score": 0.9620094191522763,
      "support": 1584.0
    }
  },
  "weighted_avg": {
    "precision": 0.872660919079454,
    "recall": 0.8730676328502416,
    "f1-score": 0.8728066302725321,
    "support": 8280.0
  },
  "micro_avg": {
    "precision": 0.8730676328502416,
    "recall": 0.8730676328502416,
    "f1-score": 0.8730676328502416,
    "support": 8280
  },
  "macro_avg": {
    "precision": 0.8507435138184061,
    "recall": 0.8514451041049195,
    "f1-score": 0.8510252246973337,
    "support": 8280.0
  },
  "accuracy": 0.8730676328502416,
  "inference_time_seconds": 6.190309524536133,
  "energy_kwh": 0.00038776082148898845,
  "num_test_samples": 8280
}