{
  "per_class": {
    "Cyberstalking": {
      "precision": 0.7735849056603774,
      "recall": 0.6833333333333333,
      "f1-score": 0.7256637168141593,
      "support": 60.0
    },
    "Doxing": {
      "precision": 0.7888888888888889,
      "recall": 0.8068181818181818,
      "f1-score": 0.797752808988764,
      "support": 88.0
    },
    "Revenge Porn": {
      "precision": 0.7692307692307693,
      "recall": 0.7894736842105263,
      "f1-score": 0.7792207792207793,
      "support": 76.0
    },
    "Sexual Harassment": {
      "precision": 0.8018018018018018,
      "recall": 0.898989898989899,
      "f1-score": 0.8476190476190476,
      "support": 99.0
    },
    "Slut Shaming": {
      "precision": 0.9111111111111111,
      "recall": 0.8282828282828283,
      "f1-score": 0.8677248677248677,
      "support": 99.0
    }
  },
  "weighted_avg": {
    "precision": 0.8148749606676818,
    "recall": 0.8127962085308057,
    "f1-score": 0.8122793768712976,
    "support": 422.0
  },
  "micro_avg": {
    "precision": 0.8127962085308057,
    "recall": 0.8127962085308057,
    "f1-score": 0.8127962085308057,
    "support": 422
  },
  "macro_avg": {
    "precision": 0.8089234953385898,
    "recall": 0.8013795853269539,
    "f1-score": 0.8035962440735236,
    "support": 422.0
  },
  "accuracy": 0.8127962085308057,
  "inference_time_seconds": 0.517841100692749,
  "energy_kwh": 5.857664089771536e-05,
  "num_test_samples": 422
}