{
  "per_class": {
    "age": {
      "precision": 0.992948717948718,
      "recall": 0.9828680203045685,
      "f1-score": 0.9878826530612245,
      "support": 1576.0
    },
    "ethnicity": {
      "precision": 0.9972658920027341,
      "recall": 0.9746158984635939,
      "f1-score": 0.9858108108108108,
      "support": 1497.0
    },
    "gender": {
      "precision": 0.9277275886031967,
      "recall": 0.8971774193548387,
      "f1-score": 0.9121967885206697,
      "support": 1488.0
    },
    "other_cyberbullying": {
      "precision": 0.845540246555475,
      "recall": 0.9210110584518167,
      "f1-score": 0.8816635160680529,
      "support": 1266.0
    },
    "religion": {
      "precision": 0.9892200380469245,
      "recall": 0.9805153991200503,
      "f1-score": 0.9848484848484849,
      "support": 1591.0
    }
  },
  "weighted_avg": {
    "precision": 0.9547797120960795,
    "recall": 0.9529522782421138,
    "f1-score": 0.9535037229796609,
    "support": 7418.0
  },
  "micro_avg": {
    "precision": 0.9529522782421138,
    "recall": 0.9529522782421138,
    "f1-score": 0.9529522782421138,
    "support": 7418
  },
  "macro_avg": {
    "precision": 0.9505404966314096,
    "recall": 0.9512375591389736,
    "f1-score": 0.9504804506618484,
    "support": 7418.0
  },
  "accuracy": 0.9529522782421138,
  "inference_time_seconds": 5.463425874710083,
  "energy_kwh": 0.0003559326030455413,
  "num_test_samples": 7418
}