{
  "per_class": {
    "Cyberstalking": {
      "precision": 0.7627118644067796,
      "recall": 0.75,
      "f1-score": 0.7563025210084033,
      "support": 60.0
    },
    "Doxing": {
      "precision": 0.7931034482758621,
      "recall": 0.7840909090909091,
      "f1-score": 0.7885714285714286,
      "support": 88.0
    },
    "Revenge Porn": {
      "precision": 0.7560975609756098,
      "recall": 0.8157894736842105,
      "f1-score": 0.7848101265822784,
      "support": 76.0
    },
    "Sexual Harassment": {
      "precision": 0.90625,
      "recall": 0.8787878787878788,
      "f1-score": 0.8923076923076924,
      "support": 99.0
    },
    "Slut Shaming": {
      "precision": 0.8877551020408163,
      "recall": 0.8787878787878788,
      "f1-score": 0.883248730964467,
      "support": 99.0
    }
  },
  "weighted_avg": {
    "precision": 0.8308666707319191,
    "recall": 0.8293838862559242,
    "f1-score": 0.8298532997606324,
    "support": 422.0
  },
  "micro_avg": {
    "precision": 0.8293838862559242,
    "recall": 0.8293838862559242,
    "f1-score": 0.8293838862559242,
    "support": 422
  },
  "macro_avg": {
    "precision": 0.8211835951398136,
    "recall": 0.8214912280701755,
    "f1-score": 0.821048099886854,
    "support": 422.0
  },
  "accuracy": 0.8293838862559242,
  "inference_time_seconds": 0.2578108310699463,
  "energy_kwh": 3.4535478368679216e-05,
  "num_test_samples": 422
}