{
  "per_class": {
    "emotion": {
      "precision": 0.8715909090909091,
      "recall": 0.8168264110756124,
      "f1-score": 0.8433205057724025,
      "support": 939.0
    },
    "hate": {
      "precision": 0.937888198757764,
      "recall": 0.9394442140190792,
      "f1-score": 0.9386655615416494,
      "support": 2411.0
    },
    "offensive": {
      "precision": 0.8985086992543496,
      "recall": 0.9167371090448013,
      "f1-score": 0.9075313807531381,
      "support": 2366.0
    },
    "religion": {
      "precision": 0.9955990220048899,
      "recall": 0.9995090819833088,
      "f1-score": 0.9975502204801567,
      "support": 2037.0
    },
    "spiritual": {
      "precision": 0.9994155464640561,
      "recall": 0.9988317757009346,
      "f1-score": 0.9991235758106923,
      "support": 1712.0
    }
  },
  "weighted_avg": {
    "precision": 0.945016219402805,
    "recall": 0.9452720549392498,
    "f1-score": 0.9450321427961027,
    "support": 9465.0
  },
  "micro_avg": {
    "precision": 0.9452720549392498,
    "recall": 0.9452720549392498,
    "f1-score": 0.9452720549392498,
    "support": 9465
  },
  "macro_avg": {
    "precision": 0.9406004751143937,
    "recall": 0.9342697183647474,
    "f1-score": 0.9372382488716078,
    "support": 9465.0
  },
  "accuracy": 0.9452720549392498,
  "inference_time_seconds": 2.2554965019226074,
  "energy_kwh": 0.00015825021228684327,
  "num_test_samples": 9465
}