{
  "per_class": {
    "emotion": {
      "precision": 0.8307849133537207,
      "recall": 0.8679446219382322,
      "f1-score": 0.8489583333333334,
      "support": 939.0
    },
    "hate": {
      "precision": 0.955451845566398,
      "recall": 0.9336650082918739,
      "f1-score": 0.9444327951352485,
      "support": 2412.0
    },
    "offensive": {
      "precision": 0.9059071729957806,
      "recall": 0.9066722972972973,
      "f1-score": 0.906289573659772,
      "support": 2368.0
    },
    "religion": {
      "precision": 0.9936678032148076,
      "recall": 1.0,
      "f1-score": 0.9968238455900318,
      "support": 2040.0
    },
    "spiritual": {
      "precision": 1.0,
      "recall": 0.9988324576765908,
      "f1-score": 0.9994158878504673,
      "support": 1713.0
    }
  },
  "weighted_avg": {
    "precision": 0.9469940233696698,
    "recall": 0.9464738175675675,
    "f1-score": 0.9466593695295686,
    "support": 9472.0
  },
  "micro_avg": {
    "precision": 0.9464738175675675,
    "recall": 0.9464738175675675,
    "f1-score": 0.9464738175675675,
    "support": 9472
  },
  "macro_avg": {
    "precision": 0.9371623470261413,
    "recall": 0.9414228770407987,
    "f1-score": 0.9391840871137707,
    "support": 9472.0
  },
  "accuracy": 0.9464738175675675,
  "inference_time_seconds": 7.1745991706848145,
  "energy_kwh": 0.00045103472541830464,
  "num_test_samples": 9472
}