{
  "per_class": {
    "emotion": {
      "precision": 0.8181818181818182,
      "recall": 0.8243534482758621,
      "f1-score": 0.821256038647343,
      "support": 928.0
    },
    "hate": {
      "precision": 0.9327902240325866,
      "recall": 0.9443298969072165,
      "f1-score": 0.9385245901639344,
      "support": 2425.0
    },
    "offensive": {
      "precision": 0.9063301967493584,
      "recall": 0.8884696016771488,
      "f1-score": 0.8973110311242855,
      "support": 2385.0
    },
    "religion": {
      "precision": 0.9941118743866536,
      "recall": 0.9995066600888012,
      "f1-score": 0.9968019680196802,
      "support": 2027.0
    },
    "spiritual": {
      "precision": 0.9994145199063232,
      "recall": 0.9988297249853716,
      "f1-score": 0.9991220368744512,
      "support": 1709.0
    }
  },
  "weighted_avg": {
    "precision": 0.9400412416825653,
    "recall": 0.9401519949335022,
    "f1-score": 0.9400624545533065,
    "support": 9474.0
  },
  "micro_avg": {
    "precision": 0.9401519949335022,
    "recall": 0.9401519949335022,
    "f1-score": 0.9401519949335022,
    "support": 9474
  },
  "macro_avg": {
    "precision": 0.930165726651348,
    "recall": 0.9310978663868801,
    "f1-score": 0.9306031329659389,
    "support": 9474.0
  },
  "accuracy": 0.9401519949335022,
  "inference_time_seconds": 1.8345518112182617,
  "energy_kwh": 0.00010919503127563531,
  "num_test_samples": 9474
}