{
  "per_class": {
    "Cyberstalking": {
      "precision": 0.7719298245614035,
      "recall": 0.7333333333333333,
      "f1-score": 0.7521367521367521,
      "support": 60.0
    },
    "Doxing": {
      "precision": 0.8271604938271605,
      "recall": 0.7613636363636364,
      "f1-score": 0.7928994082840237,
      "support": 88.0
    },
    "Revenge Porn": {
      "precision": 0.6774193548387096,
      "recall": 0.8289473684210527,
      "f1-score": 0.7455621301775148,
      "support": 76.0
    },
    "Sexual Harassment": {
      "precision": 0.865979381443299,
      "recall": 0.8484848484848485,
      "f1-score": 0.8571428571428571,
      "support": 99.0
    },
    "Slut Shaming": {
      "precision": 0.9042553191489362,
      "recall": 0.8585858585858586,
      "f1-score": 0.8808290155440415,
      "support": 99.0
    }
  },
  "weighted_avg": {
    "precision": 0.8195332209877904,
    "recall": 0.8127962085308057,
    "f1-score": 0.8142779392101737,
    "support": 422.0
  },
  "micro_avg": {
    "precision": 0.8127962085308057,
    "recall": 0.8127962085308057,
    "f1-score": 0.8127962085308057,
    "support": 422
  },
  "macro_avg": {
    "precision": 0.8093488747639018,
    "recall": 0.8061430090377459,
    "f1-score": 0.8057140326570378,
    "support": 422.0
  },
  "accuracy": 0.8127962085308057,
  "inference_time_seconds": 0.45179033279418945,
  "energy_kwh": 3.68022178880315e-05,
  "num_test_samples": 422
}