{
  "per_class": {
    "Cyberstalking": {
      "precision": 0.8,
      "recall": 0.7017543859649122,
      "f1-score": 0.7476635514018691,
      "support": 57.0
    },
    "Doxing": {
      "precision": 0.7710843373493976,
      "recall": 0.810126582278481,
      "f1-score": 0.7901234567901234,
      "support": 79.0
    },
    "Revenge Porn": {
      "precision": 0.7808219178082192,
      "recall": 0.8142857142857143,
      "f1-score": 0.7972027972027972,
      "support": 70.0
    },
    "Sexual Harassment": {
      "precision": 0.8875,
      "recall": 0.8658536585365854,
      "f1-score": 0.8765432098765432,
      "support": 82.0
    },
    "Slut Shaming": {
      "precision": 0.8444444444444444,
      "recall": 0.8636363636363636,
      "f1-score": 0.8539325842696629,
      "support": 88.0
    }
  },
  "weighted_avg": {
    "precision": 0.8198385851284279,
    "recall": 0.8191489361702128,
    "f1-score": 0.818785590282258,
    "support": 376.0
  },
  "micro_avg": {
    "precision": 0.8191489361702128,
    "recall": 0.8191489361702128,
    "f1-score": 0.8191489361702128,
    "support": 376
  },
  "macro_avg": {
    "precision": 0.8167701399204121,
    "recall": 0.8111313409404113,
    "f1-score": 0.8130931199081992,
    "support": 376.0
  },
  "accuracy": 0.8191489361702128,
  "inference_time_seconds": 0.36755990982055664,
  "energy_kwh": 1.70971232250165e-05,
  "num_test_samples": 376
}