{
  "per_class": {
    "emotion": {
      "precision": 0.839724680432645,
      "recall": 0.8489065606361829,
      "f1-score": 0.8442906574394463,
      "support": 1006.0
    },
    "hate": {
      "precision": 0.9336530775379697,
      "recall": 0.9222266087643111,
      "f1-score": 0.9279046673286991,
      "support": 2533.0
    },
    "offensive": {
      "precision": 0.9216312056737589,
      "recall": 0.9255698005698005,
      "f1-score": 0.9235963041933192,
      "support": 2808.0
    },
    "religion": {
      "precision": 0.9947242206235012,
      "recall": 1.0,
      "f1-score": 0.9973551334455398,
      "support": 2074.0
    },
    "spiritual": {
      "precision": 1.0,
      "recall": 0.9982668977469671,
      "f1-score": 0.9991326973113617,
      "support": 1731.0
    }
  },
  "weighted_avg": {
    "precision": 0.9448093708652457,
    "recall": 0.9447399527186762,
    "f1-score": 0.944760696583386,
    "support": 10152.0
  },
  "micro_avg": {
    "precision": 0.9447399527186762,
    "recall": 0.9447399527186762,
    "f1-score": 0.9447399527186762,
    "support": 10152
  },
  "macro_avg": {
    "precision": 0.937946636853575,
    "recall": 0.9389939735434524,
    "f1-score": 0.9384558919436732,
    "support": 10152.0
  },
  "accuracy": 0.9447399527186762,
  "inference_time_seconds": 9.825140237808228,
  "energy_kwh": 0.0006124790811298262,
  "num_test_samples": 10152
}