{
  "per_class": {
    "age": {
      "precision": 0.985209003215434,
      "recall": 0.979539641943734,
      "f1-score": 0.9823661429945495,
      "support": 1564.0
    },
    "ethnicity": {
      "precision": 0.9858776059179556,
      "recall": 0.9885367498314228,
      "f1-score": 0.9872053872053872,
      "support": 1483.0
    },
    "gender": {
      "precision": 0.8940766550522649,
      "recall": 0.8811813186813187,
      "f1-score": 0.8875821515046697,
      "support": 1456.0
    },
    "not_cyberbullying": {
      "precision": 0.6476774758983348,
      "recall": 0.6102394715111478,
      "f1-score": 0.6284013605442177,
      "support": 1211.0
    },
    "other_cyberbullying": {
      "precision": 0.6195965417867435,
      "recall": 0.6574923547400612,
      "f1-score": 0.6379821958456974,
      "support": 981.0
    },
    "religion": {
      "precision": 0.9536751080914144,
      "recall": 0.9753632343651295,
      "f1-score": 0.9643972517176764,
      "support": 1583.0
    }
  },
  "weighted_avg": {
    "precision": 0.8705639414442804,
    "recall": 0.8708625271804784,
    "f1-score": 0.8705316840628924,
    "support": 8278.0
  },
  "micro_avg": {
    "precision": 0.8708625271804784,
    "recall": 0.8708625271804784,
    "f1-score": 0.8708625271804784,
    "support": 8278
  },
  "macro_avg": {
    "precision": 0.8476853983270245,
    "recall": 0.848725461845469,
    "f1-score": 0.8479890816353665,
    "support": 8278.0
  },
  "accuracy": 0.8708625271804784,
  "inference_time_seconds": 6.788496255874634,
  "energy_kwh": 0.00041311060637147463,
  "num_test_samples": 8278
}