{
  "per_class": {
    "Cyberstalking": {
      "precision": 0.7413793103448276,
      "recall": 0.7543859649122807,
      "f1-score": 0.7478260869565218,
      "support": 57.0
    },
    "Doxing": {
      "precision": 0.9152542372881356,
      "recall": 0.6835443037974683,
      "f1-score": 0.782608695652174,
      "support": 79.0
    },
    "Revenge Porn": {
      "precision": 0.759493670886076,
      "recall": 0.8450704225352113,
      "f1-score": 0.8,
      "support": 71.0
    },
    "Sexual Harassment": {
      "precision": 0.7634408602150538,
      "recall": 0.8765432098765432,
      "f1-score": 0.8160919540229885,
      "support": 81.0
    },
    "Slut Shaming": {
      "precision": 0.9069767441860465,
      "recall": 0.896551724137931,
      "f1-score": 0.9017341040462428,
      "support": 87.0
    }
  },
  "weighted_avg": {
    "precision": 0.8246225133064924,
    "recall": 0.816,
    "f1-score": 0.8154839713091431,
    "support": 375.0
  },
  "micro_avg": {
    "precision": 0.816,
    "recall": 0.816,
    "f1-score": 0.816,
    "support": 375
  },
  "macro_avg": {
    "precision": 0.8173089645840278,
    "recall": 0.8112191250518869,
    "f1-score": 0.8096521681355855,
    "support": 375.0
  },
  "accuracy": 0.816,
  "inference_time_seconds": 0.09528970718383789,
  "energy_kwh": 1.1945589148561375e-06,
  "num_test_samples": 375
}