{
  "per_class": {
    "age": {
      "precision": 0.9806128830519074,
      "recall": 0.981226533166458,
      "f1-score": 0.9809196121363779,
      "support": 1598.0
    },
    "ethnicity": {
      "precision": 0.9948717948717949,
      "recall": 0.9748743718592965,
      "f1-score": 0.9847715736040609,
      "support": 1592.0
    },
    "gender": {
      "precision": 0.9158316633266533,
      "recall": 0.8622641509433963,
      "f1-score": 0.8882410106899903,
      "support": 1590.0
    },
    "not_cyberbullying": {
      "precision": 0.6768729641693811,
      "recall": 0.6546943919344675,
      "f1-score": 0.6655989750160154,
      "support": 1587.0
    },
    "other_cyberbullying": {
      "precision": 0.6845203060623897,
      "recall": 0.7431309904153355,
      "f1-score": 0.7126225490196079,
      "support": 1565.0
    },
    "religion": {
      "precision": 0.9470158343483557,
      "recall": 0.971875,
      "f1-score": 0.959284392350401,
      "support": 1600.0
    }
  },
  "weighted_avg": {
    "precision": 0.867365152887541,
    "recall": 0.8652958455728074,
    "f1-score": 0.8659236238664945,
    "support": 9532.0
  },
  "micro_avg": {
    "precision": 0.8652958455728074,
    "recall": 0.8652958455728074,
    "f1-score": 0.8652958455728074,
    "support": 9532
  },
  "macro_avg": {
    "precision": 0.8666209076384138,
    "recall": 0.864677573053159,
    "f1-score": 0.865239685469409,
    "support": 9532.0
  },
  "accuracy": 0.8652958455728074,
  "inference_time_seconds": 7.70182991027832,
  "energy_kwh": 0.0005096183925942542,
  "num_test_samples": 9532
}