{
  "per_class": {
    "Cyberstalking": {
      "precision": 0.5846153846153846,
      "recall": 0.7307692307692307,
      "f1-score": 0.6495726495726496,
      "support": 52.0
    },
    "Doxing": {
      "precision": 0.75,
      "recall": 0.7702702702702703,
      "f1-score": 0.76,
      "support": 74.0
    },
    "Revenge Porn": {
      "precision": 0.8059701492537313,
      "recall": 0.7714285714285715,
      "f1-score": 0.7883211678832117,
      "support": 70.0
    },
    "Sexual Harassment": {
      "precision": 0.8243243243243243,
      "recall": 0.7922077922077922,
      "f1-score": 0.8079470198675497,
      "support": 77.0
    },
    "Slut Shaming": {
      "precision": 0.9382716049382716,
      "recall": 0.8444444444444444,
      "f1-score": 0.8888888888888888,
      "support": 90.0
    }
  },
  "weighted_avg": {
    "precision": 0.7995463577553129,
    "recall": 0.7878787878787878,
    "f1-score": 0.7917690910727381,
    "support": 363.0
  },
  "micro_avg": {
    "precision": 0.7878787878787878,
    "recall": 0.7878787878787878,
    "f1-score": 0.7878787878787878,
    "support": 363
  },
  "macro_avg": {
    "precision": 0.7806362926263424,
    "recall": 0.7818240618240618,
    "f1-score": 0.77894594524246,
    "support": 363.0
  },
  "accuracy": 0.7878787878787878,
  "inference_time_seconds": 0.3423585891723633,
  "energy_kwh": 1.3417515505702523e-05,
  "num_test_samples": 363
}