{
  "per_class": {
    "Cyberstalking": {
      "precision": 0.8260869565217391,
      "recall": 0.7307692307692307,
      "f1-score": 0.7755102040816326,
      "support": 52.0
    },
    "Doxing": {
      "precision": 0.8939393939393939,
      "recall": 0.7972972972972973,
      "f1-score": 0.8428571428571429,
      "support": 74.0
    },
    "Revenge Porn": {
      "precision": 0.875,
      "recall": 0.8,
      "f1-score": 0.835820895522388,
      "support": 70.0
    },
    "Sexual Harassment": {
      "precision": 0.7472527472527473,
      "recall": 0.8831168831168831,
      "f1-score": 0.8095238095238095,
      "support": 77.0
    },
    "Slut Shaming": {
      "precision": 0.8854166666666666,
      "recall": 0.9444444444444444,
      "f1-score": 0.9139784946236559,
      "support": 90.0
    }
  },
  "weighted_avg": {
    "precision": 0.8473388386476781,
    "recall": 0.8429752066115702,
    "f1-score": 0.8424154813214958,
    "support": 363.0
  },
  "micro_avg": {
    "precision": 0.8429752066115702,
    "recall": 0.8429752066115702,
    "f1-score": 0.8429752066115702,
    "support": 363
  },
  "macro_avg": {
    "precision": 0.8455391528761094,
    "recall": 0.8311255711255712,
    "f1-score": 0.8355381093217258,
    "support": 363.0
  },
  "accuracy": 0.8429752066115702,
  "inference_time_seconds": 0.07976508140563965,
  "energy_kwh": 8.323745793065745e-07,
  "num_test_samples": 363
}