{
  "per_class": {
    "Cyberstalking": {
      "precision": 0.7843137254901961,
      "recall": 0.7142857142857143,
      "f1-score": 0.7476635514018691,
      "support": 56.0
    },
    "Doxing": {
      "precision": 0.9791666666666666,
      "recall": 0.5949367088607594,
      "f1-score": 0.7401574803149606,
      "support": 79.0
    },
    "Revenge Porn": {
      "precision": 0.5643564356435643,
      "recall": 0.8142857142857143,
      "f1-score": 0.6666666666666666,
      "support": 70.0
    },
    "Sexual Harassment": {
      "precision": 0.8641975308641975,
      "recall": 0.8641975308641975,
      "f1-score": 0.8641975308641975,
      "support": 81.0
    },
    "Slut Shaming": {
      "precision": 0.8064516129032258,
      "recall": 0.8522727272727273,
      "f1-score": 0.8287292817679558,
      "support": 88.0
    }
  },
  "weighted_avg": {
    "precision": 0.8068139778733985,
    "recall": 0.7727272727272727,
    "f1-score": 0.7752311317797683,
    "support": 374.0
  },
  "micro_avg": {
    "precision": 0.7727272727272727,
    "recall": 0.7727272727272727,
    "f1-score": 0.7727272727272727,
    "support": 374
  },
  "macro_avg": {
    "precision": 0.79969719431357,
    "recall": 0.7679956791138226,
    "f1-score": 0.7694829022031299,
    "support": 374.0
  },
  "accuracy": 0.7727272727272727,
  "inference_time_seconds": 0.367509126663208,
  "energy_kwh": 1.420887773435162e-05,
  "num_test_samples": 374
}