{
  "per_class": {
    "Cyberstalking": {
      "precision": 0.6935483870967742,
      "recall": 0.7166666666666667,
      "f1-score": 0.7049180327868853,
      "support": 60.0
    },
    "Doxing": {
      "precision": 0.7865168539325843,
      "recall": 0.7954545454545454,
      "f1-score": 0.7909604519774012,
      "support": 88.0
    },
    "Revenge Porn": {
      "precision": 0.7222222222222222,
      "recall": 0.8552631578947368,
      "f1-score": 0.7831325301204819,
      "support": 76.0
    },
    "Sexual Harassment": {
      "precision": 0.8804347826086957,
      "recall": 0.8181818181818182,
      "f1-score": 0.8481675392670157,
      "support": 99.0
    },
    "Slut Shaming": {
      "precision": 0.9550561797752809,
      "recall": 0.8585858585858586,
      "f1-score": 0.9042553191489362,
      "support": 99.0
    }
  },
  "weighted_avg": {
    "precision": 0.8232911861061053,
    "recall": 0.8151658767772512,
    "f1-score": 0.817316438420759,
    "support": 422.0
  },
  "micro_avg": {
    "precision": 0.8151658767772512,
    "recall": 0.8151658767772512,
    "f1-score": 0.8151658767772512,
    "support": 422
  },
  "macro_avg": {
    "precision": 0.8075556851271115,
    "recall": 0.8088304093567252,
    "f1-score": 0.8062867746601441,
    "support": 422.0
  },
  "accuracy": 0.8151658767772512,
  "inference_time_seconds": 0.41932034492492676,
  "energy_kwh": 4.601205048089103e-05,
  "num_test_samples": 422
}