{
  "per_class": {
    "Cyberstalking": {
      "precision": 0.8837209302325582,
      "recall": 0.6666666666666666,
      "f1-score": 0.76,
      "support": 57.0
    },
    "Doxing": {
      "precision": 0.6120689655172413,
      "recall": 0.8987341772151899,
      "f1-score": 0.7282051282051282,
      "support": 79.0
    },
    "Revenge Porn": {
      "precision": 0.9047619047619048,
      "recall": 0.8028169014084507,
      "f1-score": 0.8507462686567164,
      "support": 71.0
    },
    "Sexual Harassment": {
      "precision": 0.9054054054054054,
      "recall": 0.8170731707317073,
      "f1-score": 0.8589743589743589,
      "support": 82.0
    },
    "Slut Shaming": {
      "precision": 0.926829268292683,
      "recall": 0.8539325842696629,
      "f1-score": 0.8888888888888888,
      "support": 89.0
    }
  },
  "weighted_avg": {
    "precision": 0.8457531340172093,
    "recall": 0.8174603174603174,
    "f1-score": 0.8222174570101601,
    "support": 378.0
  },
  "micro_avg": {
    "precision": 0.8174603174603174,
    "recall": 0.8174603174603174,
    "f1-score": 0.8174603174603174,
    "support": 378
  },
  "macro_avg": {
    "precision": 0.8465572948419584,
    "recall": 0.8078447000583354,
    "f1-score": 0.8173629289450185,
    "support": 378.0
  },
  "accuracy": 0.8174603174603174,
  "inference_time_seconds": 0.33596324920654297,
  "energy_kwh": 2.4086239929956734e-05,
  "num_test_samples": 378
}