{
  "per_class": {
    "age": {
      "precision": 0.98801261829653,
      "recall": 0.9799749687108886,
      "f1-score": 0.9839773798303487,
      "support": 1598.0
    },
    "ethnicity": {
      "precision": 0.9910771191841937,
      "recall": 0.9767587939698492,
      "f1-score": 0.9838658652325214,
      "support": 1592.0
    },
    "gender": {
      "precision": 0.8746928746928747,
      "recall": 0.8955974842767296,
      "f1-score": 0.8850217526413922,
      "support": 1590.0
    },
    "not_cyberbullying": {
      "precision": 0.727130570758405,
      "recall": 0.5860113421550095,
      "f1-score": 0.6489881367759944,
      "support": 1587.0
    },
    "other_cyberbullying": {
      "precision": 0.6688382193268186,
      "recall": 0.787220447284345,
      "f1-score": 0.7232169063692399,
      "support": 1565.0
    },
    "religion": {
      "precision": 0.9551872314303254,
      "recall": 0.9725,
      "f1-score": 0.963765871786931,
      "support": 1600.0
    }
  },
  "weighted_avg": {
    "precision": 0.8682740461465949,
    "recall": 0.8668694922366764,
    "f1-score": 0.8654740792603165,
    "support": 9532.0
  },
  "micro_avg": {
    "precision": 0.8668694922366764,
    "recall": 0.8668694922366764,
    "f1-score": 0.8668694922366764,
    "support": 9532
  },
  "macro_avg": {
    "precision": 0.8674897722815246,
    "recall": 0.8663438393994704,
    "f1-score": 0.8648059854394047,
    "support": 9532.0
  },
  "accuracy": 0.8668694922366764,
  "inference_time_seconds": 4.988172292709351,
  "energy_kwh": 0.0002818359208285356,
  "num_test_samples": 9532
}