{
  "per_class": {
    "emotion": {
      "precision": 0.8262108262108262,
      "recall": 0.8648111332007953,
      "f1-score": 0.8450704225352113,
      "support": 1006.0
    },
    "hate": {
      "precision": 0.9419878296146045,
      "recall": 0.9166995657323332,
      "f1-score": 0.929171668667467,
      "support": 2533.0
    },
    "offensive": {
      "precision": 0.9186211798152096,
      "recall": 0.9205840455840456,
      "f1-score": 0.9196015652792601,
      "support": 2808.0
    },
    "religion": {
      "precision": 0.9932885906040269,
      "recall": 0.9990356798457087,
      "f1-score": 0.9961538461538462,
      "support": 2074.0
    },
    "spiritual": {
      "precision": 0.9965397923875432,
      "recall": 0.9982668977469671,
      "f1-score": 0.9974025974025974,
      "support": 1731.0
    }
  },
  "weighted_avg": {
    "precision": 0.9438339690739345,
    "recall": 0.943360914105595,
    "f1-score": 0.9435087519834764,
    "support": 10152.0
  },
  "micro_avg": {
    "precision": 0.943360914105595,
    "recall": 0.943360914105595,
    "f1-score": 0.943360914105595,
    "support": 10152
  },
  "macro_avg": {
    "precision": 0.935329643726442,
    "recall": 0.93987946442197,
    "f1-score": 0.9374800200076765,
    "support": 10152.0
  },
  "accuracy": 0.943360914105595,
  "inference_time_seconds": 1.7814569473266602,
  "energy_kwh": 0.00010392440940628195,
  "num_test_samples": 10152
}