{
  "per_class": {
    "age": {
      "precision": 0.9879441624365483,
      "recall": 0.9879441624365483,
      "f1-score": 0.9879441624365483,
      "support": 1576.0
    },
    "ethnicity": {
      "precision": 0.995225102319236,
      "recall": 0.9785378940308518,
      "f1-score": 0.9868109570510653,
      "support": 1491.0
    },
    "gender": {
      "precision": 0.904635761589404,
      "recall": 0.9155495978552279,
      "f1-score": 0.9100599600266489,
      "support": 1492.0
    },
    "other_cyberbullying": {
      "precision": 0.869701726844584,
      "recall": 0.8786677240285488,
      "f1-score": 0.8741617357001973,
      "support": 1261.0
    },
    "religion": {
      "precision": 0.9854889589905362,
      "recall": 0.9817724701445631,
      "f1-score": 0.9836272040302267,
      "support": 1591.0
    }
  },
  "weighted_avg": {
    "precision": 0.9519908237962941,
    "recall": 0.9515584941303468,
    "f1-score": 0.9517492143641799,
    "support": 7411.0
  },
  "micro_avg": {
    "precision": 0.9515584941303468,
    "recall": 0.9515584941303468,
    "f1-score": 0.9515584941303468,
    "support": 7411
  },
  "macro_avg": {
    "precision": 0.9485991424360616,
    "recall": 0.9484943696991479,
    "f1-score": 0.9485208038489372,
    "support": 7411.0
  },
  "accuracy": 0.9515584941303468,
  "inference_time_seconds": 5.435913801193237,
  "energy_kwh": 0.00036023709171762586,
  "num_test_samples": 7411
}