{
  "per_class": {
    "age": {
      "precision": 0.9889178617992177,
      "recall": 0.9705694177863083,
      "f1-score": 0.9796577332902809,
      "support": 1563.0
    },
    "ethnicity": {
      "precision": 0.9871621621621621,
      "recall": 0.9858299595141701,
      "f1-score": 0.986495611073599,
      "support": 1482.0
    },
    "gender": {
      "precision": 0.8977194194885971,
      "recall": 0.8921703296703297,
      "f1-score": 0.8949362728212195,
      "support": 1456.0
    },
    "not_cyberbullying": {
      "precision": 0.6471074380165289,
      "recall": 0.6460396039603961,
      "f1-score": 0.6465730800990916,
      "support": 1212.0
    },
    "other_cyberbullying": {
      "precision": 0.6369930761622157,
      "recall": 0.6558044806517311,
      "f1-score": 0.6462619167084797,
      "support": 982.0
    },
    "religion": {
      "precision": 0.9592986850344396,
      "recall": 0.9671717171717171,
      "f1-score": 0.963219113486325,
      "support": 1584.0
    }
  },
  "weighted_avg": {
    "precision": 0.8751157084012295,
    "recall": 0.8740186012803479,
    "f1-score": 0.8745299670276173,
    "support": 8279.0
  },
  "micro_avg": {
    "precision": 0.8740186012803479,
    "recall": 0.8740186012803479,
    "f1-score": 0.8740186012803479,
    "support": 8279
  },
  "macro_avg": {
    "precision": 0.8528664404438602,
    "recall": 0.8529309181257753,
    "f1-score": 0.852857287913166,
    "support": 8279.0
  },
  "accuracy": 0.8740186012803479,
  "inference_time_seconds": 3.4650089740753174,
  "energy_kwh": 0.0001983441219731742,
  "num_test_samples": 8279
}