{
  "per_class": {
    "age": {
      "precision": 0.9811794228356336,
      "recall": 0.9917564996829423,
      "f1-score": 0.9864396089561652,
      "support": 1577.0
    },
    "ethnicity": {
      "precision": 0.9905723905723905,
      "recall": 0.9826319305277221,
      "f1-score": 0.9865861837692823,
      "support": 1497.0
    },
    "gender": {
      "precision": 0.926962457337884,
      "recall": 0.9107981220657277,
      "f1-score": 0.918809201623816,
      "support": 1491.0
    },
    "other_cyberbullying": {
      "precision": 0.8698363211223694,
      "recall": 0.8829113924050633,
      "f1-score": 0.8763250883392226,
      "support": 1264.0
    },
    "religion": {
      "precision": 0.9811794228356336,
      "recall": 0.9824120603015075,
      "f1-score": 0.9817953546767106,
      "support": 1592.0
    }
  },
  "weighted_avg": {
    "precision": 0.9532163580976217,
    "recall": 0.9531060503975205,
    "f1-score": 0.9531292839716613,
    "support": 7421.0
  },
  "micro_avg": {
    "precision": 0.9531060503975205,
    "recall": 0.9531060503975205,
    "f1-score": 0.9531060503975205,
    "support": 7421
  },
  "macro_avg": {
    "precision": 0.9499460029407822,
    "recall": 0.9501020009965927,
    "f1-score": 0.9499910874730393,
    "support": 7421.0
  },
  "accuracy": 0.9531060503975205,
  "inference_time_seconds": 5.4620280265808105,
  "energy_kwh": 0.0003607875468625556,
  "num_test_samples": 7421
}