{
  "per_class": {
    "Cyberstalking": {
      "precision": 0.7,
      "recall": 0.7,
      "f1-score": 0.7,
      "support": 60.0
    },
    "Doxing": {
      "precision": 0.6363636363636364,
      "recall": 0.7159090909090909,
      "f1-score": 0.6737967914438503,
      "support": 88.0
    },
    "Revenge Porn": {
      "precision": 0.7837837837837838,
      "recall": 0.7631578947368421,
      "f1-score": 0.7733333333333333,
      "support": 76.0
    },
    "Sexual Harassment": {
      "precision": 0.8901098901098901,
      "recall": 0.8181818181818182,
      "f1-score": 0.8526315789473684,
      "support": 99.0
    },
    "Slut Shaming": {
      "precision": 0.8469387755102041,
      "recall": 0.8383838383838383,
      "f1-score": 0.8426395939086294,
      "support": 99.0
    }
  },
  "weighted_avg": {
    "precision": 0.780889539014116,
    "recall": 0.7748815165876777,
    "f1-score": 0.7770125523534027,
    "support": 422.0
  },
  "micro_avg": {
    "precision": 0.7748815165876777,
    "recall": 0.7748815165876777,
    "f1-score": 0.7748815165876777,
    "support": 422
  },
  "macro_avg": {
    "precision": 0.7714392171535029,
    "recall": 0.7671265284423179,
    "f1-score": 0.7684802595266362,
    "support": 422.0
  },
  "accuracy": 0.7748815165876777,
  "inference_time_seconds": 0.3964195251464844,
  "energy_kwh": 1.636089810714256e-05,
  "num_test_samples": 422
}