{
  "per_class": {
    "age": {
      "precision": 0.9873417721518988,
      "recall": 0.9885931558935361,
      "f1-score": 0.9879670677644079,
      "support": 1578.0
    },
    "ethnicity": {
      "precision": 0.986468200270636,
      "recall": 0.9759036144578314,
      "f1-score": 0.9811574697173621,
      "support": 1494.0
    },
    "gender": {
      "precision": 0.9232895646164478,
      "recall": 0.9008766014834795,
      "f1-score": 0.9119453924914676,
      "support": 1483.0
    },
    "other_cyberbullying": {
      "precision": 0.8556231003039514,
      "recall": 0.8943606036536934,
      "f1-score": 0.8745631067961165,
      "support": 1259.0
    },
    "religion": {
      "precision": 0.9823008849557522,
      "recall": 0.9779735682819384,
      "f1-score": 0.9801324503311258,
      "support": 1589.0
    }
  },
  "weighted_avg": {
    "precision": 0.9508513874731304,
    "recall": 0.9501553424287451,
    "f1-score": 0.9503960184772783,
    "support": 7403.0
  },
  "micro_avg": {
    "precision": 0.9501553424287451,
    "recall": 0.9501553424287451,
    "f1-score": 0.9501553424287451,
    "support": 7403
  },
  "macro_avg": {
    "precision": 0.9470047044597372,
    "recall": 0.9475415087540959,
    "f1-score": 0.9471530974200959,
    "support": 7403.0
  },
  "accuracy": 0.9501553424287451,
  "inference_time_seconds": 7.108861923217773,
  "energy_kwh": 0.0003907736905883238,
  "num_test_samples": 7403
}