{
  "per_class": {
    "emotion": {
      "precision": 0.906026557711951,
      "recall": 0.8817097415506958,
      "f1-score": 0.8937027707808565,
      "support": 1006.0
    },
    "hate": {
      "precision": 0.9606454151908698,
      "recall": 0.9636794315041453,
      "f1-score": 0.9621600315333071,
      "support": 2533.0
    },
    "offensive": {
      "precision": 0.9574920297555791,
      "recall": 0.9626068376068376,
      "f1-score": 0.960042621204049,
      "support": 2808.0
    },
    "religion": {
      "precision": 0.9971153846153846,
      "recall": 1.0,
      "f1-score": 0.9985556090515166,
      "support": 2074.0
    },
    "spiritual": {
      "precision": 0.9994216310005783,
      "recall": 0.9982668977469671,
      "f1-score": 0.9988439306358381,
      "support": 1731.0
    }
  },
  "weighted_avg": {
    "precision": 0.9684231012849361,
    "recall": 0.9685776201733649,
    "f1-score": 0.968481009133556,
    "support": 10152.0
  },
  "micro_avg": {
    "precision": 0.9685776201733649,
    "recall": 0.9685776201733649,
    "f1-score": 0.9685776201733649,
    "support": 10152
  },
  "macro_avg": {
    "precision": 0.9641402036548726,
    "recall": 0.9612525816817292,
    "f1-score": 0.9626609926411135,
    "support": 10152.0
  },
  "accuracy": 0.9685776201733649,
  "inference_time_seconds": 1.9592342376708984,
  "energy_kwh": 0.00011953142795919279,
  "num_test_samples": 10152
}