{
  "per_class": {
    "emotion": {
      "precision": 0.8434873949579832,
      "recall": 0.8579059829059829,
      "f1-score": 0.850635593220339,
      "support": 936.0
    },
    "hate": {
      "precision": 0.9398682042833608,
      "recall": 0.9441456350848159,
      "f1-score": 0.9420020639834882,
      "support": 2417.0
    },
    "offensive": {
      "precision": 0.9153416415986249,
      "recall": 0.9021601016518425,
      "f1-score": 0.908703071672355,
      "support": 2361.0
    },
    "religion": {
      "precision": 0.9951219512195122,
      "recall": 0.9995100440960314,
      "f1-score": 0.9973111708628697,
      "support": 2041.0
    },
    "spiritual": {
      "precision": 1.0,
      "recall": 0.9988331388564761,
      "f1-score": 0.9994162288382954,
      "support": 1714.0
    }
  },
  "weighted_avg": {
    "precision": 0.9470198721815327,
    "recall": 0.9469848980884993,
    "f1-score": 0.9469820859732511,
    "support": 9469.0
  },
  "micro_avg": {
    "precision": 0.9469848980884993,
    "recall": 0.9469848980884993,
    "f1-score": 0.9469848980884993,
    "support": 9469
  },
  "macro_avg": {
    "precision": 0.9387638384118961,
    "recall": 0.9405109805190296,
    "f1-score": 0.9396136257154695,
    "support": 9469.0
  },
  "accuracy": 0.9469848980884993,
  "inference_time_seconds": 7.303369760513306,
  "energy_kwh": 0.0004892837169704615,
  "num_test_samples": 9469
}