{
  "per_class": {
    "Cyberstalking": {
      "precision": 0.7049180327868853,
      "recall": 0.7166666666666667,
      "f1-score": 0.7107438016528925,
      "support": 60.0
    },
    "Doxing": {
      "precision": 0.85,
      "recall": 0.7727272727272727,
      "f1-score": 0.8095238095238095,
      "support": 88.0
    },
    "Revenge Porn": {
      "precision": 0.8955223880597015,
      "recall": 0.7894736842105263,
      "f1-score": 0.8391608391608392,
      "support": 76.0
    },
    "Sexual Harassment": {
      "precision": 0.7981651376146789,
      "recall": 0.8787878787878788,
      "f1-score": 0.8365384615384616,
      "support": 99.0
    },
    "Slut Shaming": {
      "precision": 0.8476190476190476,
      "recall": 0.898989898989899,
      "f1-score": 0.8725490196078431,
      "support": 99.0
    }
  },
  "weighted_avg": {
    "precision": 0.8248517009428659,
    "recall": 0.8222748815165877,
    "f1-score": 0.8219398287843049,
    "support": 422.0
  },
  "micro_avg": {
    "precision": 0.8222748815165877,
    "recall": 0.8222748815165877,
    "f1-score": 0.8222748815165877,
    "support": 422
  },
  "macro_avg": {
    "precision": 0.8192449212160626,
    "recall": 0.8113290802764487,
    "f1-score": 0.8137031862967692,
    "support": 422.0
  },
  "accuracy": 0.8222748815165877,
  "inference_time_seconds": 0.07380056381225586,
  "energy_kwh": 2.0102083662543007e-05,
  "num_test_samples": 422
}