{
  "per_class": {
    "Cyberstalking": {
      "precision": 0.6164383561643836,
      "recall": 0.75,
      "f1-score": 0.6766917293233082,
      "support": 60.0
    },
    "Doxing": {
      "precision": 0.84,
      "recall": 0.7159090909090909,
      "f1-score": 0.7730061349693251,
      "support": 88.0
    },
    "Revenge Porn": {
      "precision": 0.6138613861386139,
      "recall": 0.8157894736842105,
      "f1-score": 0.7005649717514124,
      "support": 76.0
    },
    "Sexual Harassment": {
      "precision": 0.8804347826086957,
      "recall": 0.8181818181818182,
      "f1-score": 0.8481675392670157,
      "support": 99.0
    },
    "Slut Shaming": {
      "precision": 0.9753086419753086,
      "recall": 0.797979797979798,
      "f1-score": 0.8777777777777778,
      "support": 99.0
    }
  },
  "weighted_avg": {
    "precision": 0.808716506517095,
    "recall": 0.7819905213270142,
    "f1-score": 0.7884776489982015,
    "support": 422.0
  },
  "micro_avg": {
    "precision": 0.7819905213270142,
    "recall": 0.7819905213270142,
    "f1-score": 0.7819905213270142,
    "support": 422
  },
  "macro_avg": {
    "precision": 0.7852086333774004,
    "recall": 0.7795720361509836,
    "f1-score": 0.7752416306177679,
    "support": 422.0
  },
  "accuracy": 0.7819905213270142,
  "inference_time_seconds": 0.5163319110870361,
  "energy_kwh": 5.906151671671818e-05,
  "num_test_samples": 422
}