{
  "per_class": {
    "Cyberstalking": {
      "precision": 0.6388888888888888,
      "recall": 0.8070175438596491,
      "f1-score": 0.7131782945736435,
      "support": 57.0
    },
    "Doxing": {
      "precision": 0.9473684210526315,
      "recall": 0.6835443037974683,
      "f1-score": 0.7941176470588235,
      "support": 79.0
    },
    "Revenge Porn": {
      "precision": 0.6770833333333334,
      "recall": 0.9154929577464789,
      "f1-score": 0.7784431137724551,
      "support": 71.0
    },
    "Sexual Harassment": {
      "precision": 0.8554216867469879,
      "recall": 0.8658536585365854,
      "f1-score": 0.8606060606060606,
      "support": 82.0
    },
    "Slut Shaming": {
      "precision": 1.0,
      "recall": 0.7816091954022989,
      "f1-score": 0.8774193548387097,
      "support": 87.0
    }
  },
  "weighted_avg": {
    "precision": 0.8416921992280433,
    "recall": 0.8085106382978723,
    "f1-score": 0.8126624968799302,
    "support": 376.0
  },
  "micro_avg": {
    "precision": 0.8085106382978723,
    "recall": 0.8085106382978723,
    "f1-score": 0.8085106382978723,
    "support": 376
  },
  "macro_avg": {
    "precision": 0.8237524660043682,
    "recall": 0.8107035318684961,
    "f1-score": 0.8047528941699383,
    "support": 376.0
  },
  "accuracy": 0.8085106382978723,
  "inference_time_seconds": 0.09620881080627441,
  "energy_kwh": 1.1400023875147013e-05,
  "num_test_samples": 376
}