{
  "per_class": {
    "Cyberstalking": {
      "precision": 0.7818181818181819,
      "recall": 0.7166666666666667,
      "f1-score": 0.7478260869565218,
      "support": 60.0
    },
    "Doxing": {
      "precision": 0.7692307692307693,
      "recall": 0.7954545454545454,
      "f1-score": 0.7821229050279329,
      "support": 88.0
    },
    "Revenge Porn": {
      "precision": 0.7093023255813954,
      "recall": 0.8026315789473685,
      "f1-score": 0.7530864197530864,
      "support": 76.0
    },
    "Sexual Harassment": {
      "precision": 0.8571428571428571,
      "recall": 0.8484848484848485,
      "f1-score": 0.8527918781725888,
      "support": 99.0
    },
    "Slut Shaming": {
      "precision": 0.9239130434782609,
      "recall": 0.8585858585858586,
      "f1-score": 0.8900523560209425,
      "support": 99.0
    }
  },
  "weighted_avg": {
    "precision": 0.8171395959883302,
    "recall": 0.8127962085308057,
    "f1-score": 0.8139159430005772,
    "support": 422.0
  },
  "micro_avg": {
    "precision": 0.8127962085308057,
    "recall": 0.8127962085308057,
    "f1-score": 0.8127962085308057,
    "support": 422
  },
  "macro_avg": {
    "precision": 0.808281435450293,
    "recall": 0.8043646996278575,
    "f1-score": 0.8051759291862144,
    "support": 422.0
  },
  "accuracy": 0.8127962085308057,
  "inference_time_seconds": 0.18121671676635742,
  "energy_kwh": 5.376161062853505e-06,
  "num_test_samples": 422
}