{
  "per_class": {
    "age": {
      "precision": 0.9830614805520702,
      "recall": 0.9806007509386734,
      "f1-score": 0.981829573934837,
      "support": 1598.0
    },
    "ethnicity": {
      "precision": 0.9848389134554643,
      "recall": 0.9792713567839196,
      "f1-score": 0.9820472440944882,
      "support": 1592.0
    },
    "gender": {
      "precision": 0.8953560371517028,
      "recall": 0.909433962264151,
      "f1-score": 0.9023400936037441,
      "support": 1590.0
    },
    "not_cyberbullying": {
      "precision": 0.7070200573065902,
      "recall": 0.6219281663516069,
      "f1-score": 0.6617499161917533,
      "support": 1587.0
    },
    "other_cyberbullying": {
      "precision": 0.68800461361015,
      "recall": 0.7623003194888179,
      "f1-score": 0.723249469536223,
      "support": 1565.0
    },
    "religion": {
      "precision": 0.9571428571428572,
      "recall": 0.963125,
      "f1-score": 0.9601246105919004,
      "support": 1600.0
    }
  },
  "weighted_avg": {
    "precision": 0.8699757152631693,
    "recall": 0.8700167855644146,
    "f1-score": 0.8692179536659452,
    "support": 9532.0
  },
  "micro_avg": {
    "precision": 0.8700167855644146,
    "recall": 0.8700167855644146,
    "f1-score": 0.8700167855644146,
    "support": 9532
  },
  "macro_avg": {
    "precision": 0.8692373265364725,
    "recall": 0.869443259304528,
    "f1-score": 0.8685568179921576,
    "support": 9532.0
  },
  "accuracy": 0.8700167855644146,
  "inference_time_seconds": 7.469459295272827,
  "energy_kwh": 0.0004401342521086791,
  "num_test_samples": 9532
}