{
  "per_class": {
    "age": {
      "precision": 0.9844623990055935,
      "recall": 0.99,
      "f1-score": 0.9872234340916173,
      "support": 1600.0
    },
    "ethnicity": {
      "precision": 0.9880503144654088,
      "recall": 0.981875,
      "f1-score": 0.9849529780564263,
      "support": 1600.0
    },
    "gender": {
      "precision": 0.9212752114508783,
      "recall": 0.8844472204871955,
      "f1-score": 0.9024856596558317,
      "support": 1601.0
    },
    "other_cyberbullying": {
      "precision": 0.8696172248803827,
      "recall": 0.9081823860087446,
      "f1-score": 0.8884815154292698,
      "support": 1601.0
    },
    "religion": {
      "precision": 0.986198243412798,
      "recall": 0.9825,
      "f1-score": 0.9843456480901691,
      "support": 1600.0
    }
  },
  "weighted_avg": {
    "precision": 0.9499070634316957,
    "recall": 0.9493876530867283,
    "f1-score": 0.94948434687483,
    "support": 8002.0
  },
  "micro_avg": {
    "precision": 0.9493876530867283,
    "recall": 0.9493876530867283,
    "f1-score": 0.9493876530867283,
    "support": 8002
  },
  "macro_avg": {
    "precision": 0.9499206786430122,
    "recall": 0.9494009212991881,
    "f1-score": 0.9494978470646629,
    "support": 8002.0
  },
  "accuracy": 0.9493876530867283,
  "inference_time_seconds": 4.904699325561523,
  "energy_kwh": 0.0002879429406230495,
  "num_test_samples": 8002
}