{
  "per_class": {
    "Cyberstalking": {
      "precision": 0.8297872340425532,
      "recall": 0.75,
      "f1-score": 0.7878787878787878,
      "support": 52.0
    },
    "Doxing": {
      "precision": 0.859375,
      "recall": 0.7432432432432432,
      "f1-score": 0.7971014492753623,
      "support": 74.0
    },
    "Revenge Porn": {
      "precision": 0.8923076923076924,
      "recall": 0.8285714285714286,
      "f1-score": 0.8592592592592593,
      "support": 70.0
    },
    "Sexual Harassment": {
      "precision": 0.7473684210526316,
      "recall": 0.9102564102564102,
      "f1-score": 0.8208092485549133,
      "support": 78.0
    },
    "Slut Shaming": {
      "precision": 0.8602150537634409,
      "recall": 0.8888888888888888,
      "f1-score": 0.8743169398907104,
      "support": 90.0
    }
  },
  "weighted_avg": {
    "precision": 0.8376876821773795,
    "recall": 0.8324175824175825,
    "f1-score": 0.8319093361034865,
    "support": 364.0
  },
  "micro_avg": {
    "precision": 0.8324175824175825,
    "recall": 0.8324175824175825,
    "f1-score": 0.8324175824175825,
    "support": 364
  },
  "macro_avg": {
    "precision": 0.8378106802332637,
    "recall": 0.8241919941919942,
    "f1-score": 0.8278731369718066,
    "support": 364.0
  },
  "accuracy": 0.8324175824175825,
  "inference_time_seconds": 0.4440128803253174,
  "energy_kwh": 2.868210500594213e-05,
  "num_test_samples": 364
}