{
  "per_class": {
    "emotion": {
      "precision": 0.8741092636579573,
      "recall": 0.7838125665601704,
      "f1-score": 0.8265019651880966,
      "support": 939.0
    },
    "hate": {
      "precision": 0.9462915601023018,
      "recall": 0.9215442092154421,
      "f1-score": 0.9337539432176656,
      "support": 2409.0
    },
    "offensive": {
      "precision": 0.8714171974522293,
      "recall": 0.9275423728813559,
      "f1-score": 0.8986042692939245,
      "support": 2360.0
    },
    "religion": {
      "precision": 0.9936554416788678,
      "recall": 0.9990186457311089,
      "f1-score": 0.9963298262784438,
      "support": 2038.0
    },
    "spiritual": {
      "precision": 1.0,
      "recall": 0.9982486865148862,
      "f1-score": 0.9991235758106923,
      "support": 1713.0
    }
  },
  "weighted_avg": {
    "precision": 0.9403762916788309,
    "recall": 0.9399513690664976,
    "f1-score": 0.93965784346927,
    "support": 9459.0
  },
  "micro_avg": {
    "precision": 0.9399513690664976,
    "recall": 0.9399513690664976,
    "f1-score": 0.9399513690664976,
    "support": 9459
  },
  "macro_avg": {
    "precision": 0.937094692578271,
    "recall": 0.9260332961805927,
    "f1-score": 0.9308627159577645,
    "support": 9459.0
  },
  "accuracy": 0.9399513690664976,
  "inference_time_seconds": 8.423224925994873,
  "energy_kwh": 0.00041981154031584775,
  "num_test_samples": 9459
}