{
  "per_class": {
    "Cyberstalking": {
      "precision": 0.6944444444444444,
      "recall": 0.8333333333333334,
      "f1-score": 0.7575757575757576,
      "support": 60.0
    },
    "Doxing": {
      "precision": 0.96875,
      "recall": 0.7045454545454546,
      "f1-score": 0.8157894736842105,
      "support": 88.0
    },
    "Revenge Porn": {
      "precision": 0.7721518987341772,
      "recall": 0.8026315789473685,
      "f1-score": 0.7870967741935484,
      "support": 76.0
    },
    "Sexual Harassment": {
      "precision": 0.8108108108108109,
      "recall": 0.9090909090909091,
      "f1-score": 0.8571428571428571,
      "support": 99.0
    },
    "Slut Shaming": {
      "precision": 0.9375,
      "recall": 0.9090909090909091,
      "f1-score": 0.9230769230769231,
      "support": 99.0
    }
  },
  "weighted_avg": {
    "precision": 0.8499596711865745,
    "recall": 0.8364928909952607,
    "f1-score": 0.837215953126123,
    "support": 422.0
  },
  "micro_avg": {
    "precision": 0.8364928909952607,
    "recall": 0.8364928909952607,
    "f1-score": 0.8364928909952607,
    "support": 422
  },
  "macro_avg": {
    "precision": 0.8367314307978866,
    "recall": 0.8317384370015949,
    "f1-score": 0.8281363571346594,
    "support": 422.0
  },
  "accuracy": 0.8364928909952607,
  "inference_time_seconds": 0.32660794258117676,
  "energy_kwh": 1.6948367960788813e-05,
  "num_test_samples": 422
}