{
  "per_class": {
    "Cyberstalking": {
      "precision": 0.7704918032786885,
      "recall": 0.7833333333333333,
      "f1-score": 0.7768595041322314,
      "support": 60.0
    },
    "Doxing": {
      "precision": 0.788235294117647,
      "recall": 0.7613636363636364,
      "f1-score": 0.7745664739884393,
      "support": 88.0
    },
    "Revenge Porn": {
      "precision": 0.7530864197530864,
      "recall": 0.8026315789473685,
      "f1-score": 0.7770700636942676,
      "support": 76.0
    },
    "Sexual Harassment": {
      "precision": 0.8829787234042553,
      "recall": 0.8383838383838383,
      "f1-score": 0.8601036269430051,
      "support": 99.0
    },
    "Slut Shaming": {
      "precision": 0.9207920792079208,
      "recall": 0.9393939393939394,
      "f1-score": 0.93,
      "support": 99.0
    }
  },
  "weighted_avg": {
    "precision": 0.8327063778173323,
    "recall": 0.8317535545023697,
    "f1-score": 0.8318744167465365,
    "support": 422.0
  },
  "micro_avg": {
    "precision": 0.8317535545023697,
    "recall": 0.8317535545023697,
    "f1-score": 0.8317535545023697,
    "support": 422
  },
  "macro_avg": {
    "precision": 0.8231168639523195,
    "recall": 0.8250212652844231,
    "f1-score": 0.8237199337515888,
    "support": 422.0
  },
  "accuracy": 0.8317535545023697,
  "inference_time_seconds": 0.3157954216003418,
  "energy_kwh": 1.7759074023699914e-05,
  "num_test_samples": 422
}