{
  "per_class": {
    "Cyberstalking": {
      "precision": 0.7894736842105263,
      "recall": 0.7894736842105263,
      "f1-score": 0.7894736842105263,
      "support": 57.0
    },
    "Doxing": {
      "precision": 0.8714285714285714,
      "recall": 0.7721518987341772,
      "f1-score": 0.8187919463087249,
      "support": 79.0
    },
    "Revenge Porn": {
      "precision": 0.8181818181818182,
      "recall": 0.8873239436619719,
      "f1-score": 0.8513513513513513,
      "support": 71.0
    },
    "Sexual Harassment": {
      "precision": 0.8275862068965517,
      "recall": 0.8780487804878049,
      "f1-score": 0.8520710059171598,
      "support": 82.0
    },
    "Slut Shaming": {
      "precision": 0.8953488372093024,
      "recall": 0.875,
      "f1-score": 0.8850574712643678,
      "support": 88.0
    }
  },
  "weighted_avg": {
    "precision": 0.8450571163758676,
    "recall": 0.843501326259947,
    "f1-score": 0.8431973200551901,
    "support": 377.0
  },
  "micro_avg": {
    "precision": 0.843501326259947,
    "recall": 0.843501326259947,
    "f1-score": 0.843501326259947,
    "support": 377
  },
  "macro_avg": {
    "precision": 0.8404038235853539,
    "recall": 0.840399661418896,
    "f1-score": 0.839349091810426,
    "support": 377.0
  },
  "accuracy": 0.843501326259947,
  "inference_time_seconds": 0.09665942192077637,
  "energy_kwh": 1.1318693845254176e-05,
  "num_test_samples": 377
}