{
  "per_class": {
    "age": {
      "precision": 0.9887850467289719,
      "recall": 0.991875,
      "f1-score": 0.9903276131045242,
      "support": 1600.0
    },
    "ethnicity": {
      "precision": 0.9942893401015228,
      "recall": 0.979375,
      "f1-score": 0.9867758186397985,
      "support": 1600.0
    },
    "gender": {
      "precision": 0.9194187582562747,
      "recall": 0.8694565896314803,
      "f1-score": 0.8937399678972713,
      "support": 1601.0
    },
    "other_cyberbullying": {
      "precision": 0.8507549361207898,
      "recall": 0.915053091817614,
      "f1-score": 0.881733373457719,
      "support": 1601.0
    },
    "religion": {
      "precision": 0.9917981072555205,
      "recall": 0.9825,
      "f1-score": 0.98712715855573,
      "support": 1600.0
    }
  },
  "weighted_avg": {
    "precision": 0.9489932610891407,
    "recall": 0.9476380904773807,
    "f1-score": 0.947925739063912,
    "support": 8002.0
  },
  "micro_avg": {
    "precision": 0.9476380904773807,
    "recall": 0.9476380904773807,
    "f1-score": 0.9476380904773807,
    "support": 8002
  },
  "macro_avg": {
    "precision": 0.9490092376926158,
    "recall": 0.9476519362898189,
    "f1-score": 0.9479407863310086,
    "support": 8002.0
  },
  "accuracy": 0.9476380904773807,
  "inference_time_seconds": 2.611727237701416,
  "energy_kwh": 0.00017101117925406588,
  "num_test_samples": 8002
}