{
  "per_class": {
    "Cyberstalking": {
      "precision": 0.8809523809523809,
      "recall": 0.7115384615384616,
      "f1-score": 0.7872340425531915,
      "support": 52.0
    },
    "Doxing": {
      "precision": 0.8513513513513513,
      "recall": 0.8513513513513513,
      "f1-score": 0.8513513513513513,
      "support": 74.0
    },
    "Revenge Porn": {
      "precision": 0.8636363636363636,
      "recall": 0.8142857142857143,
      "f1-score": 0.8382352941176471,
      "support": 70.0
    },
    "Sexual Harassment": {
      "precision": 0.7555555555555555,
      "recall": 0.8831168831168831,
      "f1-score": 0.8143712574850299,
      "support": 77.0
    },
    "Slut Shaming": {
      "precision": 0.9120879120879121,
      "recall": 0.9222222222222223,
      "f1-score": 0.9171270718232044,
      "support": 90.0
    }
  },
  "weighted_avg": {
    "precision": 0.8526990609635237,
    "recall": 0.8484848484848485,
    "f1-score": 0.8481010030067133,
    "support": 363.0
  },
  "micro_avg": {
    "precision": 0.8484848484848485,
    "recall": 0.8484848484848485,
    "f1-score": 0.8484848484848485,
    "support": 363
  },
  "macro_avg": {
    "precision": 0.8527167127167127,
    "recall": 0.8365029265029266,
    "f1-score": 0.8416638034660847,
    "support": 363.0
  },
  "accuracy": 0.8484848484848485,
  "inference_time_seconds": 0.27506303787231445,
  "energy_kwh": 1.386935355262081e-05,
  "num_test_samples": 363
}