{
  "per_class": {
    "age": {
      "precision": 0.9880352644836272,
      "recall": 0.9818523153942428,
      "f1-score": 0.9849340866290018,
      "support": 1598.0
    },
    "ethnicity": {
      "precision": 0.9923518164435946,
      "recall": 0.9780150753768844,
      "f1-score": 0.9851312875672256,
      "support": 1592.0
    },
    "gender": {
      "precision": 0.8838789376158123,
      "recall": 0.9,
      "f1-score": 0.8918666251168589,
      "support": 1590.0
    },
    "not_cyberbullying": {
      "precision": 0.6509546539379475,
      "recall": 0.6874606175173283,
      "f1-score": 0.6687097762794973,
      "support": 1587.0
    },
    "other_cyberbullying": {
      "precision": 0.7166101694915255,
      "recall": 0.6753993610223642,
      "f1-score": 0.6953947368421053,
      "support": 1565.0
    },
    "religion": {
      "precision": 0.9595015576323987,
      "recall": 0.9625,
      "f1-score": 0.9609984399375975,
      "support": 1600.0
    }
  },
  "weighted_avg": {
    "precision": 0.8659079310215884,
    "recall": 0.8649811162400336,
    "f1-score": 0.8652385959074261,
    "support": 9532.0
  },
  "micro_avg": {
    "precision": 0.8649811162400336,
    "recall": 0.8649811162400336,
    "f1-score": 0.8649811162400336,
    "support": 9532
  },
  "macro_avg": {
    "precision": 0.8652220666008175,
    "recall": 0.8642045615518034,
    "f1-score": 0.8645058253953811,
    "support": 9532.0
  },
  "accuracy": 0.8649811162400336,
  "inference_time_seconds": 1.845719337463379,
  "energy_kwh": 0.00010894103404443548,
  "num_test_samples": 9532
}