{
  "per_class": {
    "age": {
      "precision": 0.9886075949367089,
      "recall": 0.9917460317460317,
      "f1-score": 0.9901743264659271,
      "support": 1575.0
    },
    "ethnicity": {
      "precision": 0.9872654155495979,
      "recall": 0.9833110814419226,
      "f1-score": 0.9852842809364548,
      "support": 1498.0
    },
    "gender": {
      "precision": 0.9192462987886945,
      "recall": 0.918010752688172,
      "f1-score": 0.9186281102891728,
      "support": 1488.0
    },
    "other_cyberbullying": {
      "precision": 0.8778565799842396,
      "recall": 0.8862370723945903,
      "f1-score": 0.8820269200316706,
      "support": 1257.0
    },
    "religion": {
      "precision": 0.9886075949367089,
      "recall": 0.9830081812460667,
      "f1-score": 0.9857999368886083,
      "support": 1589.0
    }
  },
  "weighted_avg": {
    "precision": 0.9556071603227774,
    "recall": 0.9554475496152288,
    "f1-score": 0.955520856397022,
    "support": 7407.0
  },
  "micro_avg": {
    "precision": 0.9554475496152288,
    "recall": 0.9554475496152288,
    "f1-score": 0.9554475496152288,
    "support": 7407
  },
  "macro_avg": {
    "precision": 0.95231669683919,
    "recall": 0.9524626239033566,
    "f1-score": 0.9523827149223667,
    "support": 7407.0
  },
  "accuracy": 0.9554475496152288,
  "inference_time_seconds": 2.381885528564453,
  "energy_kwh": 0.00016623223626745692,
  "num_test_samples": 7407
}