{
  "per_class": {
    "emotion": {
      "precision": 0.9203109815354713,
      "recall": 0.941351888667992,
      "f1-score": 0.9307125307125307,
      "support": 1006.0
    },
    "hate": {
      "precision": 0.9741345005968961,
      "recall": 0.9664429530201343,
      "f1-score": 0.9702734839476813,
      "support": 2533.0
    },
    "offensive": {
      "precision": 0.9668449197860962,
      "recall": 0.9658119658119658,
      "f1-score": 0.9663281667557456,
      "support": 2808.0
    },
    "religion": {
      "precision": 0.9975938402309913,
      "recall": 0.9995178399228544,
      "f1-score": 0.9985549132947977,
      "support": 2074.0
    },
    "spiritual": {
      "precision": 1.0,
      "recall": 0.997689196995956,
      "f1-score": 0.9988432620011567,
      "support": 1731.0
    }
  },
  "weighted_avg": {
    "precision": 0.9759875587898991,
    "recall": 0.9758668242710796,
    "f1-score": 0.9759111120649951,
    "support": 10152.0
  },
  "micro_avg": {
    "precision": 0.9758668242710796,
    "recall": 0.9758668242710796,
    "f1-score": 0.9758668242710796,
    "support": 10152
  },
  "macro_avg": {
    "precision": 0.971776848429891,
    "recall": 0.9741627688837806,
    "f1-score": 0.9729424713423824,
    "support": 10152.0
  },
  "accuracy": 0.9758668242710796,
  "inference_time_seconds": 6.191340923309326,
  "energy_kwh": 0.0004051296571648288,
  "num_test_samples": 10152
}