{
  "per_class": {
    "emotion": {
      "precision": 0.8427991886409736,
      "recall": 0.8260437375745527,
      "f1-score": 0.8343373493975904,
      "support": 1006.0
    },
    "hate": {
      "precision": 0.9199531433033971,
      "recall": 0.9301223845242795,
      "f1-score": 0.9250098154691794,
      "support": 2533.0
    },
    "offensive": {
      "precision": 0.9185504126300682,
      "recall": 0.9116809116809117,
      "f1-score": 0.9151027703306523,
      "support": 2808.0
    },
    "religion": {
      "precision": 0.992816091954023,
      "recall": 0.9995178399228544,
      "f1-score": 0.996155694377703,
      "support": 2074.0
    },
    "spiritual": {
      "precision": 0.9988439306358381,
      "recall": 0.9982668977469671,
      "f1-score": 0.9985553308292401,
      "support": 1731.0
    }
  },
  "weighted_avg": {
    "precision": 0.9402567250855826,
    "recall": 0.9405043341213554,
    "f1-score": 0.9403593383540829,
    "support": 10152.0
  },
  "micro_avg": {
    "precision": 0.9405043341213554,
    "recall": 0.9405043341213554,
    "f1-score": 0.9405043341213554,
    "support": 10152
  },
  "macro_avg": {
    "precision": 0.9345925534328601,
    "recall": 0.933126354289913,
    "f1-score": 0.9338321920808731,
    "support": 10152.0
  },
  "accuracy": 0.9405043341213554,
  "inference_time_seconds": 20.874419450759888,
  "energy_kwh": 0.001205108454768395,
  "num_test_samples": 10152
}