{
  "per_class": {
    "emotion": {
      "precision": 0.8995073891625616,
      "recall": 0.9075546719681908,
      "f1-score": 0.9035131123206334,
      "support": 1006.0
    },
    "hate": {
      "precision": 0.9713261648745519,
      "recall": 0.9628898539281484,
      "f1-score": 0.9670896114195083,
      "support": 2533.0
    },
    "offensive": {
      "precision": 0.9595457771469127,
      "recall": 0.9629629629629629,
      "f1-score": 0.9612513330963385,
      "support": 2808.0
    },
    "religion": {
      "precision": 0.9971126082771896,
      "recall": 0.9990356798457087,
      "f1-score": 0.9980732177263969,
      "support": 2074.0
    },
    "spiritual": {
      "precision": 0.999421965317919,
      "recall": 0.998844598497978,
      "f1-score": 0.9991331984975441,
      "support": 1731.0
    }
  },
  "weighted_avg": {
    "precision": 0.9710095668720958,
    "recall": 0.9709416863672183,
    "f1-score": 0.9709682171216003,
    "support": 10152.0
  },
  "micro_avg": {
    "precision": 0.9709416863672183,
    "recall": 0.9709416863672183,
    "f1-score": 0.9709416863672183,
    "support": 10152
  },
  "macro_avg": {
    "precision": 0.9653827809558269,
    "recall": 0.9662575534405977,
    "f1-score": 0.9658120946120843,
    "support": 10152.0
  },
  "accuracy": 0.9709416863672183,
  "inference_time_seconds": 2.489621639251709,
  "energy_kwh": 0.0001459043941673621,
  "num_test_samples": 10152
}